city,zone_id,zone_name,hour,demand
moscow,1,Tverskoy,2026-04-10 18:00:00,64
moscow,1,Tverskoy,2026-04-10 19:00:00,62
moscow,1,Tverskoy,2026-04-10 20:00:00,63
moscow,1,Tverskoy,2026-04-10 21:00:00,62
moscow,1,Tverskoy,2026-04-10 22:00:00,71
moscow,1,Tverskoy,2026-04-10 23:00:00,72
moscow,1,Tverskoy,2026-04-11 00:00:00,34
moscow,1,Tverskoy,2026-04-11 01:00:00,38
moscow,1,Tverskoy,2026-04-11 02:00:00,36
moscow,1,Tverskoy,2026-04-11 03:00:00,31
moscow,1,Tverskoy,2026-04-11 04:00:00,35
moscow,1,Tverskoy,2026-04-11 05:00:00,31
moscow,1,Tverskoy,2026-04-11 06:00:00,37
moscow,1,Tverskoy,2026-04-11 07:00:00,34
moscow,1,Tverskoy,2026-04-11 08:00:00,33
moscow,1,Tverskoy,2026-04-11 09:00:00,32
moscow,1,Tverskoy,2026-04-11 10:00:00,38
moscow,1,Tverskoy,2026-04-11 11:00:00,34
moscow,1,Tverskoy,2026-04-11 12:00:00,33
moscow,1,Tverskoy,2026-04-11 13:00:00,34
moscow,1,Tverskoy,2026-04-11 14:00:00,39
moscow,1,Tverskoy,2026-04-11 15:00:00,42
moscow,1,Tverskoy,2026-04-11 16:00:00,47
moscow,1,Tverskoy,2026-04-11 17:00:00,51
moscow,1,Tverskoy,2026-04-11 18:00:00,59
moscow,1,Tverskoy,2026-04-11 19:00:00,51
moscow,1,Tverskoy,2026-04-11 20:00:00,68
moscow,1,Tverskoy,2026-04-11 21:00:00,69
moscow,1,Tverskoy,2026-04-11 22:00:00,77
moscow,1,Tverskoy,2026-04-11 23:00:00,80
moscow,1,Tverskoy,2026-04-12 00:00:00,35
moscow,1,Tverskoy,2026-04-12 01:00:00,33
moscow,1,Tverskoy,2026-04-12 02:00:00,33
moscow,1,Tverskoy,2026-04-12 03:00:00,38
moscow,1,Tverskoy,2026-04-12 04:00:00,38
moscow,1,Tverskoy,2026-04-12 05:00:00,37
moscow,1,Tverskoy,2026-04-12 06:00:00,33
moscow,1,Tverskoy,2026-04-12 07:00:00,36
moscow,1,Tverskoy,2026-04-12 08:00:00,36
moscow,1,Tverskoy,2026-04-12 09:00:00,36
moscow,1,Tverskoy,2026-04-12 10:00:00,38
moscow,1,Tverskoy,2026-04-12 11:00:00,36
moscow,1,Tverskoy,2026-04-12 12:00:00,38
moscow,1,Tverskoy,2026-04-12 13:00:00,37
moscow,1,Tverskoy,2026-04-12 14:00:00,40
moscow,1,Tverskoy,2026-04-12 15:00:00,45
moscow,1,Tverskoy,2026-04-12 16:00:00,42
moscow,1,Tverskoy,2026-04-12 17:00:00,50
moscow,1,Tverskoy,2026-04-12 18:00:00,52
moscow,1,Tverskoy,2026-04-12 19:00:00,51
moscow,1,Tverskoy,2026-04-12 20:00:00,70
moscow,1,Tverskoy,2026-04-12 21:00:00,78
moscow,1,Tverskoy,2026-04-12 22:00:00,74
moscow,1,Tverskoy,2026-04-12 23:00:00,81
moscow,1,Tverskoy,2026-04-13 00:00:00,39
moscow,1,Tverskoy,2026-04-13 01:00:00,44
moscow,1,Tverskoy,2026-04-13 02:00:00,45
moscow,1,Tverskoy,2026-04-13 03:00:00,47
moscow,1,Tverskoy,2026-04-13 04:00:00,47
moscow,1,Tverskoy,2026-04-13 05:00:00,48
moscow,1,Tverskoy,2026-04-13 06:00:00,44
moscow,1,Tverskoy,2026-04-13 07:00:00,43
moscow,1,Tverskoy,2026-04-13 08:00:00,48
moscow,1,Tverskoy,2026-04-13 09:00:00,44
moscow,1,Tverskoy,2026-04-13 10:00:00,41
moscow,1,Tverskoy,2026-04-13 11:00:00,41
moscow,1,Tverskoy,2026-04-13 12:00:00,42
moscow,1,Tverskoy,2026-04-13 13:00:00,48
moscow,1,Tverskoy,2026-04-13 14:00:00,50
moscow,1,Tverskoy,2026-04-13 15:00:00,56
moscow,1,Tverskoy,2026-04-13 16:00:00,58
moscow,1,Tverskoy,2026-04-13 17:00:00,65
moscow,1,Tverskoy,2026-04-13 18:00:00,69
moscow,1,Tverskoy,2026-04-13 19:00:00,66
moscow,1,Tverskoy,2026-04-13 20:00:00,68
moscow,1,Tverskoy,2026-04-13 21:00:00,66
moscow,1,Tverskoy,2026-04-13 22:00:00,71
moscow,1,Tverskoy,2026-04-13 23:00:00,72
moscow,1,Tverskoy,2026-04-14 00:00:00,42
moscow,1,Tverskoy,2026-04-14 01:00:00,48
moscow,1,Tverskoy,2026-04-14 02:00:00,45
moscow,1,Tverskoy,2026-04-14 03:00:00,46
moscow,1,Tverskoy,2026-04-14 04:00:00,48
moscow,1,Tverskoy,2026-04-14 05:00:00,48
moscow,1,Tverskoy,2026-04-14 06:00:00,48
moscow,1,Tverskoy,2026-04-14 07:00:00,46
moscow,1,Tverskoy,2026-04-14 08:00:00,45
moscow,1,Tverskoy,2026-04-14 09:00:00,46
moscow,1,Tverskoy,2026-04-14 10:00:00,40
moscow,1,Tverskoy,2026-04-14 11:00:00,41
moscow,1,Tverskoy,2026-04-14 12:00:00,42
moscow,1,Tverskoy,2026-04-14 13:00:00,45
moscow,1,Tverskoy,2026-04-14 14:00:00,52
moscow,1,Tverskoy,2026-04-14 15:00:00,52
moscow,1,Tverskoy,2026-04-14 16:00:00,59
moscow,1,Tverskoy,2026-04-14 17:00:00,70
moscow,1,Tverskoy,2026-04-14 18:00:00,67
moscow,1,Tverskoy,2026-04-14 19:00:00,71
moscow,1,Tverskoy,2026-04-14 20:00:00,65
moscow,1,Tverskoy,2026-04-14 21:00:00,69
moscow,1,Tverskoy,2026-04-14 22:00:00,70
moscow,1,Tverskoy,2026-04-14 23:00:00,73
moscow,1,Tverskoy,2026-04-15 00:00:00,50
moscow,1,Tverskoy,2026-04-15 01:00:00,42
moscow,1,Tverskoy,2026-04-15 02:00:00,49
moscow,1,Tverskoy,2026-04-15 03:00:00,48
moscow,1,Tverskoy,2026-04-15 04:00:00,45
moscow,1,Tverskoy,2026-04-15 05:00:00,42
moscow,1,Tverskoy,2026-04-15 06:00:00,48
moscow,1,Tverskoy,2026-04-15 07:00:00,46
moscow,1,Tverskoy,2026-04-15 08:00:00,48
moscow,1,Tverskoy,2026-04-15 09:00:00,47
moscow,1,Tverskoy,2026-04-15 10:00:00,53
moscow,1,Tverskoy,2026-04-15 11:00:00,47
moscow,1,Tverskoy,2026-04-15 12:00:00,45
moscow,1,Tverskoy,2026-04-15 13:00:00,50
moscow,1,Tverskoy,2026-04-15 14:00:00,52
moscow,1,Tverskoy,2026-04-15 15:00:00,61
moscow,1,Tverskoy,2026-04-15 16:00:00,65
moscow,1,Tverskoy,2026-04-15 17:00:00,68
moscow,1,Tverskoy,2026-04-15 18:00:00,75
moscow,1,Tverskoy,2026-04-15 19:00:00,66
moscow,1,Tverskoy,2026-04-15 20:00:00,67
moscow,1,Tverskoy,2026-04-15 21:00:00,68
moscow,1,Tverskoy,2026-04-15 22:00:00,73
moscow,1,Tverskoy,2026-04-15 23:00:00,71
moscow,1,Tverskoy,2026-04-16 00:00:00,51
moscow,1,Tverskoy,2026-04-16 01:00:00,48
moscow,1,Tverskoy,2026-04-16 02:00:00,44
moscow,1,Tverskoy,2026-04-16 03:00:00,45
moscow,1,Tverskoy,2026-04-16 04:00:00,50
moscow,1,Tverskoy,2026-04-16 05:00:00,51
moscow,1,Tverskoy,2026-04-16 06:00:00,55
moscow,1,Tverskoy,2026-04-16 07:00:00,58
moscow,1,Tverskoy,2026-04-16 08:00:00,50
moscow,1,Tverskoy,2026-04-16 09:00:00,45
moscow,1,Tverskoy,2026-04-16 10:00:00,41
moscow,1,Tverskoy,2026-04-16 11:00:00,50
moscow,1,Tverskoy,2026-04-16 12:00:00,46
moscow,1,Tverskoy,2026-04-16 13:00:00,49
moscow,1,Tverskoy,2026-04-16 14:00:00,51
moscow,1,Tverskoy,2026-04-16 15:00:00,57
moscow,1,Tverskoy,2026-04-16 16:00:00,67
moscow,1,Tverskoy,2026-04-16 17:00:00,69
moscow,1,Tverskoy,2026-04-16 18:00:00,71
moscow,1,Tverskoy,2026-04-16 19:00:00,68
moscow,1,Tverskoy,2026-04-16 20:00:00,65
moscow,1,Tverskoy,2026-04-16 21:00:00,71
moscow,1,Tverskoy,2026-04-16 22:00:00,76
moscow,1,Tverskoy,2026-04-16 23:00:00,83
moscow,1,Tverskoy,2026-04-17 00:00:00,50
moscow,1,Tverskoy,2026-04-17 01:00:00,53
moscow,1,Tverskoy,2026-04-17 02:00:00,48
moscow,1,Tverskoy,2026-04-17 03:00:00,46
moscow,1,Tverskoy,2026-04-17 04:00:00,47
moscow,1,Tverskoy,2026-04-17 05:00:00,47
moscow,1,Tverskoy,2026-04-17 06:00:00,57
moscow,1,Tverskoy,2026-04-17 07:00:00,47
moscow,1,Tverskoy,2026-04-17 08:00:00,53
moscow,1,Tverskoy,2026-04-17 09:00:00,47
moscow,1,Tverskoy,2026-04-17 10:00:00,53
moscow,1,Tverskoy,2026-04-17 11:00:00,51
moscow,1,Tverskoy,2026-04-17 12:00:00,50
moscow,1,Tverskoy,2026-04-17 13:00:00,52
moscow,1,Tverskoy,2026-04-17 14:00:00,52
moscow,1,Tverskoy,2026-04-17 15:00:00,60
moscow,1,Tverskoy,2026-04-17 16:00:00,63
moscow,1,Tverskoy,2026-04-17 17:00:00,66
moscow,1,Tverskoy,2026-04-17 18:00:00,97
moscow,1,Tverskoy,2026-04-17 19:00:00,101
moscow,1,Tverskoy,2026-04-17 20:00:00,105
moscow,1,Tverskoy,2026-04-17 21:00:00,103
moscow,1,Tverskoy,2026-04-17 22:00:00,108
moscow,1,Tverskoy,2026-04-17 23:00:00,110
moscow,1,Tverskoy,2026-04-18 00:00:00,47
moscow,1,Tverskoy,2026-04-18 01:00:00,44
moscow,1,Tverskoy,2026-04-18 02:00:00,42
moscow,1,Tverskoy,2026-04-18 03:00:00,47
moscow,1,Tverskoy,2026-04-18 04:00:00,44
moscow,1,Tverskoy,2026-04-18 05:00:00,48
moscow,1,Tverskoy,2026-04-18 06:00:00,44
moscow,1,Tverskoy,2026-04-18 07:00:00,39
moscow,1,Tverskoy,2026-04-18 08:00:00,38
moscow,1,Tverskoy,2026-04-18 09:00:00,48
moscow,1,Tverskoy,2026-04-18 10:00:00,49
moscow,1,Tverskoy,2026-04-18 11:00:00,42
moscow,1,Tverskoy,2026-04-18 12:00:00,42
moscow,1,Tverskoy,2026-04-18 13:00:00,49
moscow,1,Tverskoy,2026-04-18 14:00:00,43
moscow,1,Tverskoy,2026-04-18 15:00:00,47
moscow,1,Tverskoy,2026-04-18 16:00:00,57
moscow,1,Tverskoy,2026-04-18 17:00:00,57
moscow,1,Tverskoy,2026-04-18 18:00:00,61
moscow,1,Tverskoy,2026-04-18 19:00:00,60
moscow,1,Tverskoy,2026-04-18 20:00:00,79
moscow,1,Tverskoy,2026-04-18 21:00:00,85
moscow,1,Tverskoy,2026-04-18 22:00:00,84
moscow,1,Tverskoy,2026-04-18 23:00:00,87
moscow,1,Tverskoy,2026-04-19 00:00:00,37
moscow,1,Tverskoy,2026-04-19 01:00:00,44
moscow,1,Tverskoy,2026-04-19 02:00:00,41
moscow,1,Tverskoy,2026-04-19 03:00:00,40
moscow,1,Tverskoy,2026-04-19 04:00:00,41
moscow,1,Tverskoy,2026-04-19 05:00:00,43
moscow,1,Tverskoy,2026-04-19 06:00:00,47
moscow,1,Tverskoy,2026-04-19 07:00:00,40
moscow,1,Tverskoy,2026-04-19 08:00:00,44
moscow,1,Tverskoy,2026-04-19 09:00:00,43
moscow,1,Tverskoy,2026-04-19 10:00:00,43
moscow,1,Tverskoy,2026-04-19 11:00:00,48
moscow,1,Tverskoy,2026-04-19 12:00:00,46
moscow,1,Tverskoy,2026-04-19 13:00:00,50
moscow,1,Tverskoy,2026-04-19 14:00:00,47
moscow,1,Tverskoy,2026-04-19 15:00:00,49
moscow,1,Tverskoy,2026-04-19 16:00:00,55
moscow,1,Tverskoy,2026-04-19 17:00:00,61
moscow,1,Tverskoy,2026-04-19 18:00:00,63
moscow,1,Tverskoy,2026-04-19 19:00:00,58
moscow,1,Tverskoy,2026-04-19 20:00:00,80
moscow,1,Tverskoy,2026-04-19 21:00:00,82
moscow,1,Tverskoy,2026-04-19 22:00:00,94
moscow,1,Tverskoy,2026-04-19 23:00:00,93
moscow,1,Tverskoy,2026-04-20 00:00:00,51
moscow,1,Tverskoy,2026-04-20 01:00:00,53
moscow,1,Tverskoy,2026-04-20 02:00:00,49
moscow,1,Tverskoy,2026-04-20 03:00:00,52
moscow,1,Tverskoy,2026-04-20 04:00:00,55
moscow,1,Tverskoy,2026-04-20 05:00:00,58
moscow,1,Tverskoy,2026-04-20 06:00:00,51
moscow,1,Tverskoy,2026-04-20 07:00:00,51
moscow,1,Tverskoy,2026-04-20 08:00:00,46
moscow,1,Tverskoy,2026-04-20 09:00:00,53
moscow,1,Tverskoy,2026-04-20 10:00:00,50
moscow,1,Tverskoy,2026-04-20 11:00:00,52
moscow,1,Tverskoy,2026-04-20 12:00:00,51
moscow,1,Tverskoy,2026-04-20 13:00:00,55
moscow,1,Tverskoy,2026-04-20 14:00:00,52
moscow,1,Tverskoy,2026-04-20 15:00:00,58
moscow,1,Tverskoy,2026-04-20 16:00:00,75
moscow,1,Tverskoy,2026-04-20 17:00:00,69
moscow,1,Tverskoy,2026-04-20 18:00:00,72
moscow,1,Tverskoy,2026-04-20 19:00:00,82
moscow,1,Tverskoy,2026-04-20 20:00:00,85
moscow,1,Tverskoy,2026-04-20 21:00:00,74
moscow,1,Tverskoy,2026-04-20 22:00:00,80
moscow,1,Tverskoy,2026-04-20 23:00:00,83
moscow,1,Tverskoy,2026-04-21 00:00:00,61
moscow,1,Tverskoy,2026-04-21 01:00:00,52
moscow,1,Tverskoy,2026-04-21 02:00:00,54
moscow,1,Tverskoy,2026-04-21 03:00:00,58
moscow,1,Tverskoy,2026-04-21 04:00:00,56
moscow,1,Tverskoy,2026-04-21 05:00:00,54
moscow,1,Tverskoy,2026-04-21 06:00:00,54
moscow,1,Tverskoy,2026-04-21 07:00:00,50
moscow,1,Tverskoy,2026-04-21 08:00:00,54
moscow,1,Tverskoy,2026-04-21 09:00:00,54
moscow,1,Tverskoy,2026-04-21 10:00:00,56
moscow,1,Tverskoy,2026-04-21 11:00:00,53
moscow,1,Tverskoy,2026-04-21 12:00:00,57
moscow,1,Tverskoy,2026-04-21 13:00:00,60
moscow,1,Tverskoy,2026-04-21 14:00:00,60
moscow,1,Tverskoy,2026-04-21 15:00:00,65
moscow,1,Tverskoy,2026-04-21 16:00:00,70
moscow,1,Tverskoy,2026-04-21 17:00:00,75
moscow,1,Tverskoy,2026-04-21 18:00:00,75
moscow,1,Tverskoy,2026-04-21 19:00:00,78
moscow,1,Tverskoy,2026-04-21 20:00:00,77
moscow,1,Tverskoy,2026-04-21 21:00:00,86
moscow,1,Tverskoy,2026-04-21 22:00:00,88
moscow,1,Tverskoy,2026-04-21 23:00:00,85
moscow,1,Tverskoy,2026-04-22 00:00:00,54
moscow,1,Tverskoy,2026-04-22 01:00:00,52
moscow,1,Tverskoy,2026-04-22 02:00:00,60
moscow,1,Tverskoy,2026-04-22 03:00:00,57
moscow,1,Tverskoy,2026-04-22 04:00:00,58
moscow,1,Tverskoy,2026-04-22 05:00:00,50
moscow,1,Tverskoy,2026-04-22 06:00:00,59
moscow,1,Tverskoy,2026-04-22 07:00:00,58
moscow,1,Tverskoy,2026-04-22 08:00:00,52
moscow,1,Tverskoy,2026-04-22 09:00:00,55
moscow,1,Tverskoy,2026-04-22 10:00:00,57
moscow,1,Tverskoy,2026-04-22 11:00:00,57
moscow,1,Tverskoy,2026-04-22 12:00:00,56
moscow,1,Tverskoy,2026-04-22 13:00:00,58
moscow,1,Tverskoy,2026-04-22 14:00:00,60
moscow,1,Tverskoy,2026-04-22 15:00:00,66
moscow,1,Tverskoy,2026-04-22 16:00:00,76
moscow,1,Tverskoy,2026-04-22 17:00:00,67
moscow,1,Tverskoy,2026-04-22 18:00:00,78
moscow,1,Tverskoy,2026-04-22 19:00:00,79
moscow,1,Tverskoy,2026-04-22 20:00:00,79
moscow,1,Tverskoy,2026-04-22 21:00:00,79
moscow,1,Tverskoy,2026-04-22 22:00:00,78
moscow,1,Tverskoy,2026-04-22 23:00:00,86
moscow,1,Tverskoy,2026-04-23 00:00:00,63
moscow,1,Tverskoy,2026-04-23 01:00:00,52
moscow,1,Tverskoy,2026-04-23 02:00:00,60
moscow,1,Tverskoy,2026-04-23 03:00:00,56
moscow,1,Tverskoy,2026-04-23 04:00:00,57
moscow,1,Tverskoy,2026-04-23 05:00:00,54
moscow,1,Tverskoy,2026-04-23 06:00:00,56
moscow,1,Tverskoy,2026-04-23 07:00:00,62
moscow,1,Tverskoy,2026-04-23 08:00:00,59
moscow,1,Tverskoy,2026-04-23 09:00:00,63
moscow,1,Tverskoy,2026-04-23 10:00:00,61
moscow,1,Tverskoy,2026-04-23 11:00:00,59
moscow,1,Tverskoy,2026-04-23 12:00:00,64
moscow,1,Tverskoy,2026-04-23 13:00:00,61
moscow,1,Tverskoy,2026-04-23 14:00:00,65
moscow,1,Tverskoy,2026-04-23 15:00:00,65
moscow,1,Tverskoy,2026-04-23 16:00:00,72
moscow,1,Tverskoy,2026-04-23 17:00:00,75
moscow,1,Tverskoy,2026-04-23 18:00:00,83
moscow,1,Tverskoy,2026-04-23 19:00:00,76
moscow,1,Tverskoy,2026-04-23 20:00:00,82
moscow,1,Tverskoy,2026-04-23 21:00:00,81
moscow,1,Tverskoy,2026-04-23 22:00:00,89
moscow,1,Tverskoy,2026-04-23 23:00:00,88
moscow,1,Tverskoy,2026-04-24 00:00:00,65
moscow,1,Tverskoy,2026-04-24 01:00:00,61
moscow,1,Tverskoy,2026-04-24 02:00:00,53
moscow,1,Tverskoy,2026-04-24 03:00:00,58
moscow,1,Tverskoy,2026-04-24 04:00:00,55
moscow,1,Tverskoy,2026-04-24 05:00:00,57
moscow,1,Tverskoy,2026-04-24 06:00:00,64
moscow,1,Tverskoy,2026-04-24 07:00:00,61
moscow,1,Tverskoy,2026-04-24 08:00:00,56
moscow,1,Tverskoy,2026-04-24 09:00:00,55
moscow,1,Tverskoy,2026-04-24 10:00:00,59
moscow,1,Tverskoy,2026-04-24 11:00:00,55
moscow,1,Tverskoy,2026-04-24 12:00:00,57
moscow,1,Tverskoy,2026-04-24 13:00:00,62
moscow,1,Tverskoy,2026-04-24 14:00:00,67
moscow,1,Tverskoy,2026-04-24 15:00:00,70
moscow,1,Tverskoy,2026-04-24 16:00:00,66
moscow,1,Tverskoy,2026-04-24 17:00:00,80
moscow,1,Tverskoy,2026-04-24 18:00:00,81
moscow,1,Tverskoy,2026-04-24 19:00:00,82
moscow,1,Tverskoy,2026-04-24 20:00:00,86
moscow,1,Tverskoy,2026-04-24 21:00:00,76
moscow,1,Tverskoy,2026-04-24 22:00:00,84
moscow,1,Tverskoy,2026-04-24 23:00:00,89
moscow,1,Tverskoy,2026-04-25 00:00:00,46
moscow,1,Tverskoy,2026-04-25 01:00:00,57
moscow,1,Tverskoy,2026-04-25 02:00:00,53
moscow,1,Tverskoy,2026-04-25 03:00:00,55
moscow,1,Tverskoy,2026-04-25 04:00:00,50
moscow,1,Tverskoy,2026-04-25 05:00:00,54
moscow,1,Tverskoy,2026-04-25 06:00:00,55
moscow,1,Tverskoy,2026-04-25 07:00:00,53
moscow,1,Tverskoy,2026-04-25 08:00:00,53
moscow,1,Tverskoy,2026-04-25 09:00:00,53
moscow,1,Tverskoy,2026-04-25 10:00:00,49
moscow,1,Tverskoy,2026-04-25 11:00:00,51
moscow,1,Tverskoy,2026-04-25 12:00:00,52
moscow,1,Tverskoy,2026-04-25 13:00:00,54
moscow,1,Tverskoy,2026-04-25 14:00:00,59
moscow,1,Tverskoy,2026-04-25 15:00:00,55
moscow,1,Tverskoy,2026-04-25 16:00:00,63
moscow,1,Tverskoy,2026-04-25 17:00:00,73
moscow,1,Tverskoy,2026-04-25 18:00:00,67
moscow,1,Tverskoy,2026-04-25 19:00:00,67
moscow,1,Tverskoy,2026-04-25 20:00:00,88
moscow,1,Tverskoy,2026-04-25 21:00:00,92
moscow,1,Tverskoy,2026-04-25 22:00:00,93
moscow,1,Tverskoy,2026-04-25 23:00:00,98
moscow,1,Tverskoy,2026-04-26 00:00:00,56
moscow,1,Tverskoy,2026-04-26 01:00:00,56
moscow,1,Tverskoy,2026-04-26 02:00:00,55
moscow,1,Tverskoy,2026-04-26 03:00:00,61
moscow,1,Tverskoy,2026-04-26 04:00:00,52
moscow,1,Tverskoy,2026-04-26 05:00:00,46
moscow,1,Tverskoy,2026-04-26 06:00:00,58
moscow,1,Tverskoy,2026-04-26 07:00:00,51
moscow,1,Tverskoy,2026-04-26 08:00:00,53
moscow,1,Tverskoy,2026-04-26 09:00:00,57
moscow,1,Tverskoy,2026-04-26 10:00:00,48
moscow,1,Tverskoy,2026-04-26 11:00:00,49
moscow,1,Tverskoy,2026-04-26 12:00:00,48
moscow,1,Tverskoy,2026-04-26 13:00:00,52
moscow,1,Tverskoy,2026-04-26 14:00:00,58
moscow,1,Tverskoy,2026-04-26 15:00:00,62
moscow,1,Tverskoy,2026-04-26 16:00:00,66
moscow,1,Tverskoy,2026-04-26 17:00:00,64
moscow,1,Tverskoy,2026-04-26 18:00:00,63
moscow,1,Tverskoy,2026-04-26 19:00:00,71
moscow,1,Tverskoy,2026-04-26 20:00:00,87
moscow,1,Tverskoy,2026-04-26 21:00:00,92
moscow,1,Tverskoy,2026-04-26 22:00:00,96
moscow,1,Tverskoy,2026-04-26 23:00:00,96
moscow,1,Tverskoy,2026-04-27 00:00:00,65
moscow,1,Tverskoy,2026-04-27 01:00:00,63
moscow,1,Tverskoy,2026-04-27 02:00:00,64
moscow,1,Tverskoy,2026-04-27 03:00:00,60
moscow,1,Tverskoy,2026-04-27 04:00:00,62
moscow,1,Tverskoy,2026-04-27 05:00:00,63
moscow,1,Tverskoy,2026-04-27 06:00:00,65
moscow,1,Tverskoy,2026-04-27 07:00:00,61
moscow,1,Tverskoy,2026-04-27 08:00:00,64
moscow,1,Tverskoy,2026-04-27 09:00:00,62
moscow,1,Tverskoy,2026-04-27 10:00:00,62
moscow,1,Tverskoy,2026-04-27 11:00:00,65
moscow,1,Tverskoy,2026-04-27 12:00:00,56
moscow,1,Tverskoy,2026-04-27 13:00:00,60
moscow,1,Tverskoy,2026-04-27 14:00:00,62
moscow,1,Tverskoy,2026-04-27 15:00:00,63
moscow,1,Tverskoy,2026-04-27 16:00:00,75
moscow,1,Tverskoy,2026-04-27 17:00:00,85
moscow,1,Tverskoy,2026-04-27 18:00:00,84
moscow,1,Tverskoy,2026-04-27 19:00:00,86
moscow,1,Tverskoy,2026-04-27 20:00:00,88
moscow,1,Tverskoy,2026-04-27 21:00:00,91
moscow,1,Tverskoy,2026-04-27 22:00:00,90
moscow,1,Tverskoy,2026-04-27 23:00:00,95
moscow,1,Tverskoy,2026-04-28 00:00:00,64
moscow,1,Tverskoy,2026-04-28 01:00:00,61
moscow,1,Tverskoy,2026-04-28 02:00:00,62
moscow,1,Tverskoy,2026-04-28 03:00:00,59
moscow,1,Tverskoy,2026-04-28 04:00:00,61
moscow,1,Tverskoy,2026-04-28 05:00:00,63
moscow,1,Tverskoy,2026-04-28 06:00:00,66
moscow,1,Tverskoy,2026-04-28 07:00:00,70
moscow,1,Tverskoy,2026-04-28 08:00:00,59
moscow,1,Tverskoy,2026-04-28 09:00:00,65
moscow,1,Tverskoy,2026-04-28 10:00:00,60
moscow,1,Tverskoy,2026-04-28 11:00:00,65
moscow,1,Tverskoy,2026-04-28 12:00:00,64
moscow,1,Tverskoy,2026-04-28 13:00:00,59
moscow,1,Tverskoy,2026-04-28 14:00:00,71
moscow,1,Tverskoy,2026-04-28 15:00:00,71
moscow,1,Tverskoy,2026-04-28 16:00:00,77
moscow,1,Tverskoy,2026-04-28 17:00:00,80
moscow,1,Tverskoy,2026-04-28 18:00:00,84
moscow,1,Tverskoy,2026-04-28 19:00:00,88
moscow,1,Tverskoy,2026-04-28 20:00:00,85
moscow,1,Tverskoy,2026-04-28 21:00:00,89
moscow,1,Tverskoy,2026-04-28 22:00:00,92
moscow,1,Tverskoy,2026-04-28 23:00:00,97
moscow,1,Tverskoy,2026-04-29 00:00:00,64
moscow,1,Tverskoy,2026-04-29 01:00:00,60
moscow,1,Tverskoy,2026-04-29 02:00:00,69
moscow,1,Tverskoy,2026-04-29 03:00:00,64
moscow,1,Tverskoy,2026-04-29 04:00:00,69
moscow,1,Tverskoy,2026-04-29 05:00:00,66
moscow,1,Tverskoy,2026-04-29 06:00:00,65
moscow,1,Tverskoy,2026-04-29 07:00:00,66
moscow,1,Tverskoy,2026-04-29 08:00:00,72
moscow,1,Tverskoy,2026-04-29 09:00:00,72
moscow,1,Tverskoy,2026-04-29 10:00:00,65
moscow,1,Tverskoy,2026-04-29 11:00:00,66
moscow,1,Tverskoy,2026-04-29 12:00:00,69
moscow,1,Tverskoy,2026-04-29 13:00:00,64
moscow,1,Tverskoy,2026-04-29 14:00:00,71
moscow,1,Tverskoy,2026-04-29 15:00:00,74
moscow,1,Tverskoy,2026-04-29 16:00:00,81
moscow,1,Tverskoy,2026-04-29 17:00:00,82
moscow,1,Tverskoy,2026-04-29 18:00:00,82
moscow,1,Tverskoy,2026-04-29 19:00:00,80
moscow,1,Tverskoy,2026-04-29 20:00:00,83
moscow,1,Tverskoy,2026-04-29 21:00:00,87
moscow,1,Tverskoy,2026-04-29 22:00:00,91
moscow,1,Tverskoy,2026-04-29 23:00:00,100
moscow,1,Tverskoy,2026-04-30 00:00:00,70
moscow,1,Tverskoy,2026-04-30 01:00:00,63
moscow,1,Tverskoy,2026-04-30 02:00:00,67
moscow,1,Tverskoy,2026-04-30 03:00:00,65
moscow,1,Tverskoy,2026-04-30 04:00:00,65
moscow,1,Tverskoy,2026-04-30 05:00:00,67
moscow,1,Tverskoy,2026-04-30 06:00:00,68
moscow,1,Tverskoy,2026-04-30 07:00:00,65
moscow,1,Tverskoy,2026-04-30 08:00:00,70
moscow,1,Tverskoy,2026-04-30 09:00:00,62
moscow,1,Tverskoy,2026-04-30 10:00:00,66
moscow,1,Tverskoy,2026-04-30 11:00:00,75
moscow,1,Tverskoy,2026-04-30 12:00:00,68
moscow,1,Tverskoy,2026-04-30 13:00:00,73
moscow,1,Tverskoy,2026-04-30 14:00:00,71
moscow,1,Tverskoy,2026-04-30 15:00:00,77
moscow,1,Tverskoy,2026-04-30 16:00:00,81
moscow,1,Tverskoy,2026-04-30 17:00:00,86
moscow,1,Tverskoy,2026-04-30 18:00:00,86
moscow,1,Tverskoy,2026-04-30 19:00:00,90
moscow,1,Tverskoy,2026-04-30 20:00:00,85
moscow,1,Tverskoy,2026-04-30 21:00:00,92
moscow,1,Tverskoy,2026-04-30 22:00:00,97
moscow,1,Tverskoy,2026-04-30 23:00:00,96
moscow,1,Tverskoy,2026-05-01 00:00:00,67
moscow,1,Tverskoy,2026-05-01 01:00:00,69
moscow,1,Tverskoy,2026-05-01 02:00:00,66
moscow,1,Tverskoy,2026-05-01 03:00:00,71
moscow,1,Tverskoy,2026-05-01 04:00:00,61
moscow,1,Tverskoy,2026-05-01 05:00:00,66
moscow,1,Tverskoy,2026-05-01 06:00:00,61
moscow,1,Tverskoy,2026-05-01 07:00:00,62
moscow,1,Tverskoy,2026-05-01 08:00:00,72
moscow,1,Tverskoy,2026-05-01 09:00:00,71
moscow,1,Tverskoy,2026-05-01 10:00:00,65
moscow,1,Tverskoy,2026-05-01 11:00:00,63
moscow,1,Tverskoy,2026-05-01 12:00:00,58
moscow,1,Tverskoy,2026-05-01 13:00:00,67
moscow,1,Tverskoy,2026-05-01 14:00:00,80
moscow,1,Tverskoy,2026-05-01 15:00:00,78
moscow,1,Tverskoy,2026-05-01 16:00:00,80
moscow,1,Tverskoy,2026-05-01 17:00:00,89
moscow,1,Tverskoy,2026-05-01 18:00:00,85
moscow,1,Tverskoy,2026-05-01 19:00:00,89
moscow,1,Tverskoy,2026-05-01 20:00:00,90
moscow,1,Tverskoy,2026-05-01 21:00:00,91
moscow,1,Tverskoy,2026-05-01 22:00:00,98
moscow,1,Tverskoy,2026-05-01 23:00:00,97
moscow,1,Tverskoy,2026-05-02 00:00:00,63
moscow,1,Tverskoy,2026-05-02 01:00:00,58
moscow,1,Tverskoy,2026-05-02 02:00:00,64
moscow,1,Tverskoy,2026-05-02 03:00:00,66
moscow,1,Tverskoy,2026-05-02 04:00:00,57
moscow,1,Tverskoy,2026-05-02 05:00:00,58
moscow,1,Tverskoy,2026-05-02 06:00:00,65
moscow,1,Tverskoy,2026-05-02 07:00:00,60
moscow,1,Tverskoy,2026-05-02 08:00:00,65
moscow,1,Tverskoy,2026-05-02 09:00:00,59
moscow,1,Tverskoy,2026-05-02 10:00:00,65
moscow,1,Tverskoy,2026-05-02 11:00:00,61
moscow,1,Tverskoy,2026-05-02 12:00:00,62
moscow,1,Tverskoy,2026-05-02 13:00:00,67
moscow,1,Tverskoy,2026-05-02 14:00:00,63
moscow,1,Tverskoy,2026-05-02 15:00:00,64
moscow,1,Tverskoy,2026-05-02 16:00:00,71
moscow,1,Tverskoy,2026-05-02 17:00:00,78
moscow,1,Tverskoy,2026-05-02 18:00:00,73
moscow,1,Tverskoy,2026-05-02 19:00:00,81
moscow,1,Tverskoy,2026-05-02 20:00:00,94
moscow,1,Tverskoy,2026-05-02 21:00:00,102
moscow,1,Tverskoy,2026-05-02 22:00:00,94
moscow,1,Tverskoy,2026-05-02 23:00:00,100
moscow,1,Tverskoy,2026-05-03 00:00:00,56
moscow,1,Tverskoy,2026-05-03 01:00:00,59
moscow,1,Tverskoy,2026-05-03 02:00:00,63
moscow,1,Tverskoy,2026-05-03 03:00:00,61
moscow,1,Tverskoy,2026-05-03 04:00:00,61
moscow,1,Tverskoy,2026-05-03 05:00:00,61
moscow,1,Tverskoy,2026-05-03 06:00:00,63
moscow,1,Tverskoy,2026-05-03 07:00:00,58
moscow,1,Tverskoy,2026-05-03 08:00:00,64
moscow,1,Tverskoy,2026-05-03 09:00:00,64
moscow,1,Tverskoy,2026-05-03 10:00:00,63
moscow,1,Tverskoy,2026-05-03 11:00:00,64
moscow,1,Tverskoy,2026-05-03 12:00:00,63
moscow,1,Tverskoy,2026-05-03 13:00:00,70
moscow,1,Tverskoy,2026-05-03 14:00:00,65
moscow,1,Tverskoy,2026-05-03 15:00:00,68
moscow,1,Tverskoy,2026-05-03 16:00:00,71
moscow,1,Tverskoy,2026-05-03 17:00:00,74
moscow,1,Tverskoy,2026-05-03 18:00:00,76
moscow,1,Tverskoy,2026-05-03 19:00:00,77
moscow,1,Tverskoy,2026-05-03 20:00:00,97
moscow,1,Tverskoy,2026-05-03 21:00:00,100
moscow,1,Tverskoy,2026-05-03 22:00:00,103
moscow,1,Tverskoy,2026-05-03 23:00:00,101
moscow,1,Tverskoy,2026-05-04 00:00:00,74
moscow,1,Tverskoy,2026-05-04 01:00:00,74
moscow,1,Tverskoy,2026-05-04 02:00:00,71
moscow,1,Tverskoy,2026-05-04 03:00:00,69
moscow,1,Tverskoy,2026-05-04 04:00:00,73
moscow,1,Tverskoy,2026-05-04 05:00:00,72
moscow,1,Tverskoy,2026-05-04 06:00:00,66
moscow,1,Tverskoy,2026-05-04 07:00:00,71
moscow,1,Tverskoy,2026-05-04 08:00:00,72
moscow,1,Tverskoy,2026-05-04 09:00:00,68
moscow,1,Tverskoy,2026-05-04 10:00:00,72
moscow,1,Tverskoy,2026-05-04 11:00:00,67
moscow,1,Tverskoy,2026-05-04 12:00:00,76
moscow,1,Tverskoy,2026-05-04 13:00:00,77
moscow,1,Tverskoy,2026-05-04 14:00:00,75
moscow,1,Tverskoy,2026-05-04 15:00:00,81
moscow,1,Tverskoy,2026-05-04 16:00:00,78
moscow,1,Tverskoy,2026-05-04 17:00:00,87
moscow,1,Tverskoy,2026-05-04 18:00:00,93
moscow,1,Tverskoy,2026-05-04 19:00:00,90
moscow,1,Tverskoy,2026-05-04 20:00:00,96
moscow,1,Tverskoy,2026-05-04 21:00:00,102
moscow,1,Tverskoy,2026-05-04 22:00:00,95
moscow,1,Tverskoy,2026-05-04 23:00:00,97
moscow,1,Tverskoy,2026-05-05 00:00:00,73
moscow,1,Tverskoy,2026-05-05 01:00:00,78
moscow,1,Tverskoy,2026-05-05 02:00:00,68
moscow,1,Tverskoy,2026-05-05 03:00:00,73
moscow,1,Tverskoy,2026-05-05 04:00:00,79
moscow,1,Tverskoy,2026-05-05 05:00:00,67
moscow,1,Tverskoy,2026-05-05 06:00:00,68
moscow,1,Tverskoy,2026-05-05 07:00:00,71
moscow,1,Tverskoy,2026-05-05 08:00:00,71
moscow,1,Tverskoy,2026-05-05 09:00:00,75
moscow,1,Tverskoy,2026-05-05 10:00:00,73
moscow,1,Tverskoy,2026-05-05 11:00:00,67
moscow,1,Tverskoy,2026-05-05 12:00:00,75
moscow,1,Tverskoy,2026-05-05 13:00:00,72
moscow,1,Tverskoy,2026-05-05 14:00:00,81
moscow,1,Tverskoy,2026-05-05 15:00:00,79
moscow,1,Tverskoy,2026-05-05 16:00:00,85
moscow,1,Tverskoy,2026-05-05 17:00:00,94
moscow,1,Tverskoy,2026-05-05 18:00:00,126
moscow,1,Tverskoy,2026-05-05 19:00:00,125
moscow,1,Tverskoy,2026-05-05 20:00:00,117
moscow,1,Tverskoy,2026-05-05 21:00:00,127
moscow,1,Tverskoy,2026-05-05 22:00:00,127
moscow,1,Tverskoy,2026-05-05 23:00:00,133
moscow,1,Tverskoy,2026-05-06 00:00:00,69
moscow,1,Tverskoy,2026-05-06 01:00:00,75
moscow,1,Tverskoy,2026-05-06 02:00:00,71
moscow,1,Tverskoy,2026-05-06 03:00:00,70
moscow,1,Tverskoy,2026-05-06 04:00:00,76
moscow,1,Tverskoy,2026-05-06 05:00:00,75
moscow,1,Tverskoy,2026-05-06 06:00:00,72
moscow,1,Tverskoy,2026-05-06 07:00:00,79
moscow,1,Tverskoy,2026-05-06 08:00:00,72
moscow,1,Tverskoy,2026-05-06 09:00:00,74
moscow,1,Tverskoy,2026-05-06 10:00:00,75
moscow,1,Tverskoy,2026-05-06 11:00:00,72
moscow,1,Tverskoy,2026-05-06 12:00:00,76
moscow,1,Tverskoy,2026-05-06 13:00:00,74
moscow,1,Tverskoy,2026-05-06 14:00:00,77
moscow,1,Tverskoy,2026-05-06 15:00:00,87
moscow,1,Tverskoy,2026-05-06 16:00:00,85
moscow,1,Tverskoy,2026-05-06 17:00:00,86
moscow,1,Tverskoy,2026-05-06 18:00:00,102
moscow,1,Tverskoy,2026-05-06 19:00:00,105
moscow,1,Tverskoy,2026-05-06 20:00:00,94
moscow,1,Tverskoy,2026-05-06 21:00:00,91
moscow,1,Tverskoy,2026-05-06 22:00:00,100
moscow,1,Tverskoy,2026-05-06 23:00:00,101
moscow,1,Tverskoy,2026-05-07 00:00:00,74
moscow,1,Tverskoy,2026-05-07 01:00:00,71
moscow,1,Tverskoy,2026-05-07 02:00:00,77
moscow,1,Tverskoy,2026-05-07 03:00:00,77
moscow,1,Tverskoy,2026-05-07 04:00:00,70
moscow,1,Tverskoy,2026-05-07 05:00:00,77
moscow,1,Tverskoy,2026-05-07 06:00:00,82
moscow,1,Tverskoy,2026-05-07 07:00:00,76
moscow,1,Tverskoy,2026-05-07 08:00:00,74
moscow,1,Tverskoy,2026-05-07 09:00:00,75
moscow,1,Tverskoy,2026-05-07 10:00:00,77
moscow,1,Tverskoy,2026-05-07 11:00:00,69
moscow,1,Tverskoy,2026-05-07 12:00:00,76
moscow,1,Tverskoy,2026-05-07 13:00:00,76
moscow,1,Tverskoy,2026-05-07 14:00:00,86
moscow,1,Tverskoy,2026-05-07 15:00:00,83
moscow,1,Tverskoy,2026-05-07 16:00:00,95
moscow,1,Tverskoy,2026-05-07 17:00:00,91
moscow,1,Tverskoy,2026-05-07 18:00:00,100
moscow,1,Tverskoy,2026-05-07 19:00:00,99
moscow,1,Tverskoy,2026-05-07 20:00:00,94
moscow,1,Tverskoy,2026-05-07 21:00:00,100
moscow,1,Tverskoy,2026-05-07 22:00:00,107
moscow,1,Tverskoy,2026-05-07 23:00:00,102
moscow,1,Tverskoy,2026-05-08 00:00:00,71
moscow,1,Tverskoy,2026-05-08 01:00:00,76
moscow,1,Tverskoy,2026-05-08 02:00:00,73
moscow,1,Tverskoy,2026-05-08 03:00:00,75
moscow,1,Tverskoy,2026-05-08 04:00:00,76
moscow,1,Tverskoy,2026-05-08 05:00:00,71
moscow,1,Tverskoy,2026-05-08 06:00:00,71
moscow,1,Tverskoy,2026-05-08 07:00:00,78
moscow,1,Tverskoy,2026-05-08 08:00:00,75
moscow,1,Tverskoy,2026-05-08 09:00:00,68
moscow,1,Tverskoy,2026-05-08 10:00:00,79
moscow,1,Tverskoy,2026-05-08 11:00:00,77
moscow,1,Tverskoy,2026-05-08 12:00:00,75
moscow,1,Tverskoy,2026-05-08 13:00:00,74
moscow,1,Tverskoy,2026-05-08 14:00:00,84
moscow,1,Tverskoy,2026-05-08 15:00:00,86
moscow,1,Tverskoy,2026-05-08 16:00:00,99
moscow,1,Tverskoy,2026-05-08 17:00:00,98
moscow,1,Tverskoy,2026-05-08 18:00:00,100
moscow,1,Tverskoy,2026-05-08 19:00:00,98
moscow,1,Tverskoy,2026-05-08 20:00:00,101
moscow,1,Tverskoy,2026-05-08 21:00:00,102
moscow,1,Tverskoy,2026-05-08 22:00:00,108
moscow,1,Tverskoy,2026-05-08 23:00:00,103
moscow,1,Tverskoy,2026-05-09 00:00:00,68
moscow,1,Tverskoy,2026-05-09 01:00:00,68
moscow,1,Tverskoy,2026-05-09 02:00:00,72
moscow,1,Tverskoy,2026-05-09 03:00:00,74
moscow,1,Tverskoy,2026-05-09 04:00:00,68
moscow,1,Tverskoy,2026-05-09 05:00:00,68
moscow,1,Tverskoy,2026-05-09 06:00:00,70
moscow,1,Tverskoy,2026-05-09 07:00:00,69
moscow,1,Tverskoy,2026-05-09 08:00:00,73
moscow,1,Tverskoy,2026-05-09 09:00:00,62
moscow,1,Tverskoy,2026-05-09 10:00:00,67
moscow,1,Tverskoy,2026-05-09 11:00:00,67
moscow,1,Tverskoy,2026-05-09 12:00:00,62
moscow,1,Tverskoy,2026-05-09 13:00:00,68
moscow,1,Tverskoy,2026-05-09 14:00:00,70
moscow,1,Tverskoy,2026-05-09 15:00:00,76
moscow,1,Tverskoy,2026-05-09 16:00:00,85
moscow,1,Tverskoy,2026-05-09 17:00:00,84
moscow,1,Tverskoy,2026-05-09 18:00:00,84
moscow,1,Tverskoy,2026-05-09 19:00:00,87
moscow,1,Tverskoy,2026-05-09 20:00:00,108
moscow,1,Tverskoy,2026-05-09 21:00:00,103
moscow,1,Tverskoy,2026-05-09 22:00:00,107
moscow,1,Tverskoy,2026-05-09 23:00:00,113
moscow,1,Tverskoy,2026-05-10 00:00:00,70
moscow,1,Tverskoy,2026-05-10 01:00:00,73
moscow,1,Tverskoy,2026-05-10 02:00:00,71
moscow,1,Tverskoy,2026-05-10 03:00:00,73
moscow,1,Tverskoy,2026-05-10 04:00:00,67
moscow,1,Tverskoy,2026-05-10 05:00:00,71
moscow,1,Tverskoy,2026-05-10 06:00:00,70
moscow,1,Tverskoy,2026-05-10 07:00:00,67
moscow,1,Tverskoy,2026-05-10 08:00:00,65
moscow,1,Tverskoy,2026-05-10 09:00:00,73
moscow,1,Tverskoy,2026-05-10 10:00:00,69
moscow,1,Tverskoy,2026-05-10 11:00:00,67
moscow,1,Tverskoy,2026-05-10 12:00:00,71
moscow,1,Tverskoy,2026-05-10 13:00:00,76
moscow,1,Tverskoy,2026-05-10 14:00:00,66
moscow,1,Tverskoy,2026-05-10 15:00:00,73
moscow,1,Tverskoy,2026-05-10 16:00:00,79
moscow,1,Tverskoy,2026-05-10 17:00:00,91
moscow,1,Tverskoy,2026-05-10 18:00:00,90
moscow,1,Tverskoy,2026-05-10 19:00:00,91
moscow,1,Tverskoy,2026-05-10 20:00:00,102
moscow,1,Tverskoy,2026-05-10 21:00:00,104
moscow,1,Tverskoy,2026-05-10 22:00:00,113
moscow,1,Tverskoy,2026-05-10 23:00:00,113
moscow,1,Tverskoy,2026-05-11 00:00:00,82
moscow,1,Tverskoy,2026-05-11 01:00:00,79
moscow,1,Tverskoy,2026-05-11 02:00:00,81
moscow,1,Tverskoy,2026-05-11 03:00:00,81
moscow,1,Tverskoy,2026-05-11 04:00:00,83
moscow,1,Tverskoy,2026-05-11 05:00:00,83
moscow,1,Tverskoy,2026-05-11 06:00:00,75
moscow,1,Tverskoy,2026-05-11 07:00:00,73
moscow,1,Tverskoy,2026-05-11 08:00:00,83
moscow,1,Tverskoy,2026-05-11 09:00:00,84
moscow,1,Tverskoy,2026-05-11 10:00:00,77
moscow,1,Tverskoy,2026-05-11 11:00:00,74
moscow,1,Tverskoy,2026-05-11 12:00:00,81
moscow,1,Tverskoy,2026-05-11 13:00:00,85
moscow,1,Tverskoy,2026-05-11 14:00:00,91
moscow,1,Tverskoy,2026-05-11 15:00:00,91
moscow,1,Tverskoy,2026-05-11 16:00:00,93
moscow,1,Tverskoy,2026-05-11 17:00:00,97
moscow,1,Tverskoy,2026-05-11 18:00:00,103
moscow,1,Tverskoy,2026-05-11 19:00:00,101
moscow,1,Tverskoy,2026-05-11 20:00:00,99
moscow,1,Tverskoy,2026-05-11 21:00:00,111
moscow,1,Tverskoy,2026-05-11 22:00:00,114
moscow,1,Tverskoy,2026-05-11 23:00:00,112
moscow,1,Tverskoy,2026-05-12 00:00:00,78
moscow,1,Tverskoy,2026-05-12 01:00:00,84
moscow,1,Tverskoy,2026-05-12 02:00:00,84
moscow,1,Tverskoy,2026-05-12 03:00:00,83
moscow,1,Tverskoy,2026-05-12 04:00:00,86
moscow,1,Tverskoy,2026-05-12 05:00:00,84
moscow,1,Tverskoy,2026-05-12 06:00:00,84
moscow,1,Tverskoy,2026-05-12 07:00:00,84
moscow,1,Tverskoy,2026-05-12 08:00:00,83
moscow,1,Tverskoy,2026-05-12 09:00:00,75
moscow,1,Tverskoy,2026-05-12 10:00:00,82
moscow,1,Tverskoy,2026-05-12 11:00:00,80
moscow,1,Tverskoy,2026-05-12 12:00:00,78
moscow,1,Tverskoy,2026-05-12 13:00:00,89
moscow,1,Tverskoy,2026-05-12 14:00:00,92
moscow,1,Tverskoy,2026-05-12 15:00:00,95
moscow,1,Tverskoy,2026-05-12 16:00:00,97
moscow,1,Tverskoy,2026-05-12 17:00:00,106
moscow,1,Tverskoy,2026-05-12 18:00:00,104
moscow,1,Tverskoy,2026-05-12 19:00:00,104
moscow,1,Tverskoy,2026-05-12 20:00:00,100
moscow,1,Tverskoy,2026-05-12 21:00:00,107
moscow,1,Tverskoy,2026-05-12 22:00:00,109
moscow,1,Tverskoy,2026-05-12 23:00:00,105
moscow,1,Tverskoy,2026-05-13 00:00:00,82
moscow,1,Tverskoy,2026-05-13 01:00:00,82
moscow,1,Tverskoy,2026-05-13 02:00:00,89
moscow,1,Tverskoy,2026-05-13 03:00:00,86
moscow,1,Tverskoy,2026-05-13 04:00:00,83
moscow,1,Tverskoy,2026-05-13 05:00:00,83
moscow,1,Tverskoy,2026-05-13 06:00:00,83
moscow,1,Tverskoy,2026-05-13 07:00:00,82
moscow,1,Tverskoy,2026-05-13 08:00:00,79
moscow,1,Tverskoy,2026-05-13 09:00:00,82
moscow,1,Tverskoy,2026-05-13 10:00:00,80
moscow,1,Tverskoy,2026-05-13 11:00:00,79
moscow,1,Tverskoy,2026-05-13 12:00:00,85
moscow,1,Tverskoy,2026-05-13 13:00:00,86
moscow,1,Tverskoy,2026-05-13 14:00:00,81
moscow,1,Tverskoy,2026-05-13 15:00:00,91
moscow,1,Tverskoy,2026-05-13 16:00:00,101
moscow,1,Tverskoy,2026-05-13 17:00:00,106
moscow,1,Tverskoy,2026-05-13 18:00:00,109
moscow,1,Tverskoy,2026-05-13 19:00:00,105
moscow,1,Tverskoy,2026-05-13 20:00:00,102
moscow,1,Tverskoy,2026-05-13 21:00:00,103
moscow,1,Tverskoy,2026-05-13 22:00:00,111
moscow,1,Tverskoy,2026-05-13 23:00:00,112
moscow,1,Tverskoy,2026-05-14 00:00:00,88
moscow,1,Tverskoy,2026-05-14 01:00:00,88
moscow,1,Tverskoy,2026-05-14 02:00:00,83
moscow,1,Tverskoy,2026-05-14 03:00:00,80
moscow,1,Tverskoy,2026-05-14 04:00:00,83
moscow,1,Tverskoy,2026-05-14 05:00:00,85
moscow,1,Tverskoy,2026-05-14 06:00:00,83
moscow,1,Tverskoy,2026-05-14 07:00:00,82
moscow,1,Tverskoy,2026-05-14 08:00:00,85
moscow,1,Tverskoy,2026-05-14 09:00:00,82
moscow,1,Tverskoy,2026-05-14 10:00:00,82
moscow,1,Tverskoy,2026-05-14 11:00:00,85
moscow,1,Tverskoy,2026-05-14 12:00:00,83
moscow,1,Tverskoy,2026-05-14 13:00:00,86
moscow,1,Tverskoy,2026-05-14 14:00:00,89
moscow,1,Tverskoy,2026-05-14 15:00:00,89
moscow,1,Tverskoy,2026-05-14 16:00:00,97
moscow,1,Tverskoy,2026-05-14 17:00:00,109
moscow,1,Tverskoy,2026-05-14 18:00:00,102
moscow,1,Tverskoy,2026-05-14 19:00:00,99
moscow,1,Tverskoy,2026-05-14 20:00:00,100
moscow,1,Tverskoy,2026-05-14 21:00:00,108
moscow,1,Tverskoy,2026-05-14 22:00:00,111
moscow,1,Tverskoy,2026-05-14 23:00:00,112
moscow,1,Tverskoy,2026-05-15 00:00:00,89
moscow,1,Tverskoy,2026-05-15 01:00:00,76
moscow,1,Tverskoy,2026-05-15 02:00:00,86
moscow,1,Tverskoy,2026-05-15 03:00:00,90
moscow,1,Tverskoy,2026-05-15 04:00:00,81
moscow,1,Tverskoy,2026-05-15 05:00:00,84
moscow,1,Tverskoy,2026-05-15 06:00:00,83
moscow,1,Tverskoy,2026-05-15 07:00:00,82
moscow,1,Tverskoy,2026-05-15 08:00:00,84
moscow,1,Tverskoy,2026-05-15 09:00:00,90
moscow,1,Tverskoy,2026-05-15 10:00:00,91
moscow,1,Tverskoy,2026-05-15 11:00:00,84
moscow,1,Tverskoy,2026-05-15 12:00:00,92
moscow,1,Tverskoy,2026-05-15 13:00:00,87
moscow,1,Tverskoy,2026-05-15 14:00:00,95
moscow,1,Tverskoy,2026-05-15 15:00:00,94
moscow,1,Tverskoy,2026-05-15 16:00:00,100
moscow,1,Tverskoy,2026-05-15 17:00:00,106
moscow,1,Tverskoy,2026-05-15 18:00:00,118
moscow,1,Tverskoy,2026-05-15 19:00:00,110
moscow,1,Tverskoy,2026-05-15 20:00:00,105
moscow,1,Tverskoy,2026-05-15 21:00:00,112
moscow,1,Tverskoy,2026-05-15 22:00:00,111
moscow,1,Tverskoy,2026-05-15 23:00:00,112
moscow,1,Tverskoy,2026-05-16 00:00:00,81
moscow,1,Tverskoy,2026-05-16 01:00:00,78
moscow,1,Tverskoy,2026-05-16 02:00:00,79
moscow,1,Tverskoy,2026-05-16 03:00:00,78
moscow,1,Tverskoy,2026-05-16 04:00:00,79
moscow,1,Tverskoy,2026-05-16 05:00:00,80
moscow,1,Tverskoy,2026-05-16 06:00:00,72
moscow,1,Tverskoy,2026-05-16 07:00:00,80
moscow,1,Tverskoy,2026-05-16 08:00:00,75
moscow,1,Tverskoy,2026-05-16 09:00:00,73
moscow,1,Tverskoy,2026-05-16 10:00:00,78
moscow,1,Tverskoy,2026-05-16 11:00:00,79
moscow,1,Tverskoy,2026-05-16 12:00:00,76
moscow,1,Tverskoy,2026-05-16 13:00:00,82
moscow,1,Tverskoy,2026-05-16 14:00:00,77
moscow,1,Tverskoy,2026-05-16 15:00:00,84
moscow,1,Tverskoy,2026-05-16 16:00:00,88
moscow,1,Tverskoy,2026-05-16 17:00:00,94
moscow,1,Tverskoy,2026-05-16 18:00:00,120
moscow,1,Tverskoy,2026-05-16 19:00:00,116
moscow,1,Tverskoy,2026-05-16 20:00:00,146
moscow,1,Tverskoy,2026-05-16 21:00:00,147
moscow,1,Tverskoy,2026-05-16 22:00:00,146
moscow,1,Tverskoy,2026-05-16 23:00:00,147
moscow,1,Tverskoy,2026-05-17 00:00:00,79
moscow,1,Tverskoy,2026-05-17 01:00:00,79
moscow,1,Tverskoy,2026-05-17 02:00:00,79
moscow,1,Tverskoy,2026-05-17 03:00:00,79
moscow,1,Tverskoy,2026-05-17 04:00:00,80
moscow,1,Tverskoy,2026-05-17 05:00:00,83
moscow,1,Tverskoy,2026-05-17 06:00:00,76
moscow,1,Tverskoy,2026-05-17 07:00:00,76
moscow,1,Tverskoy,2026-05-17 08:00:00,76
moscow,1,Tverskoy,2026-05-17 09:00:00,80
moscow,1,Tverskoy,2026-05-17 10:00:00,84
moscow,1,Tverskoy,2026-05-17 11:00:00,78
moscow,1,Tverskoy,2026-05-17 12:00:00,72
moscow,1,Tverskoy,2026-05-17 13:00:00,75
moscow,1,Tverskoy,2026-05-17 14:00:00,80
moscow,1,Tverskoy,2026-05-17 15:00:00,85
moscow,1,Tverskoy,2026-05-17 16:00:00,90
moscow,1,Tverskoy,2026-05-17 17:00:00,95
moscow,1,Tverskoy,2026-05-17 18:00:00,96
moscow,1,Tverskoy,2026-05-17 19:00:00,101
moscow,1,Tverskoy,2026-05-17 20:00:00,112
moscow,1,Tverskoy,2026-05-17 21:00:00,114
moscow,1,Tverskoy,2026-05-17 22:00:00,122
moscow,1,Tverskoy,2026-05-17 23:00:00,116
moscow,1,Tverskoy,2026-05-18 00:00:00,90
moscow,1,Tverskoy,2026-05-18 01:00:00,89
moscow,1,Tverskoy,2026-05-18 02:00:00,88
moscow,1,Tverskoy,2026-05-18 03:00:00,94
moscow,1,Tverskoy,2026-05-18 04:00:00,87
moscow,1,Tverskoy,2026-05-18 05:00:00,96
moscow,1,Tverskoy,2026-05-18 06:00:00,88
moscow,1,Tverskoy,2026-05-18 07:00:00,85
moscow,1,Tverskoy,2026-05-18 08:00:00,89
moscow,1,Tverskoy,2026-05-18 09:00:00,85
moscow,1,Tverskoy,2026-05-18 10:00:00,86
moscow,1,Tverskoy,2026-05-18 11:00:00,90
moscow,1,Tverskoy,2026-05-18 12:00:00,91
moscow,1,Tverskoy,2026-05-18 13:00:00,89
moscow,1,Tverskoy,2026-05-18 14:00:00,97
moscow,1,Tverskoy,2026-05-18 15:00:00,102
moscow,1,Tverskoy,2026-05-18 16:00:00,108
moscow,1,Tverskoy,2026-05-18 17:00:00,111
moscow,1,Tverskoy,2026-05-18 18:00:00,116
moscow,1,Tverskoy,2026-05-18 19:00:00,105
moscow,1,Tverskoy,2026-05-18 20:00:00,110
moscow,1,Tverskoy,2026-05-18 21:00:00,110
moscow,1,Tverskoy,2026-05-18 22:00:00,117
moscow,1,Tverskoy,2026-05-18 23:00:00,115
moscow,1,Tverskoy,2026-05-19 00:00:00,90
moscow,1,Tverskoy,2026-05-19 01:00:00,97
moscow,1,Tverskoy,2026-05-19 02:00:00,90
moscow,1,Tverskoy,2026-05-19 03:00:00,92
moscow,1,Tverskoy,2026-05-19 04:00:00,89
moscow,1,Tverskoy,2026-05-19 05:00:00,90
moscow,1,Tverskoy,2026-05-19 06:00:00,90
moscow,1,Tverskoy,2026-05-19 07:00:00,92
moscow,1,Tverskoy,2026-05-19 08:00:00,94
moscow,1,Tverskoy,2026-05-19 09:00:00,96
moscow,1,Tverskoy,2026-05-19 10:00:00,91
moscow,1,Tverskoy,2026-05-19 11:00:00,92
moscow,1,Tverskoy,2026-05-19 12:00:00,87
moscow,1,Tverskoy,2026-05-19 13:00:00,92
moscow,1,Tverskoy,2026-05-19 14:00:00,98
moscow,1,Tverskoy,2026-05-19 15:00:00,102
moscow,1,Tverskoy,2026-05-19 16:00:00,105
moscow,1,Tverskoy,2026-05-19 17:00:00,113
moscow,1,Tverskoy,2026-05-19 18:00:00,114
moscow,1,Tverskoy,2026-05-19 19:00:00,117
moscow,1,Tverskoy,2026-05-19 20:00:00,113
moscow,1,Tverskoy,2026-05-19 21:00:00,113
moscow,1,Tverskoy,2026-05-19 22:00:00,119
moscow,1,Tverskoy,2026-05-19 23:00:00,109
moscow,1,Tverskoy,2026-05-20 00:00:00,93
moscow,1,Tverskoy,2026-05-20 01:00:00,79
moscow,1,Tverskoy,2026-05-20 02:00:00,86
moscow,1,Tverskoy,2026-05-20 03:00:00,93
moscow,1,Tverskoy,2026-05-20 04:00:00,93
moscow,1,Tverskoy,2026-05-20 05:00:00,88
moscow,1,Tverskoy,2026-05-20 06:00:00,89
moscow,1,Tverskoy,2026-05-20 07:00:00,96
moscow,1,Tverskoy,2026-05-20 08:00:00,90
moscow,1,Tverskoy,2026-05-20 09:00:00,99
moscow,1,Tverskoy,2026-05-20 10:00:00,91
moscow,1,Tverskoy,2026-05-20 11:00:00,93
moscow,1,Tverskoy,2026-05-20 12:00:00,97
moscow,1,Tverskoy,2026-05-20 13:00:00,94
moscow,1,Tverskoy,2026-05-20 14:00:00,92
moscow,1,Tverskoy,2026-05-20 15:00:00,100
moscow,1,Tverskoy,2026-05-20 16:00:00,106
moscow,1,Tverskoy,2026-05-20 17:00:00,107
moscow,1,Tverskoy,2026-05-20 18:00:00,113
moscow,1,Tverskoy,2026-05-20 19:00:00,111
moscow,1,Tverskoy,2026-05-20 20:00:00,116
moscow,1,Tverskoy,2026-05-20 21:00:00,115
moscow,1,Tverskoy,2026-05-20 22:00:00,118
moscow,1,Tverskoy,2026-05-20 23:00:00,119
moscow,1,Tverskoy,2026-05-21 00:00:00,93
moscow,1,Tverskoy,2026-05-21 01:00:00,95
moscow,1,Tverskoy,2026-05-21 02:00:00,89
moscow,1,Tverskoy,2026-05-21 03:00:00,89
moscow,1,Tverskoy,2026-05-21 04:00:00,96
moscow,1,Tverskoy,2026-05-21 05:00:00,91
moscow,1,Tverskoy,2026-05-21 06:00:00,88
moscow,1,Tverskoy,2026-05-21 07:00:00,94
moscow,1,Tverskoy,2026-05-21 08:00:00,94
moscow,1,Tverskoy,2026-05-21 09:00:00,88
moscow,1,Tverskoy,2026-05-21 10:00:00,94
moscow,1,Tverskoy,2026-05-21 11:00:00,95
moscow,1,Tverskoy,2026-05-21 12:00:00,95
moscow,1,Tverskoy,2026-05-21 13:00:00,97
moscow,1,Tverskoy,2026-05-21 14:00:00,92
moscow,1,Tverskoy,2026-05-21 15:00:00,103
moscow,1,Tverskoy,2026-05-21 16:00:00,106
moscow,1,Tverskoy,2026-05-21 17:00:00,111
moscow,1,Tverskoy,2026-05-21 18:00:00,147
moscow,1,Tverskoy,2026-05-21 19:00:00,149
moscow,1,Tverskoy,2026-05-21 20:00:00,149
moscow,1,Tverskoy,2026-05-21 21:00:00,150
moscow,1,Tverskoy,2026-05-21 22:00:00,151
moscow,1,Tverskoy,2026-05-21 23:00:00,153
moscow,1,Tverskoy,2026-05-22 00:00:00,97
moscow,1,Tverskoy,2026-05-22 01:00:00,94
moscow,1,Tverskoy,2026-05-22 02:00:00,94
moscow,1,Tverskoy,2026-05-22 03:00:00,97
moscow,1,Tverskoy,2026-05-22 04:00:00,94
moscow,1,Tverskoy,2026-05-22 05:00:00,92
moscow,1,Tverskoy,2026-05-22 06:00:00,93
moscow,1,Tverskoy,2026-05-22 07:00:00,96
moscow,1,Tverskoy,2026-05-22 08:00:00,94
moscow,1,Tverskoy,2026-05-22 09:00:00,95
moscow,1,Tverskoy,2026-05-22 10:00:00,96
moscow,1,Tverskoy,2026-05-22 11:00:00,93
moscow,1,Tverskoy,2026-05-22 12:00:00,97
moscow,1,Tverskoy,2026-05-22 13:00:00,97
moscow,1,Tverskoy,2026-05-22 14:00:00,94
moscow,1,Tverskoy,2026-05-22 15:00:00,108
moscow,1,Tverskoy,2026-05-22 16:00:00,107
moscow,1,Tverskoy,2026-05-22 17:00:00,108
moscow,1,Tverskoy,2026-05-22 18:00:00,113
moscow,1,Tverskoy,2026-05-22 19:00:00,113
moscow,1,Tverskoy,2026-05-22 20:00:00,116
moscow,1,Tverskoy,2026-05-22 21:00:00,117
moscow,1,Tverskoy,2026-05-22 22:00:00,120
moscow,1,Tverskoy,2026-05-22 23:00:00,124
moscow,1,Tverskoy,2026-05-23 00:00:00,88
moscow,1,Tverskoy,2026-05-23 01:00:00,88
moscow,1,Tverskoy,2026-05-23 02:00:00,88
moscow,1,Tverskoy,2026-05-23 03:00:00,89
moscow,1,Tverskoy,2026-05-23 04:00:00,80
moscow,1,Tverskoy,2026-05-23 05:00:00,86
moscow,1,Tverskoy,2026-05-23 06:00:00,80
moscow,1,Tverskoy,2026-05-23 07:00:00,87
moscow,1,Tverskoy,2026-05-23 08:00:00,87
moscow,1,Tverskoy,2026-05-23 09:00:00,91
moscow,1,Tverskoy,2026-05-23 10:00:00,91
moscow,1,Tverskoy,2026-05-23 11:00:00,88
moscow,1,Tverskoy,2026-05-23 12:00:00,86
moscow,1,Tverskoy,2026-05-23 13:00:00,90
moscow,1,Tverskoy,2026-05-23 14:00:00,89
moscow,1,Tverskoy,2026-05-23 15:00:00,94
moscow,1,Tverskoy,2026-05-23 16:00:00,102
moscow,1,Tverskoy,2026-05-23 17:00:00,101
moscow,1,Tverskoy,2026-05-23 18:00:00,108
moscow,1,Tverskoy,2026-05-23 19:00:00,107
moscow,1,Tverskoy,2026-05-23 20:00:00,119
moscow,1,Tverskoy,2026-05-23 21:00:00,128
moscow,1,Tverskoy,2026-05-23 22:00:00,130
moscow,1,Tverskoy,2026-05-23 23:00:00,129
moscow,1,Tverskoy,2026-05-24 00:00:00,86
moscow,1,Tverskoy,2026-05-24 01:00:00,85
moscow,1,Tverskoy,2026-05-24 02:00:00,86
moscow,1,Tverskoy,2026-05-24 03:00:00,90
moscow,1,Tverskoy,2026-05-24 04:00:00,85
moscow,1,Tverskoy,2026-05-24 05:00:00,90
moscow,1,Tverskoy,2026-05-24 06:00:00,84
moscow,1,Tverskoy,2026-05-24 07:00:00,88
moscow,1,Tverskoy,2026-05-24 08:00:00,89
moscow,1,Tverskoy,2026-05-24 09:00:00,97
moscow,1,Tverskoy,2026-05-24 10:00:00,84
moscow,1,Tverskoy,2026-05-24 11:00:00,93
moscow,1,Tverskoy,2026-05-24 12:00:00,89
moscow,1,Tverskoy,2026-05-24 13:00:00,91
moscow,1,Tverskoy,2026-05-24 14:00:00,92
moscow,1,Tverskoy,2026-05-24 15:00:00,97
moscow,1,Tverskoy,2026-05-24 16:00:00,99
moscow,1,Tverskoy,2026-05-24 17:00:00,109
moscow,1,Tverskoy,2026-05-24 18:00:00,105
moscow,1,Tverskoy,2026-05-24 19:00:00,110
moscow,1,Tverskoy,2026-05-24 20:00:00,121
moscow,1,Tverskoy,2026-05-24 21:00:00,125
moscow,1,Tverskoy,2026-05-24 22:00:00,126
moscow,1,Tverskoy,2026-05-24 23:00:00,132
moscow,1,Tverskoy,2026-05-25 00:00:00,103
moscow,1,Tverskoy,2026-05-25 01:00:00,97
moscow,1,Tverskoy,2026-05-25 02:00:00,97
moscow,1,Tverskoy,2026-05-25 03:00:00,94
moscow,1,Tverskoy,2026-05-25 04:00:00,97
moscow,1,Tverskoy,2026-05-25 05:00:00,92
moscow,1,Tverskoy,2026-05-25 06:00:00,95
moscow,1,Tverskoy,2026-05-25 07:00:00,99
moscow,1,Tverskoy,2026-05-25 08:00:00,102
moscow,1,Tverskoy,2026-05-25 09:00:00,107
moscow,1,Tverskoy,2026-05-25 10:00:00,96
moscow,1,Tverskoy,2026-05-25 11:00:00,103
moscow,1,Tverskoy,2026-05-25 12:00:00,99
moscow,1,Tverskoy,2026-05-25 13:00:00,99
moscow,1,Tverskoy,2026-05-25 14:00:00,104
moscow,1,Tverskoy,2026-05-25 15:00:00,107
moscow,1,Tverskoy,2026-05-25 16:00:00,113
moscow,1,Tverskoy,2026-05-25 17:00:00,116
moscow,1,Tverskoy,2026-05-25 18:00:00,116
moscow,1,Tverskoy,2026-05-25 19:00:00,115
moscow,1,Tverskoy,2026-05-25 20:00:00,122
moscow,1,Tverskoy,2026-05-25 21:00:00,121
moscow,1,Tverskoy,2026-05-25 22:00:00,123
moscow,1,Tverskoy,2026-05-25 23:00:00,126
moscow,1,Tverskoy,2026-05-26 00:00:00,102
moscow,1,Tverskoy,2026-05-26 01:00:00,100
moscow,1,Tverskoy,2026-05-26 02:00:00,97
moscow,1,Tverskoy,2026-05-26 03:00:00,103
moscow,1,Tverskoy,2026-05-26 04:00:00,104
moscow,1,Tverskoy,2026-05-26 05:00:00,101
moscow,1,Tverskoy,2026-05-26 06:00:00,102
moscow,1,Tverskoy,2026-05-26 07:00:00,103
moscow,1,Tverskoy,2026-05-26 08:00:00,103
moscow,1,Tverskoy,2026-05-26 09:00:00,101
moscow,1,Tverskoy,2026-05-26 10:00:00,101
moscow,1,Tverskoy,2026-05-26 11:00:00,101
moscow,1,Tverskoy,2026-05-26 12:00:00,96
moscow,1,Tverskoy,2026-05-26 13:00:00,103
moscow,1,Tverskoy,2026-05-26 14:00:00,99
moscow,1,Tverskoy,2026-05-26 15:00:00,105
moscow,1,Tverskoy,2026-05-26 16:00:00,118
moscow,1,Tverskoy,2026-05-26 17:00:00,122
moscow,1,Tverskoy,2026-05-26 18:00:00,126
moscow,1,Tverskoy,2026-05-26 19:00:00,120
moscow,1,Tverskoy,2026-05-26 20:00:00,117
moscow,1,Tverskoy,2026-05-26 21:00:00,122
moscow,1,Tverskoy,2026-05-26 22:00:00,127
moscow,1,Tverskoy,2026-05-26 23:00:00,128
moscow,1,Tverskoy,2026-05-27 00:00:00,104
moscow,1,Tverskoy,2026-05-27 01:00:00,99
moscow,1,Tverskoy,2026-05-27 02:00:00,101
moscow,1,Tverskoy,2026-05-27 03:00:00,97
moscow,1,Tverskoy,2026-05-27 04:00:00,102
moscow,1,Tverskoy,2026-05-27 05:00:00,100
moscow,1,Tverskoy,2026-05-27 06:00:00,98
moscow,1,Tverskoy,2026-05-27 07:00:00,99
moscow,1,Tverskoy,2026-05-27 08:00:00,100
moscow,1,Tverskoy,2026-05-27 09:00:00,99
moscow,1,Tverskoy,2026-05-27 10:00:00,106
moscow,1,Tverskoy,2026-05-27 11:00:00,100
moscow,1,Tverskoy,2026-05-27 12:00:00,100
moscow,1,Tverskoy,2026-05-27 13:00:00,95
moscow,1,Tverskoy,2026-05-27 14:00:00,102
moscow,1,Tverskoy,2026-05-27 15:00:00,108
moscow,1,Tverskoy,2026-05-27 16:00:00,113
moscow,1,Tverskoy,2026-05-27 17:00:00,125
moscow,1,Tverskoy,2026-05-27 18:00:00,122
moscow,1,Tverskoy,2026-05-27 19:00:00,127
moscow,1,Tverskoy,2026-05-27 20:00:00,122
moscow,1,Tverskoy,2026-05-27 21:00:00,124
moscow,1,Tverskoy,2026-05-27 22:00:00,127
moscow,1,Tverskoy,2026-05-27 23:00:00,129
moscow,1,Tverskoy,2026-05-28 00:00:00,107
moscow,1,Tverskoy,2026-05-28 01:00:00,94
moscow,1,Tverskoy,2026-05-28 02:00:00,95
moscow,1,Tverskoy,2026-05-28 03:00:00,100
moscow,1,Tverskoy,2026-05-28 04:00:00,102
moscow,1,Tverskoy,2026-05-28 05:00:00,104
moscow,1,Tverskoy,2026-05-28 06:00:00,103
moscow,1,Tverskoy,2026-05-28 07:00:00,100
moscow,1,Tverskoy,2026-05-28 08:00:00,105
moscow,1,Tverskoy,2026-05-28 09:00:00,105
moscow,1,Tverskoy,2026-05-28 10:00:00,102
moscow,1,Tverskoy,2026-05-28 11:00:00,105
moscow,1,Tverskoy,2026-05-28 12:00:00,103
moscow,1,Tverskoy,2026-05-28 13:00:00,101
moscow,1,Tverskoy,2026-05-28 14:00:00,108
moscow,1,Tverskoy,2026-05-28 15:00:00,111
moscow,1,Tverskoy,2026-05-28 16:00:00,116
moscow,1,Tverskoy,2026-05-28 17:00:00,126
moscow,1,Tverskoy,2026-05-28 18:00:00,116
moscow,1,Tverskoy,2026-05-28 19:00:00,119
moscow,1,Tverskoy,2026-05-28 20:00:00,119
moscow,1,Tverskoy,2026-05-28 21:00:00,124
moscow,1,Tverskoy,2026-05-28 22:00:00,128
moscow,1,Tverskoy,2026-05-28 23:00:00,125
moscow,1,Tverskoy,2026-05-29 00:00:00,99
moscow,1,Tverskoy,2026-05-29 01:00:00,100
moscow,1,Tverskoy,2026-05-29 02:00:00,111
moscow,1,Tverskoy,2026-05-29 03:00:00,109
moscow,1,Tverskoy,2026-05-29 04:00:00,101
moscow,1,Tverskoy,2026-05-29 05:00:00,102
moscow,1,Tverskoy,2026-05-29 06:00:00,99
moscow,1,Tverskoy,2026-05-29 07:00:00,96
moscow,1,Tverskoy,2026-05-29 08:00:00,102
moscow,1,Tverskoy,2026-05-29 09:00:00,99
moscow,1,Tverskoy,2026-05-29 10:00:00,103
moscow,1,Tverskoy,2026-05-29 11:00:00,98
moscow,1,Tverskoy,2026-05-29 12:00:00,101
moscow,1,Tverskoy,2026-05-29 13:00:00,105
moscow,1,Tverskoy,2026-05-29 14:00:00,108
moscow,1,Tverskoy,2026-05-29 15:00:00,113
moscow,1,Tverskoy,2026-05-29 16:00:00,113
moscow,1,Tverskoy,2026-05-29 17:00:00,125
moscow,1,Tverskoy,2026-05-29 18:00:00,151
moscow,1,Tverskoy,2026-05-29 19:00:00,156
moscow,1,Tverskoy,2026-05-29 20:00:00,153
moscow,1,Tverskoy,2026-05-29 21:00:00,151
moscow,1,Tverskoy,2026-05-29 22:00:00,160
moscow,1,Tverskoy,2026-05-29 23:00:00,164
moscow,1,Tverskoy,2026-05-30 00:00:00,98
moscow,1,Tverskoy,2026-05-30 01:00:00,95
moscow,1,Tverskoy,2026-05-30 02:00:00,101
moscow,1,Tverskoy,2026-05-30 03:00:00,99
moscow,1,Tverskoy,2026-05-30 04:00:00,95
moscow,1,Tverskoy,2026-05-30 05:00:00,98
moscow,1,Tverskoy,2026-05-30 06:00:00,102
moscow,1,Tverskoy,2026-05-30 07:00:00,102
moscow,1,Tverskoy,2026-05-30 08:00:00,92
moscow,1,Tverskoy,2026-05-30 09:00:00,93
moscow,1,Tverskoy,2026-05-30 10:00:00,101
moscow,1,Tverskoy,2026-05-30 11:00:00,92
moscow,1,Tverskoy,2026-05-30 12:00:00,92
moscow,1,Tverskoy,2026-05-30 13:00:00,96
moscow,1,Tverskoy,2026-05-30 14:00:00,101
moscow,1,Tverskoy,2026-05-30 15:00:00,103
moscow,1,Tverskoy,2026-05-30 16:00:00,105
moscow,1,Tverskoy,2026-05-30 17:00:00,109
moscow,1,Tverskoy,2026-05-30 18:00:00,111
moscow,1,Tverskoy,2026-05-30 19:00:00,111
moscow,1,Tverskoy,2026-05-30 20:00:00,139
moscow,1,Tverskoy,2026-05-30 21:00:00,134
moscow,1,Tverskoy,2026-05-30 22:00:00,140
moscow,1,Tverskoy,2026-05-30 23:00:00,136
moscow,1,Tverskoy,2026-05-31 00:00:00,96
moscow,1,Tverskoy,2026-05-31 01:00:00,95
moscow,1,Tverskoy,2026-05-31 02:00:00,88
moscow,1,Tverskoy,2026-05-31 03:00:00,92
moscow,1,Tverskoy,2026-05-31 04:00:00,91
moscow,1,Tverskoy,2026-05-31 05:00:00,90
moscow,1,Tverskoy,2026-05-31 06:00:00,93
moscow,1,Tverskoy,2026-05-31 07:00:00,102
moscow,1,Tverskoy,2026-05-31 08:00:00,97
moscow,1,Tverskoy,2026-05-31 09:00:00,101
moscow,1,Tverskoy,2026-05-31 10:00:00,99
moscow,1,Tverskoy,2026-05-31 11:00:00,100
moscow,1,Tverskoy,2026-05-31 12:00:00,95
moscow,1,Tverskoy,2026-05-31 13:00:00,100
moscow,1,Tverskoy,2026-05-31 14:00:00,103
moscow,1,Tverskoy,2026-05-31 15:00:00,102
moscow,1,Tverskoy,2026-05-31 16:00:00,111
moscow,1,Tverskoy,2026-05-31 17:00:00,115
moscow,1,Tverskoy,2026-05-31 18:00:00,113
moscow,1,Tverskoy,2026-05-31 19:00:00,111
moscow,1,Tverskoy,2026-05-31 20:00:00,128
moscow,1,Tverskoy,2026-05-31 21:00:00,135
moscow,1,Tverskoy,2026-05-31 22:00:00,139
moscow,1,Tverskoy,2026-05-31 23:00:00,137
moscow,1,Tverskoy,2026-06-01 00:00:00,107
moscow,1,Tverskoy,2026-06-01 01:00:00,108
moscow,1,Tverskoy,2026-06-01 02:00:00,109
moscow,1,Tverskoy,2026-06-01 03:00:00,112
moscow,1,Tverskoy,2026-06-01 04:00:00,111
moscow,1,Tverskoy,2026-06-01 05:00:00,103
moscow,1,Tverskoy,2026-06-01 06:00:00,112
moscow,1,Tverskoy,2026-06-01 07:00:00,105
moscow,1,Tverskoy,2026-06-01 08:00:00,110
moscow,1,Tverskoy,2026-06-01 09:00:00,107
moscow,1,Tverskoy,2026-06-01 10:00:00,105
moscow,1,Tverskoy,2026-06-01 11:00:00,101
moscow,1,Tverskoy,2026-06-01 12:00:00,107
moscow,1,Tverskoy,2026-06-01 13:00:00,103
moscow,1,Tverskoy,2026-06-01 14:00:00,114
moscow,1,Tverskoy,2026-06-01 15:00:00,121
moscow,1,Tverskoy,2026-06-01 16:00:00,118
moscow,1,Tverskoy,2026-06-01 17:00:00,127
moscow,1,Tverskoy,2026-06-01 18:00:00,127
moscow,1,Tverskoy,2026-06-01 19:00:00,127
moscow,1,Tverskoy,2026-06-01 20:00:00,131
moscow,1,Tverskoy,2026-06-01 21:00:00,130
moscow,1,Tverskoy,2026-06-01 22:00:00,140
moscow,1,Tverskoy,2026-06-01 23:00:00,133
moscow,1,Tverskoy,2026-06-02 00:00:00,111
moscow,1,Tverskoy,2026-06-02 01:00:00,108
moscow,1,Tverskoy,2026-06-02 02:00:00,111
moscow,1,Tverskoy,2026-06-02 03:00:00,106
moscow,1,Tverskoy,2026-06-02 04:00:00,108
moscow,1,Tverskoy,2026-06-02 05:00:00,107
moscow,1,Tverskoy,2026-06-02 06:00:00,105
moscow,1,Tverskoy,2026-06-02 07:00:00,110
moscow,1,Tverskoy,2026-06-02 08:00:00,110
moscow,1,Tverskoy,2026-06-02 09:00:00,110
moscow,1,Tverskoy,2026-06-02 10:00:00,113
moscow,1,Tverskoy,2026-06-02 11:00:00,113
moscow,1,Tverskoy,2026-06-02 12:00:00,107
moscow,1,Tverskoy,2026-06-02 13:00:00,111
moscow,1,Tverskoy,2026-06-02 14:00:00,110
moscow,1,Tverskoy,2026-06-02 15:00:00,117
moscow,1,Tverskoy,2026-06-02 16:00:00,120
moscow,1,Tverskoy,2026-06-02 17:00:00,133
moscow,1,Tverskoy,2026-06-02 18:00:00,132
moscow,1,Tverskoy,2026-06-02 19:00:00,129
moscow,1,Tverskoy,2026-06-02 20:00:00,134
moscow,1,Tverskoy,2026-06-02 21:00:00,124
moscow,1,Tverskoy,2026-06-02 22:00:00,128
moscow,1,Tverskoy,2026-06-02 23:00:00,139
moscow,1,Tverskoy,2026-06-03 00:00:00,109
moscow,1,Tverskoy,2026-06-03 01:00:00,110
moscow,1,Tverskoy,2026-06-03 02:00:00,105
moscow,1,Tverskoy,2026-06-03 03:00:00,109
moscow,1,Tverskoy,2026-06-03 04:00:00,116
moscow,1,Tverskoy,2026-06-03 05:00:00,112
moscow,1,Tverskoy,2026-06-03 06:00:00,110
moscow,1,Tverskoy,2026-06-03 07:00:00,108
moscow,1,Tverskoy,2026-06-03 08:00:00,108
moscow,1,Tverskoy,2026-06-03 09:00:00,102
moscow,1,Tverskoy,2026-06-03 10:00:00,110
moscow,1,Tverskoy,2026-06-03 11:00:00,112
moscow,1,Tverskoy,2026-06-03 12:00:00,104
moscow,1,Tverskoy,2026-06-03 13:00:00,109
moscow,1,Tverskoy,2026-06-03 14:00:00,110
moscow,1,Tverskoy,2026-06-03 15:00:00,115
moscow,1,Tverskoy,2026-06-03 16:00:00,124
moscow,1,Tverskoy,2026-06-03 17:00:00,122
moscow,1,Tverskoy,2026-06-03 18:00:00,134
moscow,1,Tverskoy,2026-06-03 19:00:00,134
moscow,1,Tverskoy,2026-06-03 20:00:00,130
moscow,1,Tverskoy,2026-06-03 21:00:00,125
moscow,1,Tverskoy,2026-06-03 22:00:00,133
moscow,1,Tverskoy,2026-06-03 23:00:00,142
moscow,1,Tverskoy,2026-06-04 00:00:00,101
moscow,1,Tverskoy,2026-06-04 01:00:00,109
moscow,1,Tverskoy,2026-06-04 02:00:00,106
moscow,1,Tverskoy,2026-06-04 03:00:00,113
moscow,1,Tverskoy,2026-06-04 04:00:00,108
moscow,1,Tverskoy,2026-06-04 05:00:00,112
moscow,1,Tverskoy,2026-06-04 06:00:00,112
moscow,1,Tverskoy,2026-06-04 07:00:00,117
moscow,1,Tverskoy,2026-06-04 08:00:00,110
moscow,1,Tverskoy,2026-06-04 09:00:00,112
moscow,1,Tverskoy,2026-06-04 10:00:00,105
moscow,1,Tverskoy,2026-06-04 11:00:00,115
moscow,1,Tverskoy,2026-06-04 12:00:00,108
moscow,1,Tverskoy,2026-06-04 13:00:00,110
moscow,1,Tverskoy,2026-06-04 14:00:00,115
moscow,1,Tverskoy,2026-06-04 15:00:00,114
moscow,1,Tverskoy,2026-06-04 16:00:00,126
moscow,1,Tverskoy,2026-06-04 17:00:00,133
moscow,1,Tverskoy,2026-06-04 18:00:00,162
moscow,1,Tverskoy,2026-06-04 19:00:00,156
moscow,1,Tverskoy,2026-06-04 20:00:00,160
moscow,1,Tverskoy,2026-06-04 21:00:00,166
moscow,1,Tverskoy,2026-06-04 22:00:00,162
moscow,1,Tverskoy,2026-06-04 23:00:00,166
moscow,1,Tverskoy,2026-06-05 00:00:00,115
moscow,1,Tverskoy,2026-06-05 01:00:00,113
moscow,1,Tverskoy,2026-06-05 02:00:00,113
moscow,1,Tverskoy,2026-06-05 03:00:00,118
moscow,1,Tverskoy,2026-06-05 04:00:00,113
moscow,1,Tverskoy,2026-06-05 05:00:00,114
moscow,1,Tverskoy,2026-06-05 06:00:00,121
moscow,1,Tverskoy,2026-06-05 07:00:00,111
moscow,1,Tverskoy,2026-06-05 08:00:00,109
moscow,1,Tverskoy,2026-06-05 09:00:00,113
moscow,1,Tverskoy,2026-06-05 10:00:00,113
moscow,1,Tverskoy,2026-06-05 11:00:00,110
moscow,1,Tverskoy,2026-06-05 12:00:00,109
moscow,1,Tverskoy,2026-06-05 13:00:00,121
moscow,1,Tverskoy,2026-06-05 14:00:00,117
moscow,1,Tverskoy,2026-06-05 15:00:00,118
moscow,1,Tverskoy,2026-06-05 16:00:00,129
moscow,1,Tverskoy,2026-06-05 17:00:00,131
moscow,1,Tverskoy,2026-06-05 18:00:00,133
moscow,1,Tverskoy,2026-06-05 19:00:00,136
moscow,1,Tverskoy,2026-06-05 20:00:00,129
moscow,1,Tverskoy,2026-06-05 21:00:00,137
moscow,1,Tverskoy,2026-06-05 22:00:00,145
moscow,1,Tverskoy,2026-06-05 23:00:00,142
moscow,1,Tverskoy,2026-06-06 00:00:00,103
moscow,1,Tverskoy,2026-06-06 01:00:00,103
moscow,1,Tverskoy,2026-06-06 02:00:00,103
moscow,1,Tverskoy,2026-06-06 03:00:00,104
moscow,1,Tverskoy,2026-06-06 04:00:00,103
moscow,1,Tverskoy,2026-06-06 05:00:00,108
moscow,1,Tverskoy,2026-06-06 06:00:00,99
moscow,1,Tverskoy,2026-06-06 07:00:00,108
moscow,1,Tverskoy,2026-06-06 08:00:00,103
moscow,1,Tverskoy,2026-06-06 09:00:00,106
moscow,1,Tverskoy,2026-06-06 10:00:00,101
moscow,1,Tverskoy,2026-06-06 11:00:00,109
moscow,1,Tverskoy,2026-06-06 12:00:00,109
moscow,1,Tverskoy,2026-06-06 13:00:00,109
moscow,1,Tverskoy,2026-06-06 14:00:00,103
moscow,1,Tverskoy,2026-06-06 15:00:00,115
moscow,1,Tverskoy,2026-06-06 16:00:00,118
moscow,1,Tverskoy,2026-06-06 17:00:00,115
moscow,1,Tverskoy,2026-06-06 18:00:00,123
moscow,1,Tverskoy,2026-06-06 19:00:00,124
moscow,1,Tverskoy,2026-06-06 20:00:00,142
moscow,1,Tverskoy,2026-06-06 21:00:00,143
moscow,1,Tverskoy,2026-06-06 22:00:00,147
moscow,1,Tverskoy,2026-06-06 23:00:00,152
moscow,1,Tverskoy,2026-06-07 00:00:00,110
moscow,1,Tverskoy,2026-06-07 01:00:00,96
moscow,1,Tverskoy,2026-06-07 02:00:00,105
moscow,1,Tverskoy,2026-06-07 03:00:00,105
moscow,1,Tverskoy,2026-06-07 04:00:00,100
moscow,1,Tverskoy,2026-06-07 05:00:00,106
moscow,1,Tverskoy,2026-06-07 06:00:00,110
moscow,1,Tverskoy,2026-06-07 07:00:00,102
moscow,1,Tverskoy,2026-06-07 08:00:00,107
moscow,1,Tverskoy,2026-06-07 09:00:00,103
moscow,1,Tverskoy,2026-06-07 10:00:00,104
moscow,1,Tverskoy,2026-06-07 11:00:00,111
moscow,1,Tverskoy,2026-06-07 12:00:00,105
moscow,1,Tverskoy,2026-06-07 13:00:00,109
moscow,1,Tverskoy,2026-06-07 14:00:00,103
moscow,1,Tverskoy,2026-06-07 15:00:00,119
moscow,1,Tverskoy,2026-06-07 16:00:00,120
moscow,1,Tverskoy,2026-06-07 17:00:00,121
moscow,1,Tverskoy,2026-06-07 18:00:00,126
moscow,1,Tverskoy,2026-06-07 19:00:00,119
moscow,1,Tverskoy,2026-06-07 20:00:00,145
moscow,1,Tverskoy,2026-06-07 21:00:00,142
moscow,1,Tverskoy,2026-06-07 22:00:00,146
moscow,1,Tverskoy,2026-06-07 23:00:00,146
moscow,1,Tverskoy,2026-06-08 00:00:00,113
moscow,1,Tverskoy,2026-06-08 01:00:00,118
moscow,1,Tverskoy,2026-06-08 02:00:00,116
moscow,1,Tverskoy,2026-06-08 03:00:00,118
moscow,1,Tverskoy,2026-06-08 04:00:00,115
moscow,1,Tverskoy,2026-06-08 05:00:00,117
moscow,1,Tverskoy,2026-06-08 06:00:00,114
moscow,1,Tverskoy,2026-06-08 07:00:00,123
moscow,1,Tverskoy,2026-06-08 08:00:00,110
moscow,1,Tverskoy,2026-06-08 09:00:00,120
moscow,1,Tverskoy,2026-06-08 10:00:00,120
moscow,1,Tverskoy,2026-06-08 11:00:00,113
moscow,1,Tverskoy,2026-06-08 12:00:00,123
moscow,1,Tverskoy,2026-06-08 13:00:00,121
moscow,1,Tverskoy,2026-06-08 14:00:00,123
moscow,1,Tverskoy,2026-06-08 15:00:00,124
moscow,1,Tverskoy,2026-06-08 16:00:00,129
moscow,1,Tverskoy,2026-06-08 17:00:00,135
moscow,1,Tverskoy,2026-06-08 18:00:00,139
moscow,1,Tverskoy,2026-06-08 19:00:00,142
moscow,1,Tverskoy,2026-06-08 20:00:00,138
moscow,1,Tverskoy,2026-06-08 21:00:00,136
moscow,1,Tverskoy,2026-06-08 22:00:00,146
moscow,1,Tverskoy,2026-06-08 23:00:00,147
moscow,1,Tverskoy,2026-06-09 00:00:00,119
moscow,1,Tverskoy,2026-06-09 01:00:00,119
moscow,1,Tverskoy,2026-06-09 02:00:00,116
moscow,1,Tverskoy,2026-06-09 03:00:00,114
moscow,1,Tverskoy,2026-06-09 04:00:00,114
moscow,1,Tverskoy,2026-06-09 05:00:00,111
moscow,1,Tverskoy,2026-06-09 06:00:00,117
moscow,1,Tverskoy,2026-06-09 07:00:00,116
moscow,1,Tverskoy,2026-06-09 08:00:00,115
moscow,1,Tverskoy,2026-06-09 09:00:00,107
moscow,1,Tverskoy,2026-06-09 10:00:00,113
moscow,1,Tverskoy,2026-06-09 11:00:00,121
moscow,1,Tverskoy,2026-06-09 12:00:00,115
moscow,1,Tverskoy,2026-06-09 13:00:00,120
moscow,1,Tverskoy,2026-06-09 14:00:00,116
moscow,1,Tverskoy,2026-06-09 15:00:00,130
moscow,1,Tverskoy,2026-06-09 16:00:00,131
moscow,1,Tverskoy,2026-06-09 17:00:00,137
moscow,2,Arbat,2026-04-10 18:00:00,51
moscow,2,Arbat,2026-04-10 19:00:00,49
moscow,2,Arbat,2026-04-10 20:00:00,44
moscow,2,Arbat,2026-04-10 21:00:00,45
moscow,2,Arbat,2026-04-10 22:00:00,48
moscow,2,Arbat,2026-04-10 23:00:00,51
moscow,2,Arbat,2026-04-11 00:00:00,24
moscow,2,Arbat,2026-04-11 01:00:00,23
moscow,2,Arbat,2026-04-11 02:00:00,28
moscow,2,Arbat,2026-04-11 03:00:00,24
moscow,2,Arbat,2026-04-11 04:00:00,30
moscow,2,Arbat,2026-04-11 05:00:00,25
moscow,2,Arbat,2026-04-11 06:00:00,29
moscow,2,Arbat,2026-04-11 07:00:00,25
moscow,2,Arbat,2026-04-11 08:00:00,27
moscow,2,Arbat,2026-04-11 09:00:00,23
moscow,2,Arbat,2026-04-11 10:00:00,22
moscow,2,Arbat,2026-04-11 11:00:00,26
moscow,2,Arbat,2026-04-11 12:00:00,27
moscow,2,Arbat,2026-04-11 13:00:00,25
moscow,2,Arbat,2026-04-11 14:00:00,24
moscow,2,Arbat,2026-04-11 15:00:00,26
moscow,2,Arbat,2026-04-11 16:00:00,29
moscow,2,Arbat,2026-04-11 17:00:00,31
moscow,2,Arbat,2026-04-11 18:00:00,37
moscow,2,Arbat,2026-04-11 19:00:00,40
moscow,2,Arbat,2026-04-11 20:00:00,49
moscow,2,Arbat,2026-04-11 21:00:00,46
moscow,2,Arbat,2026-04-11 22:00:00,53
moscow,2,Arbat,2026-04-11 23:00:00,54
moscow,2,Arbat,2026-04-12 00:00:00,30
moscow,2,Arbat,2026-04-12 01:00:00,22
moscow,2,Arbat,2026-04-12 02:00:00,24
moscow,2,Arbat,2026-04-12 03:00:00,29
moscow,2,Arbat,2026-04-12 04:00:00,26
moscow,2,Arbat,2026-04-12 05:00:00,27
moscow,2,Arbat,2026-04-12 06:00:00,26
moscow,2,Arbat,2026-04-12 07:00:00,26
moscow,2,Arbat,2026-04-12 08:00:00,27
moscow,2,Arbat,2026-04-12 09:00:00,23
moscow,2,Arbat,2026-04-12 10:00:00,27
moscow,2,Arbat,2026-04-12 11:00:00,22
moscow,2,Arbat,2026-04-12 12:00:00,26
moscow,2,Arbat,2026-04-12 13:00:00,27
moscow,2,Arbat,2026-04-12 14:00:00,26
moscow,2,Arbat,2026-04-12 15:00:00,30
moscow,2,Arbat,2026-04-12 16:00:00,32
moscow,2,Arbat,2026-04-12 17:00:00,34
moscow,2,Arbat,2026-04-12 18:00:00,37
moscow,2,Arbat,2026-04-12 19:00:00,35
moscow,2,Arbat,2026-04-12 20:00:00,51
moscow,2,Arbat,2026-04-12 21:00:00,49
moscow,2,Arbat,2026-04-12 22:00:00,56
moscow,2,Arbat,2026-04-12 23:00:00,53
moscow,2,Arbat,2026-04-13 00:00:00,31
moscow,2,Arbat,2026-04-13 01:00:00,31
moscow,2,Arbat,2026-04-13 02:00:00,35
moscow,2,Arbat,2026-04-13 03:00:00,33
moscow,2,Arbat,2026-04-13 04:00:00,32
moscow,2,Arbat,2026-04-13 05:00:00,33
moscow,2,Arbat,2026-04-13 06:00:00,27
moscow,2,Arbat,2026-04-13 07:00:00,32
moscow,2,Arbat,2026-04-13 08:00:00,37
moscow,2,Arbat,2026-04-13 09:00:00,32
moscow,2,Arbat,2026-04-13 10:00:00,32
moscow,2,Arbat,2026-04-13 11:00:00,33
moscow,2,Arbat,2026-04-13 12:00:00,35
moscow,2,Arbat,2026-04-13 13:00:00,29
moscow,2,Arbat,2026-04-13 14:00:00,31
moscow,2,Arbat,2026-04-13 15:00:00,39
moscow,2,Arbat,2026-04-13 16:00:00,41
moscow,2,Arbat,2026-04-13 17:00:00,49
moscow,2,Arbat,2026-04-13 18:00:00,47
moscow,2,Arbat,2026-04-13 19:00:00,43
moscow,2,Arbat,2026-04-13 20:00:00,45
moscow,2,Arbat,2026-04-13 21:00:00,42
moscow,2,Arbat,2026-04-13 22:00:00,51
moscow,2,Arbat,2026-04-13 23:00:00,52
moscow,2,Arbat,2026-04-14 00:00:00,32
moscow,2,Arbat,2026-04-14 01:00:00,36
moscow,2,Arbat,2026-04-14 02:00:00,36
moscow,2,Arbat,2026-04-14 03:00:00,33
moscow,2,Arbat,2026-04-14 04:00:00,28
moscow,2,Arbat,2026-04-14 05:00:00,34
moscow,2,Arbat,2026-04-14 06:00:00,34
moscow,2,Arbat,2026-04-14 07:00:00,34
moscow,2,Arbat,2026-04-14 08:00:00,35
moscow,2,Arbat,2026-04-14 09:00:00,30
moscow,2,Arbat,2026-04-14 10:00:00,38
moscow,2,Arbat,2026-04-14 11:00:00,31
moscow,2,Arbat,2026-04-14 12:00:00,35
moscow,2,Arbat,2026-04-14 13:00:00,30
moscow,2,Arbat,2026-04-14 14:00:00,34
moscow,2,Arbat,2026-04-14 15:00:00,43
moscow,2,Arbat,2026-04-14 16:00:00,43
moscow,2,Arbat,2026-04-14 17:00:00,49
moscow,2,Arbat,2026-04-14 18:00:00,50
moscow,2,Arbat,2026-04-14 19:00:00,49
moscow,2,Arbat,2026-04-14 20:00:00,52
moscow,2,Arbat,2026-04-14 21:00:00,49
moscow,2,Arbat,2026-04-14 22:00:00,48
moscow,2,Arbat,2026-04-14 23:00:00,51
moscow,2,Arbat,2026-04-15 00:00:00,35
moscow,2,Arbat,2026-04-15 01:00:00,35
moscow,2,Arbat,2026-04-15 02:00:00,30
moscow,2,Arbat,2026-04-15 03:00:00,32
moscow,2,Arbat,2026-04-15 04:00:00,32
moscow,2,Arbat,2026-04-15 05:00:00,33
moscow,2,Arbat,2026-04-15 06:00:00,31
moscow,2,Arbat,2026-04-15 07:00:00,32
moscow,2,Arbat,2026-04-15 08:00:00,32
moscow,2,Arbat,2026-04-15 09:00:00,36
moscow,2,Arbat,2026-04-15 10:00:00,36
moscow,2,Arbat,2026-04-15 11:00:00,34
moscow,2,Arbat,2026-04-15 12:00:00,33
moscow,2,Arbat,2026-04-15 13:00:00,35
moscow,2,Arbat,2026-04-15 14:00:00,35
moscow,2,Arbat,2026-04-15 15:00:00,37
moscow,2,Arbat,2026-04-15 16:00:00,42
moscow,2,Arbat,2026-04-15 17:00:00,46
moscow,2,Arbat,2026-04-15 18:00:00,47
moscow,2,Arbat,2026-04-15 19:00:00,50
moscow,2,Arbat,2026-04-15 20:00:00,51
moscow,2,Arbat,2026-04-15 21:00:00,47
moscow,2,Arbat,2026-04-15 22:00:00,53
moscow,2,Arbat,2026-04-15 23:00:00,54
moscow,2,Arbat,2026-04-16 00:00:00,36
moscow,2,Arbat,2026-04-16 01:00:00,35
moscow,2,Arbat,2026-04-16 02:00:00,31
moscow,2,Arbat,2026-04-16 03:00:00,32
moscow,2,Arbat,2026-04-16 04:00:00,35
moscow,2,Arbat,2026-04-16 05:00:00,37
moscow,2,Arbat,2026-04-16 06:00:00,29
moscow,2,Arbat,2026-04-16 07:00:00,36
moscow,2,Arbat,2026-04-16 08:00:00,38
moscow,2,Arbat,2026-04-16 09:00:00,34
moscow,2,Arbat,2026-04-16 10:00:00,36
moscow,2,Arbat,2026-04-16 11:00:00,33
moscow,2,Arbat,2026-04-16 12:00:00,35
moscow,2,Arbat,2026-04-16 13:00:00,32
moscow,2,Arbat,2026-04-16 14:00:00,32
moscow,2,Arbat,2026-04-16 15:00:00,43
moscow,2,Arbat,2026-04-16 16:00:00,43
moscow,2,Arbat,2026-04-16 17:00:00,48
moscow,2,Arbat,2026-04-16 18:00:00,47
moscow,2,Arbat,2026-04-16 19:00:00,47
moscow,2,Arbat,2026-04-16 20:00:00,50
moscow,2,Arbat,2026-04-16 21:00:00,50
moscow,2,Arbat,2026-04-16 22:00:00,55
moscow,2,Arbat,2026-04-16 23:00:00,56
moscow,2,Arbat,2026-04-17 00:00:00,36
moscow,2,Arbat,2026-04-17 01:00:00,36
moscow,2,Arbat,2026-04-17 02:00:00,39
moscow,2,Arbat,2026-04-17 03:00:00,33
moscow,2,Arbat,2026-04-17 04:00:00,35
moscow,2,Arbat,2026-04-17 05:00:00,38
moscow,2,Arbat,2026-04-17 06:00:00,39
moscow,2,Arbat,2026-04-17 07:00:00,32
moscow,2,Arbat,2026-04-17 08:00:00,35
moscow,2,Arbat,2026-04-17 09:00:00,39
moscow,2,Arbat,2026-04-17 10:00:00,37
moscow,2,Arbat,2026-04-17 11:00:00,36
moscow,2,Arbat,2026-04-17 12:00:00,36
moscow,2,Arbat,2026-04-17 13:00:00,36
moscow,2,Arbat,2026-04-17 14:00:00,39
moscow,2,Arbat,2026-04-17 15:00:00,41
moscow,2,Arbat,2026-04-17 16:00:00,46
moscow,2,Arbat,2026-04-17 17:00:00,50
moscow,2,Arbat,2026-04-17 18:00:00,70
moscow,2,Arbat,2026-04-17 19:00:00,73
moscow,2,Arbat,2026-04-17 20:00:00,79
moscow,2,Arbat,2026-04-17 21:00:00,69
moscow,2,Arbat,2026-04-17 22:00:00,78
moscow,2,Arbat,2026-04-17 23:00:00,76
moscow,2,Arbat,2026-04-18 00:00:00,32
moscow,2,Arbat,2026-04-18 01:00:00,31
moscow,2,Arbat,2026-04-18 02:00:00,32
moscow,2,Arbat,2026-04-18 03:00:00,33
moscow,2,Arbat,2026-04-18 04:00:00,31
moscow,2,Arbat,2026-04-18 05:00:00,33
moscow,2,Arbat,2026-04-18 06:00:00,25
moscow,2,Arbat,2026-04-18 07:00:00,34
moscow,2,Arbat,2026-04-18 08:00:00,32
moscow,2,Arbat,2026-04-18 09:00:00,33
moscow,2,Arbat,2026-04-18 10:00:00,28
moscow,2,Arbat,2026-04-18 11:00:00,29
moscow,2,Arbat,2026-04-18 12:00:00,31
moscow,2,Arbat,2026-04-18 13:00:00,32
moscow,2,Arbat,2026-04-18 14:00:00,34
moscow,2,Arbat,2026-04-18 15:00:00,38
moscow,2,Arbat,2026-04-18 16:00:00,35
moscow,2,Arbat,2026-04-18 17:00:00,44
moscow,2,Arbat,2026-04-18 18:00:00,44
moscow,2,Arbat,2026-04-18 19:00:00,43
moscow,2,Arbat,2026-04-18 20:00:00,52
moscow,2,Arbat,2026-04-18 21:00:00,58
moscow,2,Arbat,2026-04-18 22:00:00,54
moscow,2,Arbat,2026-04-18 23:00:00,62
moscow,2,Arbat,2026-04-19 00:00:00,28
moscow,2,Arbat,2026-04-19 01:00:00,32
moscow,2,Arbat,2026-04-19 02:00:00,31
moscow,2,Arbat,2026-04-19 03:00:00,34
moscow,2,Arbat,2026-04-19 04:00:00,31
moscow,2,Arbat,2026-04-19 05:00:00,30
moscow,2,Arbat,2026-04-19 06:00:00,30
moscow,2,Arbat,2026-04-19 07:00:00,35
moscow,2,Arbat,2026-04-19 08:00:00,33
moscow,2,Arbat,2026-04-19 09:00:00,31
moscow,2,Arbat,2026-04-19 10:00:00,31
moscow,2,Arbat,2026-04-19 11:00:00,28
moscow,2,Arbat,2026-04-19 12:00:00,33
moscow,2,Arbat,2026-04-19 13:00:00,28
moscow,2,Arbat,2026-04-19 14:00:00,36
moscow,2,Arbat,2026-04-19 15:00:00,37
moscow,2,Arbat,2026-04-19 16:00:00,46
moscow,2,Arbat,2026-04-19 17:00:00,40
moscow,2,Arbat,2026-04-19 18:00:00,44
moscow,2,Arbat,2026-04-19 19:00:00,49
moscow,2,Arbat,2026-04-19 20:00:00,60
moscow,2,Arbat,2026-04-19 21:00:00,56
moscow,2,Arbat,2026-04-19 22:00:00,61
moscow,2,Arbat,2026-04-19 23:00:00,62
moscow,2,Arbat,2026-04-20 00:00:00,39
moscow,2,Arbat,2026-04-20 01:00:00,37
moscow,2,Arbat,2026-04-20 02:00:00,38
moscow,2,Arbat,2026-04-20 03:00:00,34
moscow,2,Arbat,2026-04-20 04:00:00,39
moscow,2,Arbat,2026-04-20 05:00:00,39
moscow,2,Arbat,2026-04-20 06:00:00,38
moscow,2,Arbat,2026-04-20 07:00:00,34
moscow,2,Arbat,2026-04-20 08:00:00,41
moscow,2,Arbat,2026-04-20 09:00:00,39
moscow,2,Arbat,2026-04-20 10:00:00,37
moscow,2,Arbat,2026-04-20 11:00:00,38
moscow,2,Arbat,2026-04-20 12:00:00,35
moscow,2,Arbat,2026-04-20 13:00:00,37
moscow,2,Arbat,2026-04-20 14:00:00,40
moscow,2,Arbat,2026-04-20 15:00:00,48
moscow,2,Arbat,2026-04-20 16:00:00,47
moscow,2,Arbat,2026-04-20 17:00:00,54
moscow,2,Arbat,2026-04-20 18:00:00,53
moscow,2,Arbat,2026-04-20 19:00:00,55
moscow,2,Arbat,2026-04-20 20:00:00,54
moscow,2,Arbat,2026-04-20 21:00:00,57
moscow,2,Arbat,2026-04-20 22:00:00,57
moscow,2,Arbat,2026-04-20 23:00:00,55
moscow,2,Arbat,2026-04-21 00:00:00,36
moscow,2,Arbat,2026-04-21 01:00:00,38
moscow,2,Arbat,2026-04-21 02:00:00,36
moscow,2,Arbat,2026-04-21 03:00:00,40
moscow,2,Arbat,2026-04-21 04:00:00,38
moscow,2,Arbat,2026-04-21 05:00:00,45
moscow,2,Arbat,2026-04-21 06:00:00,35
moscow,2,Arbat,2026-04-21 07:00:00,40
moscow,2,Arbat,2026-04-21 08:00:00,37
moscow,2,Arbat,2026-04-21 09:00:00,38
moscow,2,Arbat,2026-04-21 10:00:00,40
moscow,2,Arbat,2026-04-21 11:00:00,34
moscow,2,Arbat,2026-04-21 12:00:00,40
moscow,2,Arbat,2026-04-21 13:00:00,45
moscow,2,Arbat,2026-04-21 14:00:00,41
moscow,2,Arbat,2026-04-21 15:00:00,46
moscow,2,Arbat,2026-04-21 16:00:00,52
moscow,2,Arbat,2026-04-21 17:00:00,53
moscow,2,Arbat,2026-04-21 18:00:00,54
moscow,2,Arbat,2026-04-21 19:00:00,50
moscow,2,Arbat,2026-04-21 20:00:00,56
moscow,2,Arbat,2026-04-21 21:00:00,56
moscow,2,Arbat,2026-04-21 22:00:00,56
moscow,2,Arbat,2026-04-21 23:00:00,60
moscow,2,Arbat,2026-04-22 00:00:00,39
moscow,2,Arbat,2026-04-22 01:00:00,39
moscow,2,Arbat,2026-04-22 02:00:00,42
moscow,2,Arbat,2026-04-22 03:00:00,37
moscow,2,Arbat,2026-04-22 04:00:00,43
moscow,2,Arbat,2026-04-22 05:00:00,37
moscow,2,Arbat,2026-04-22 06:00:00,39
moscow,2,Arbat,2026-04-22 07:00:00,45
moscow,2,Arbat,2026-04-22 08:00:00,43
moscow,2,Arbat,2026-04-22 09:00:00,40
moscow,2,Arbat,2026-04-22 10:00:00,38
moscow,2,Arbat,2026-04-22 11:00:00,39
moscow,2,Arbat,2026-04-22 12:00:00,41
moscow,2,Arbat,2026-04-22 13:00:00,41
moscow,2,Arbat,2026-04-22 14:00:00,43
moscow,2,Arbat,2026-04-22 15:00:00,46
moscow,2,Arbat,2026-04-22 16:00:00,50
moscow,2,Arbat,2026-04-22 17:00:00,51
moscow,2,Arbat,2026-04-22 18:00:00,55
moscow,2,Arbat,2026-04-22 19:00:00,58
moscow,2,Arbat,2026-04-22 20:00:00,52
moscow,2,Arbat,2026-04-22 21:00:00,57
moscow,2,Arbat,2026-04-22 22:00:00,58
moscow,2,Arbat,2026-04-22 23:00:00,61
moscow,2,Arbat,2026-04-23 00:00:00,40
moscow,2,Arbat,2026-04-23 01:00:00,45
moscow,2,Arbat,2026-04-23 02:00:00,42
moscow,2,Arbat,2026-04-23 03:00:00,38
moscow,2,Arbat,2026-04-23 04:00:00,43
moscow,2,Arbat,2026-04-23 05:00:00,39
moscow,2,Arbat,2026-04-23 06:00:00,40
moscow,2,Arbat,2026-04-23 07:00:00,42
moscow,2,Arbat,2026-04-23 08:00:00,40
moscow,2,Arbat,2026-04-23 09:00:00,43
moscow,2,Arbat,2026-04-23 10:00:00,39
moscow,2,Arbat,2026-04-23 11:00:00,40
moscow,2,Arbat,2026-04-23 12:00:00,40
moscow,2,Arbat,2026-04-23 13:00:00,41
moscow,2,Arbat,2026-04-23 14:00:00,47
moscow,2,Arbat,2026-04-23 15:00:00,49
moscow,2,Arbat,2026-04-23 16:00:00,56
moscow,2,Arbat,2026-04-23 17:00:00,61
moscow,2,Arbat,2026-04-23 18:00:00,55
moscow,2,Arbat,2026-04-23 19:00:00,57
moscow,2,Arbat,2026-04-23 20:00:00,54
moscow,2,Arbat,2026-04-23 21:00:00,56
moscow,2,Arbat,2026-04-23 22:00:00,59
moscow,2,Arbat,2026-04-23 23:00:00,59
moscow,2,Arbat,2026-04-24 00:00:00,39
moscow,2,Arbat,2026-04-24 01:00:00,42
moscow,2,Arbat,2026-04-24 02:00:00,39
moscow,2,Arbat,2026-04-24 03:00:00,44
moscow,2,Arbat,2026-04-24 04:00:00,40
moscow,2,Arbat,2026-04-24 05:00:00,49
moscow,2,Arbat,2026-04-24 06:00:00,41
moscow,2,Arbat,2026-04-24 07:00:00,42
moscow,2,Arbat,2026-04-24 08:00:00,39
moscow,2,Arbat,2026-04-24 09:00:00,46
moscow,2,Arbat,2026-04-24 10:00:00,45
moscow,2,Arbat,2026-04-24 11:00:00,43
moscow,2,Arbat,2026-04-24 12:00:00,39
moscow,2,Arbat,2026-04-24 13:00:00,44
moscow,2,Arbat,2026-04-24 14:00:00,42
moscow,2,Arbat,2026-04-24 15:00:00,52
moscow,2,Arbat,2026-04-24 16:00:00,54
moscow,2,Arbat,2026-04-24 17:00:00,56
moscow,2,Arbat,2026-04-24 18:00:00,52
moscow,2,Arbat,2026-04-24 19:00:00,56
moscow,2,Arbat,2026-04-24 20:00:00,59
moscow,2,Arbat,2026-04-24 21:00:00,62
moscow,2,Arbat,2026-04-24 22:00:00,64
moscow,2,Arbat,2026-04-24 23:00:00,58
moscow,2,Arbat,2026-04-25 00:00:00,38
moscow,2,Arbat,2026-04-25 01:00:00,39
moscow,2,Arbat,2026-04-25 02:00:00,33
moscow,2,Arbat,2026-04-25 03:00:00,37
moscow,2,Arbat,2026-04-25 04:00:00,38
moscow,2,Arbat,2026-04-25 05:00:00,36
moscow,2,Arbat,2026-04-25 06:00:00,33
moscow,2,Arbat,2026-04-25 07:00:00,36
moscow,2,Arbat,2026-04-25 08:00:00,36
moscow,2,Arbat,2026-04-25 09:00:00,37
moscow,2,Arbat,2026-04-25 10:00:00,36
moscow,2,Arbat,2026-04-25 11:00:00,36
moscow,2,Arbat,2026-04-25 12:00:00,37
moscow,2,Arbat,2026-04-25 13:00:00,39
moscow,2,Arbat,2026-04-25 14:00:00,39
moscow,2,Arbat,2026-04-25 15:00:00,41
moscow,2,Arbat,2026-04-25 16:00:00,46
moscow,2,Arbat,2026-04-25 17:00:00,44
moscow,2,Arbat,2026-04-25 18:00:00,51
moscow,2,Arbat,2026-04-25 19:00:00,50
moscow,2,Arbat,2026-04-25 20:00:00,62
moscow,2,Arbat,2026-04-25 21:00:00,66
moscow,2,Arbat,2026-04-25 22:00:00,62
moscow,2,Arbat,2026-04-25 23:00:00,62
moscow,2,Arbat,2026-04-26 00:00:00,39
moscow,2,Arbat,2026-04-26 01:00:00,38
moscow,2,Arbat,2026-04-26 02:00:00,38
moscow,2,Arbat,2026-04-26 03:00:00,37
moscow,2,Arbat,2026-04-26 04:00:00,39
moscow,2,Arbat,2026-04-26 05:00:00,40
moscow,2,Arbat,2026-04-26 06:00:00,39
moscow,2,Arbat,2026-04-26 07:00:00,37
moscow,2,Arbat,2026-04-26 08:00:00,33
moscow,2,Arbat,2026-04-26 09:00:00,40
moscow,2,Arbat,2026-04-26 10:00:00,41
moscow,2,Arbat,2026-04-26 11:00:00,39
moscow,2,Arbat,2026-04-26 12:00:00,36
moscow,2,Arbat,2026-04-26 13:00:00,40
moscow,2,Arbat,2026-04-26 14:00:00,42
moscow,2,Arbat,2026-04-26 15:00:00,47
moscow,2,Arbat,2026-04-26 16:00:00,44
moscow,2,Arbat,2026-04-26 17:00:00,49
moscow,2,Arbat,2026-04-26 18:00:00,53
moscow,2,Arbat,2026-04-26 19:00:00,51
moscow,2,Arbat,2026-04-26 20:00:00,60
moscow,2,Arbat,2026-04-26 21:00:00,65
moscow,2,Arbat,2026-04-26 22:00:00,69
moscow,2,Arbat,2026-04-26 23:00:00,68
moscow,2,Arbat,2026-04-27 00:00:00,45
moscow,2,Arbat,2026-04-27 01:00:00,44
moscow,2,Arbat,2026-04-27 02:00:00,48
moscow,2,Arbat,2026-04-27 03:00:00,42
moscow,2,Arbat,2026-04-27 04:00:00,43
moscow,2,Arbat,2026-04-27 05:00:00,45
moscow,2,Arbat,2026-04-27 06:00:00,47
moscow,2,Arbat,2026-04-27 07:00:00,41
moscow,2,Arbat,2026-04-27 08:00:00,41
moscow,2,Arbat,2026-04-27 09:00:00,40
moscow,2,Arbat,2026-04-27 10:00:00,45
moscow,2,Arbat,2026-04-27 11:00:00,42
moscow,2,Arbat,2026-04-27 12:00:00,44
moscow,2,Arbat,2026-04-27 13:00:00,47
moscow,2,Arbat,2026-04-27 14:00:00,46
moscow,2,Arbat,2026-04-27 15:00:00,51
moscow,2,Arbat,2026-04-27 16:00:00,54
moscow,2,Arbat,2026-04-27 17:00:00,60
moscow,2,Arbat,2026-04-27 18:00:00,62
moscow,2,Arbat,2026-04-27 19:00:00,59
moscow,2,Arbat,2026-04-27 20:00:00,60
moscow,2,Arbat,2026-04-27 21:00:00,64
moscow,2,Arbat,2026-04-27 22:00:00,65
moscow,2,Arbat,2026-04-27 23:00:00,62
moscow,2,Arbat,2026-04-28 00:00:00,47
moscow,2,Arbat,2026-04-28 01:00:00,43
moscow,2,Arbat,2026-04-28 02:00:00,49
moscow,2,Arbat,2026-04-28 03:00:00,48
moscow,2,Arbat,2026-04-28 04:00:00,46
moscow,2,Arbat,2026-04-28 05:00:00,46
moscow,2,Arbat,2026-04-28 06:00:00,45
moscow,2,Arbat,2026-04-28 07:00:00,47
moscow,2,Arbat,2026-04-28 08:00:00,45
moscow,2,Arbat,2026-04-28 09:00:00,46
moscow,2,Arbat,2026-04-28 10:00:00,48
moscow,2,Arbat,2026-04-28 11:00:00,44
moscow,2,Arbat,2026-04-28 12:00:00,44
moscow,2,Arbat,2026-04-28 13:00:00,44
moscow,2,Arbat,2026-04-28 14:00:00,46
moscow,2,Arbat,2026-04-28 15:00:00,47
moscow,2,Arbat,2026-04-28 16:00:00,58
moscow,2,Arbat,2026-04-28 17:00:00,64
moscow,2,Arbat,2026-04-28 18:00:00,65
moscow,2,Arbat,2026-04-28 19:00:00,58
moscow,2,Arbat,2026-04-28 20:00:00,63
moscow,2,Arbat,2026-04-28 21:00:00,66
moscow,2,Arbat,2026-04-28 22:00:00,64
moscow,2,Arbat,2026-04-28 23:00:00,66
moscow,2,Arbat,2026-04-29 00:00:00,42
moscow,2,Arbat,2026-04-29 01:00:00,47
moscow,2,Arbat,2026-04-29 02:00:00,44
moscow,2,Arbat,2026-04-29 03:00:00,47
moscow,2,Arbat,2026-04-29 04:00:00,43
moscow,2,Arbat,2026-04-29 05:00:00,48
moscow,2,Arbat,2026-04-29 06:00:00,49
moscow,2,Arbat,2026-04-29 07:00:00,45
moscow,2,Arbat,2026-04-29 08:00:00,44
moscow,2,Arbat,2026-04-29 09:00:00,41
moscow,2,Arbat,2026-04-29 10:00:00,46
moscow,2,Arbat,2026-04-29 11:00:00,45
moscow,2,Arbat,2026-04-29 12:00:00,43
moscow,2,Arbat,2026-04-29 13:00:00,49
moscow,2,Arbat,2026-04-29 14:00:00,48
moscow,2,Arbat,2026-04-29 15:00:00,50
moscow,2,Arbat,2026-04-29 16:00:00,56
moscow,2,Arbat,2026-04-29 17:00:00,63
moscow,2,Arbat,2026-04-29 18:00:00,64
moscow,2,Arbat,2026-04-29 19:00:00,62
moscow,2,Arbat,2026-04-29 20:00:00,64
moscow,2,Arbat,2026-04-29 21:00:00,61
moscow,2,Arbat,2026-04-29 22:00:00,66
moscow,2,Arbat,2026-04-29 23:00:00,67
moscow,2,Arbat,2026-04-30 00:00:00,46
moscow,2,Arbat,2026-04-30 01:00:00,48
moscow,2,Arbat,2026-04-30 02:00:00,45
moscow,2,Arbat,2026-04-30 03:00:00,49
moscow,2,Arbat,2026-04-30 04:00:00,49
moscow,2,Arbat,2026-04-30 05:00:00,40
moscow,2,Arbat,2026-04-30 06:00:00,50
moscow,2,Arbat,2026-04-30 07:00:00,40
moscow,2,Arbat,2026-04-30 08:00:00,46
moscow,2,Arbat,2026-04-30 09:00:00,50
moscow,2,Arbat,2026-04-30 10:00:00,47
moscow,2,Arbat,2026-04-30 11:00:00,44
moscow,2,Arbat,2026-04-30 12:00:00,45
moscow,2,Arbat,2026-04-30 13:00:00,51
moscow,2,Arbat,2026-04-30 14:00:00,46
moscow,2,Arbat,2026-04-30 15:00:00,56
moscow,2,Arbat,2026-04-30 16:00:00,58
moscow,2,Arbat,2026-04-30 17:00:00,59
moscow,2,Arbat,2026-04-30 18:00:00,62
moscow,2,Arbat,2026-04-30 19:00:00,61
moscow,2,Arbat,2026-04-30 20:00:00,65
moscow,2,Arbat,2026-04-30 21:00:00,66
moscow,2,Arbat,2026-04-30 22:00:00,63
moscow,2,Arbat,2026-04-30 23:00:00,67
moscow,2,Arbat,2026-05-01 00:00:00,46
moscow,2,Arbat,2026-05-01 01:00:00,51
moscow,2,Arbat,2026-05-01 02:00:00,45
moscow,2,Arbat,2026-05-01 03:00:00,52
moscow,2,Arbat,2026-05-01 04:00:00,48
moscow,2,Arbat,2026-05-01 05:00:00,45
moscow,2,Arbat,2026-05-01 06:00:00,47
moscow,2,Arbat,2026-05-01 07:00:00,46
moscow,2,Arbat,2026-05-01 08:00:00,45
moscow,2,Arbat,2026-05-01 09:00:00,48
moscow,2,Arbat,2026-05-01 10:00:00,45
moscow,2,Arbat,2026-05-01 11:00:00,43
moscow,2,Arbat,2026-05-01 12:00:00,48
moscow,2,Arbat,2026-05-01 13:00:00,45
moscow,2,Arbat,2026-05-01 14:00:00,50
moscow,2,Arbat,2026-05-01 15:00:00,52
moscow,2,Arbat,2026-05-01 16:00:00,57
moscow,2,Arbat,2026-05-01 17:00:00,67
moscow,2,Arbat,2026-05-01 18:00:00,64
moscow,2,Arbat,2026-05-01 19:00:00,65
moscow,2,Arbat,2026-05-01 20:00:00,60
moscow,2,Arbat,2026-05-01 21:00:00,64
moscow,2,Arbat,2026-05-01 22:00:00,68
moscow,2,Arbat,2026-05-01 23:00:00,66
moscow,2,Arbat,2026-05-02 00:00:00,45
moscow,2,Arbat,2026-05-02 01:00:00,40
moscow,2,Arbat,2026-05-02 02:00:00,43
moscow,2,Arbat,2026-05-02 03:00:00,42
moscow,2,Arbat,2026-05-02 04:00:00,44
moscow,2,Arbat,2026-05-02 05:00:00,42
moscow,2,Arbat,2026-05-02 06:00:00,43
moscow,2,Arbat,2026-05-02 07:00:00,43
moscow,2,Arbat,2026-05-02 08:00:00,41
moscow,2,Arbat,2026-05-02 09:00:00,44
moscow,2,Arbat,2026-05-02 10:00:00,44
moscow,2,Arbat,2026-05-02 11:00:00,43
moscow,2,Arbat,2026-05-02 12:00:00,43
moscow,2,Arbat,2026-05-02 13:00:00,46
moscow,2,Arbat,2026-05-02 14:00:00,45
moscow,2,Arbat,2026-05-02 15:00:00,48
moscow,2,Arbat,2026-05-02 16:00:00,52
moscow,2,Arbat,2026-05-02 17:00:00,59
moscow,2,Arbat,2026-05-02 18:00:00,53
moscow,2,Arbat,2026-05-02 19:00:00,58
moscow,2,Arbat,2026-05-02 20:00:00,64
moscow,2,Arbat,2026-05-02 21:00:00,70
moscow,2,Arbat,2026-05-02 22:00:00,76
moscow,2,Arbat,2026-05-02 23:00:00,75
moscow,2,Arbat,2026-05-03 00:00:00,45
moscow,2,Arbat,2026-05-03 01:00:00,43
moscow,2,Arbat,2026-05-03 02:00:00,44
moscow,2,Arbat,2026-05-03 03:00:00,44
moscow,2,Arbat,2026-05-03 04:00:00,42
moscow,2,Arbat,2026-05-03 05:00:00,43
moscow,2,Arbat,2026-05-03 06:00:00,45
moscow,2,Arbat,2026-05-03 07:00:00,42
moscow,2,Arbat,2026-05-03 08:00:00,42
moscow,2,Arbat,2026-05-03 09:00:00,41
moscow,2,Arbat,2026-05-03 10:00:00,45
moscow,2,Arbat,2026-05-03 11:00:00,46
moscow,2,Arbat,2026-05-03 12:00:00,45
moscow,2,Arbat,2026-05-03 13:00:00,47
moscow,2,Arbat,2026-05-03 14:00:00,47
moscow,2,Arbat,2026-05-03 15:00:00,50
moscow,2,Arbat,2026-05-03 16:00:00,53
moscow,2,Arbat,2026-05-03 17:00:00,55
moscow,2,Arbat,2026-05-03 18:00:00,56
moscow,2,Arbat,2026-05-03 19:00:00,62
moscow,2,Arbat,2026-05-03 20:00:00,68
moscow,2,Arbat,2026-05-03 21:00:00,69
moscow,2,Arbat,2026-05-03 22:00:00,75
moscow,2,Arbat,2026-05-03 23:00:00,75
moscow,2,Arbat,2026-05-04 00:00:00,48
moscow,2,Arbat,2026-05-04 01:00:00,54
moscow,2,Arbat,2026-05-04 02:00:00,51
moscow,2,Arbat,2026-05-04 03:00:00,48
moscow,2,Arbat,2026-05-04 04:00:00,54
moscow,2,Arbat,2026-05-04 05:00:00,52
moscow,2,Arbat,2026-05-04 06:00:00,48
moscow,2,Arbat,2026-05-04 07:00:00,55
moscow,2,Arbat,2026-05-04 08:00:00,53
moscow,2,Arbat,2026-05-04 09:00:00,51
moscow,2,Arbat,2026-05-04 10:00:00,55
moscow,2,Arbat,2026-05-04 11:00:00,51
moscow,2,Arbat,2026-05-04 12:00:00,51
moscow,2,Arbat,2026-05-04 13:00:00,51
moscow,2,Arbat,2026-05-04 14:00:00,55
moscow,2,Arbat,2026-05-04 15:00:00,58
moscow,2,Arbat,2026-05-04 16:00:00,61
moscow,2,Arbat,2026-05-04 17:00:00,63
moscow,2,Arbat,2026-05-04 18:00:00,67
moscow,2,Arbat,2026-05-04 19:00:00,67
moscow,2,Arbat,2026-05-04 20:00:00,63
moscow,2,Arbat,2026-05-04 21:00:00,64
moscow,2,Arbat,2026-05-04 22:00:00,72
moscow,2,Arbat,2026-05-04 23:00:00,65
moscow,2,Arbat,2026-05-05 00:00:00,52
moscow,2,Arbat,2026-05-05 01:00:00,51
moscow,2,Arbat,2026-05-05 02:00:00,55
moscow,2,Arbat,2026-05-05 03:00:00,51
moscow,2,Arbat,2026-05-05 04:00:00,53
moscow,2,Arbat,2026-05-05 05:00:00,51
moscow,2,Arbat,2026-05-05 06:00:00,52
moscow,2,Arbat,2026-05-05 07:00:00,54
moscow,2,Arbat,2026-05-05 08:00:00,51
moscow,2,Arbat,2026-05-05 09:00:00,54
moscow,2,Arbat,2026-05-05 10:00:00,49
moscow,2,Arbat,2026-05-05 11:00:00,53
moscow,2,Arbat,2026-05-05 12:00:00,54
moscow,2,Arbat,2026-05-05 13:00:00,55
moscow,2,Arbat,2026-05-05 14:00:00,60
moscow,2,Arbat,2026-05-05 15:00:00,56
moscow,2,Arbat,2026-05-05 16:00:00,59
moscow,2,Arbat,2026-05-05 17:00:00,64
moscow,2,Arbat,2026-05-05 18:00:00,90
moscow,2,Arbat,2026-05-05 19:00:00,89
moscow,2,Arbat,2026-05-05 20:00:00,88
moscow,2,Arbat,2026-05-05 21:00:00,87
moscow,2,Arbat,2026-05-05 22:00:00,95
moscow,2,Arbat,2026-05-05 23:00:00,91
moscow,2,Arbat,2026-05-06 00:00:00,56
moscow,2,Arbat,2026-05-06 01:00:00,60
moscow,2,Arbat,2026-05-06 02:00:00,54
moscow,2,Arbat,2026-05-06 03:00:00,54
moscow,2,Arbat,2026-05-06 04:00:00,52
moscow,2,Arbat,2026-05-06 05:00:00,48
moscow,2,Arbat,2026-05-06 06:00:00,51
moscow,2,Arbat,2026-05-06 07:00:00,50
moscow,2,Arbat,2026-05-06 08:00:00,49
moscow,2,Arbat,2026-05-06 09:00:00,57
moscow,2,Arbat,2026-05-06 10:00:00,53
moscow,2,Arbat,2026-05-06 11:00:00,54
moscow,2,Arbat,2026-05-06 12:00:00,52
moscow,2,Arbat,2026-05-06 13:00:00,54
moscow,2,Arbat,2026-05-06 14:00:00,58
moscow,2,Arbat,2026-05-06 15:00:00,59
moscow,2,Arbat,2026-05-06 16:00:00,64
moscow,2,Arbat,2026-05-06 17:00:00,66
moscow,2,Arbat,2026-05-06 18:00:00,68
moscow,2,Arbat,2026-05-06 19:00:00,65
moscow,2,Arbat,2026-05-06 20:00:00,64
moscow,2,Arbat,2026-05-06 21:00:00,69
moscow,2,Arbat,2026-05-06 22:00:00,72
moscow,2,Arbat,2026-05-06 23:00:00,70
moscow,2,Arbat,2026-05-07 00:00:00,54
moscow,2,Arbat,2026-05-07 01:00:00,54
moscow,2,Arbat,2026-05-07 02:00:00,48
moscow,2,Arbat,2026-05-07 03:00:00,51
moscow,2,Arbat,2026-05-07 04:00:00,55
moscow,2,Arbat,2026-05-07 05:00:00,55
moscow,2,Arbat,2026-05-07 06:00:00,51
moscow,2,Arbat,2026-05-07 07:00:00,54
moscow,2,Arbat,2026-05-07 08:00:00,56
moscow,2,Arbat,2026-05-07 09:00:00,55
moscow,2,Arbat,2026-05-07 10:00:00,53
moscow,2,Arbat,2026-05-07 11:00:00,53
moscow,2,Arbat,2026-05-07 12:00:00,53
moscow,2,Arbat,2026-05-07 13:00:00,56
moscow,2,Arbat,2026-05-07 14:00:00,57
moscow,2,Arbat,2026-05-07 15:00:00,61
moscow,2,Arbat,2026-05-07 16:00:00,64
moscow,2,Arbat,2026-05-07 17:00:00,70
moscow,2,Arbat,2026-05-07 18:00:00,70
moscow,2,Arbat,2026-05-07 19:00:00,71
moscow,2,Arbat,2026-05-07 20:00:00,71
moscow,2,Arbat,2026-05-07 21:00:00,69
moscow,2,Arbat,2026-05-07 22:00:00,69
moscow,2,Arbat,2026-05-07 23:00:00,78
moscow,2,Arbat,2026-05-08 00:00:00,55
moscow,2,Arbat,2026-05-08 01:00:00,50
moscow,2,Arbat,2026-05-08 02:00:00,53
moscow,2,Arbat,2026-05-08 03:00:00,56
moscow,2,Arbat,2026-05-08 04:00:00,54
moscow,2,Arbat,2026-05-08 05:00:00,53
moscow,2,Arbat,2026-05-08 06:00:00,58
moscow,2,Arbat,2026-05-08 07:00:00,52
moscow,2,Arbat,2026-05-08 08:00:00,53
moscow,2,Arbat,2026-05-08 09:00:00,55
moscow,2,Arbat,2026-05-08 10:00:00,55
moscow,2,Arbat,2026-05-08 11:00:00,56
moscow,2,Arbat,2026-05-08 12:00:00,57
moscow,2,Arbat,2026-05-08 13:00:00,56
moscow,2,Arbat,2026-05-08 14:00:00,59
moscow,2,Arbat,2026-05-08 15:00:00,60
moscow,2,Arbat,2026-05-08 16:00:00,65
moscow,2,Arbat,2026-05-08 17:00:00,69
moscow,2,Arbat,2026-05-08 18:00:00,71
moscow,2,Arbat,2026-05-08 19:00:00,72
moscow,2,Arbat,2026-05-08 20:00:00,72
moscow,2,Arbat,2026-05-08 21:00:00,72
moscow,2,Arbat,2026-05-08 22:00:00,72
moscow,2,Arbat,2026-05-08 23:00:00,75
moscow,2,Arbat,2026-05-09 00:00:00,49
moscow,2,Arbat,2026-05-09 01:00:00,50
moscow,2,Arbat,2026-05-09 02:00:00,55
moscow,2,Arbat,2026-05-09 03:00:00,48
moscow,2,Arbat,2026-05-09 04:00:00,51
moscow,2,Arbat,2026-05-09 05:00:00,52
moscow,2,Arbat,2026-05-09 06:00:00,50
moscow,2,Arbat,2026-05-09 07:00:00,55
moscow,2,Arbat,2026-05-09 08:00:00,49
moscow,2,Arbat,2026-05-09 09:00:00,50
moscow,2,Arbat,2026-05-09 10:00:00,48
moscow,2,Arbat,2026-05-09 11:00:00,49
moscow,2,Arbat,2026-05-09 12:00:00,50
moscow,2,Arbat,2026-05-09 13:00:00,53
moscow,2,Arbat,2026-05-09 14:00:00,53
moscow,2,Arbat,2026-05-09 15:00:00,58
moscow,2,Arbat,2026-05-09 16:00:00,58
moscow,2,Arbat,2026-05-09 17:00:00,60
moscow,2,Arbat,2026-05-09 18:00:00,69
moscow,2,Arbat,2026-05-09 19:00:00,63
moscow,2,Arbat,2026-05-09 20:00:00,73
moscow,2,Arbat,2026-05-09 21:00:00,74
moscow,2,Arbat,2026-05-09 22:00:00,77
moscow,2,Arbat,2026-05-09 23:00:00,82
moscow,2,Arbat,2026-05-10 00:00:00,50
moscow,2,Arbat,2026-05-10 01:00:00,51
moscow,2,Arbat,2026-05-10 02:00:00,50
moscow,2,Arbat,2026-05-10 03:00:00,52
moscow,2,Arbat,2026-05-10 04:00:00,48
moscow,2,Arbat,2026-05-10 05:00:00,48
moscow,2,Arbat,2026-05-10 06:00:00,51
moscow,2,Arbat,2026-05-10 07:00:00,52
moscow,2,Arbat,2026-05-10 08:00:00,51
moscow,2,Arbat,2026-05-10 09:00:00,49
moscow,2,Arbat,2026-05-10 10:00:00,52
moscow,2,Arbat,2026-05-10 11:00:00,49
moscow,2,Arbat,2026-05-10 12:00:00,50
moscow,2,Arbat,2026-05-10 13:00:00,49
moscow,2,Arbat,2026-05-10 14:00:00,56
moscow,2,Arbat,2026-05-10 15:00:00,57
moscow,2,Arbat,2026-05-10 16:00:00,60
moscow,2,Arbat,2026-05-10 17:00:00,65
moscow,2,Arbat,2026-05-10 18:00:00,70
moscow,2,Arbat,2026-05-10 19:00:00,59
moscow,2,Arbat,2026-05-10 20:00:00,74
moscow,2,Arbat,2026-05-10 21:00:00,76
moscow,2,Arbat,2026-05-10 22:00:00,78
moscow,2,Arbat,2026-05-10 23:00:00,78
moscow,2,Arbat,2026-05-11 00:00:00,57
moscow,2,Arbat,2026-05-11 01:00:00,54
moscow,2,Arbat,2026-05-11 02:00:00,58
moscow,2,Arbat,2026-05-11 03:00:00,57
moscow,2,Arbat,2026-05-11 04:00:00,58
moscow,2,Arbat,2026-05-11 05:00:00,58
moscow,2,Arbat,2026-05-11 06:00:00,59
moscow,2,Arbat,2026-05-11 07:00:00,56
moscow,2,Arbat,2026-05-11 08:00:00,62
moscow,2,Arbat,2026-05-11 09:00:00,58
moscow,2,Arbat,2026-05-11 10:00:00,53
moscow,2,Arbat,2026-05-11 11:00:00,55
moscow,2,Arbat,2026-05-11 12:00:00,53
moscow,2,Arbat,2026-05-11 13:00:00,59
moscow,2,Arbat,2026-05-11 14:00:00,60
moscow,2,Arbat,2026-05-11 15:00:00,62
moscow,2,Arbat,2026-05-11 16:00:00,72
moscow,2,Arbat,2026-05-11 17:00:00,73
moscow,2,Arbat,2026-05-11 18:00:00,75
moscow,2,Arbat,2026-05-11 19:00:00,71
moscow,2,Arbat,2026-05-11 20:00:00,70
moscow,2,Arbat,2026-05-11 21:00:00,74
moscow,2,Arbat,2026-05-11 22:00:00,77
moscow,2,Arbat,2026-05-11 23:00:00,73
moscow,2,Arbat,2026-05-12 00:00:00,58
moscow,2,Arbat,2026-05-12 01:00:00,58
moscow,2,Arbat,2026-05-12 02:00:00,58
moscow,2,Arbat,2026-05-12 03:00:00,56
moscow,2,Arbat,2026-05-12 04:00:00,57
moscow,2,Arbat,2026-05-12 05:00:00,58
moscow,2,Arbat,2026-05-12 06:00:00,58
moscow,2,Arbat,2026-05-12 07:00:00,60
moscow,2,Arbat,2026-05-12 08:00:00,61
moscow,2,Arbat,2026-05-12 09:00:00,57
moscow,2,Arbat,2026-05-12 10:00:00,57
moscow,2,Arbat,2026-05-12 11:00:00,59
moscow,2,Arbat,2026-05-12 12:00:00,60
moscow,2,Arbat,2026-05-12 13:00:00,58
moscow,2,Arbat,2026-05-12 14:00:00,63
moscow,2,Arbat,2026-05-12 15:00:00,67
moscow,2,Arbat,2026-05-12 16:00:00,72
moscow,2,Arbat,2026-05-12 17:00:00,77
moscow,2,Arbat,2026-05-12 18:00:00,72
moscow,2,Arbat,2026-05-12 19:00:00,74
moscow,2,Arbat,2026-05-12 20:00:00,74
moscow,2,Arbat,2026-05-12 21:00:00,75
moscow,2,Arbat,2026-05-12 22:00:00,76
moscow,2,Arbat,2026-05-12 23:00:00,75
moscow,2,Arbat,2026-05-13 00:00:00,59
moscow,2,Arbat,2026-05-13 01:00:00,57
moscow,2,Arbat,2026-05-13 02:00:00,59
moscow,2,Arbat,2026-05-13 03:00:00,57
moscow,2,Arbat,2026-05-13 04:00:00,56
moscow,2,Arbat,2026-05-13 05:00:00,60
moscow,2,Arbat,2026-05-13 06:00:00,59
moscow,2,Arbat,2026-05-13 07:00:00,60
moscow,2,Arbat,2026-05-13 08:00:00,64
moscow,2,Arbat,2026-05-13 09:00:00,60
moscow,2,Arbat,2026-05-13 10:00:00,60
moscow,2,Arbat,2026-05-13 11:00:00,57
moscow,2,Arbat,2026-05-13 12:00:00,56
moscow,2,Arbat,2026-05-13 13:00:00,64
moscow,2,Arbat,2026-05-13 14:00:00,60
moscow,2,Arbat,2026-05-13 15:00:00,63
moscow,2,Arbat,2026-05-13 16:00:00,69
moscow,2,Arbat,2026-05-13 17:00:00,73
moscow,2,Arbat,2026-05-13 18:00:00,73
moscow,2,Arbat,2026-05-13 19:00:00,74
moscow,2,Arbat,2026-05-13 20:00:00,78
moscow,2,Arbat,2026-05-13 21:00:00,74
moscow,2,Arbat,2026-05-13 22:00:00,75
moscow,2,Arbat,2026-05-13 23:00:00,82
moscow,2,Arbat,2026-05-14 00:00:00,61
moscow,2,Arbat,2026-05-14 01:00:00,58
moscow,2,Arbat,2026-05-14 02:00:00,56
moscow,2,Arbat,2026-05-14 03:00:00,58
moscow,2,Arbat,2026-05-14 04:00:00,60
moscow,2,Arbat,2026-05-14 05:00:00,63
moscow,2,Arbat,2026-05-14 06:00:00,57
moscow,2,Arbat,2026-05-14 07:00:00,60
moscow,2,Arbat,2026-05-14 08:00:00,62
moscow,2,Arbat,2026-05-14 09:00:00,54
moscow,2,Arbat,2026-05-14 10:00:00,62
moscow,2,Arbat,2026-05-14 11:00:00,57
moscow,2,Arbat,2026-05-14 12:00:00,61
moscow,2,Arbat,2026-05-14 13:00:00,62
moscow,2,Arbat,2026-05-14 14:00:00,66
moscow,2,Arbat,2026-05-14 15:00:00,68
moscow,2,Arbat,2026-05-14 16:00:00,65
moscow,2,Arbat,2026-05-14 17:00:00,72
moscow,2,Arbat,2026-05-14 18:00:00,76
moscow,2,Arbat,2026-05-14 19:00:00,75
moscow,2,Arbat,2026-05-14 20:00:00,77
moscow,2,Arbat,2026-05-14 21:00:00,79
moscow,2,Arbat,2026-05-14 22:00:00,81
moscow,2,Arbat,2026-05-14 23:00:00,80
moscow,2,Arbat,2026-05-15 00:00:00,56
moscow,2,Arbat,2026-05-15 01:00:00,60
moscow,2,Arbat,2026-05-15 02:00:00,62
moscow,2,Arbat,2026-05-15 03:00:00,58
moscow,2,Arbat,2026-05-15 04:00:00,62
moscow,2,Arbat,2026-05-15 05:00:00,63
moscow,2,Arbat,2026-05-15 06:00:00,61
moscow,2,Arbat,2026-05-15 07:00:00,53
moscow,2,Arbat,2026-05-15 08:00:00,58
moscow,2,Arbat,2026-05-15 09:00:00,65
moscow,2,Arbat,2026-05-15 10:00:00,60
moscow,2,Arbat,2026-05-15 11:00:00,56
moscow,2,Arbat,2026-05-15 12:00:00,64
moscow,2,Arbat,2026-05-15 13:00:00,62
moscow,2,Arbat,2026-05-15 14:00:00,67
moscow,2,Arbat,2026-05-15 15:00:00,68
moscow,2,Arbat,2026-05-15 16:00:00,72
moscow,2,Arbat,2026-05-15 17:00:00,76
moscow,2,Arbat,2026-05-15 18:00:00,79
moscow,2,Arbat,2026-05-15 19:00:00,82
moscow,2,Arbat,2026-05-15 20:00:00,79
moscow,2,Arbat,2026-05-15 21:00:00,74
moscow,2,Arbat,2026-05-15 22:00:00,81
moscow,2,Arbat,2026-05-15 23:00:00,84
moscow,2,Arbat,2026-05-16 00:00:00,59
moscow,2,Arbat,2026-05-16 01:00:00,55
moscow,2,Arbat,2026-05-16 02:00:00,59
moscow,2,Arbat,2026-05-16 03:00:00,58
moscow,2,Arbat,2026-05-16 04:00:00,62
moscow,2,Arbat,2026-05-16 05:00:00,54
moscow,2,Arbat,2026-05-16 06:00:00,55
moscow,2,Arbat,2026-05-16 07:00:00,55
moscow,2,Arbat,2026-05-16 08:00:00,55
moscow,2,Arbat,2026-05-16 09:00:00,54
moscow,2,Arbat,2026-05-16 10:00:00,49
moscow,2,Arbat,2026-05-16 11:00:00,55
moscow,2,Arbat,2026-05-16 12:00:00,57
moscow,2,Arbat,2026-05-16 13:00:00,56
moscow,2,Arbat,2026-05-16 14:00:00,63
moscow,2,Arbat,2026-05-16 15:00:00,61
moscow,2,Arbat,2026-05-16 16:00:00,67
moscow,2,Arbat,2026-05-16 17:00:00,68
moscow,2,Arbat,2026-05-16 18:00:00,87
moscow,2,Arbat,2026-05-16 19:00:00,86
moscow,2,Arbat,2026-05-16 20:00:00,106
moscow,2,Arbat,2026-05-16 21:00:00,105
moscow,2,Arbat,2026-05-16 22:00:00,110
moscow,2,Arbat,2026-05-16 23:00:00,111
moscow,2,Arbat,2026-05-17 00:00:00,56
moscow,2,Arbat,2026-05-17 01:00:00,58
moscow,2,Arbat,2026-05-17 02:00:00,62
moscow,2,Arbat,2026-05-17 03:00:00,56
moscow,2,Arbat,2026-05-17 04:00:00,58
moscow,2,Arbat,2026-05-17 05:00:00,60
moscow,2,Arbat,2026-05-17 06:00:00,59
moscow,2,Arbat,2026-05-17 07:00:00,57
moscow,2,Arbat,2026-05-17 08:00:00,51
moscow,2,Arbat,2026-05-17 09:00:00,58
moscow,2,Arbat,2026-05-17 10:00:00,51
moscow,2,Arbat,2026-05-17 11:00:00,60
moscow,2,Arbat,2026-05-17 12:00:00,58
moscow,2,Arbat,2026-05-17 13:00:00,60
moscow,2,Arbat,2026-05-17 14:00:00,57
moscow,2,Arbat,2026-05-17 15:00:00,58
moscow,2,Arbat,2026-05-17 16:00:00,66
moscow,2,Arbat,2026-05-17 17:00:00,68
moscow,2,Arbat,2026-05-17 18:00:00,68
moscow,2,Arbat,2026-05-17 19:00:00,70
moscow,2,Arbat,2026-05-17 20:00:00,89
moscow,2,Arbat,2026-05-17 21:00:00,85
moscow,2,Arbat,2026-05-17 22:00:00,89
moscow,2,Arbat,2026-05-17 23:00:00,89
moscow,2,Arbat,2026-05-18 00:00:00,67
moscow,2,Arbat,2026-05-18 01:00:00,63
moscow,2,Arbat,2026-05-18 02:00:00,59
moscow,2,Arbat,2026-05-18 03:00:00,63
moscow,2,Arbat,2026-05-18 04:00:00,65
moscow,2,Arbat,2026-05-18 05:00:00,61
moscow,2,Arbat,2026-05-18 06:00:00,63
moscow,2,Arbat,2026-05-18 07:00:00,62
moscow,2,Arbat,2026-05-18 08:00:00,67
moscow,2,Arbat,2026-05-18 09:00:00,65
moscow,2,Arbat,2026-05-18 10:00:00,65
moscow,2,Arbat,2026-05-18 11:00:00,65
moscow,2,Arbat,2026-05-18 12:00:00,64
moscow,2,Arbat,2026-05-18 13:00:00,65
moscow,2,Arbat,2026-05-18 14:00:00,64
moscow,2,Arbat,2026-05-18 15:00:00,65
moscow,2,Arbat,2026-05-18 16:00:00,74
moscow,2,Arbat,2026-05-18 17:00:00,78
moscow,2,Arbat,2026-05-18 18:00:00,82
moscow,2,Arbat,2026-05-18 19:00:00,83
moscow,2,Arbat,2026-05-18 20:00:00,83
moscow,2,Arbat,2026-05-18 21:00:00,78
moscow,2,Arbat,2026-05-18 22:00:00,82
moscow,2,Arbat,2026-05-18 23:00:00,85
moscow,2,Arbat,2026-05-19 00:00:00,71
moscow,2,Arbat,2026-05-19 01:00:00,68
moscow,2,Arbat,2026-05-19 02:00:00,67
moscow,2,Arbat,2026-05-19 03:00:00,63
moscow,2,Arbat,2026-05-19 04:00:00,62
moscow,2,Arbat,2026-05-19 05:00:00,66
moscow,2,Arbat,2026-05-19 06:00:00,62
moscow,2,Arbat,2026-05-19 07:00:00,64
moscow,2,Arbat,2026-05-19 08:00:00,64
moscow,2,Arbat,2026-05-19 09:00:00,68
moscow,2,Arbat,2026-05-19 10:00:00,64
moscow,2,Arbat,2026-05-19 11:00:00,59
moscow,2,Arbat,2026-05-19 12:00:00,66
moscow,2,Arbat,2026-05-19 13:00:00,64
moscow,2,Arbat,2026-05-19 14:00:00,68
moscow,2,Arbat,2026-05-19 15:00:00,71
moscow,2,Arbat,2026-05-19 16:00:00,74
moscow,2,Arbat,2026-05-19 17:00:00,80
moscow,2,Arbat,2026-05-19 18:00:00,77
moscow,2,Arbat,2026-05-19 19:00:00,79
moscow,2,Arbat,2026-05-19 20:00:00,82
moscow,2,Arbat,2026-05-19 21:00:00,80
moscow,2,Arbat,2026-05-19 22:00:00,80
moscow,2,Arbat,2026-05-19 23:00:00,86
moscow,2,Arbat,2026-05-20 00:00:00,68
moscow,2,Arbat,2026-05-20 01:00:00,65
moscow,2,Arbat,2026-05-20 02:00:00,61
moscow,2,Arbat,2026-05-20 03:00:00,67
moscow,2,Arbat,2026-05-20 04:00:00,61
moscow,2,Arbat,2026-05-20 05:00:00,66
moscow,2,Arbat,2026-05-20 06:00:00,63
moscow,2,Arbat,2026-05-20 07:00:00,63
moscow,2,Arbat,2026-05-20 08:00:00,64
moscow,2,Arbat,2026-05-20 09:00:00,65
moscow,2,Arbat,2026-05-20 10:00:00,64
moscow,2,Arbat,2026-05-20 11:00:00,67
moscow,2,Arbat,2026-05-20 12:00:00,65
moscow,2,Arbat,2026-05-20 13:00:00,69
moscow,2,Arbat,2026-05-20 14:00:00,69
moscow,2,Arbat,2026-05-20 15:00:00,70
moscow,2,Arbat,2026-05-20 16:00:00,74
moscow,2,Arbat,2026-05-20 17:00:00,76
moscow,2,Arbat,2026-05-20 18:00:00,82
moscow,2,Arbat,2026-05-20 19:00:00,80
moscow,2,Arbat,2026-05-20 20:00:00,75
moscow,2,Arbat,2026-05-20 21:00:00,81
moscow,2,Arbat,2026-05-20 22:00:00,83
moscow,2,Arbat,2026-05-20 23:00:00,89
moscow,2,Arbat,2026-05-21 00:00:00,62
moscow,2,Arbat,2026-05-21 01:00:00,63
moscow,2,Arbat,2026-05-21 02:00:00,69
moscow,2,Arbat,2026-05-21 03:00:00,69
moscow,2,Arbat,2026-05-21 04:00:00,64
moscow,2,Arbat,2026-05-21 05:00:00,65
moscow,2,Arbat,2026-05-21 06:00:00,68
moscow,2,Arbat,2026-05-21 07:00:00,61
moscow,2,Arbat,2026-05-21 08:00:00,62
moscow,2,Arbat,2026-05-21 09:00:00,66
moscow,2,Arbat,2026-05-21 10:00:00,70
moscow,2,Arbat,2026-05-21 11:00:00,65
moscow,2,Arbat,2026-05-21 12:00:00,67
moscow,2,Arbat,2026-05-21 13:00:00,70
moscow,2,Arbat,2026-05-21 14:00:00,74
moscow,2,Arbat,2026-05-21 15:00:00,71
moscow,2,Arbat,2026-05-21 16:00:00,77
moscow,2,Arbat,2026-05-21 17:00:00,85
moscow,2,Arbat,2026-05-21 18:00:00,99
moscow,2,Arbat,2026-05-21 19:00:00,105
moscow,2,Arbat,2026-05-21 20:00:00,100
moscow,2,Arbat,2026-05-21 21:00:00,104
moscow,2,Arbat,2026-05-21 22:00:00,107
moscow,2,Arbat,2026-05-21 23:00:00,106
moscow,2,Arbat,2026-05-22 00:00:00,65
moscow,2,Arbat,2026-05-22 01:00:00,68
moscow,2,Arbat,2026-05-22 02:00:00,70
moscow,2,Arbat,2026-05-22 03:00:00,67
moscow,2,Arbat,2026-05-22 04:00:00,67
moscow,2,Arbat,2026-05-22 05:00:00,68
moscow,2,Arbat,2026-05-22 06:00:00,65
moscow,2,Arbat,2026-05-22 07:00:00,69
moscow,2,Arbat,2026-05-22 08:00:00,69
moscow,2,Arbat,2026-05-22 09:00:00,73
moscow,2,Arbat,2026-05-22 10:00:00,66
moscow,2,Arbat,2026-05-22 11:00:00,66
moscow,2,Arbat,2026-05-22 12:00:00,69
moscow,2,Arbat,2026-05-22 13:00:00,70
moscow,2,Arbat,2026-05-22 14:00:00,69
moscow,2,Arbat,2026-05-22 15:00:00,72
moscow,2,Arbat,2026-05-22 16:00:00,79
moscow,2,Arbat,2026-05-22 17:00:00,79
moscow,2,Arbat,2026-05-22 18:00:00,82
moscow,2,Arbat,2026-05-22 19:00:00,83
moscow,2,Arbat,2026-05-22 20:00:00,85
moscow,2,Arbat,2026-05-22 21:00:00,83
moscow,2,Arbat,2026-05-22 22:00:00,82
moscow,2,Arbat,2026-05-22 23:00:00,83
moscow,2,Arbat,2026-05-23 00:00:00,59
moscow,2,Arbat,2026-05-23 01:00:00,59
moscow,2,Arbat,2026-05-23 02:00:00,62
moscow,2,Arbat,2026-05-23 03:00:00,59
moscow,2,Arbat,2026-05-23 04:00:00,60
moscow,2,Arbat,2026-05-23 05:00:00,60
moscow,2,Arbat,2026-05-23 06:00:00,61
moscow,2,Arbat,2026-05-23 07:00:00,65
moscow,2,Arbat,2026-05-23 08:00:00,64
moscow,2,Arbat,2026-05-23 09:00:00,62
moscow,2,Arbat,2026-05-23 10:00:00,61
moscow,2,Arbat,2026-05-23 11:00:00,61
moscow,2,Arbat,2026-05-23 12:00:00,63
moscow,2,Arbat,2026-05-23 13:00:00,65
moscow,2,Arbat,2026-05-23 14:00:00,62
moscow,2,Arbat,2026-05-23 15:00:00,67
moscow,2,Arbat,2026-05-23 16:00:00,66
moscow,2,Arbat,2026-05-23 17:00:00,74
moscow,2,Arbat,2026-05-23 18:00:00,77
moscow,2,Arbat,2026-05-23 19:00:00,74
moscow,2,Arbat,2026-05-23 20:00:00,92
moscow,2,Arbat,2026-05-23 21:00:00,87
moscow,2,Arbat,2026-05-23 22:00:00,92
moscow,2,Arbat,2026-05-23 23:00:00,92
moscow,2,Arbat,2026-05-24 00:00:00,63
moscow,2,Arbat,2026-05-24 01:00:00,63
moscow,2,Arbat,2026-05-24 02:00:00,63
moscow,2,Arbat,2026-05-24 03:00:00,65
moscow,2,Arbat,2026-05-24 04:00:00,66
moscow,2,Arbat,2026-05-24 05:00:00,63
moscow,2,Arbat,2026-05-24 06:00:00,65
moscow,2,Arbat,2026-05-24 07:00:00,61
moscow,2,Arbat,2026-05-24 08:00:00,65
moscow,2,Arbat,2026-05-24 09:00:00,61
moscow,2,Arbat,2026-05-24 10:00:00,66
moscow,2,Arbat,2026-05-24 11:00:00,68
moscow,2,Arbat,2026-05-24 12:00:00,63
moscow,2,Arbat,2026-05-24 13:00:00,59
moscow,2,Arbat,2026-05-24 14:00:00,64
moscow,2,Arbat,2026-05-24 15:00:00,71
moscow,2,Arbat,2026-05-24 16:00:00,73
moscow,2,Arbat,2026-05-24 17:00:00,75
moscow,2,Arbat,2026-05-24 18:00:00,78
moscow,2,Arbat,2026-05-24 19:00:00,77
moscow,2,Arbat,2026-05-24 20:00:00,91
moscow,2,Arbat,2026-05-24 21:00:00,92
moscow,2,Arbat,2026-05-24 22:00:00,96
moscow,2,Arbat,2026-05-24 23:00:00,94
moscow,2,Arbat,2026-05-25 00:00:00,72
moscow,2,Arbat,2026-05-25 01:00:00,69
moscow,2,Arbat,2026-05-25 02:00:00,68
moscow,2,Arbat,2026-05-25 03:00:00,74
moscow,2,Arbat,2026-05-25 04:00:00,70
moscow,2,Arbat,2026-05-25 05:00:00,72
moscow,2,Arbat,2026-05-25 06:00:00,70
moscow,2,Arbat,2026-05-25 07:00:00,68
moscow,2,Arbat,2026-05-25 08:00:00,70
moscow,2,Arbat,2026-05-25 09:00:00,73
moscow,2,Arbat,2026-05-25 10:00:00,71
moscow,2,Arbat,2026-05-25 11:00:00,66
moscow,2,Arbat,2026-05-25 12:00:00,70
moscow,2,Arbat,2026-05-25 13:00:00,75
moscow,2,Arbat,2026-05-25 14:00:00,72
moscow,2,Arbat,2026-05-25 15:00:00,72
moscow,2,Arbat,2026-05-25 16:00:00,85
moscow,2,Arbat,2026-05-25 17:00:00,86
moscow,2,Arbat,2026-05-25 18:00:00,86
moscow,2,Arbat,2026-05-25 19:00:00,85
moscow,2,Arbat,2026-05-25 20:00:00,88
moscow,2,Arbat,2026-05-25 21:00:00,86
moscow,2,Arbat,2026-05-25 22:00:00,92
moscow,2,Arbat,2026-05-25 23:00:00,91
moscow,2,Arbat,2026-05-26 00:00:00,71
moscow,2,Arbat,2026-05-26 01:00:00,71
moscow,2,Arbat,2026-05-26 02:00:00,70
moscow,2,Arbat,2026-05-26 03:00:00,73
moscow,2,Arbat,2026-05-26 04:00:00,69
moscow,2,Arbat,2026-05-26 05:00:00,67
moscow,2,Arbat,2026-05-26 06:00:00,72
moscow,2,Arbat,2026-05-26 07:00:00,72
moscow,2,Arbat,2026-05-26 08:00:00,72
moscow,2,Arbat,2026-05-26 09:00:00,72
moscow,2,Arbat,2026-05-26 10:00:00,70
moscow,2,Arbat,2026-05-26 11:00:00,73
moscow,2,Arbat,2026-05-26 12:00:00,71
moscow,2,Arbat,2026-05-26 13:00:00,71
moscow,2,Arbat,2026-05-26 14:00:00,73
moscow,2,Arbat,2026-05-26 15:00:00,82
moscow,2,Arbat,2026-05-26 16:00:00,77
moscow,2,Arbat,2026-05-26 17:00:00,86
moscow,2,Arbat,2026-05-26 18:00:00,83
moscow,2,Arbat,2026-05-26 19:00:00,86
moscow,2,Arbat,2026-05-26 20:00:00,85
moscow,2,Arbat,2026-05-26 21:00:00,83
moscow,2,Arbat,2026-05-26 22:00:00,91
moscow,2,Arbat,2026-05-26 23:00:00,90
moscow,2,Arbat,2026-05-27 00:00:00,67
moscow,2,Arbat,2026-05-27 01:00:00,74
moscow,2,Arbat,2026-05-27 02:00:00,75
moscow,2,Arbat,2026-05-27 03:00:00,75
moscow,2,Arbat,2026-05-27 04:00:00,72
moscow,2,Arbat,2026-05-27 05:00:00,72
moscow,2,Arbat,2026-05-27 06:00:00,75
moscow,2,Arbat,2026-05-27 07:00:00,76
moscow,2,Arbat,2026-05-27 08:00:00,74
moscow,2,Arbat,2026-05-27 09:00:00,69
moscow,2,Arbat,2026-05-27 10:00:00,72
moscow,2,Arbat,2026-05-27 11:00:00,73
moscow,2,Arbat,2026-05-27 12:00:00,68
moscow,2,Arbat,2026-05-27 13:00:00,74
moscow,2,Arbat,2026-05-27 14:00:00,80
moscow,2,Arbat,2026-05-27 15:00:00,79
moscow,2,Arbat,2026-05-27 16:00:00,86
moscow,2,Arbat,2026-05-27 17:00:00,86
moscow,2,Arbat,2026-05-27 18:00:00,88
moscow,2,Arbat,2026-05-27 19:00:00,89
moscow,2,Arbat,2026-05-27 20:00:00,85
moscow,2,Arbat,2026-05-27 21:00:00,86
moscow,2,Arbat,2026-05-27 22:00:00,94
moscow,2,Arbat,2026-05-27 23:00:00,95
moscow,2,Arbat,2026-05-28 00:00:00,70
moscow,2,Arbat,2026-05-28 01:00:00,75
moscow,2,Arbat,2026-05-28 02:00:00,72
moscow,2,Arbat,2026-05-28 03:00:00,73
moscow,2,Arbat,2026-05-28 04:00:00,74
moscow,2,Arbat,2026-05-28 05:00:00,75
moscow,2,Arbat,2026-05-28 06:00:00,73
moscow,2,Arbat,2026-05-28 07:00:00,76
moscow,2,Arbat,2026-05-28 08:00:00,73
moscow,2,Arbat,2026-05-28 09:00:00,74
moscow,2,Arbat,2026-05-28 10:00:00,71
moscow,2,Arbat,2026-05-28 11:00:00,78
moscow,2,Arbat,2026-05-28 12:00:00,74
moscow,2,Arbat,2026-05-28 13:00:00,76
moscow,2,Arbat,2026-05-28 14:00:00,72
moscow,2,Arbat,2026-05-28 15:00:00,77
moscow,2,Arbat,2026-05-28 16:00:00,86
moscow,2,Arbat,2026-05-28 17:00:00,87
moscow,2,Arbat,2026-05-28 18:00:00,84
moscow,2,Arbat,2026-05-28 19:00:00,91
moscow,2,Arbat,2026-05-28 20:00:00,87
moscow,2,Arbat,2026-05-28 21:00:00,93
moscow,2,Arbat,2026-05-28 22:00:00,92
moscow,2,Arbat,2026-05-28 23:00:00,93
moscow,2,Arbat,2026-05-29 00:00:00,76
moscow,2,Arbat,2026-05-29 01:00:00,71
moscow,2,Arbat,2026-05-29 02:00:00,71
moscow,2,Arbat,2026-05-29 03:00:00,73
moscow,2,Arbat,2026-05-29 04:00:00,75
moscow,2,Arbat,2026-05-29 05:00:00,70
moscow,2,Arbat,2026-05-29 06:00:00,69
moscow,2,Arbat,2026-05-29 07:00:00,75
moscow,2,Arbat,2026-05-29 08:00:00,72
moscow,2,Arbat,2026-05-29 09:00:00,72
moscow,2,Arbat,2026-05-29 10:00:00,69
moscow,2,Arbat,2026-05-29 11:00:00,72
moscow,2,Arbat,2026-05-29 12:00:00,74
moscow,2,Arbat,2026-05-29 13:00:00,77
moscow,2,Arbat,2026-05-29 14:00:00,75
moscow,2,Arbat,2026-05-29 15:00:00,84
moscow,2,Arbat,2026-05-29 16:00:00,82
moscow,2,Arbat,2026-05-29 17:00:00,86
moscow,2,Arbat,2026-05-29 18:00:00,114
moscow,2,Arbat,2026-05-29 19:00:00,110
moscow,2,Arbat,2026-05-29 20:00:00,108
moscow,2,Arbat,2026-05-29 21:00:00,111
moscow,2,Arbat,2026-05-29 22:00:00,118
moscow,2,Arbat,2026-05-29 23:00:00,120
moscow,2,Arbat,2026-05-30 00:00:00,66
moscow,2,Arbat,2026-05-30 01:00:00,68
moscow,2,Arbat,2026-05-30 02:00:00,69
moscow,2,Arbat,2026-05-30 03:00:00,66
moscow,2,Arbat,2026-05-30 04:00:00,68
moscow,2,Arbat,2026-05-30 05:00:00,68
moscow,2,Arbat,2026-05-30 06:00:00,71
moscow,2,Arbat,2026-05-30 07:00:00,71
moscow,2,Arbat,2026-05-30 08:00:00,68
moscow,2,Arbat,2026-05-30 09:00:00,68
moscow,2,Arbat,2026-05-30 10:00:00,70
moscow,2,Arbat,2026-05-30 11:00:00,67
moscow,2,Arbat,2026-05-30 12:00:00,70
moscow,2,Arbat,2026-05-30 13:00:00,69
moscow,2,Arbat,2026-05-30 14:00:00,69
moscow,2,Arbat,2026-05-30 15:00:00,71
moscow,2,Arbat,2026-05-30 16:00:00,80
moscow,2,Arbat,2026-05-30 17:00:00,79
moscow,2,Arbat,2026-05-30 18:00:00,85
moscow,2,Arbat,2026-05-30 19:00:00,80
moscow,2,Arbat,2026-05-30 20:00:00,94
moscow,2,Arbat,2026-05-30 21:00:00,101
moscow,2,Arbat,2026-05-30 22:00:00,95
moscow,2,Arbat,2026-05-30 23:00:00,94
moscow,2,Arbat,2026-05-31 00:00:00,72
moscow,2,Arbat,2026-05-31 01:00:00,67
moscow,2,Arbat,2026-05-31 02:00:00,69
moscow,2,Arbat,2026-05-31 03:00:00,68
moscow,2,Arbat,2026-05-31 04:00:00,70
moscow,2,Arbat,2026-05-31 05:00:00,67
moscow,2,Arbat,2026-05-31 06:00:00,69
moscow,2,Arbat,2026-05-31 07:00:00,70
moscow,2,Arbat,2026-05-31 08:00:00,67
moscow,2,Arbat,2026-05-31 09:00:00,68
moscow,2,Arbat,2026-05-31 10:00:00,69
moscow,2,Arbat,2026-05-31 11:00:00,66
moscow,2,Arbat,2026-05-31 12:00:00,69
moscow,2,Arbat,2026-05-31 13:00:00,71
moscow,2,Arbat,2026-05-31 14:00:00,71
moscow,2,Arbat,2026-05-31 15:00:00,74
moscow,2,Arbat,2026-05-31 16:00:00,78
moscow,2,Arbat,2026-05-31 17:00:00,79
moscow,2,Arbat,2026-05-31 18:00:00,84
moscow,2,Arbat,2026-05-31 19:00:00,86
moscow,2,Arbat,2026-05-31 20:00:00,93
moscow,2,Arbat,2026-05-31 21:00:00,97
moscow,2,Arbat,2026-05-31 22:00:00,98
moscow,2,Arbat,2026-05-31 23:00:00,100
moscow,2,Arbat,2026-06-01 00:00:00,80
moscow,2,Arbat,2026-06-01 01:00:00,77
moscow,2,Arbat,2026-06-01 02:00:00,72
moscow,2,Arbat,2026-06-01 03:00:00,77
moscow,2,Arbat,2026-06-01 04:00:00,79
moscow,2,Arbat,2026-06-01 05:00:00,76
moscow,2,Arbat,2026-06-01 06:00:00,79
moscow,2,Arbat,2026-06-01 07:00:00,74
moscow,2,Arbat,2026-06-01 08:00:00,73
moscow,2,Arbat,2026-06-01 09:00:00,76
moscow,2,Arbat,2026-06-01 10:00:00,72
moscow,2,Arbat,2026-06-01 11:00:00,76
moscow,2,Arbat,2026-06-01 12:00:00,80
moscow,2,Arbat,2026-06-01 13:00:00,73
moscow,2,Arbat,2026-06-01 14:00:00,76
moscow,2,Arbat,2026-06-01 15:00:00,80
moscow,2,Arbat,2026-06-01 16:00:00,86
moscow,2,Arbat,2026-06-01 17:00:00,89
moscow,2,Arbat,2026-06-01 18:00:00,96
moscow,2,Arbat,2026-06-01 19:00:00,94
moscow,2,Arbat,2026-06-01 20:00:00,93
moscow,2,Arbat,2026-06-01 21:00:00,94
moscow,2,Arbat,2026-06-01 22:00:00,97
moscow,2,Arbat,2026-06-01 23:00:00,94
moscow,2,Arbat,2026-06-02 00:00:00,79
moscow,2,Arbat,2026-06-02 01:00:00,74
moscow,2,Arbat,2026-06-02 02:00:00,79
moscow,2,Arbat,2026-06-02 03:00:00,80
moscow,2,Arbat,2026-06-02 04:00:00,78
moscow,2,Arbat,2026-06-02 05:00:00,77
moscow,2,Arbat,2026-06-02 06:00:00,78
moscow,2,Arbat,2026-06-02 07:00:00,70
moscow,2,Arbat,2026-06-02 08:00:00,78
moscow,2,Arbat,2026-06-02 09:00:00,77
moscow,2,Arbat,2026-06-02 10:00:00,77
moscow,2,Arbat,2026-06-02 11:00:00,79
moscow,2,Arbat,2026-06-02 12:00:00,77
moscow,2,Arbat,2026-06-02 13:00:00,76
moscow,2,Arbat,2026-06-02 14:00:00,80
moscow,2,Arbat,2026-06-02 15:00:00,84
moscow,2,Arbat,2026-06-02 16:00:00,88
moscow,2,Arbat,2026-06-02 17:00:00,92
moscow,2,Arbat,2026-06-02 18:00:00,96
moscow,2,Arbat,2026-06-02 19:00:00,90
moscow,2,Arbat,2026-06-02 20:00:00,93
moscow,2,Arbat,2026-06-02 21:00:00,97
moscow,2,Arbat,2026-06-02 22:00:00,92
moscow,2,Arbat,2026-06-02 23:00:00,98
moscow,2,Arbat,2026-06-03 00:00:00,77
moscow,2,Arbat,2026-06-03 01:00:00,77
moscow,2,Arbat,2026-06-03 02:00:00,76
moscow,2,Arbat,2026-06-03 03:00:00,78
moscow,2,Arbat,2026-06-03 04:00:00,82
moscow,2,Arbat,2026-06-03 05:00:00,75
moscow,2,Arbat,2026-06-03 06:00:00,75
moscow,2,Arbat,2026-06-03 07:00:00,75
moscow,2,Arbat,2026-06-03 08:00:00,82
moscow,2,Arbat,2026-06-03 09:00:00,77
moscow,2,Arbat,2026-06-03 10:00:00,78
moscow,2,Arbat,2026-06-03 11:00:00,77
moscow,2,Arbat,2026-06-03 12:00:00,76
moscow,2,Arbat,2026-06-03 13:00:00,79
moscow,2,Arbat,2026-06-03 14:00:00,87
moscow,2,Arbat,2026-06-03 15:00:00,88
moscow,2,Arbat,2026-06-03 16:00:00,86
moscow,2,Arbat,2026-06-03 17:00:00,94
moscow,2,Arbat,2026-06-03 18:00:00,92
moscow,2,Arbat,2026-06-03 19:00:00,90
moscow,2,Arbat,2026-06-03 20:00:00,96
moscow,2,Arbat,2026-06-03 21:00:00,98
moscow,2,Arbat,2026-06-03 22:00:00,100
moscow,2,Arbat,2026-06-03 23:00:00,97
moscow,2,Arbat,2026-06-04 00:00:00,78
moscow,2,Arbat,2026-06-04 01:00:00,81
moscow,2,Arbat,2026-06-04 02:00:00,80
moscow,2,Arbat,2026-06-04 03:00:00,78
moscow,2,Arbat,2026-06-04 04:00:00,75
moscow,2,Arbat,2026-06-04 05:00:00,79
moscow,2,Arbat,2026-06-04 06:00:00,81
moscow,2,Arbat,2026-06-04 07:00:00,76
moscow,2,Arbat,2026-06-04 08:00:00,80
moscow,2,Arbat,2026-06-04 09:00:00,80
moscow,2,Arbat,2026-06-04 10:00:00,81
moscow,2,Arbat,2026-06-04 11:00:00,81
moscow,2,Arbat,2026-06-04 12:00:00,78
moscow,2,Arbat,2026-06-04 13:00:00,76
moscow,2,Arbat,2026-06-04 14:00:00,81
moscow,2,Arbat,2026-06-04 15:00:00,87
moscow,2,Arbat,2026-06-04 16:00:00,88
moscow,2,Arbat,2026-06-04 17:00:00,91
moscow,2,Arbat,2026-06-04 18:00:00,111
moscow,2,Arbat,2026-06-04 19:00:00,119
moscow,2,Arbat,2026-06-04 20:00:00,117
moscow,2,Arbat,2026-06-04 21:00:00,119
moscow,2,Arbat,2026-06-04 22:00:00,123
moscow,2,Arbat,2026-06-04 23:00:00,123
moscow,2,Arbat,2026-06-05 00:00:00,79
moscow,2,Arbat,2026-06-05 01:00:00,79
moscow,2,Arbat,2026-06-05 02:00:00,79
moscow,2,Arbat,2026-06-05 03:00:00,86
moscow,2,Arbat,2026-06-05 04:00:00,81
moscow,2,Arbat,2026-06-05 05:00:00,79
moscow,2,Arbat,2026-06-05 06:00:00,81
moscow,2,Arbat,2026-06-05 07:00:00,77
moscow,2,Arbat,2026-06-05 08:00:00,83
moscow,2,Arbat,2026-06-05 09:00:00,78
moscow,2,Arbat,2026-06-05 10:00:00,81
moscow,2,Arbat,2026-06-05 11:00:00,82
moscow,2,Arbat,2026-06-05 12:00:00,81
moscow,2,Arbat,2026-06-05 13:00:00,81
moscow,2,Arbat,2026-06-05 14:00:00,83
moscow,2,Arbat,2026-06-05 15:00:00,86
moscow,2,Arbat,2026-06-05 16:00:00,89
moscow,2,Arbat,2026-06-05 17:00:00,93
moscow,2,Arbat,2026-06-05 18:00:00,99
moscow,2,Arbat,2026-06-05 19:00:00,95
moscow,2,Arbat,2026-06-05 20:00:00,93
moscow,2,Arbat,2026-06-05 21:00:00,96
moscow,2,Arbat,2026-06-05 22:00:00,102
moscow,2,Arbat,2026-06-05 23:00:00,102
moscow,2,Arbat,2026-06-06 00:00:00,76
moscow,2,Arbat,2026-06-06 01:00:00,74
moscow,2,Arbat,2026-06-06 02:00:00,76
moscow,2,Arbat,2026-06-06 03:00:00,73
moscow,2,Arbat,2026-06-06 04:00:00,74
moscow,2,Arbat,2026-06-06 05:00:00,77
moscow,2,Arbat,2026-06-06 06:00:00,77
moscow,2,Arbat,2026-06-06 07:00:00,72
moscow,2,Arbat,2026-06-06 08:00:00,73
moscow,2,Arbat,2026-06-06 09:00:00,75
moscow,2,Arbat,2026-06-06 10:00:00,79
moscow,2,Arbat,2026-06-06 11:00:00,70
moscow,2,Arbat,2026-06-06 12:00:00,76
moscow,2,Arbat,2026-06-06 13:00:00,72
moscow,2,Arbat,2026-06-06 14:00:00,76
moscow,2,Arbat,2026-06-06 15:00:00,79
moscow,2,Arbat,2026-06-06 16:00:00,82
moscow,2,Arbat,2026-06-06 17:00:00,85
moscow,2,Arbat,2026-06-06 18:00:00,88
moscow,2,Arbat,2026-06-06 19:00:00,86
moscow,2,Arbat,2026-06-06 20:00:00,96
moscow,2,Arbat,2026-06-06 21:00:00,103
moscow,2,Arbat,2026-06-06 22:00:00,106
moscow,2,Arbat,2026-06-06 23:00:00,107
moscow,2,Arbat,2026-06-07 00:00:00,72
moscow,2,Arbat,2026-06-07 01:00:00,76
moscow,2,Arbat,2026-06-07 02:00:00,77
moscow,2,Arbat,2026-06-07 03:00:00,73
moscow,2,Arbat,2026-06-07 04:00:00,76
moscow,2,Arbat,2026-06-07 05:00:00,75
moscow,2,Arbat,2026-06-07 06:00:00,80
moscow,2,Arbat,2026-06-07 07:00:00,80
moscow,2,Arbat,2026-06-07 08:00:00,72
moscow,2,Arbat,2026-06-07 09:00:00,82
moscow,2,Arbat,2026-06-07 10:00:00,73
moscow,2,Arbat,2026-06-07 11:00:00,78
moscow,2,Arbat,2026-06-07 12:00:00,78
moscow,2,Arbat,2026-06-07 13:00:00,74
moscow,2,Arbat,2026-06-07 14:00:00,79
moscow,2,Arbat,2026-06-07 15:00:00,80
moscow,2,Arbat,2026-06-07 16:00:00,85
moscow,2,Arbat,2026-06-07 17:00:00,88
moscow,2,Arbat,2026-06-07 18:00:00,91
moscow,2,Arbat,2026-06-07 19:00:00,89
moscow,2,Arbat,2026-06-07 20:00:00,100
moscow,2,Arbat,2026-06-07 21:00:00,105
moscow,2,Arbat,2026-06-07 22:00:00,106
moscow,2,Arbat,2026-06-07 23:00:00,107
moscow,2,Arbat,2026-06-08 00:00:00,81
moscow,2,Arbat,2026-06-08 01:00:00,80
moscow,2,Arbat,2026-06-08 02:00:00,81
moscow,2,Arbat,2026-06-08 03:00:00,81
moscow,2,Arbat,2026-06-08 04:00:00,84
moscow,2,Arbat,2026-06-08 05:00:00,85
moscow,2,Arbat,2026-06-08 06:00:00,82
moscow,2,Arbat,2026-06-08 07:00:00,86
moscow,2,Arbat,2026-06-08 08:00:00,86
moscow,2,Arbat,2026-06-08 09:00:00,83
moscow,2,Arbat,2026-06-08 10:00:00,80
moscow,2,Arbat,2026-06-08 11:00:00,86
moscow,2,Arbat,2026-06-08 12:00:00,83
moscow,2,Arbat,2026-06-08 13:00:00,84
moscow,2,Arbat,2026-06-08 14:00:00,85
moscow,2,Arbat,2026-06-08 15:00:00,87
moscow,2,Arbat,2026-06-08 16:00:00,89
moscow,2,Arbat,2026-06-08 17:00:00,98
moscow,2,Arbat,2026-06-08 18:00:00,97
moscow,2,Arbat,2026-06-08 19:00:00,106
moscow,2,Arbat,2026-06-08 20:00:00,95
moscow,2,Arbat,2026-06-08 21:00:00,96
moscow,2,Arbat,2026-06-08 22:00:00,103
moscow,2,Arbat,2026-06-08 23:00:00,106
moscow,2,Arbat,2026-06-09 00:00:00,83
moscow,2,Arbat,2026-06-09 01:00:00,85
moscow,2,Arbat,2026-06-09 02:00:00,79
moscow,2,Arbat,2026-06-09 03:00:00,82
moscow,2,Arbat,2026-06-09 04:00:00,81
moscow,2,Arbat,2026-06-09 05:00:00,79
moscow,2,Arbat,2026-06-09 06:00:00,84
moscow,2,Arbat,2026-06-09 07:00:00,78
moscow,2,Arbat,2026-06-09 08:00:00,80
moscow,2,Arbat,2026-06-09 09:00:00,82
moscow,2,Arbat,2026-06-09 10:00:00,81
moscow,2,Arbat,2026-06-09 11:00:00,84
moscow,2,Arbat,2026-06-09 12:00:00,84
moscow,2,Arbat,2026-06-09 13:00:00,87
moscow,2,Arbat,2026-06-09 14:00:00,88
moscow,2,Arbat,2026-06-09 15:00:00,92
moscow,2,Arbat,2026-06-09 16:00:00,94
moscow,2,Arbat,2026-06-09 17:00:00,98
moscow,3,Moscow City,2026-04-10 18:00:00,91
moscow,3,Moscow City,2026-04-10 19:00:00,85
moscow,3,Moscow City,2026-04-10 20:00:00,73
moscow,3,Moscow City,2026-04-10 21:00:00,63
moscow,3,Moscow City,2026-04-10 22:00:00,52
moscow,3,Moscow City,2026-04-10 23:00:00,53
moscow,3,Moscow City,2026-04-11 00:00:00,39
moscow,3,Moscow City,2026-04-11 01:00:00,37
moscow,3,Moscow City,2026-04-11 02:00:00,37
moscow,3,Moscow City,2026-04-11 03:00:00,36
moscow,3,Moscow City,2026-04-11 04:00:00,50
moscow,3,Moscow City,2026-04-11 05:00:00,55
moscow,3,Moscow City,2026-04-11 06:00:00,63
moscow,3,Moscow City,2026-04-11 07:00:00,83
moscow,3,Moscow City,2026-04-11 08:00:00,83
moscow,3,Moscow City,2026-04-11 09:00:00,74
moscow,3,Moscow City,2026-04-11 10:00:00,72
moscow,3,Moscow City,2026-04-11 11:00:00,52
moscow,3,Moscow City,2026-04-11 12:00:00,45
moscow,3,Moscow City,2026-04-11 13:00:00,44
moscow,3,Moscow City,2026-04-11 14:00:00,52
moscow,3,Moscow City,2026-04-11 15:00:00,53
moscow,3,Moscow City,2026-04-11 16:00:00,56
moscow,3,Moscow City,2026-04-11 17:00:00,72
moscow,3,Moscow City,2026-04-11 18:00:00,70
moscow,3,Moscow City,2026-04-11 19:00:00,78
moscow,3,Moscow City,2026-04-11 20:00:00,83
moscow,3,Moscow City,2026-04-11 21:00:00,61
moscow,3,Moscow City,2026-04-11 22:00:00,63
moscow,3,Moscow City,2026-04-11 23:00:00,65
moscow,3,Moscow City,2026-04-12 00:00:00,48
moscow,3,Moscow City,2026-04-12 01:00:00,49
moscow,3,Moscow City,2026-04-12 02:00:00,37
moscow,3,Moscow City,2026-04-12 03:00:00,47
moscow,3,Moscow City,2026-04-12 04:00:00,44
moscow,3,Moscow City,2026-04-12 05:00:00,57
moscow,3,Moscow City,2026-04-12 06:00:00,63
moscow,3,Moscow City,2026-04-12 07:00:00,79
moscow,3,Moscow City,2026-04-12 08:00:00,84
moscow,3,Moscow City,2026-04-12 09:00:00,85
moscow,3,Moscow City,2026-04-12 10:00:00,72
moscow,3,Moscow City,2026-04-12 11:00:00,57
moscow,3,Moscow City,2026-04-12 12:00:00,42
moscow,3,Moscow City,2026-04-12 13:00:00,45
moscow,3,Moscow City,2026-04-12 14:00:00,45
moscow,3,Moscow City,2026-04-12 15:00:00,59
moscow,3,Moscow City,2026-04-12 16:00:00,68
moscow,3,Moscow City,2026-04-12 17:00:00,76
moscow,3,Moscow City,2026-04-12 18:00:00,71
moscow,3,Moscow City,2026-04-12 19:00:00,59
moscow,3,Moscow City,2026-04-12 20:00:00,77
moscow,3,Moscow City,2026-04-12 21:00:00,79
moscow,3,Moscow City,2026-04-12 22:00:00,62
moscow,3,Moscow City,2026-04-12 23:00:00,55
moscow,3,Moscow City,2026-04-13 00:00:00,60
moscow,3,Moscow City,2026-04-13 01:00:00,58
moscow,3,Moscow City,2026-04-13 02:00:00,53
moscow,3,Moscow City,2026-04-13 03:00:00,54
moscow,3,Moscow City,2026-04-13 04:00:00,60
moscow,3,Moscow City,2026-04-13 05:00:00,72
moscow,3,Moscow City,2026-04-13 06:00:00,94
moscow,3,Moscow City,2026-04-13 07:00:00,104
moscow,3,Moscow City,2026-04-13 08:00:00,113
moscow,3,Moscow City,2026-04-13 09:00:00,108
moscow,3,Moscow City,2026-04-13 10:00:00,82
moscow,3,Moscow City,2026-04-13 11:00:00,74
moscow,3,Moscow City,2026-04-13 12:00:00,60
moscow,3,Moscow City,2026-04-13 13:00:00,47
moscow,3,Moscow City,2026-04-13 14:00:00,52
moscow,3,Moscow City,2026-04-13 15:00:00,65
moscow,3,Moscow City,2026-04-13 16:00:00,82
moscow,3,Moscow City,2026-04-13 17:00:00,90
moscow,3,Moscow City,2026-04-13 18:00:00,94
moscow,3,Moscow City,2026-04-13 19:00:00,98
moscow,3,Moscow City,2026-04-13 20:00:00,74
moscow,3,Moscow City,2026-04-13 21:00:00,69
moscow,3,Moscow City,2026-04-13 22:00:00,62
moscow,3,Moscow City,2026-04-13 23:00:00,53
moscow,3,Moscow City,2026-04-14 00:00:00,54
moscow,3,Moscow City,2026-04-14 01:00:00,47
moscow,3,Moscow City,2026-04-14 02:00:00,61
moscow,3,Moscow City,2026-04-14 03:00:00,54
moscow,3,Moscow City,2026-04-14 04:00:00,71
moscow,3,Moscow City,2026-04-14 05:00:00,72
moscow,3,Moscow City,2026-04-14 06:00:00,93
moscow,3,Moscow City,2026-04-14 07:00:00,104
moscow,3,Moscow City,2026-04-14 08:00:00,111
moscow,3,Moscow City,2026-04-14 09:00:00,102
moscow,3,Moscow City,2026-04-14 10:00:00,89
moscow,3,Moscow City,2026-04-14 11:00:00,74
moscow,3,Moscow City,2026-04-14 12:00:00,59
moscow,3,Moscow City,2026-04-14 13:00:00,59
moscow,3,Moscow City,2026-04-14 14:00:00,60
moscow,3,Moscow City,2026-04-14 15:00:00,81
moscow,3,Moscow City,2026-04-14 16:00:00,81
moscow,3,Moscow City,2026-04-14 17:00:00,98
moscow,3,Moscow City,2026-04-14 18:00:00,94
moscow,3,Moscow City,2026-04-14 19:00:00,92
moscow,3,Moscow City,2026-04-14 20:00:00,76
moscow,3,Moscow City,2026-04-14 21:00:00,69
moscow,3,Moscow City,2026-04-14 22:00:00,63
moscow,3,Moscow City,2026-04-14 23:00:00,64
moscow,3,Moscow City,2026-04-15 00:00:00,57
moscow,3,Moscow City,2026-04-15 01:00:00,62
moscow,3,Moscow City,2026-04-15 02:00:00,59
moscow,3,Moscow City,2026-04-15 03:00:00,65
moscow,3,Moscow City,2026-04-15 04:00:00,63
moscow,3,Moscow City,2026-04-15 05:00:00,85
moscow,3,Moscow City,2026-04-15 06:00:00,88
moscow,3,Moscow City,2026-04-15 07:00:00,103
moscow,3,Moscow City,2026-04-15 08:00:00,107
moscow,3,Moscow City,2026-04-15 09:00:00,116
moscow,3,Moscow City,2026-04-15 10:00:00,94
moscow,3,Moscow City,2026-04-15 11:00:00,73
moscow,3,Moscow City,2026-04-15 12:00:00,70
moscow,3,Moscow City,2026-04-15 13:00:00,65
moscow,3,Moscow City,2026-04-15 14:00:00,73
moscow,3,Moscow City,2026-04-15 15:00:00,66
moscow,3,Moscow City,2026-04-15 16:00:00,82
moscow,3,Moscow City,2026-04-15 17:00:00,91
moscow,3,Moscow City,2026-04-15 18:00:00,88
moscow,3,Moscow City,2026-04-15 19:00:00,98
moscow,3,Moscow City,2026-04-15 20:00:00,82
moscow,3,Moscow City,2026-04-15 21:00:00,76
moscow,3,Moscow City,2026-04-15 22:00:00,74
moscow,3,Moscow City,2026-04-15 23:00:00,58
moscow,3,Moscow City,2026-04-16 00:00:00,56
moscow,3,Moscow City,2026-04-16 01:00:00,58
moscow,3,Moscow City,2026-04-16 02:00:00,62
moscow,3,Moscow City,2026-04-16 03:00:00,57
moscow,3,Moscow City,2026-04-16 04:00:00,62
moscow,3,Moscow City,2026-04-16 05:00:00,80
moscow,3,Moscow City,2026-04-16 06:00:00,94
moscow,3,Moscow City,2026-04-16 07:00:00,99
moscow,3,Moscow City,2026-04-16 08:00:00,109
moscow,3,Moscow City,2026-04-16 09:00:00,114
moscow,3,Moscow City,2026-04-16 10:00:00,94
moscow,3,Moscow City,2026-04-16 11:00:00,73
moscow,3,Moscow City,2026-04-16 12:00:00,65
moscow,3,Moscow City,2026-04-16 13:00:00,63
moscow,3,Moscow City,2026-04-16 14:00:00,70
moscow,3,Moscow City,2026-04-16 15:00:00,68
moscow,3,Moscow City,2026-04-16 16:00:00,81
moscow,3,Moscow City,2026-04-16 17:00:00,96
moscow,3,Moscow City,2026-04-16 18:00:00,98
moscow,3,Moscow City,2026-04-16 19:00:00,97
moscow,3,Moscow City,2026-04-16 20:00:00,79
moscow,3,Moscow City,2026-04-16 21:00:00,76
moscow,3,Moscow City,2026-04-16 22:00:00,70
moscow,3,Moscow City,2026-04-16 23:00:00,63
moscow,3,Moscow City,2026-04-17 00:00:00,60
moscow,3,Moscow City,2026-04-17 01:00:00,59
moscow,3,Moscow City,2026-04-17 02:00:00,56
moscow,3,Moscow City,2026-04-17 03:00:00,61
moscow,3,Moscow City,2026-04-17 04:00:00,72
moscow,3,Moscow City,2026-04-17 05:00:00,77
moscow,3,Moscow City,2026-04-17 06:00:00,90
moscow,3,Moscow City,2026-04-17 07:00:00,107
moscow,3,Moscow City,2026-04-17 08:00:00,117
moscow,3,Moscow City,2026-04-17 09:00:00,108
moscow,3,Moscow City,2026-04-17 10:00:00,96
moscow,3,Moscow City,2026-04-17 11:00:00,80
moscow,3,Moscow City,2026-04-17 12:00:00,72
moscow,3,Moscow City,2026-04-17 13:00:00,71
moscow,3,Moscow City,2026-04-17 14:00:00,72
moscow,3,Moscow City,2026-04-17 15:00:00,72
moscow,3,Moscow City,2026-04-17 16:00:00,83
moscow,3,Moscow City,2026-04-17 17:00:00,96
moscow,3,Moscow City,2026-04-17 18:00:00,98
moscow,3,Moscow City,2026-04-17 19:00:00,91
moscow,3,Moscow City,2026-04-17 20:00:00,85
moscow,3,Moscow City,2026-04-17 21:00:00,74
moscow,3,Moscow City,2026-04-17 22:00:00,64
moscow,3,Moscow City,2026-04-17 23:00:00,61
moscow,3,Moscow City,2026-04-18 00:00:00,56
moscow,3,Moscow City,2026-04-18 01:00:00,52
moscow,3,Moscow City,2026-04-18 02:00:00,63
moscow,3,Moscow City,2026-04-18 03:00:00,54
moscow,3,Moscow City,2026-04-18 04:00:00,56
moscow,3,Moscow City,2026-04-18 05:00:00,66
moscow,3,Moscow City,2026-04-18 06:00:00,80
moscow,3,Moscow City,2026-04-18 07:00:00,93
moscow,3,Moscow City,2026-04-18 08:00:00,106
moscow,3,Moscow City,2026-04-18 09:00:00,88
moscow,3,Moscow City,2026-04-18 10:00:00,83
moscow,3,Moscow City,2026-04-18 11:00:00,67
moscow,3,Moscow City,2026-04-18 12:00:00,51
moscow,3,Moscow City,2026-04-18 13:00:00,59
moscow,3,Moscow City,2026-04-18 14:00:00,64
moscow,3,Moscow City,2026-04-18 15:00:00,61
moscow,3,Moscow City,2026-04-18 16:00:00,73
moscow,3,Moscow City,2026-04-18 17:00:00,73
moscow,3,Moscow City,2026-04-18 18:00:00,79
moscow,3,Moscow City,2026-04-18 19:00:00,86
moscow,3,Moscow City,2026-04-18 20:00:00,92
moscow,3,Moscow City,2026-04-18 21:00:00,78
moscow,3,Moscow City,2026-04-18 22:00:00,74
moscow,3,Moscow City,2026-04-18 23:00:00,66
moscow,3,Moscow City,2026-04-19 00:00:00,51
moscow,3,Moscow City,2026-04-19 01:00:00,56
moscow,3,Moscow City,2026-04-19 02:00:00,48
moscow,3,Moscow City,2026-04-19 03:00:00,51
moscow,3,Moscow City,2026-04-19 04:00:00,60
moscow,3,Moscow City,2026-04-19 05:00:00,72
moscow,3,Moscow City,2026-04-19 06:00:00,86
moscow,3,Moscow City,2026-04-19 07:00:00,90
moscow,3,Moscow City,2026-04-19 08:00:00,102
moscow,3,Moscow City,2026-04-19 09:00:00,90
moscow,3,Moscow City,2026-04-19 10:00:00,89
moscow,3,Moscow City,2026-04-19 11:00:00,63
moscow,3,Moscow City,2026-04-19 12:00:00,66
moscow,3,Moscow City,2026-04-19 13:00:00,55
moscow,3,Moscow City,2026-04-19 14:00:00,69
moscow,3,Moscow City,2026-04-19 15:00:00,69
moscow,3,Moscow City,2026-04-19 16:00:00,70
moscow,3,Moscow City,2026-04-19 17:00:00,80
moscow,3,Moscow City,2026-04-19 18:00:00,89
moscow,3,Moscow City,2026-04-19 19:00:00,87
moscow,3,Moscow City,2026-04-19 20:00:00,96
moscow,3,Moscow City,2026-04-19 21:00:00,84
moscow,3,Moscow City,2026-04-19 22:00:00,78
moscow,3,Moscow City,2026-04-19 23:00:00,70
moscow,3,Moscow City,2026-04-20 00:00:00,58
moscow,3,Moscow City,2026-04-20 01:00:00,60
moscow,3,Moscow City,2026-04-20 02:00:00,66
moscow,3,Moscow City,2026-04-20 03:00:00,72
moscow,3,Moscow City,2026-04-20 04:00:00,79
moscow,3,Moscow City,2026-04-20 05:00:00,86
moscow,3,Moscow City,2026-04-20 06:00:00,100
moscow,3,Moscow City,2026-04-20 07:00:00,117
moscow,3,Moscow City,2026-04-20 08:00:00,118
moscow,3,Moscow City,2026-04-20 09:00:00,114
moscow,3,Moscow City,2026-04-20 10:00:00,95
moscow,3,Moscow City,2026-04-20 11:00:00,77
moscow,3,Moscow City,2026-04-20 12:00:00,74
moscow,3,Moscow City,2026-04-20 13:00:00,71
moscow,3,Moscow City,2026-04-20 14:00:00,76
moscow,3,Moscow City,2026-04-20 15:00:00,83
moscow,3,Moscow City,2026-04-20 16:00:00,93
moscow,3,Moscow City,2026-04-20 17:00:00,104
moscow,3,Moscow City,2026-04-20 18:00:00,105
moscow,3,Moscow City,2026-04-20 19:00:00,103
moscow,3,Moscow City,2026-04-20 20:00:00,88
moscow,3,Moscow City,2026-04-20 21:00:00,82
moscow,3,Moscow City,2026-04-20 22:00:00,75
moscow,3,Moscow City,2026-04-20 23:00:00,64
moscow,3,Moscow City,2026-04-21 00:00:00,66
moscow,3,Moscow City,2026-04-21 01:00:00,63
moscow,3,Moscow City,2026-04-21 02:00:00,64
moscow,3,Moscow City,2026-04-21 03:00:00,63
moscow,3,Moscow City,2026-04-21 04:00:00,79
moscow,3,Moscow City,2026-04-21 05:00:00,89
moscow,3,Moscow City,2026-04-21 06:00:00,102
moscow,3,Moscow City,2026-04-21 07:00:00,125
moscow,3,Moscow City,2026-04-21 08:00:00,122
moscow,3,Moscow City,2026-04-21 09:00:00,129
moscow,3,Moscow City,2026-04-21 10:00:00,99
moscow,3,Moscow City,2026-04-21 11:00:00,85
moscow,3,Moscow City,2026-04-21 12:00:00,73
moscow,3,Moscow City,2026-04-21 13:00:00,73
moscow,3,Moscow City,2026-04-21 14:00:00,78
moscow,3,Moscow City,2026-04-21 15:00:00,82
moscow,3,Moscow City,2026-04-21 16:00:00,101
moscow,3,Moscow City,2026-04-21 17:00:00,104
moscow,3,Moscow City,2026-04-21 18:00:00,108
moscow,3,Moscow City,2026-04-21 19:00:00,99
moscow,3,Moscow City,2026-04-21 20:00:00,95
moscow,3,Moscow City,2026-04-21 21:00:00,82
moscow,3,Moscow City,2026-04-21 22:00:00,71
moscow,3,Moscow City,2026-04-21 23:00:00,66
moscow,3,Moscow City,2026-04-22 00:00:00,79
moscow,3,Moscow City,2026-04-22 01:00:00,66
moscow,3,Moscow City,2026-04-22 02:00:00,61
moscow,3,Moscow City,2026-04-22 03:00:00,67
moscow,3,Moscow City,2026-04-22 04:00:00,75
moscow,3,Moscow City,2026-04-22 05:00:00,88
moscow,3,Moscow City,2026-04-22 06:00:00,104
moscow,3,Moscow City,2026-04-22 07:00:00,120
moscow,3,Moscow City,2026-04-22 08:00:00,121
moscow,3,Moscow City,2026-04-22 09:00:00,119
moscow,3,Moscow City,2026-04-22 10:00:00,98
moscow,3,Moscow City,2026-04-22 11:00:00,83
moscow,3,Moscow City,2026-04-22 12:00:00,72
moscow,3,Moscow City,2026-04-22 13:00:00,68
moscow,3,Moscow City,2026-04-22 14:00:00,81
moscow,3,Moscow City,2026-04-22 15:00:00,87
moscow,3,Moscow City,2026-04-22 16:00:00,99
moscow,3,Moscow City,2026-04-22 17:00:00,105
moscow,3,Moscow City,2026-04-22 18:00:00,112
moscow,3,Moscow City,2026-04-22 19:00:00,97
moscow,3,Moscow City,2026-04-22 20:00:00,99
moscow,3,Moscow City,2026-04-22 21:00:00,85
moscow,3,Moscow City,2026-04-22 22:00:00,78
moscow,3,Moscow City,2026-04-22 23:00:00,72
moscow,3,Moscow City,2026-04-23 00:00:00,65
moscow,3,Moscow City,2026-04-23 01:00:00,62
moscow,3,Moscow City,2026-04-23 02:00:00,66
moscow,3,Moscow City,2026-04-23 03:00:00,74
moscow,3,Moscow City,2026-04-23 04:00:00,80
moscow,3,Moscow City,2026-04-23 05:00:00,81
moscow,3,Moscow City,2026-04-23 06:00:00,99
moscow,3,Moscow City,2026-04-23 07:00:00,116
moscow,3,Moscow City,2026-04-23 08:00:00,124
moscow,3,Moscow City,2026-04-23 09:00:00,113
moscow,3,Moscow City,2026-04-23 10:00:00,97
moscow,3,Moscow City,2026-04-23 11:00:00,84
moscow,3,Moscow City,2026-04-23 12:00:00,78
moscow,3,Moscow City,2026-04-23 13:00:00,70
moscow,3,Moscow City,2026-04-23 14:00:00,77
moscow,3,Moscow City,2026-04-23 15:00:00,90
moscow,3,Moscow City,2026-04-23 16:00:00,91
moscow,3,Moscow City,2026-04-23 17:00:00,105
moscow,3,Moscow City,2026-04-23 18:00:00,115
moscow,3,Moscow City,2026-04-23 19:00:00,104
moscow,3,Moscow City,2026-04-23 20:00:00,94
moscow,3,Moscow City,2026-04-23 21:00:00,91
moscow,3,Moscow City,2026-04-23 22:00:00,76
moscow,3,Moscow City,2026-04-23 23:00:00,77
moscow,3,Moscow City,2026-04-24 00:00:00,72
moscow,3,Moscow City,2026-04-24 01:00:00,69
moscow,3,Moscow City,2026-04-24 02:00:00,73
moscow,3,Moscow City,2026-04-24 03:00:00,74
moscow,3,Moscow City,2026-04-24 04:00:00,83
moscow,3,Moscow City,2026-04-24 05:00:00,87
moscow,3,Moscow City,2026-04-24 06:00:00,105
moscow,3,Moscow City,2026-04-24 07:00:00,121
moscow,3,Moscow City,2026-04-24 08:00:00,131
moscow,3,Moscow City,2026-04-24 09:00:00,116
moscow,3,Moscow City,2026-04-24 10:00:00,110
moscow,3,Moscow City,2026-04-24 11:00:00,91
moscow,3,Moscow City,2026-04-24 12:00:00,74
moscow,3,Moscow City,2026-04-24 13:00:00,82
moscow,3,Moscow City,2026-04-24 14:00:00,89
moscow,3,Moscow City,2026-04-24 15:00:00,92
moscow,3,Moscow City,2026-04-24 16:00:00,104
moscow,3,Moscow City,2026-04-24 17:00:00,108
moscow,3,Moscow City,2026-04-24 18:00:00,104
moscow,3,Moscow City,2026-04-24 19:00:00,100
moscow,3,Moscow City,2026-04-24 20:00:00,99
moscow,3,Moscow City,2026-04-24 21:00:00,85
moscow,3,Moscow City,2026-04-24 22:00:00,75
moscow,3,Moscow City,2026-04-24 23:00:00,74
moscow,3,Moscow City,2026-04-25 00:00:00,65
moscow,3,Moscow City,2026-04-25 01:00:00,56
moscow,3,Moscow City,2026-04-25 02:00:00,61
moscow,3,Moscow City,2026-04-25 03:00:00,71
moscow,3,Moscow City,2026-04-25 04:00:00,64
moscow,3,Moscow City,2026-04-25 05:00:00,81
moscow,3,Moscow City,2026-04-25 06:00:00,88
moscow,3,Moscow City,2026-04-25 07:00:00,105
moscow,3,Moscow City,2026-04-25 08:00:00,113
moscow,3,Moscow City,2026-04-25 09:00:00,106
moscow,3,Moscow City,2026-04-25 10:00:00,94
moscow,3,Moscow City,2026-04-25 11:00:00,73
moscow,3,Moscow City,2026-04-25 12:00:00,75
moscow,3,Moscow City,2026-04-25 13:00:00,64
moscow,3,Moscow City,2026-04-25 14:00:00,71
moscow,3,Moscow City,2026-04-25 15:00:00,77
moscow,3,Moscow City,2026-04-25 16:00:00,87
moscow,3,Moscow City,2026-04-25 17:00:00,94
moscow,3,Moscow City,2026-04-25 18:00:00,92
moscow,3,Moscow City,2026-04-25 19:00:00,87
moscow,3,Moscow City,2026-04-25 20:00:00,110
moscow,3,Moscow City,2026-04-25 21:00:00,95
moscow,3,Moscow City,2026-04-25 22:00:00,90
moscow,3,Moscow City,2026-04-25 23:00:00,79
moscow,3,Moscow City,2026-04-26 00:00:00,58
moscow,3,Moscow City,2026-04-26 01:00:00,69
moscow,3,Moscow City,2026-04-26 02:00:00,63
moscow,3,Moscow City,2026-04-26 03:00:00,68
moscow,3,Moscow City,2026-04-26 04:00:00,68
moscow,3,Moscow City,2026-04-26 05:00:00,86
moscow,3,Moscow City,2026-04-26 06:00:00,88
moscow,3,Moscow City,2026-04-26 07:00:00,103
moscow,3,Moscow City,2026-04-26 08:00:00,110
moscow,3,Moscow City,2026-04-26 09:00:00,100
moscow,3,Moscow City,2026-04-26 10:00:00,93
moscow,3,Moscow City,2026-04-26 11:00:00,86
moscow,3,Moscow City,2026-04-26 12:00:00,69
moscow,3,Moscow City,2026-04-26 13:00:00,71
moscow,3,Moscow City,2026-04-26 14:00:00,59
moscow,3,Moscow City,2026-04-26 15:00:00,78
moscow,3,Moscow City,2026-04-26 16:00:00,85
moscow,3,Moscow City,2026-04-26 17:00:00,91
moscow,3,Moscow City,2026-04-26 18:00:00,102
moscow,3,Moscow City,2026-04-26 19:00:00,93
moscow,3,Moscow City,2026-04-26 20:00:00,107
moscow,3,Moscow City,2026-04-26 21:00:00,94
moscow,3,Moscow City,2026-04-26 22:00:00,78
moscow,3,Moscow City,2026-04-26 23:00:00,76
moscow,3,Moscow City,2026-04-27 00:00:00,80
moscow,3,Moscow City,2026-04-27 01:00:00,66
moscow,3,Moscow City,2026-04-27 02:00:00,73
moscow,3,Moscow City,2026-04-27 03:00:00,76
moscow,3,Moscow City,2026-04-27 04:00:00,91
moscow,3,Moscow City,2026-04-27 05:00:00,97
moscow,3,Moscow City,2026-04-27 06:00:00,108
moscow,3,Moscow City,2026-04-27 07:00:00,131
moscow,3,Moscow City,2026-04-27 08:00:00,129
moscow,3,Moscow City,2026-04-27 09:00:00,130
moscow,3,Moscow City,2026-04-27 10:00:00,104
moscow,3,Moscow City,2026-04-27 11:00:00,99
moscow,3,Moscow City,2026-04-27 12:00:00,83
moscow,3,Moscow City,2026-04-27 13:00:00,77
moscow,3,Moscow City,2026-04-27 14:00:00,83
moscow,3,Moscow City,2026-04-27 15:00:00,94
moscow,3,Moscow City,2026-04-27 16:00:00,101
moscow,3,Moscow City,2026-04-27 17:00:00,115
moscow,3,Moscow City,2026-04-27 18:00:00,114
moscow,3,Moscow City,2026-04-27 19:00:00,115
moscow,3,Moscow City,2026-04-27 20:00:00,105
moscow,3,Moscow City,2026-04-27 21:00:00,92
moscow,3,Moscow City,2026-04-27 22:00:00,82
moscow,3,Moscow City,2026-04-27 23:00:00,80
moscow,3,Moscow City,2026-04-28 00:00:00,80
moscow,3,Moscow City,2026-04-28 01:00:00,86
moscow,3,Moscow City,2026-04-28 02:00:00,82
moscow,3,Moscow City,2026-04-28 03:00:00,84
moscow,3,Moscow City,2026-04-28 04:00:00,98
moscow,3,Moscow City,2026-04-28 05:00:00,98
moscow,3,Moscow City,2026-04-28 06:00:00,114
moscow,3,Moscow City,2026-04-28 07:00:00,130
moscow,3,Moscow City,2026-04-28 08:00:00,130
moscow,3,Moscow City,2026-04-28 09:00:00,125
moscow,3,Moscow City,2026-04-28 10:00:00,110
moscow,3,Moscow City,2026-04-28 11:00:00,99
moscow,3,Moscow City,2026-04-28 12:00:00,85
moscow,3,Moscow City,2026-04-28 13:00:00,84
moscow,3,Moscow City,2026-04-28 14:00:00,91
moscow,3,Moscow City,2026-04-28 15:00:00,98
moscow,3,Moscow City,2026-04-28 16:00:00,104
moscow,3,Moscow City,2026-04-28 17:00:00,111
moscow,3,Moscow City,2026-04-28 18:00:00,123
moscow,3,Moscow City,2026-04-28 19:00:00,118
moscow,3,Moscow City,2026-04-28 20:00:00,98
moscow,3,Moscow City,2026-04-28 21:00:00,92
moscow,3,Moscow City,2026-04-28 22:00:00,86
moscow,3,Moscow City,2026-04-28 23:00:00,84
moscow,3,Moscow City,2026-04-29 00:00:00,83
moscow,3,Moscow City,2026-04-29 01:00:00,80
moscow,3,Moscow City,2026-04-29 02:00:00,82
moscow,3,Moscow City,2026-04-29 03:00:00,82
moscow,3,Moscow City,2026-04-29 04:00:00,84
moscow,3,Moscow City,2026-04-29 05:00:00,96
moscow,3,Moscow City,2026-04-29 06:00:00,113
moscow,3,Moscow City,2026-04-29 07:00:00,129
moscow,3,Moscow City,2026-04-29 08:00:00,127
moscow,3,Moscow City,2026-04-29 09:00:00,127
moscow,3,Moscow City,2026-04-29 10:00:00,114
moscow,3,Moscow City,2026-04-29 11:00:00,96
moscow,3,Moscow City,2026-04-29 12:00:00,87
moscow,3,Moscow City,2026-04-29 13:00:00,87
moscow,3,Moscow City,2026-04-29 14:00:00,83
moscow,3,Moscow City,2026-04-29 15:00:00,88
moscow,3,Moscow City,2026-04-29 16:00:00,105
moscow,3,Moscow City,2026-04-29 17:00:00,119
moscow,3,Moscow City,2026-04-29 18:00:00,127
moscow,3,Moscow City,2026-04-29 19:00:00,119
moscow,3,Moscow City,2026-04-29 20:00:00,100
moscow,3,Moscow City,2026-04-29 21:00:00,94
moscow,3,Moscow City,2026-04-29 22:00:00,88
moscow,3,Moscow City,2026-04-29 23:00:00,83
moscow,3,Moscow City,2026-04-30 00:00:00,83
moscow,3,Moscow City,2026-04-30 01:00:00,77
moscow,3,Moscow City,2026-04-30 02:00:00,81
moscow,3,Moscow City,2026-04-30 03:00:00,85
moscow,3,Moscow City,2026-04-30 04:00:00,92
moscow,3,Moscow City,2026-04-30 05:00:00,95
moscow,3,Moscow City,2026-04-30 06:00:00,113
moscow,3,Moscow City,2026-04-30 07:00:00,119
moscow,3,Moscow City,2026-04-30 08:00:00,135
moscow,3,Moscow City,2026-04-30 09:00:00,128
moscow,3,Moscow City,2026-04-30 10:00:00,111
moscow,3,Moscow City,2026-04-30 11:00:00,100
moscow,3,Moscow City,2026-04-30 12:00:00,89
moscow,3,Moscow City,2026-04-30 13:00:00,76
moscow,3,Moscow City,2026-04-30 14:00:00,90
moscow,3,Moscow City,2026-04-30 15:00:00,93
moscow,3,Moscow City,2026-04-30 16:00:00,110
moscow,3,Moscow City,2026-04-30 17:00:00,112
moscow,3,Moscow City,2026-04-30 18:00:00,122
moscow,3,Moscow City,2026-04-30 19:00:00,116
moscow,3,Moscow City,2026-04-30 20:00:00,109
moscow,3,Moscow City,2026-04-30 21:00:00,98
moscow,3,Moscow City,2026-04-30 22:00:00,88
moscow,3,Moscow City,2026-04-30 23:00:00,77
moscow,3,Moscow City,2026-05-01 00:00:00,76
moscow,3,Moscow City,2026-05-01 01:00:00,80
moscow,3,Moscow City,2026-05-01 02:00:00,83
moscow,3,Moscow City,2026-05-01 03:00:00,82
moscow,3,Moscow City,2026-05-01 04:00:00,93
moscow,3,Moscow City,2026-05-01 05:00:00,99
moscow,3,Moscow City,2026-05-01 06:00:00,112
moscow,3,Moscow City,2026-05-01 07:00:00,131
moscow,3,Moscow City,2026-05-01 08:00:00,140
moscow,3,Moscow City,2026-05-01 09:00:00,134
moscow,3,Moscow City,2026-05-01 10:00:00,125
moscow,3,Moscow City,2026-05-01 11:00:00,98
moscow,3,Moscow City,2026-05-01 12:00:00,91
moscow,3,Moscow City,2026-05-01 13:00:00,90
moscow,3,Moscow City,2026-05-01 14:00:00,91
moscow,3,Moscow City,2026-05-01 15:00:00,97
moscow,3,Moscow City,2026-05-01 16:00:00,103
moscow,3,Moscow City,2026-05-01 17:00:00,117
moscow,3,Moscow City,2026-05-01 18:00:00,118
moscow,3,Moscow City,2026-05-01 19:00:00,112
moscow,3,Moscow City,2026-05-01 20:00:00,106
moscow,3,Moscow City,2026-05-01 21:00:00,94
moscow,3,Moscow City,2026-05-01 22:00:00,93
moscow,3,Moscow City,2026-05-01 23:00:00,88
moscow,3,Moscow City,2026-05-02 00:00:00,70
moscow,3,Moscow City,2026-05-02 01:00:00,73
moscow,3,Moscow City,2026-05-02 02:00:00,67
moscow,3,Moscow City,2026-05-02 03:00:00,74
moscow,3,Moscow City,2026-05-02 04:00:00,82
moscow,3,Moscow City,2026-05-02 05:00:00,93
moscow,3,Moscow City,2026-05-02 06:00:00,99
moscow,3,Moscow City,2026-05-02 07:00:00,119
moscow,3,Moscow City,2026-05-02 08:00:00,113
moscow,3,Moscow City,2026-05-02 09:00:00,109
moscow,3,Moscow City,2026-05-02 10:00:00,105
moscow,3,Moscow City,2026-05-02 11:00:00,97
moscow,3,Moscow City,2026-05-02 12:00:00,83
moscow,3,Moscow City,2026-05-02 13:00:00,79
moscow,3,Moscow City,2026-05-02 14:00:00,72
moscow,3,Moscow City,2026-05-02 15:00:00,79
moscow,3,Moscow City,2026-05-02 16:00:00,97
moscow,3,Moscow City,2026-05-02 17:00:00,102
moscow,3,Moscow City,2026-05-02 18:00:00,102
moscow,3,Moscow City,2026-05-02 19:00:00,104
moscow,3,Moscow City,2026-05-02 20:00:00,118
moscow,3,Moscow City,2026-05-02 21:00:00,110
moscow,3,Moscow City,2026-05-02 22:00:00,97
moscow,3,Moscow City,2026-05-02 23:00:00,97
moscow,3,Moscow City,2026-05-03 00:00:00,76
moscow,3,Moscow City,2026-05-03 01:00:00,75
moscow,3,Moscow City,2026-05-03 02:00:00,81
moscow,3,Moscow City,2026-05-03 03:00:00,74
moscow,3,Moscow City,2026-05-03 04:00:00,94
moscow,3,Moscow City,2026-05-03 05:00:00,92
moscow,3,Moscow City,2026-05-03 06:00:00,105
moscow,3,Moscow City,2026-05-03 07:00:00,118
moscow,3,Moscow City,2026-05-03 08:00:00,130
moscow,3,Moscow City,2026-05-03 09:00:00,120
moscow,3,Moscow City,2026-05-03 10:00:00,97
moscow,3,Moscow City,2026-05-03 11:00:00,97
moscow,3,Moscow City,2026-05-03 12:00:00,81
moscow,3,Moscow City,2026-05-03 13:00:00,81
moscow,3,Moscow City,2026-05-03 14:00:00,77
moscow,3,Moscow City,2026-05-03 15:00:00,92
moscow,3,Moscow City,2026-05-03 16:00:00,95
moscow,3,Moscow City,2026-05-03 17:00:00,106
moscow,3,Moscow City,2026-05-03 18:00:00,108
moscow,3,Moscow City,2026-05-03 19:00:00,114
moscow,3,Moscow City,2026-05-03 20:00:00,128
moscow,3,Moscow City,2026-05-03 21:00:00,107
moscow,3,Moscow City,2026-05-03 22:00:00,98
moscow,3,Moscow City,2026-05-03 23:00:00,91
moscow,3,Moscow City,2026-05-04 00:00:00,92
moscow,3,Moscow City,2026-05-04 01:00:00,86
moscow,3,Moscow City,2026-05-04 02:00:00,86
moscow,3,Moscow City,2026-05-04 03:00:00,94
moscow,3,Moscow City,2026-05-04 04:00:00,92
moscow,3,Moscow City,2026-05-04 05:00:00,105
moscow,3,Moscow City,2026-05-04 06:00:00,115
moscow,3,Moscow City,2026-05-04 07:00:00,140
moscow,3,Moscow City,2026-05-04 08:00:00,153
moscow,3,Moscow City,2026-05-04 09:00:00,140
moscow,3,Moscow City,2026-05-04 10:00:00,128
moscow,3,Moscow City,2026-05-04 11:00:00,102
moscow,3,Moscow City,2026-05-04 12:00:00,97
moscow,3,Moscow City,2026-05-04 13:00:00,89
moscow,3,Moscow City,2026-05-04 14:00:00,95
moscow,3,Moscow City,2026-05-04 15:00:00,107
moscow,3,Moscow City,2026-05-04 16:00:00,115
moscow,3,Moscow City,2026-05-04 17:00:00,118
moscow,3,Moscow City,2026-05-04 18:00:00,122
moscow,3,Moscow City,2026-05-04 19:00:00,118
moscow,3,Moscow City,2026-05-04 20:00:00,117
moscow,3,Moscow City,2026-05-04 21:00:00,113
moscow,3,Moscow City,2026-05-04 22:00:00,101
moscow,3,Moscow City,2026-05-04 23:00:00,82
moscow,3,Moscow City,2026-05-05 00:00:00,95
moscow,3,Moscow City,2026-05-05 01:00:00,93
moscow,3,Moscow City,2026-05-05 02:00:00,83
moscow,3,Moscow City,2026-05-05 03:00:00,90
moscow,3,Moscow City,2026-05-05 04:00:00,101
moscow,3,Moscow City,2026-05-05 05:00:00,110
moscow,3,Moscow City,2026-05-05 06:00:00,117
moscow,3,Moscow City,2026-05-05 07:00:00,142
moscow,3,Moscow City,2026-05-05 08:00:00,136
moscow,3,Moscow City,2026-05-05 09:00:00,138
moscow,3,Moscow City,2026-05-05 10:00:00,128
moscow,3,Moscow City,2026-05-05 11:00:00,108
moscow,3,Moscow City,2026-05-05 12:00:00,95
moscow,3,Moscow City,2026-05-05 13:00:00,98
moscow,3,Moscow City,2026-05-05 14:00:00,102
moscow,3,Moscow City,2026-05-05 15:00:00,111
moscow,3,Moscow City,2026-05-05 16:00:00,120
moscow,3,Moscow City,2026-05-05 17:00:00,131
moscow,3,Moscow City,2026-05-05 18:00:00,133
moscow,3,Moscow City,2026-05-05 19:00:00,127
moscow,3,Moscow City,2026-05-05 20:00:00,117
moscow,3,Moscow City,2026-05-05 21:00:00,104
moscow,3,Moscow City,2026-05-05 22:00:00,92
moscow,3,Moscow City,2026-05-05 23:00:00,88
moscow,3,Moscow City,2026-05-06 00:00:00,89
moscow,3,Moscow City,2026-05-06 01:00:00,92
moscow,3,Moscow City,2026-05-06 02:00:00,97
moscow,3,Moscow City,2026-05-06 03:00:00,93
moscow,3,Moscow City,2026-05-06 04:00:00,102
moscow,3,Moscow City,2026-05-06 05:00:00,114
moscow,3,Moscow City,2026-05-06 06:00:00,124
moscow,3,Moscow City,2026-05-06 07:00:00,143
moscow,3,Moscow City,2026-05-06 08:00:00,146
moscow,3,Moscow City,2026-05-06 09:00:00,146
moscow,3,Moscow City,2026-05-06 10:00:00,128
moscow,3,Moscow City,2026-05-06 11:00:00,104
moscow,3,Moscow City,2026-05-06 12:00:00,100
moscow,3,Moscow City,2026-05-06 13:00:00,103
moscow,3,Moscow City,2026-05-06 14:00:00,98
moscow,3,Moscow City,2026-05-06 15:00:00,109
moscow,3,Moscow City,2026-05-06 16:00:00,120
moscow,3,Moscow City,2026-05-06 17:00:00,123
moscow,3,Moscow City,2026-05-06 18:00:00,134
moscow,3,Moscow City,2026-05-06 19:00:00,121
moscow,3,Moscow City,2026-05-06 20:00:00,115
moscow,3,Moscow City,2026-05-06 21:00:00,112
moscow,3,Moscow City,2026-05-06 22:00:00,100
moscow,3,Moscow City,2026-05-06 23:00:00,92
moscow,3,Moscow City,2026-05-07 00:00:00,94
moscow,3,Moscow City,2026-05-07 01:00:00,92
moscow,3,Moscow City,2026-05-07 02:00:00,93
moscow,3,Moscow City,2026-05-07 03:00:00,97
moscow,3,Moscow City,2026-05-07 04:00:00,96
moscow,3,Moscow City,2026-05-07 05:00:00,111
moscow,3,Moscow City,2026-05-07 06:00:00,125
moscow,3,Moscow City,2026-05-07 07:00:00,135
moscow,3,Moscow City,2026-05-07 08:00:00,145
moscow,3,Moscow City,2026-05-07 09:00:00,149
moscow,3,Moscow City,2026-05-07 10:00:00,128
moscow,3,Moscow City,2026-05-07 11:00:00,105
moscow,3,Moscow City,2026-05-07 12:00:00,94
moscow,3,Moscow City,2026-05-07 13:00:00,97
moscow,3,Moscow City,2026-05-07 14:00:00,108
moscow,3,Moscow City,2026-05-07 15:00:00,108
moscow,3,Moscow City,2026-05-07 16:00:00,125
moscow,3,Moscow City,2026-05-07 17:00:00,131
moscow,3,Moscow City,2026-05-07 18:00:00,135
moscow,3,Moscow City,2026-05-07 19:00:00,123
moscow,3,Moscow City,2026-05-07 20:00:00,124
moscow,3,Moscow City,2026-05-07 21:00:00,107
moscow,3,Moscow City,2026-05-07 22:00:00,104
moscow,3,Moscow City,2026-05-07 23:00:00,92
moscow,3,Moscow City,2026-05-08 00:00:00,94
moscow,3,Moscow City,2026-05-08 01:00:00,95
moscow,3,Moscow City,2026-05-08 02:00:00,94
moscow,3,Moscow City,2026-05-08 03:00:00,98
moscow,3,Moscow City,2026-05-08 04:00:00,100
moscow,3,Moscow City,2026-05-08 05:00:00,109
moscow,3,Moscow City,2026-05-08 06:00:00,135
moscow,3,Moscow City,2026-05-08 07:00:00,148
moscow,3,Moscow City,2026-05-08 08:00:00,147
moscow,3,Moscow City,2026-05-08 09:00:00,146
moscow,3,Moscow City,2026-05-08 10:00:00,125
moscow,3,Moscow City,2026-05-08 11:00:00,107
moscow,3,Moscow City,2026-05-08 12:00:00,107
moscow,3,Moscow City,2026-05-08 13:00:00,92
moscow,3,Moscow City,2026-05-08 14:00:00,107
moscow,3,Moscow City,2026-05-08 15:00:00,109
moscow,3,Moscow City,2026-05-08 16:00:00,120
moscow,3,Moscow City,2026-05-08 17:00:00,133
moscow,3,Moscow City,2026-05-08 18:00:00,137
moscow,3,Moscow City,2026-05-08 19:00:00,127
moscow,3,Moscow City,2026-05-08 20:00:00,124
moscow,3,Moscow City,2026-05-08 21:00:00,111
moscow,3,Moscow City,2026-05-08 22:00:00,96
moscow,3,Moscow City,2026-05-08 23:00:00,96
moscow,3,Moscow City,2026-05-09 00:00:00,92
moscow,3,Moscow City,2026-05-09 01:00:00,93
moscow,3,Moscow City,2026-05-09 02:00:00,89
moscow,3,Moscow City,2026-05-09 03:00:00,83
moscow,3,Moscow City,2026-05-09 04:00:00,94
moscow,3,Moscow City,2026-05-09 05:00:00,104
moscow,3,Moscow City,2026-05-09 06:00:00,117
moscow,3,Moscow City,2026-05-09 07:00:00,129
moscow,3,Moscow City,2026-05-09 08:00:00,133
moscow,3,Moscow City,2026-05-09 09:00:00,126
moscow,3,Moscow City,2026-05-09 10:00:00,111
moscow,3,Moscow City,2026-05-09 11:00:00,92
moscow,3,Moscow City,2026-05-09 12:00:00,94
moscow,3,Moscow City,2026-05-09 13:00:00,91
moscow,3,Moscow City,2026-05-09 14:00:00,95
moscow,3,Moscow City,2026-05-09 15:00:00,93
moscow,3,Moscow City,2026-05-09 16:00:00,111
moscow,3,Moscow City,2026-05-09 17:00:00,125
moscow,3,Moscow City,2026-05-09 18:00:00,119
moscow,3,Moscow City,2026-05-09 19:00:00,115
moscow,3,Moscow City,2026-05-09 20:00:00,130
moscow,3,Moscow City,2026-05-09 21:00:00,126
moscow,3,Moscow City,2026-05-09 22:00:00,104
moscow,3,Moscow City,2026-05-09 23:00:00,104
moscow,3,Moscow City,2026-05-10 00:00:00,84
moscow,3,Moscow City,2026-05-10 01:00:00,85
moscow,3,Moscow City,2026-05-10 02:00:00,88
moscow,3,Moscow City,2026-05-10 03:00:00,95
moscow,3,Moscow City,2026-05-10 04:00:00,102
moscow,3,Moscow City,2026-05-10 05:00:00,104
moscow,3,Moscow City,2026-05-10 06:00:00,113
moscow,3,Moscow City,2026-05-10 07:00:00,139
moscow,3,Moscow City,2026-05-10 08:00:00,131
moscow,3,Moscow City,2026-05-10 09:00:00,125
moscow,3,Moscow City,2026-05-10 10:00:00,107
moscow,3,Moscow City,2026-05-10 11:00:00,109
moscow,3,Moscow City,2026-05-10 12:00:00,99
moscow,3,Moscow City,2026-05-10 13:00:00,103
moscow,3,Moscow City,2026-05-10 14:00:00,88
moscow,3,Moscow City,2026-05-10 15:00:00,107
moscow,3,Moscow City,2026-05-10 16:00:00,110
moscow,3,Moscow City,2026-05-10 17:00:00,121
moscow,3,Moscow City,2026-05-10 18:00:00,113
moscow,3,Moscow City,2026-05-10 19:00:00,124
moscow,3,Moscow City,2026-05-10 20:00:00,134
moscow,3,Moscow City,2026-05-10 21:00:00,119
moscow,3,Moscow City,2026-05-10 22:00:00,113
moscow,3,Moscow City,2026-05-10 23:00:00,101
moscow,3,Moscow City,2026-05-11 00:00:00,96
moscow,3,Moscow City,2026-05-11 01:00:00,97
moscow,3,Moscow City,2026-05-11 02:00:00,91
moscow,3,Moscow City,2026-05-11 03:00:00,105
moscow,3,Moscow City,2026-05-11 04:00:00,112
moscow,3,Moscow City,2026-05-11 05:00:00,114
moscow,3,Moscow City,2026-05-11 06:00:00,135
moscow,3,Moscow City,2026-05-11 07:00:00,148
moscow,3,Moscow City,2026-05-11 08:00:00,157
moscow,3,Moscow City,2026-05-11 09:00:00,146
moscow,3,Moscow City,2026-05-11 10:00:00,129
moscow,3,Moscow City,2026-05-11 11:00:00,122
moscow,3,Moscow City,2026-05-11 12:00:00,107
moscow,3,Moscow City,2026-05-11 13:00:00,113
moscow,3,Moscow City,2026-05-11 14:00:00,108
moscow,3,Moscow City,2026-05-11 15:00:00,111
moscow,3,Moscow City,2026-05-11 16:00:00,132
moscow,3,Moscow City,2026-05-11 17:00:00,139
moscow,3,Moscow City,2026-05-11 18:00:00,143
moscow,3,Moscow City,2026-05-11 19:00:00,141
moscow,3,Moscow City,2026-05-11 20:00:00,123
moscow,3,Moscow City,2026-05-11 21:00:00,115
moscow,3,Moscow City,2026-05-11 22:00:00,106
moscow,3,Moscow City,2026-05-11 23:00:00,96
moscow,3,Moscow City,2026-05-12 00:00:00,99
moscow,3,Moscow City,2026-05-12 01:00:00,106
moscow,3,Moscow City,2026-05-12 02:00:00,102
moscow,3,Moscow City,2026-05-12 03:00:00,97
moscow,3,Moscow City,2026-05-12 04:00:00,101
moscow,3,Moscow City,2026-05-12 05:00:00,126
moscow,3,Moscow City,2026-05-12 06:00:00,134
moscow,3,Moscow City,2026-05-12 07:00:00,148
moscow,3,Moscow City,2026-05-12 08:00:00,156
moscow,3,Moscow City,2026-05-12 09:00:00,144
moscow,3,Moscow City,2026-05-12 10:00:00,141
moscow,3,Moscow City,2026-05-12 11:00:00,117
moscow,3,Moscow City,2026-05-12 12:00:00,115
moscow,3,Moscow City,2026-05-12 13:00:00,106
moscow,3,Moscow City,2026-05-12 14:00:00,115
moscow,3,Moscow City,2026-05-12 15:00:00,118
moscow,3,Moscow City,2026-05-12 16:00:00,132
moscow,3,Moscow City,2026-05-12 17:00:00,141
moscow,3,Moscow City,2026-05-12 18:00:00,144
moscow,3,Moscow City,2026-05-12 19:00:00,139
moscow,3,Moscow City,2026-05-12 20:00:00,127
moscow,3,Moscow City,2026-05-12 21:00:00,125
moscow,3,Moscow City,2026-05-12 22:00:00,105
moscow,3,Moscow City,2026-05-12 23:00:00,104
moscow,3,Moscow City,2026-05-13 00:00:00,102
moscow,3,Moscow City,2026-05-13 01:00:00,104
moscow,3,Moscow City,2026-05-13 02:00:00,101
moscow,3,Moscow City,2026-05-13 03:00:00,106
moscow,3,Moscow City,2026-05-13 04:00:00,109
moscow,3,Moscow City,2026-05-13 05:00:00,113
moscow,3,Moscow City,2026-05-13 06:00:00,136
moscow,3,Moscow City,2026-05-13 07:00:00,147
moscow,3,Moscow City,2026-05-13 08:00:00,151
moscow,3,Moscow City,2026-05-13 09:00:00,153
moscow,3,Moscow City,2026-05-13 10:00:00,139
moscow,3,Moscow City,2026-05-13 11:00:00,123
moscow,3,Moscow City,2026-05-13 12:00:00,113
moscow,3,Moscow City,2026-05-13 13:00:00,99
moscow,3,Moscow City,2026-05-13 14:00:00,105
moscow,3,Moscow City,2026-05-13 15:00:00,127
moscow,3,Moscow City,2026-05-13 16:00:00,125
moscow,3,Moscow City,2026-05-13 17:00:00,142
moscow,3,Moscow City,2026-05-13 18:00:00,140
moscow,3,Moscow City,2026-05-13 19:00:00,139
moscow,3,Moscow City,2026-05-13 20:00:00,127
moscow,3,Moscow City,2026-05-13 21:00:00,121
moscow,3,Moscow City,2026-05-13 22:00:00,111
moscow,3,Moscow City,2026-05-13 23:00:00,103
moscow,3,Moscow City,2026-05-14 00:00:00,99
moscow,3,Moscow City,2026-05-14 01:00:00,105
moscow,3,Moscow City,2026-05-14 02:00:00,99
moscow,3,Moscow City,2026-05-14 03:00:00,108
moscow,3,Moscow City,2026-05-14 04:00:00,123
moscow,3,Moscow City,2026-05-14 05:00:00,128
moscow,3,Moscow City,2026-05-14 06:00:00,141
moscow,3,Moscow City,2026-05-14 07:00:00,153
moscow,3,Moscow City,2026-05-14 08:00:00,152
moscow,3,Moscow City,2026-05-14 09:00:00,148
moscow,3,Moscow City,2026-05-14 10:00:00,144
moscow,3,Moscow City,2026-05-14 11:00:00,119
moscow,3,Moscow City,2026-05-14 12:00:00,109
moscow,3,Moscow City,2026-05-14 13:00:00,109
moscow,3,Moscow City,2026-05-14 14:00:00,108
moscow,3,Moscow City,2026-05-14 15:00:00,115
moscow,3,Moscow City,2026-05-14 16:00:00,131
moscow,3,Moscow City,2026-05-14 17:00:00,137
moscow,3,Moscow City,2026-05-14 18:00:00,141
moscow,3,Moscow City,2026-05-14 19:00:00,137
moscow,3,Moscow City,2026-05-14 20:00:00,133
moscow,3,Moscow City,2026-05-14 21:00:00,119
moscow,3,Moscow City,2026-05-14 22:00:00,111
moscow,3,Moscow City,2026-05-14 23:00:00,110
moscow,3,Moscow City,2026-05-15 00:00:00,105
moscow,3,Moscow City,2026-05-15 01:00:00,104
moscow,3,Moscow City,2026-05-15 02:00:00,108
moscow,3,Moscow City,2026-05-15 03:00:00,111
moscow,3,Moscow City,2026-05-15 04:00:00,112
moscow,3,Moscow City,2026-05-15 05:00:00,124
moscow,3,Moscow City,2026-05-15 06:00:00,136
moscow,3,Moscow City,2026-05-15 07:00:00,152
moscow,3,Moscow City,2026-05-15 08:00:00,165
moscow,3,Moscow City,2026-05-15 09:00:00,157
moscow,3,Moscow City,2026-05-15 10:00:00,142
moscow,3,Moscow City,2026-05-15 11:00:00,125
moscow,3,Moscow City,2026-05-15 12:00:00,114
moscow,3,Moscow City,2026-05-15 13:00:00,114
moscow,3,Moscow City,2026-05-15 14:00:00,118
moscow,3,Moscow City,2026-05-15 15:00:00,126
moscow,3,Moscow City,2026-05-15 16:00:00,132
moscow,3,Moscow City,2026-05-15 17:00:00,148
moscow,3,Moscow City,2026-05-15 18:00:00,147
moscow,3,Moscow City,2026-05-15 19:00:00,145
moscow,3,Moscow City,2026-05-15 20:00:00,134
moscow,3,Moscow City,2026-05-15 21:00:00,123
moscow,3,Moscow City,2026-05-15 22:00:00,110
moscow,3,Moscow City,2026-05-15 23:00:00,112
moscow,3,Moscow City,2026-05-16 00:00:00,110
moscow,3,Moscow City,2026-05-16 01:00:00,96
moscow,3,Moscow City,2026-05-16 02:00:00,98
moscow,3,Moscow City,2026-05-16 03:00:00,97
moscow,3,Moscow City,2026-05-16 04:00:00,101
moscow,3,Moscow City,2026-05-16 05:00:00,119
moscow,3,Moscow City,2026-05-16 06:00:00,122
moscow,3,Moscow City,2026-05-16 07:00:00,135
moscow,3,Moscow City,2026-05-16 08:00:00,136
moscow,3,Moscow City,2026-05-16 09:00:00,134
moscow,3,Moscow City,2026-05-16 10:00:00,118
moscow,3,Moscow City,2026-05-16 11:00:00,115
moscow,3,Moscow City,2026-05-16 12:00:00,117
moscow,3,Moscow City,2026-05-16 13:00:00,100
moscow,3,Moscow City,2026-05-16 14:00:00,97
moscow,3,Moscow City,2026-05-16 15:00:00,115
moscow,3,Moscow City,2026-05-16 16:00:00,116
moscow,3,Moscow City,2026-05-16 17:00:00,133
moscow,3,Moscow City,2026-05-16 18:00:00,129
moscow,3,Moscow City,2026-05-16 19:00:00,124
moscow,3,Moscow City,2026-05-16 20:00:00,140
moscow,3,Moscow City,2026-05-16 21:00:00,132
moscow,3,Moscow City,2026-05-16 22:00:00,119
moscow,3,Moscow City,2026-05-16 23:00:00,112
moscow,3,Moscow City,2026-05-17 00:00:00,98
moscow,3,Moscow City,2026-05-17 01:00:00,94
moscow,3,Moscow City,2026-05-17 02:00:00,101
moscow,3,Moscow City,2026-05-17 03:00:00,93
moscow,3,Moscow City,2026-05-17 04:00:00,103
moscow,3,Moscow City,2026-05-17 05:00:00,117
moscow,3,Moscow City,2026-05-17 06:00:00,128
moscow,3,Moscow City,2026-05-17 07:00:00,142
moscow,3,Moscow City,2026-05-17 08:00:00,144
moscow,3,Moscow City,2026-05-17 09:00:00,144
moscow,3,Moscow City,2026-05-17 10:00:00,131
moscow,3,Moscow City,2026-05-17 11:00:00,116
moscow,3,Moscow City,2026-05-17 12:00:00,110
moscow,3,Moscow City,2026-05-17 13:00:00,107
moscow,3,Moscow City,2026-05-17 14:00:00,104
moscow,3,Moscow City,2026-05-17 15:00:00,107
moscow,3,Moscow City,2026-05-17 16:00:00,123
moscow,3,Moscow City,2026-05-17 17:00:00,131
moscow,3,Moscow City,2026-05-17 18:00:00,137
moscow,3,Moscow City,2026-05-17 19:00:00,125
moscow,3,Moscow City,2026-05-17 20:00:00,138
moscow,3,Moscow City,2026-05-17 21:00:00,132
moscow,3,Moscow City,2026-05-17 22:00:00,121
moscow,3,Moscow City,2026-05-17 23:00:00,108
moscow,3,Moscow City,2026-05-18 00:00:00,112
moscow,3,Moscow City,2026-05-18 01:00:00,102
moscow,3,Moscow City,2026-05-18 02:00:00,107
moscow,3,Moscow City,2026-05-18 03:00:00,119
moscow,3,Moscow City,2026-05-18 04:00:00,126
moscow,3,Moscow City,2026-05-18 05:00:00,123
moscow,3,Moscow City,2026-05-18 06:00:00,143
moscow,3,Moscow City,2026-05-18 07:00:00,161
moscow,3,Moscow City,2026-05-18 08:00:00,175
moscow,3,Moscow City,2026-05-18 09:00:00,158
moscow,3,Moscow City,2026-05-18 10:00:00,143
moscow,3,Moscow City,2026-05-18 11:00:00,136
moscow,3,Moscow City,2026-05-18 12:00:00,117
moscow,3,Moscow City,2026-05-18 13:00:00,119
moscow,3,Moscow City,2026-05-18 14:00:00,113
moscow,3,Moscow City,2026-05-18 15:00:00,126
moscow,3,Moscow City,2026-05-18 16:00:00,130
moscow,3,Moscow City,2026-05-18 17:00:00,143
moscow,3,Moscow City,2026-05-18 18:00:00,155
moscow,3,Moscow City,2026-05-18 19:00:00,147
moscow,3,Moscow City,2026-05-18 20:00:00,136
moscow,3,Moscow City,2026-05-18 21:00:00,124
moscow,3,Moscow City,2026-05-18 22:00:00,117
moscow,3,Moscow City,2026-05-18 23:00:00,115
moscow,3,Moscow City,2026-05-19 00:00:00,116
moscow,3,Moscow City,2026-05-19 01:00:00,100
moscow,3,Moscow City,2026-05-19 02:00:00,109
moscow,3,Moscow City,2026-05-19 03:00:00,115
moscow,3,Moscow City,2026-05-19 04:00:00,119
moscow,3,Moscow City,2026-05-19 05:00:00,132
moscow,3,Moscow City,2026-05-19 06:00:00,147
moscow,3,Moscow City,2026-05-19 07:00:00,161
moscow,3,Moscow City,2026-05-19 08:00:00,166
moscow,3,Moscow City,2026-05-19 09:00:00,161
moscow,3,Moscow City,2026-05-19 10:00:00,151
moscow,3,Moscow City,2026-05-19 11:00:00,127
moscow,3,Moscow City,2026-05-19 12:00:00,120
moscow,3,Moscow City,2026-05-19 13:00:00,118
moscow,3,Moscow City,2026-05-19 14:00:00,128
moscow,3,Moscow City,2026-05-19 15:00:00,127
moscow,3,Moscow City,2026-05-19 16:00:00,144
moscow,3,Moscow City,2026-05-19 17:00:00,154
moscow,3,Moscow City,2026-05-19 18:00:00,153
moscow,3,Moscow City,2026-05-19 19:00:00,148
moscow,3,Moscow City,2026-05-19 20:00:00,138
moscow,3,Moscow City,2026-05-19 21:00:00,127
moscow,3,Moscow City,2026-05-19 22:00:00,124
moscow,3,Moscow City,2026-05-19 23:00:00,116
moscow,3,Moscow City,2026-05-20 00:00:00,114
moscow,3,Moscow City,2026-05-20 01:00:00,109
moscow,3,Moscow City,2026-05-20 02:00:00,110
moscow,3,Moscow City,2026-05-20 03:00:00,125
moscow,3,Moscow City,2026-05-20 04:00:00,120
moscow,3,Moscow City,2026-05-20 05:00:00,129
moscow,3,Moscow City,2026-05-20 06:00:00,154
moscow,3,Moscow City,2026-05-20 07:00:00,165
moscow,3,Moscow City,2026-05-20 08:00:00,173
moscow,3,Moscow City,2026-05-20 09:00:00,163
moscow,3,Moscow City,2026-05-20 10:00:00,147
moscow,3,Moscow City,2026-05-20 11:00:00,131
moscow,3,Moscow City,2026-05-20 12:00:00,116
moscow,3,Moscow City,2026-05-20 13:00:00,119
moscow,3,Moscow City,2026-05-20 14:00:00,124
moscow,3,Moscow City,2026-05-20 15:00:00,138
moscow,3,Moscow City,2026-05-20 16:00:00,141
moscow,3,Moscow City,2026-05-20 17:00:00,140
moscow,3,Moscow City,2026-05-20 18:00:00,154
moscow,3,Moscow City,2026-05-20 19:00:00,163
moscow,3,Moscow City,2026-05-20 20:00:00,145
moscow,3,Moscow City,2026-05-20 21:00:00,127
moscow,3,Moscow City,2026-05-20 22:00:00,124
moscow,3,Moscow City,2026-05-20 23:00:00,114
moscow,3,Moscow City,2026-05-21 00:00:00,109
moscow,3,Moscow City,2026-05-21 01:00:00,114
moscow,3,Moscow City,2026-05-21 02:00:00,116
moscow,3,Moscow City,2026-05-21 03:00:00,109
moscow,3,Moscow City,2026-05-21 04:00:00,118
moscow,3,Moscow City,2026-05-21 05:00:00,134
moscow,3,Moscow City,2026-05-21 06:00:00,148
moscow,3,Moscow City,2026-05-21 07:00:00,167
moscow,3,Moscow City,2026-05-21 08:00:00,167
moscow,3,Moscow City,2026-05-21 09:00:00,168
moscow,3,Moscow City,2026-05-21 10:00:00,144
moscow,3,Moscow City,2026-05-21 11:00:00,141
moscow,3,Moscow City,2026-05-21 12:00:00,116
moscow,3,Moscow City,2026-05-21 13:00:00,116
moscow,3,Moscow City,2026-05-21 14:00:00,126
moscow,3,Moscow City,2026-05-21 15:00:00,139
moscow,3,Moscow City,2026-05-21 16:00:00,144
moscow,3,Moscow City,2026-05-21 17:00:00,155
moscow,3,Moscow City,2026-05-21 18:00:00,156
moscow,3,Moscow City,2026-05-21 19:00:00,148
moscow,3,Moscow City,2026-05-21 20:00:00,140
moscow,3,Moscow City,2026-05-21 21:00:00,126
moscow,3,Moscow City,2026-05-21 22:00:00,118
moscow,3,Moscow City,2026-05-21 23:00:00,120
moscow,3,Moscow City,2026-05-22 00:00:00,112
moscow,3,Moscow City,2026-05-22 01:00:00,118
moscow,3,Moscow City,2026-05-22 02:00:00,112
moscow,3,Moscow City,2026-05-22 03:00:00,121
moscow,3,Moscow City,2026-05-22 04:00:00,122
moscow,3,Moscow City,2026-05-22 05:00:00,141
moscow,3,Moscow City,2026-05-22 06:00:00,153
moscow,3,Moscow City,2026-05-22 07:00:00,172
moscow,3,Moscow City,2026-05-22 08:00:00,170
moscow,3,Moscow City,2026-05-22 09:00:00,167
moscow,3,Moscow City,2026-05-22 10:00:00,147
moscow,3,Moscow City,2026-05-22 11:00:00,134
moscow,3,Moscow City,2026-05-22 12:00:00,124
moscow,3,Moscow City,2026-05-22 13:00:00,119
moscow,3,Moscow City,2026-05-22 14:00:00,120
moscow,3,Moscow City,2026-05-22 15:00:00,127
moscow,3,Moscow City,2026-05-22 16:00:00,134
moscow,3,Moscow City,2026-05-22 17:00:00,149
moscow,3,Moscow City,2026-05-22 18:00:00,161
moscow,3,Moscow City,2026-05-22 19:00:00,147
moscow,3,Moscow City,2026-05-22 20:00:00,138
moscow,3,Moscow City,2026-05-22 21:00:00,141
moscow,3,Moscow City,2026-05-22 22:00:00,122
moscow,3,Moscow City,2026-05-22 23:00:00,122
moscow,3,Moscow City,2026-05-23 00:00:00,112
moscow,3,Moscow City,2026-05-23 01:00:00,112
moscow,3,Moscow City,2026-05-23 02:00:00,103
moscow,3,Moscow City,2026-05-23 03:00:00,110
moscow,3,Moscow City,2026-05-23 04:00:00,108
moscow,3,Moscow City,2026-05-23 05:00:00,134
moscow,3,Moscow City,2026-05-23 06:00:00,130
moscow,3,Moscow City,2026-05-23 07:00:00,144
moscow,3,Moscow City,2026-05-23 08:00:00,150
moscow,3,Moscow City,2026-05-23 09:00:00,143
moscow,3,Moscow City,2026-05-23 10:00:00,143
moscow,3,Moscow City,2026-05-23 11:00:00,135
moscow,3,Moscow City,2026-05-23 12:00:00,114
moscow,3,Moscow City,2026-05-23 13:00:00,108
moscow,3,Moscow City,2026-05-23 14:00:00,106
moscow,3,Moscow City,2026-05-23 15:00:00,121
moscow,3,Moscow City,2026-05-23 16:00:00,130
moscow,3,Moscow City,2026-05-23 17:00:00,136
moscow,3,Moscow City,2026-05-23 18:00:00,143
moscow,3,Moscow City,2026-05-23 19:00:00,140
moscow,3,Moscow City,2026-05-23 20:00:00,153
moscow,3,Moscow City,2026-05-23 21:00:00,139
moscow,3,Moscow City,2026-05-23 22:00:00,126
moscow,3,Moscow City,2026-05-23 23:00:00,129
moscow,3,Moscow City,2026-05-24 00:00:00,111
moscow,3,Moscow City,2026-05-24 01:00:00,115
moscow,3,Moscow City,2026-05-24 02:00:00,115
moscow,3,Moscow City,2026-05-24 03:00:00,106
moscow,3,Moscow City,2026-05-24 04:00:00,110
moscow,3,Moscow City,2026-05-24 05:00:00,122
moscow,3,Moscow City,2026-05-24 06:00:00,134
moscow,3,Moscow City,2026-05-24 07:00:00,154
moscow,3,Moscow City,2026-05-24 08:00:00,158
moscow,3,Moscow City,2026-05-24 09:00:00,156
moscow,3,Moscow City,2026-05-24 10:00:00,140
moscow,3,Moscow City,2026-05-24 11:00:00,126
moscow,3,Moscow City,2026-05-24 12:00:00,123
moscow,3,Moscow City,2026-05-24 13:00:00,117
moscow,3,Moscow City,2026-05-24 14:00:00,118
moscow,3,Moscow City,2026-05-24 15:00:00,131
moscow,3,Moscow City,2026-05-24 16:00:00,133
moscow,3,Moscow City,2026-05-24 17:00:00,139
moscow,3,Moscow City,2026-05-24 18:00:00,140
moscow,3,Moscow City,2026-05-24 19:00:00,143
moscow,3,Moscow City,2026-05-24 20:00:00,159
moscow,3,Moscow City,2026-05-24 21:00:00,142
moscow,3,Moscow City,2026-05-24 22:00:00,139
moscow,3,Moscow City,2026-05-24 23:00:00,119
moscow,3,Moscow City,2026-05-25 00:00:00,121
moscow,3,Moscow City,2026-05-25 01:00:00,122
moscow,3,Moscow City,2026-05-25 02:00:00,119
moscow,3,Moscow City,2026-05-25 03:00:00,135
moscow,3,Moscow City,2026-05-25 04:00:00,129
moscow,3,Moscow City,2026-05-25 05:00:00,138
moscow,3,Moscow City,2026-05-25 06:00:00,156
moscow,3,Moscow City,2026-05-25 07:00:00,163
moscow,3,Moscow City,2026-05-25 08:00:00,175
moscow,3,Moscow City,2026-05-25 09:00:00,176
moscow,3,Moscow City,2026-05-25 10:00:00,154
moscow,3,Moscow City,2026-05-25 11:00:00,137
moscow,3,Moscow City,2026-05-25 12:00:00,136
moscow,3,Moscow City,2026-05-25 13:00:00,133
moscow,3,Moscow City,2026-05-25 14:00:00,133
moscow,3,Moscow City,2026-05-25 15:00:00,137
moscow,3,Moscow City,2026-05-25 16:00:00,148
moscow,3,Moscow City,2026-05-25 17:00:00,155
moscow,3,Moscow City,2026-05-25 18:00:00,158
moscow,3,Moscow City,2026-05-25 19:00:00,154
moscow,3,Moscow City,2026-05-25 20:00:00,147
moscow,3,Moscow City,2026-05-25 21:00:00,134
moscow,3,Moscow City,2026-05-25 22:00:00,123
moscow,3,Moscow City,2026-05-25 23:00:00,126
moscow,3,Moscow City,2026-05-26 00:00:00,124
moscow,3,Moscow City,2026-05-26 01:00:00,131
moscow,3,Moscow City,2026-05-26 02:00:00,121
moscow,3,Moscow City,2026-05-26 03:00:00,127
moscow,3,Moscow City,2026-05-26 04:00:00,132
moscow,3,Moscow City,2026-05-26 05:00:00,141
moscow,3,Moscow City,2026-05-26 06:00:00,161
moscow,3,Moscow City,2026-05-26 07:00:00,177
moscow,3,Moscow City,2026-05-26 08:00:00,182
moscow,3,Moscow City,2026-05-26 09:00:00,172
moscow,3,Moscow City,2026-05-26 10:00:00,156
moscow,3,Moscow City,2026-05-26 11:00:00,136
moscow,3,Moscow City,2026-05-26 12:00:00,129
moscow,3,Moscow City,2026-05-26 13:00:00,126
moscow,3,Moscow City,2026-05-26 14:00:00,127
moscow,3,Moscow City,2026-05-26 15:00:00,142
moscow,3,Moscow City,2026-05-26 16:00:00,156
moscow,3,Moscow City,2026-05-26 17:00:00,157
moscow,3,Moscow City,2026-05-26 18:00:00,166
moscow,3,Moscow City,2026-05-26 19:00:00,156
moscow,3,Moscow City,2026-05-26 20:00:00,150
moscow,3,Moscow City,2026-05-26 21:00:00,137
moscow,3,Moscow City,2026-05-26 22:00:00,134
moscow,3,Moscow City,2026-05-26 23:00:00,124
moscow,3,Moscow City,2026-05-27 00:00:00,129
moscow,3,Moscow City,2026-05-27 01:00:00,124
moscow,3,Moscow City,2026-05-27 02:00:00,123
moscow,3,Moscow City,2026-05-27 03:00:00,122
moscow,3,Moscow City,2026-05-27 04:00:00,134
moscow,3,Moscow City,2026-05-27 05:00:00,147
moscow,3,Moscow City,2026-05-27 06:00:00,161
moscow,3,Moscow City,2026-05-27 07:00:00,185
moscow,3,Moscow City,2026-05-27 08:00:00,188
moscow,3,Moscow City,2026-05-27 09:00:00,174
moscow,3,Moscow City,2026-05-27 10:00:00,158
moscow,3,Moscow City,2026-05-27 11:00:00,146
moscow,3,Moscow City,2026-05-27 12:00:00,130
moscow,3,Moscow City,2026-05-27 13:00:00,136
moscow,3,Moscow City,2026-05-27 14:00:00,136
moscow,3,Moscow City,2026-05-27 15:00:00,143
moscow,3,Moscow City,2026-05-27 16:00:00,156
moscow,3,Moscow City,2026-05-27 17:00:00,170
moscow,3,Moscow City,2026-05-27 18:00:00,167
moscow,3,Moscow City,2026-05-27 19:00:00,162
moscow,3,Moscow City,2026-05-27 20:00:00,159
moscow,3,Moscow City,2026-05-27 21:00:00,146
moscow,3,Moscow City,2026-05-27 22:00:00,132
moscow,3,Moscow City,2026-05-27 23:00:00,128
moscow,3,Moscow City,2026-05-28 00:00:00,128
moscow,3,Moscow City,2026-05-28 01:00:00,128
moscow,3,Moscow City,2026-05-28 02:00:00,121
moscow,3,Moscow City,2026-05-28 03:00:00,122
moscow,3,Moscow City,2026-05-28 04:00:00,130
moscow,3,Moscow City,2026-05-28 05:00:00,141
moscow,3,Moscow City,2026-05-28 06:00:00,158
moscow,3,Moscow City,2026-05-28 07:00:00,180
moscow,3,Moscow City,2026-05-28 08:00:00,183
moscow,3,Moscow City,2026-05-28 09:00:00,178
moscow,3,Moscow City,2026-05-28 10:00:00,156
moscow,3,Moscow City,2026-05-28 11:00:00,143
moscow,3,Moscow City,2026-05-28 12:00:00,138
moscow,3,Moscow City,2026-05-28 13:00:00,135
moscow,3,Moscow City,2026-05-28 14:00:00,132
moscow,3,Moscow City,2026-05-28 15:00:00,144
moscow,3,Moscow City,2026-05-28 16:00:00,164
moscow,3,Moscow City,2026-05-28 17:00:00,164
moscow,3,Moscow City,2026-05-28 18:00:00,165
moscow,3,Moscow City,2026-05-28 19:00:00,163
moscow,3,Moscow City,2026-05-28 20:00:00,155
moscow,3,Moscow City,2026-05-28 21:00:00,143
moscow,3,Moscow City,2026-05-28 22:00:00,135
moscow,3,Moscow City,2026-05-28 23:00:00,124
moscow,3,Moscow City,2026-05-29 00:00:00,124
moscow,3,Moscow City,2026-05-29 01:00:00,128
moscow,3,Moscow City,2026-05-29 02:00:00,128
moscow,3,Moscow City,2026-05-29 03:00:00,128
moscow,3,Moscow City,2026-05-29 04:00:00,135
moscow,3,Moscow City,2026-05-29 05:00:00,147
moscow,3,Moscow City,2026-05-29 06:00:00,167
moscow,3,Moscow City,2026-05-29 07:00:00,178
moscow,3,Moscow City,2026-05-29 08:00:00,187
moscow,3,Moscow City,2026-05-29 09:00:00,176
moscow,3,Moscow City,2026-05-29 10:00:00,165
moscow,3,Moscow City,2026-05-29 11:00:00,149
moscow,3,Moscow City,2026-05-29 12:00:00,141
moscow,3,Moscow City,2026-05-29 13:00:00,137
moscow,3,Moscow City,2026-05-29 14:00:00,140
moscow,3,Moscow City,2026-05-29 15:00:00,145
moscow,3,Moscow City,2026-05-29 16:00:00,157
moscow,3,Moscow City,2026-05-29 17:00:00,170
moscow,3,Moscow City,2026-05-29 18:00:00,167
moscow,3,Moscow City,2026-05-29 19:00:00,163
moscow,3,Moscow City,2026-05-29 20:00:00,157
moscow,3,Moscow City,2026-05-29 21:00:00,147
moscow,3,Moscow City,2026-05-29 22:00:00,133
moscow,3,Moscow City,2026-05-29 23:00:00,131
moscow,3,Moscow City,2026-05-30 00:00:00,120
moscow,3,Moscow City,2026-05-30 01:00:00,111
moscow,3,Moscow City,2026-05-30 02:00:00,120
moscow,3,Moscow City,2026-05-30 03:00:00,122
moscow,3,Moscow City,2026-05-30 04:00:00,126
moscow,3,Moscow City,2026-05-30 05:00:00,141
moscow,3,Moscow City,2026-05-30 06:00:00,143
moscow,3,Moscow City,2026-05-30 07:00:00,157
moscow,3,Moscow City,2026-05-30 08:00:00,154
moscow,3,Moscow City,2026-05-30 09:00:00,159
moscow,3,Moscow City,2026-05-30 10:00:00,146
moscow,3,Moscow City,2026-05-30 11:00:00,133
moscow,3,Moscow City,2026-05-30 12:00:00,132
moscow,3,Moscow City,2026-05-30 13:00:00,129
moscow,3,Moscow City,2026-05-30 14:00:00,128
moscow,3,Moscow City,2026-05-30 15:00:00,132
moscow,3,Moscow City,2026-05-30 16:00:00,147
moscow,3,Moscow City,2026-05-30 17:00:00,150
moscow,3,Moscow City,2026-05-30 18:00:00,150
moscow,3,Moscow City,2026-05-30 19:00:00,143
moscow,3,Moscow City,2026-05-30 20:00:00,162
moscow,3,Moscow City,2026-05-30 21:00:00,155
moscow,3,Moscow City,2026-05-30 22:00:00,153
moscow,3,Moscow City,2026-05-30 23:00:00,138
moscow,3,Moscow City,2026-05-31 00:00:00,119
moscow,3,Moscow City,2026-05-31 01:00:00,117
moscow,3,Moscow City,2026-05-31 02:00:00,125
moscow,3,Moscow City,2026-05-31 03:00:00,116
moscow,3,Moscow City,2026-05-31 04:00:00,131
moscow,3,Moscow City,2026-05-31 05:00:00,140
moscow,3,Moscow City,2026-05-31 06:00:00,152
moscow,3,Moscow City,2026-05-31 07:00:00,161
moscow,3,Moscow City,2026-05-31 08:00:00,170
moscow,3,Moscow City,2026-05-31 09:00:00,163
moscow,3,Moscow City,2026-05-31 10:00:00,146
moscow,3,Moscow City,2026-05-31 11:00:00,145
moscow,3,Moscow City,2026-05-31 12:00:00,128
moscow,3,Moscow City,2026-05-31 13:00:00,130
moscow,3,Moscow City,2026-05-31 14:00:00,119
moscow,3,Moscow City,2026-05-31 15:00:00,141
moscow,3,Moscow City,2026-05-31 16:00:00,151
moscow,3,Moscow City,2026-05-31 17:00:00,152
moscow,3,Moscow City,2026-05-31 18:00:00,157
moscow,3,Moscow City,2026-05-31 19:00:00,154
moscow,3,Moscow City,2026-05-31 20:00:00,162
moscow,3,Moscow City,2026-05-31 21:00:00,156
moscow,3,Moscow City,2026-05-31 22:00:00,141
moscow,3,Moscow City,2026-05-31 23:00:00,136
moscow,3,Moscow City,2026-06-01 00:00:00,138
moscow,3,Moscow City,2026-06-01 01:00:00,138
moscow,3,Moscow City,2026-06-01 02:00:00,131
moscow,3,Moscow City,2026-06-01 03:00:00,133
moscow,3,Moscow City,2026-06-01 04:00:00,138
moscow,3,Moscow City,2026-06-01 05:00:00,155
moscow,3,Moscow City,2026-06-01 06:00:00,163
moscow,3,Moscow City,2026-06-01 07:00:00,185
moscow,3,Moscow City,2026-06-01 08:00:00,193
moscow,3,Moscow City,2026-06-01 09:00:00,183
moscow,3,Moscow City,2026-06-01 10:00:00,172
moscow,3,Moscow City,2026-06-01 11:00:00,151
moscow,3,Moscow City,2026-06-01 12:00:00,141
moscow,3,Moscow City,2026-06-01 13:00:00,135
moscow,3,Moscow City,2026-06-01 14:00:00,147
moscow,3,Moscow City,2026-06-01 15:00:00,147
moscow,3,Moscow City,2026-06-01 16:00:00,162
moscow,3,Moscow City,2026-06-01 17:00:00,170
moscow,3,Moscow City,2026-06-01 18:00:00,170
moscow,3,Moscow City,2026-06-01 19:00:00,168
moscow,3,Moscow City,2026-06-01 20:00:00,167
moscow,3,Moscow City,2026-06-01 21:00:00,151
moscow,3,Moscow City,2026-06-01 22:00:00,137
moscow,3,Moscow City,2026-06-01 23:00:00,138
moscow,3,Moscow City,2026-06-02 00:00:00,134
moscow,3,Moscow City,2026-06-02 01:00:00,150
moscow,3,Moscow City,2026-06-02 02:00:00,137
moscow,3,Moscow City,2026-06-02 03:00:00,136
moscow,3,Moscow City,2026-06-02 04:00:00,149
moscow,3,Moscow City,2026-06-02 05:00:00,145
moscow,3,Moscow City,2026-06-02 06:00:00,170
moscow,3,Moscow City,2026-06-02 07:00:00,194
moscow,3,Moscow City,2026-06-02 08:00:00,191
moscow,3,Moscow City,2026-06-02 09:00:00,178
moscow,3,Moscow City,2026-06-02 10:00:00,168
moscow,3,Moscow City,2026-06-02 11:00:00,160
moscow,3,Moscow City,2026-06-02 12:00:00,145
moscow,3,Moscow City,2026-06-02 13:00:00,137
moscow,3,Moscow City,2026-06-02 14:00:00,141
moscow,3,Moscow City,2026-06-02 15:00:00,149
moscow,3,Moscow City,2026-06-02 16:00:00,164
moscow,3,Moscow City,2026-06-02 17:00:00,178
moscow,3,Moscow City,2026-06-02 18:00:00,181
moscow,3,Moscow City,2026-06-02 19:00:00,174
moscow,3,Moscow City,2026-06-02 20:00:00,157
moscow,3,Moscow City,2026-06-02 21:00:00,146
moscow,3,Moscow City,2026-06-02 22:00:00,146
moscow,3,Moscow City,2026-06-02 23:00:00,132
moscow,3,Moscow City,2026-06-03 00:00:00,136
moscow,3,Moscow City,2026-06-03 01:00:00,138
moscow,3,Moscow City,2026-06-03 02:00:00,132
moscow,3,Moscow City,2026-06-03 03:00:00,135
moscow,3,Moscow City,2026-06-03 04:00:00,144
moscow,3,Moscow City,2026-06-03 05:00:00,157
moscow,3,Moscow City,2026-06-03 06:00:00,176
moscow,3,Moscow City,2026-06-03 07:00:00,189
moscow,3,Moscow City,2026-06-03 08:00:00,194
moscow,3,Moscow City,2026-06-03 09:00:00,184
moscow,3,Moscow City,2026-06-03 10:00:00,166
moscow,3,Moscow City,2026-06-03 11:00:00,153
moscow,3,Moscow City,2026-06-03 12:00:00,147
moscow,3,Moscow City,2026-06-03 13:00:00,144
moscow,3,Moscow City,2026-06-03 14:00:00,136
moscow,3,Moscow City,2026-06-03 15:00:00,150
moscow,3,Moscow City,2026-06-03 16:00:00,169
moscow,3,Moscow City,2026-06-03 17:00:00,174
moscow,3,Moscow City,2026-06-03 18:00:00,171
moscow,3,Moscow City,2026-06-03 19:00:00,184
moscow,3,Moscow City,2026-06-03 20:00:00,164
moscow,3,Moscow City,2026-06-03 21:00:00,155
moscow,3,Moscow City,2026-06-03 22:00:00,147
moscow,3,Moscow City,2026-06-03 23:00:00,138
moscow,3,Moscow City,2026-06-04 00:00:00,135
moscow,3,Moscow City,2026-06-04 01:00:00,148
moscow,3,Moscow City,2026-06-04 02:00:00,143
moscow,3,Moscow City,2026-06-04 03:00:00,144
moscow,3,Moscow City,2026-06-04 04:00:00,148
moscow,3,Moscow City,2026-06-04 05:00:00,152
moscow,3,Moscow City,2026-06-04 06:00:00,178
moscow,3,Moscow City,2026-06-04 07:00:00,185
moscow,3,Moscow City,2026-06-04 08:00:00,196
moscow,3,Moscow City,2026-06-04 09:00:00,181
moscow,3,Moscow City,2026-06-04 10:00:00,164
moscow,3,Moscow City,2026-06-04 11:00:00,158
moscow,3,Moscow City,2026-06-04 12:00:00,143
moscow,3,Moscow City,2026-06-04 13:00:00,135
moscow,3,Moscow City,2026-06-04 14:00:00,149
moscow,3,Moscow City,2026-06-04 15:00:00,164
moscow,3,Moscow City,2026-06-04 16:00:00,172
moscow,3,Moscow City,2026-06-04 17:00:00,174
moscow,3,Moscow City,2026-06-04 18:00:00,179
moscow,3,Moscow City,2026-06-04 19:00:00,179
moscow,3,Moscow City,2026-06-04 20:00:00,171
moscow,3,Moscow City,2026-06-04 21:00:00,153
moscow,3,Moscow City,2026-06-04 22:00:00,147
moscow,3,Moscow City,2026-06-04 23:00:00,143
moscow,3,Moscow City,2026-06-05 00:00:00,142
moscow,3,Moscow City,2026-06-05 01:00:00,139
moscow,3,Moscow City,2026-06-05 02:00:00,140
moscow,3,Moscow City,2026-06-05 03:00:00,148
moscow,3,Moscow City,2026-06-05 04:00:00,153
moscow,3,Moscow City,2026-06-05 05:00:00,160
moscow,3,Moscow City,2026-06-05 06:00:00,182
moscow,3,Moscow City,2026-06-05 07:00:00,188
moscow,3,Moscow City,2026-06-05 08:00:00,204
moscow,3,Moscow City,2026-06-05 09:00:00,192
moscow,3,Moscow City,2026-06-05 10:00:00,189
moscow,3,Moscow City,2026-06-05 11:00:00,153
moscow,3,Moscow City,2026-06-05 12:00:00,146
moscow,3,Moscow City,2026-06-05 13:00:00,148
moscow,3,Moscow City,2026-06-05 14:00:00,151
moscow,3,Moscow City,2026-06-05 15:00:00,165
moscow,3,Moscow City,2026-06-05 16:00:00,164
moscow,3,Moscow City,2026-06-05 17:00:00,181
moscow,3,Moscow City,2026-06-05 18:00:00,186
moscow,3,Moscow City,2026-06-05 19:00:00,180
moscow,3,Moscow City,2026-06-05 20:00:00,163
moscow,3,Moscow City,2026-06-05 21:00:00,163
moscow,3,Moscow City,2026-06-05 22:00:00,154
moscow,3,Moscow City,2026-06-05 23:00:00,146
moscow,3,Moscow City,2026-06-06 00:00:00,133
moscow,3,Moscow City,2026-06-06 01:00:00,133
moscow,3,Moscow City,2026-06-06 02:00:00,132
moscow,3,Moscow City,2026-06-06 03:00:00,137
moscow,3,Moscow City,2026-06-06 04:00:00,138
moscow,3,Moscow City,2026-06-06 05:00:00,143
moscow,3,Moscow City,2026-06-06 06:00:00,155
moscow,3,Moscow City,2026-06-06 07:00:00,169
moscow,3,Moscow City,2026-06-06 08:00:00,179
moscow,3,Moscow City,2026-06-06 09:00:00,172
moscow,3,Moscow City,2026-06-06 10:00:00,161
moscow,3,Moscow City,2026-06-06 11:00:00,149
moscow,3,Moscow City,2026-06-06 12:00:00,136
moscow,3,Moscow City,2026-06-06 13:00:00,143
moscow,3,Moscow City,2026-06-06 14:00:00,138
moscow,3,Moscow City,2026-06-06 15:00:00,144
moscow,3,Moscow City,2026-06-06 16:00:00,156
moscow,3,Moscow City,2026-06-06 17:00:00,154
moscow,3,Moscow City,2026-06-06 18:00:00,161
moscow,3,Moscow City,2026-06-06 19:00:00,166
moscow,3,Moscow City,2026-06-06 20:00:00,167
moscow,3,Moscow City,2026-06-06 21:00:00,168
moscow,3,Moscow City,2026-06-06 22:00:00,161
moscow,3,Moscow City,2026-06-06 23:00:00,147
moscow,3,Moscow City,2026-06-07 00:00:00,135
moscow,3,Moscow City,2026-06-07 01:00:00,139
moscow,3,Moscow City,2026-06-07 02:00:00,132
moscow,3,Moscow City,2026-06-07 03:00:00,139
moscow,3,Moscow City,2026-06-07 04:00:00,137
moscow,3,Moscow City,2026-06-07 05:00:00,146
moscow,3,Moscow City,2026-06-07 06:00:00,158
moscow,3,Moscow City,2026-06-07 07:00:00,175
moscow,3,Moscow City,2026-06-07 08:00:00,184
moscow,3,Moscow City,2026-06-07 09:00:00,173
moscow,3,Moscow City,2026-06-07 10:00:00,156
moscow,3,Moscow City,2026-06-07 11:00:00,144
moscow,3,Moscow City,2026-06-07 12:00:00,142
moscow,3,Moscow City,2026-06-07 13:00:00,146
moscow,3,Moscow City,2026-06-07 14:00:00,143
moscow,3,Moscow City,2026-06-07 15:00:00,145
moscow,3,Moscow City,2026-06-07 16:00:00,159
moscow,3,Moscow City,2026-06-07 17:00:00,162
moscow,3,Moscow City,2026-06-07 18:00:00,165
moscow,3,Moscow City,2026-06-07 19:00:00,159
moscow,3,Moscow City,2026-06-07 20:00:00,183
moscow,3,Moscow City,2026-06-07 21:00:00,154
moscow,3,Moscow City,2026-06-07 22:00:00,159
moscow,3,Moscow City,2026-06-07 23:00:00,149
moscow,3,Moscow City,2026-06-08 00:00:00,143
moscow,3,Moscow City,2026-06-08 01:00:00,152
moscow,3,Moscow City,2026-06-08 02:00:00,142
moscow,3,Moscow City,2026-06-08 03:00:00,144
moscow,3,Moscow City,2026-06-08 04:00:00,152
moscow,3,Moscow City,2026-06-08 05:00:00,165
moscow,3,Moscow City,2026-06-08 06:00:00,177
moscow,3,Moscow City,2026-06-08 07:00:00,188
moscow,3,Moscow City,2026-06-08 08:00:00,198
moscow,3,Moscow City,2026-06-08 09:00:00,201
moscow,3,Moscow City,2026-06-08 10:00:00,180
moscow,3,Moscow City,2026-06-08 11:00:00,166
moscow,3,Moscow City,2026-06-08 12:00:00,152
moscow,3,Moscow City,2026-06-08 13:00:00,148
moscow,3,Moscow City,2026-06-08 14:00:00,161
moscow,3,Moscow City,2026-06-08 15:00:00,161
moscow,3,Moscow City,2026-06-08 16:00:00,170
moscow,3,Moscow City,2026-06-08 17:00:00,187
moscow,3,Moscow City,2026-06-08 18:00:00,183
moscow,3,Moscow City,2026-06-08 19:00:00,179
moscow,3,Moscow City,2026-06-08 20:00:00,172
moscow,3,Moscow City,2026-06-08 21:00:00,162
moscow,3,Moscow City,2026-06-08 22:00:00,154
moscow,3,Moscow City,2026-06-08 23:00:00,157
moscow,3,Moscow City,2026-06-09 00:00:00,148
moscow,3,Moscow City,2026-06-09 01:00:00,136
moscow,3,Moscow City,2026-06-09 02:00:00,149
moscow,3,Moscow City,2026-06-09 03:00:00,149
moscow,3,Moscow City,2026-06-09 04:00:00,154
moscow,3,Moscow City,2026-06-09 05:00:00,166
moscow,3,Moscow City,2026-06-09 06:00:00,181
moscow,3,Moscow City,2026-06-09 07:00:00,196
moscow,3,Moscow City,2026-06-09 08:00:00,206
moscow,3,Moscow City,2026-06-09 09:00:00,194
moscow,3,Moscow City,2026-06-09 10:00:00,177
moscow,3,Moscow City,2026-06-09 11:00:00,179
moscow,3,Moscow City,2026-06-09 12:00:00,152
moscow,3,Moscow City,2026-06-09 13:00:00,153
moscow,3,Moscow City,2026-06-09 14:00:00,149
moscow,3,Moscow City,2026-06-09 15:00:00,164
moscow,3,Moscow City,2026-06-09 16:00:00,170
moscow,3,Moscow City,2026-06-09 17:00:00,182
moscow,4,Sokolniki,2026-04-10 18:00:00,35
moscow,4,Sokolniki,2026-04-10 19:00:00,33
moscow,4,Sokolniki,2026-04-10 20:00:00,30
moscow,4,Sokolniki,2026-04-10 21:00:00,22
moscow,4,Sokolniki,2026-04-10 22:00:00,26
moscow,4,Sokolniki,2026-04-10 23:00:00,19
moscow,4,Sokolniki,2026-04-11 00:00:00,20
moscow,4,Sokolniki,2026-04-11 01:00:00,19
moscow,4,Sokolniki,2026-04-11 02:00:00,18
moscow,4,Sokolniki,2026-04-11 03:00:00,16
moscow,4,Sokolniki,2026-04-11 04:00:00,19
moscow,4,Sokolniki,2026-04-11 05:00:00,20
moscow,4,Sokolniki,2026-04-11 06:00:00,24
moscow,4,Sokolniki,2026-04-11 07:00:00,26
moscow,4,Sokolniki,2026-04-11 08:00:00,24
moscow,4,Sokolniki,2026-04-11 09:00:00,29
moscow,4,Sokolniki,2026-04-11 10:00:00,23
moscow,4,Sokolniki,2026-04-11 11:00:00,20
moscow,4,Sokolniki,2026-04-11 12:00:00,18
moscow,4,Sokolniki,2026-04-11 13:00:00,19
moscow,4,Sokolniki,2026-04-11 14:00:00,17
moscow,4,Sokolniki,2026-04-11 15:00:00,16
moscow,4,Sokolniki,2026-04-11 16:00:00,24
moscow,4,Sokolniki,2026-04-11 17:00:00,27
moscow,4,Sokolniki,2026-04-11 18:00:00,27
moscow,4,Sokolniki,2026-04-11 19:00:00,24
moscow,4,Sokolniki,2026-04-11 20:00:00,32
moscow,4,Sokolniki,2026-04-11 21:00:00,25
moscow,4,Sokolniki,2026-04-11 22:00:00,23
moscow,4,Sokolniki,2026-04-11 23:00:00,22
moscow,4,Sokolniki,2026-04-12 00:00:00,19
moscow,4,Sokolniki,2026-04-12 01:00:00,17
moscow,4,Sokolniki,2026-04-12 02:00:00,17
moscow,4,Sokolniki,2026-04-12 03:00:00,22
moscow,4,Sokolniki,2026-04-12 04:00:00,20
moscow,4,Sokolniki,2026-04-12 05:00:00,22
moscow,4,Sokolniki,2026-04-12 06:00:00,24
moscow,4,Sokolniki,2026-04-12 07:00:00,26
moscow,4,Sokolniki,2026-04-12 08:00:00,24
moscow,4,Sokolniki,2026-04-12 09:00:00,29
moscow,4,Sokolniki,2026-04-12 10:00:00,25
moscow,4,Sokolniki,2026-04-12 11:00:00,21
moscow,4,Sokolniki,2026-04-12 12:00:00,19
moscow,4,Sokolniki,2026-04-12 13:00:00,20
moscow,4,Sokolniki,2026-04-12 14:00:00,17
moscow,4,Sokolniki,2026-04-12 15:00:00,20
moscow,4,Sokolniki,2026-04-12 16:00:00,22
moscow,4,Sokolniki,2026-04-12 17:00:00,30
moscow,4,Sokolniki,2026-04-12 18:00:00,29
moscow,4,Sokolniki,2026-04-12 19:00:00,22
moscow,4,Sokolniki,2026-04-12 20:00:00,29
moscow,4,Sokolniki,2026-04-12 21:00:00,28
moscow,4,Sokolniki,2026-04-12 22:00:00,25
moscow,4,Sokolniki,2026-04-12 23:00:00,22
moscow,4,Sokolniki,2026-04-13 00:00:00,26
moscow,4,Sokolniki,2026-04-13 01:00:00,23
moscow,4,Sokolniki,2026-04-13 02:00:00,23
moscow,4,Sokolniki,2026-04-13 03:00:00,21
moscow,4,Sokolniki,2026-04-13 04:00:00,26
moscow,4,Sokolniki,2026-04-13 05:00:00,26
moscow,4,Sokolniki,2026-04-13 06:00:00,30
moscow,4,Sokolniki,2026-04-13 07:00:00,36
moscow,4,Sokolniki,2026-04-13 08:00:00,33
moscow,4,Sokolniki,2026-04-13 09:00:00,38
moscow,4,Sokolniki,2026-04-13 10:00:00,31
moscow,4,Sokolniki,2026-04-13 11:00:00,29
moscow,4,Sokolniki,2026-04-13 12:00:00,22
moscow,4,Sokolniki,2026-04-13 13:00:00,22
moscow,4,Sokolniki,2026-04-13 14:00:00,23
moscow,4,Sokolniki,2026-04-13 15:00:00,28
moscow,4,Sokolniki,2026-04-13 16:00:00,31
moscow,4,Sokolniki,2026-04-13 17:00:00,33
moscow,4,Sokolniki,2026-04-13 18:00:00,33
moscow,4,Sokolniki,2026-04-13 19:00:00,31
moscow,4,Sokolniki,2026-04-13 20:00:00,31
moscow,4,Sokolniki,2026-04-13 21:00:00,26
moscow,4,Sokolniki,2026-04-13 22:00:00,23
moscow,4,Sokolniki,2026-04-13 23:00:00,26
moscow,4,Sokolniki,2026-04-14 00:00:00,23
moscow,4,Sokolniki,2026-04-14 01:00:00,25
moscow,4,Sokolniki,2026-04-14 02:00:00,22
moscow,4,Sokolniki,2026-04-14 03:00:00,24
moscow,4,Sokolniki,2026-04-14 04:00:00,25
moscow,4,Sokolniki,2026-04-14 05:00:00,24
moscow,4,Sokolniki,2026-04-14 06:00:00,34
moscow,4,Sokolniki,2026-04-14 07:00:00,35
moscow,4,Sokolniki,2026-04-14 08:00:00,38
moscow,4,Sokolniki,2026-04-14 09:00:00,34
moscow,4,Sokolniki,2026-04-14 10:00:00,31
moscow,4,Sokolniki,2026-04-14 11:00:00,26
moscow,4,Sokolniki,2026-04-14 12:00:00,28
moscow,4,Sokolniki,2026-04-14 13:00:00,25
moscow,4,Sokolniki,2026-04-14 14:00:00,26
moscow,4,Sokolniki,2026-04-14 15:00:00,31
moscow,4,Sokolniki,2026-04-14 16:00:00,34
moscow,4,Sokolniki,2026-04-14 17:00:00,36
moscow,4,Sokolniki,2026-04-14 18:00:00,33
moscow,4,Sokolniki,2026-04-14 19:00:00,33
moscow,4,Sokolniki,2026-04-14 20:00:00,29
moscow,4,Sokolniki,2026-04-14 21:00:00,29
moscow,4,Sokolniki,2026-04-14 22:00:00,26
moscow,4,Sokolniki,2026-04-14 23:00:00,21
moscow,4,Sokolniki,2026-04-15 00:00:00,23
moscow,4,Sokolniki,2026-04-15 01:00:00,21
moscow,4,Sokolniki,2026-04-15 02:00:00,24
moscow,4,Sokolniki,2026-04-15 03:00:00,21
moscow,4,Sokolniki,2026-04-15 04:00:00,26
moscow,4,Sokolniki,2026-04-15 05:00:00,29
moscow,4,Sokolniki,2026-04-15 06:00:00,36
moscow,4,Sokolniki,2026-04-15 07:00:00,38
moscow,4,Sokolniki,2026-04-15 08:00:00,37
moscow,4,Sokolniki,2026-04-15 09:00:00,37
moscow,4,Sokolniki,2026-04-15 10:00:00,29
moscow,4,Sokolniki,2026-04-15 11:00:00,26
moscow,4,Sokolniki,2026-04-15 12:00:00,26
moscow,4,Sokolniki,2026-04-15 13:00:00,21
moscow,4,Sokolniki,2026-04-15 14:00:00,26
moscow,4,Sokolniki,2026-04-15 15:00:00,27
moscow,4,Sokolniki,2026-04-15 16:00:00,32
moscow,4,Sokolniki,2026-04-15 17:00:00,33
moscow,4,Sokolniki,2026-04-15 18:00:00,37
moscow,4,Sokolniki,2026-04-15 19:00:00,35
moscow,4,Sokolniki,2026-04-15 20:00:00,35
moscow,4,Sokolniki,2026-04-15 21:00:00,29
moscow,4,Sokolniki,2026-04-15 22:00:00,25
moscow,4,Sokolniki,2026-04-15 23:00:00,24
moscow,4,Sokolniki,2026-04-16 00:00:00,22
moscow,4,Sokolniki,2026-04-16 01:00:00,25
moscow,4,Sokolniki,2026-04-16 02:00:00,26
moscow,4,Sokolniki,2026-04-16 03:00:00,30
moscow,4,Sokolniki,2026-04-16 04:00:00,25
moscow,4,Sokolniki,2026-04-16 05:00:00,28
moscow,4,Sokolniki,2026-04-16 06:00:00,31
moscow,4,Sokolniki,2026-04-16 07:00:00,37
moscow,4,Sokolniki,2026-04-16 08:00:00,39
moscow,4,Sokolniki,2026-04-16 09:00:00,36
moscow,4,Sokolniki,2026-04-16 10:00:00,35
moscow,4,Sokolniki,2026-04-16 11:00:00,28
moscow,4,Sokolniki,2026-04-16 12:00:00,28
moscow,4,Sokolniki,2026-04-16 13:00:00,27
moscow,4,Sokolniki,2026-04-16 14:00:00,27
moscow,4,Sokolniki,2026-04-16 15:00:00,29
moscow,4,Sokolniki,2026-04-16 16:00:00,38
moscow,4,Sokolniki,2026-04-16 17:00:00,34
moscow,4,Sokolniki,2026-04-16 18:00:00,37
moscow,4,Sokolniki,2026-04-16 19:00:00,34
moscow,4,Sokolniki,2026-04-16 20:00:00,36
moscow,4,Sokolniki,2026-04-16 21:00:00,31
moscow,4,Sokolniki,2026-04-16 22:00:00,25
moscow,4,Sokolniki,2026-04-16 23:00:00,26
moscow,4,Sokolniki,2026-04-17 00:00:00,25
moscow,4,Sokolniki,2026-04-17 01:00:00,24
moscow,4,Sokolniki,2026-04-17 02:00:00,27
moscow,4,Sokolniki,2026-04-17 03:00:00,26
moscow,4,Sokolniki,2026-04-17 04:00:00,27
moscow,4,Sokolniki,2026-04-17 05:00:00,29
moscow,4,Sokolniki,2026-04-17 06:00:00,34
moscow,4,Sokolniki,2026-04-17 07:00:00,38
moscow,4,Sokolniki,2026-04-17 08:00:00,39
moscow,4,Sokolniki,2026-04-17 09:00:00,36
moscow,4,Sokolniki,2026-04-17 10:00:00,37
moscow,4,Sokolniki,2026-04-17 11:00:00,27
moscow,4,Sokolniki,2026-04-17 12:00:00,28
moscow,4,Sokolniki,2026-04-17 13:00:00,26
moscow,4,Sokolniki,2026-04-17 14:00:00,31
moscow,4,Sokolniki,2026-04-17 15:00:00,28
moscow,4,Sokolniki,2026-04-17 16:00:00,32
moscow,4,Sokolniki,2026-04-17 17:00:00,34
moscow,4,Sokolniki,2026-04-17 18:00:00,38
moscow,4,Sokolniki,2026-04-17 19:00:00,34
moscow,4,Sokolniki,2026-04-17 20:00:00,32
moscow,4,Sokolniki,2026-04-17 21:00:00,26
moscow,4,Sokolniki,2026-04-17 22:00:00,28
moscow,4,Sokolniki,2026-04-17 23:00:00,25
moscow,4,Sokolniki,2026-04-18 00:00:00,18
moscow,4,Sokolniki,2026-04-18 01:00:00,24
moscow,4,Sokolniki,2026-04-18 02:00:00,19
moscow,4,Sokolniki,2026-04-18 03:00:00,24
moscow,4,Sokolniki,2026-04-18 04:00:00,22
moscow,4,Sokolniki,2026-04-18 05:00:00,28
moscow,4,Sokolniki,2026-04-18 06:00:00,30
moscow,4,Sokolniki,2026-04-18 07:00:00,29
moscow,4,Sokolniki,2026-04-18 08:00:00,31
moscow,4,Sokolniki,2026-04-18 09:00:00,33
moscow,4,Sokolniki,2026-04-18 10:00:00,28
moscow,4,Sokolniki,2026-04-18 11:00:00,25
moscow,4,Sokolniki,2026-04-18 12:00:00,26
moscow,4,Sokolniki,2026-04-18 13:00:00,21
moscow,4,Sokolniki,2026-04-18 14:00:00,24
moscow,4,Sokolniki,2026-04-18 15:00:00,28
moscow,4,Sokolniki,2026-04-18 16:00:00,30
moscow,4,Sokolniki,2026-04-18 17:00:00,30
moscow,4,Sokolniki,2026-04-18 18:00:00,31
moscow,4,Sokolniki,2026-04-18 19:00:00,27
moscow,4,Sokolniki,2026-04-18 20:00:00,34
moscow,4,Sokolniki,2026-04-18 21:00:00,33
moscow,4,Sokolniki,2026-04-18 22:00:00,30
moscow,4,Sokolniki,2026-04-18 23:00:00,28
moscow,4,Sokolniki,2026-04-19 00:00:00,24
moscow,4,Sokolniki,2026-04-19 01:00:00,20
moscow,4,Sokolniki,2026-04-19 02:00:00,22
moscow,4,Sokolniki,2026-04-19 03:00:00,23
moscow,4,Sokolniki,2026-04-19 04:00:00,22
moscow,4,Sokolniki,2026-04-19 05:00:00,29
moscow,4,Sokolniki,2026-04-19 06:00:00,31
moscow,4,Sokolniki,2026-04-19 07:00:00,33
moscow,4,Sokolniki,2026-04-19 08:00:00,37
moscow,4,Sokolniki,2026-04-19 09:00:00,29
moscow,4,Sokolniki,2026-04-19 10:00:00,29
moscow,4,Sokolniki,2026-04-19 11:00:00,27
moscow,4,Sokolniki,2026-04-19 12:00:00,22
moscow,4,Sokolniki,2026-04-19 13:00:00,24
moscow,4,Sokolniki,2026-04-19 14:00:00,22
moscow,4,Sokolniki,2026-04-19 15:00:00,28
moscow,4,Sokolniki,2026-04-19 16:00:00,31
moscow,4,Sokolniki,2026-04-19 17:00:00,32
moscow,4,Sokolniki,2026-04-19 18:00:00,29
moscow,4,Sokolniki,2026-04-19 19:00:00,29
moscow,4,Sokolniki,2026-04-19 20:00:00,38
moscow,4,Sokolniki,2026-04-19 21:00:00,33
moscow,4,Sokolniki,2026-04-19 22:00:00,25
moscow,4,Sokolniki,2026-04-19 23:00:00,31
moscow,4,Sokolniki,2026-04-20 00:00:00,27
moscow,4,Sokolniki,2026-04-20 01:00:00,25
moscow,4,Sokolniki,2026-04-20 02:00:00,29
moscow,4,Sokolniki,2026-04-20 03:00:00,26
moscow,4,Sokolniki,2026-04-20 04:00:00,27
moscow,4,Sokolniki,2026-04-20 05:00:00,32
moscow,4,Sokolniki,2026-04-20 06:00:00,39
moscow,4,Sokolniki,2026-04-20 07:00:00,42
moscow,4,Sokolniki,2026-04-20 08:00:00,41
moscow,4,Sokolniki,2026-04-20 09:00:00,40
moscow,4,Sokolniki,2026-04-20 10:00:00,37
moscow,4,Sokolniki,2026-04-20 11:00:00,29
moscow,4,Sokolniki,2026-04-20 12:00:00,30
moscow,4,Sokolniki,2026-04-20 13:00:00,27
moscow,4,Sokolniki,2026-04-20 14:00:00,30
moscow,4,Sokolniki,2026-04-20 15:00:00,32
moscow,4,Sokolniki,2026-04-20 16:00:00,36
moscow,4,Sokolniki,2026-04-20 17:00:00,39
moscow,4,Sokolniki,2026-04-20 18:00:00,33
moscow,4,Sokolniki,2026-04-20 19:00:00,39
moscow,4,Sokolniki,2026-04-20 20:00:00,37
moscow,4,Sokolniki,2026-04-20 21:00:00,33
moscow,4,Sokolniki,2026-04-20 22:00:00,29
moscow,4,Sokolniki,2026-04-20 23:00:00,31
moscow,4,Sokolniki,2026-04-21 00:00:00,28
moscow,4,Sokolniki,2026-04-21 01:00:00,28
moscow,4,Sokolniki,2026-04-21 02:00:00,30
moscow,4,Sokolniki,2026-04-21 03:00:00,29
moscow,4,Sokolniki,2026-04-21 04:00:00,28
moscow,4,Sokolniki,2026-04-21 05:00:00,27
moscow,4,Sokolniki,2026-04-21 06:00:00,35
moscow,4,Sokolniki,2026-04-21 07:00:00,41
moscow,4,Sokolniki,2026-04-21 08:00:00,41
moscow,4,Sokolniki,2026-04-21 09:00:00,41
moscow,4,Sokolniki,2026-04-21 10:00:00,36
moscow,4,Sokolniki,2026-04-21 11:00:00,35
moscow,4,Sokolniki,2026-04-21 12:00:00,29
moscow,4,Sokolniki,2026-04-21 13:00:00,30
moscow,4,Sokolniki,2026-04-21 14:00:00,31
moscow,4,Sokolniki,2026-04-21 15:00:00,36
moscow,4,Sokolniki,2026-04-21 16:00:00,33
moscow,4,Sokolniki,2026-04-21 17:00:00,38
moscow,4,Sokolniki,2026-04-21 18:00:00,42
moscow,4,Sokolniki,2026-04-21 19:00:00,42
moscow,4,Sokolniki,2026-04-21 20:00:00,36
moscow,4,Sokolniki,2026-04-21 21:00:00,32
moscow,4,Sokolniki,2026-04-21 22:00:00,32
moscow,4,Sokolniki,2026-04-21 23:00:00,30
moscow,4,Sokolniki,2026-04-22 00:00:00,27
moscow,4,Sokolniki,2026-04-22 01:00:00,29
moscow,4,Sokolniki,2026-04-22 02:00:00,31
moscow,4,Sokolniki,2026-04-22 03:00:00,33
moscow,4,Sokolniki,2026-04-22 04:00:00,32
moscow,4,Sokolniki,2026-04-22 05:00:00,33
moscow,4,Sokolniki,2026-04-22 06:00:00,36
moscow,4,Sokolniki,2026-04-22 07:00:00,42
moscow,4,Sokolniki,2026-04-22 08:00:00,42
moscow,4,Sokolniki,2026-04-22 09:00:00,41
moscow,4,Sokolniki,2026-04-22 10:00:00,35
moscow,4,Sokolniki,2026-04-22 11:00:00,35
moscow,4,Sokolniki,2026-04-22 12:00:00,28
moscow,4,Sokolniki,2026-04-22 13:00:00,29
moscow,4,Sokolniki,2026-04-22 14:00:00,31
moscow,4,Sokolniki,2026-04-22 15:00:00,37
moscow,4,Sokolniki,2026-04-22 16:00:00,36
moscow,4,Sokolniki,2026-04-22 17:00:00,38
moscow,4,Sokolniki,2026-04-22 18:00:00,40
moscow,4,Sokolniki,2026-04-22 19:00:00,43
moscow,4,Sokolniki,2026-04-22 20:00:00,31
moscow,4,Sokolniki,2026-04-22 21:00:00,31
moscow,4,Sokolniki,2026-04-22 22:00:00,36
moscow,4,Sokolniki,2026-04-22 23:00:00,30
moscow,4,Sokolniki,2026-04-23 00:00:00,27
moscow,4,Sokolniki,2026-04-23 01:00:00,29
moscow,4,Sokolniki,2026-04-23 02:00:00,29
moscow,4,Sokolniki,2026-04-23 03:00:00,31
moscow,4,Sokolniki,2026-04-23 04:00:00,34
moscow,4,Sokolniki,2026-04-23 05:00:00,34
moscow,4,Sokolniki,2026-04-23 06:00:00,36
moscow,4,Sokolniki,2026-04-23 07:00:00,43
moscow,4,Sokolniki,2026-04-23 08:00:00,41
moscow,4,Sokolniki,2026-04-23 09:00:00,39
moscow,4,Sokolniki,2026-04-23 10:00:00,34
moscow,4,Sokolniki,2026-04-23 11:00:00,30
moscow,4,Sokolniki,2026-04-23 12:00:00,29
moscow,4,Sokolniki,2026-04-23 13:00:00,28
moscow,4,Sokolniki,2026-04-23 14:00:00,32
moscow,4,Sokolniki,2026-04-23 15:00:00,32
moscow,4,Sokolniki,2026-04-23 16:00:00,31
moscow,4,Sokolniki,2026-04-23 17:00:00,38
moscow,4,Sokolniki,2026-04-23 18:00:00,41
moscow,4,Sokolniki,2026-04-23 19:00:00,39
moscow,4,Sokolniki,2026-04-23 20:00:00,40
moscow,4,Sokolniki,2026-04-23 21:00:00,33
moscow,4,Sokolniki,2026-04-23 22:00:00,33
moscow,4,Sokolniki,2026-04-23 23:00:00,30
moscow,4,Sokolniki,2026-04-24 00:00:00,29
moscow,4,Sokolniki,2026-04-24 01:00:00,28
moscow,4,Sokolniki,2026-04-24 02:00:00,30
moscow,4,Sokolniki,2026-04-24 03:00:00,29
moscow,4,Sokolniki,2026-04-24 04:00:00,32
moscow,4,Sokolniki,2026-04-24 05:00:00,34
moscow,4,Sokolniki,2026-04-24 06:00:00,36
moscow,4,Sokolniki,2026-04-24 07:00:00,44
moscow,4,Sokolniki,2026-04-24 08:00:00,44
moscow,4,Sokolniki,2026-04-24 09:00:00,41
moscow,4,Sokolniki,2026-04-24 10:00:00,38
moscow,4,Sokolniki,2026-04-24 11:00:00,34
moscow,4,Sokolniki,2026-04-24 12:00:00,30
moscow,4,Sokolniki,2026-04-24 13:00:00,31
moscow,4,Sokolniki,2026-04-24 14:00:00,31
moscow,4,Sokolniki,2026-04-24 15:00:00,33
moscow,4,Sokolniki,2026-04-24 16:00:00,35
moscow,4,Sokolniki,2026-04-24 17:00:00,40
moscow,4,Sokolniki,2026-04-24 18:00:00,43
moscow,4,Sokolniki,2026-04-24 19:00:00,40
moscow,4,Sokolniki,2026-04-24 20:00:00,43
moscow,4,Sokolniki,2026-04-24 21:00:00,36
moscow,4,Sokolniki,2026-04-24 22:00:00,35
moscow,4,Sokolniki,2026-04-24 23:00:00,32
moscow,4,Sokolniki,2026-04-25 00:00:00,30
moscow,4,Sokolniki,2026-04-25 01:00:00,25
moscow,4,Sokolniki,2026-04-25 02:00:00,21
moscow,4,Sokolniki,2026-04-25 03:00:00,26
moscow,4,Sokolniki,2026-04-25 04:00:00,29
moscow,4,Sokolniki,2026-04-25 05:00:00,30
moscow,4,Sokolniki,2026-04-25 06:00:00,33
moscow,4,Sokolniki,2026-04-25 07:00:00,39
moscow,4,Sokolniki,2026-04-25 08:00:00,38
moscow,4,Sokolniki,2026-04-25 09:00:00,38
moscow,4,Sokolniki,2026-04-25 10:00:00,31
moscow,4,Sokolniki,2026-04-25 11:00:00,28
moscow,4,Sokolniki,2026-04-25 12:00:00,31
moscow,4,Sokolniki,2026-04-25 13:00:00,28
moscow,4,Sokolniki,2026-04-25 14:00:00,27
moscow,4,Sokolniki,2026-04-25 15:00:00,29
moscow,4,Sokolniki,2026-04-25 16:00:00,32
moscow,4,Sokolniki,2026-04-25 17:00:00,34
moscow,4,Sokolniki,2026-04-25 18:00:00,34
moscow,4,Sokolniki,2026-04-25 19:00:00,32
moscow,4,Sokolniki,2026-04-25 20:00:00,41
moscow,4,Sokolniki,2026-04-25 21:00:00,36
moscow,4,Sokolniki,2026-04-25 22:00:00,37
moscow,4,Sokolniki,2026-04-25 23:00:00,33
moscow,4,Sokolniki,2026-04-26 00:00:00,27
moscow,4,Sokolniki,2026-04-26 01:00:00,25
moscow,4,Sokolniki,2026-04-26 02:00:00,27
moscow,4,Sokolniki,2026-04-26 03:00:00,28
moscow,4,Sokolniki,2026-04-26 04:00:00,30
moscow,4,Sokolniki,2026-04-26 05:00:00,30
moscow,4,Sokolniki,2026-04-26 06:00:00,36
moscow,4,Sokolniki,2026-04-26 07:00:00,37
moscow,4,Sokolniki,2026-04-26 08:00:00,39
moscow,4,Sokolniki,2026-04-26 09:00:00,36
moscow,4,Sokolniki,2026-04-26 10:00:00,30
moscow,4,Sokolniki,2026-04-26 11:00:00,31
moscow,4,Sokolniki,2026-04-26 12:00:00,30
moscow,4,Sokolniki,2026-04-26 13:00:00,29
moscow,4,Sokolniki,2026-04-26 14:00:00,30
moscow,4,Sokolniki,2026-04-26 15:00:00,30
moscow,4,Sokolniki,2026-04-26 16:00:00,32
moscow,4,Sokolniki,2026-04-26 17:00:00,37
moscow,4,Sokolniki,2026-04-26 18:00:00,38
moscow,4,Sokolniki,2026-04-26 19:00:00,35
moscow,4,Sokolniki,2026-04-26 20:00:00,44
moscow,4,Sokolniki,2026-04-26 21:00:00,36
moscow,4,Sokolniki,2026-04-26 22:00:00,34
moscow,4,Sokolniki,2026-04-26 23:00:00,37
moscow,4,Sokolniki,2026-04-27 00:00:00,33
moscow,4,Sokolniki,2026-04-27 01:00:00,31
moscow,4,Sokolniki,2026-04-27 02:00:00,32
moscow,4,Sokolniki,2026-04-27 03:00:00,32
moscow,4,Sokolniki,2026-04-27 04:00:00,28
moscow,4,Sokolniki,2026-04-27 05:00:00,34
moscow,4,Sokolniki,2026-04-27 06:00:00,40
moscow,4,Sokolniki,2026-04-27 07:00:00,43
moscow,4,Sokolniki,2026-04-27 08:00:00,46
moscow,4,Sokolniki,2026-04-27 09:00:00,46
moscow,4,Sokolniki,2026-04-27 10:00:00,39
moscow,4,Sokolniki,2026-04-27 11:00:00,34
moscow,4,Sokolniki,2026-04-27 12:00:00,34
moscow,4,Sokolniki,2026-04-27 13:00:00,32
moscow,4,Sokolniki,2026-04-27 14:00:00,34
moscow,4,Sokolniki,2026-04-27 15:00:00,36
moscow,4,Sokolniki,2026-04-27 16:00:00,44
moscow,4,Sokolniki,2026-04-27 17:00:00,38
moscow,4,Sokolniki,2026-04-27 18:00:00,43
moscow,4,Sokolniki,2026-04-27 19:00:00,43
moscow,4,Sokolniki,2026-04-27 20:00:00,38
moscow,4,Sokolniki,2026-04-27 21:00:00,38
moscow,4,Sokolniki,2026-04-27 22:00:00,36
moscow,4,Sokolniki,2026-04-27 23:00:00,32
moscow,4,Sokolniki,2026-04-28 00:00:00,32
moscow,4,Sokolniki,2026-04-28 01:00:00,32
moscow,4,Sokolniki,2026-04-28 02:00:00,32
moscow,4,Sokolniki,2026-04-28 03:00:00,33
moscow,4,Sokolniki,2026-04-28 04:00:00,34
moscow,4,Sokolniki,2026-04-28 05:00:00,37
moscow,4,Sokolniki,2026-04-28 06:00:00,42
moscow,4,Sokolniki,2026-04-28 07:00:00,42
moscow,4,Sokolniki,2026-04-28 08:00:00,44
moscow,4,Sokolniki,2026-04-28 09:00:00,41
moscow,4,Sokolniki,2026-04-28 10:00:00,42
moscow,4,Sokolniki,2026-04-28 11:00:00,37
moscow,4,Sokolniki,2026-04-28 12:00:00,35
moscow,4,Sokolniki,2026-04-28 13:00:00,31
moscow,4,Sokolniki,2026-04-28 14:00:00,38
moscow,4,Sokolniki,2026-04-28 15:00:00,36
moscow,4,Sokolniki,2026-04-28 16:00:00,41
moscow,4,Sokolniki,2026-04-28 17:00:00,45
moscow,4,Sokolniki,2026-04-28 18:00:00,43
moscow,4,Sokolniki,2026-04-28 19:00:00,42
moscow,4,Sokolniki,2026-04-28 20:00:00,41
moscow,4,Sokolniki,2026-04-28 21:00:00,43
moscow,4,Sokolniki,2026-04-28 22:00:00,35
moscow,4,Sokolniki,2026-04-28 23:00:00,36
moscow,4,Sokolniki,2026-04-29 00:00:00,35
moscow,4,Sokolniki,2026-04-29 01:00:00,34
moscow,4,Sokolniki,2026-04-29 02:00:00,31
moscow,4,Sokolniki,2026-04-29 03:00:00,36
moscow,4,Sokolniki,2026-04-29 04:00:00,32
moscow,4,Sokolniki,2026-04-29 05:00:00,40
moscow,4,Sokolniki,2026-04-29 06:00:00,42
moscow,4,Sokolniki,2026-04-29 07:00:00,40
moscow,4,Sokolniki,2026-04-29 08:00:00,46
moscow,4,Sokolniki,2026-04-29 09:00:00,46
moscow,4,Sokolniki,2026-04-29 10:00:00,41
moscow,4,Sokolniki,2026-04-29 11:00:00,39
moscow,4,Sokolniki,2026-04-29 12:00:00,33
moscow,4,Sokolniki,2026-04-29 13:00:00,32
moscow,4,Sokolniki,2026-04-29 14:00:00,35
moscow,4,Sokolniki,2026-04-29 15:00:00,38
moscow,4,Sokolniki,2026-04-29 16:00:00,41
moscow,4,Sokolniki,2026-04-29 17:00:00,47
moscow,4,Sokolniki,2026-04-29 18:00:00,44
moscow,4,Sokolniki,2026-04-29 19:00:00,45
moscow,4,Sokolniki,2026-04-29 20:00:00,41
moscow,4,Sokolniki,2026-04-29 21:00:00,35
moscow,4,Sokolniki,2026-04-29 22:00:00,33
moscow,4,Sokolniki,2026-04-29 23:00:00,34
moscow,4,Sokolniki,2026-04-30 00:00:00,37
moscow,4,Sokolniki,2026-04-30 01:00:00,35
moscow,4,Sokolniki,2026-04-30 02:00:00,30
moscow,4,Sokolniki,2026-04-30 03:00:00,28
moscow,4,Sokolniki,2026-04-30 04:00:00,37
moscow,4,Sokolniki,2026-04-30 05:00:00,38
moscow,4,Sokolniki,2026-04-30 06:00:00,44
moscow,4,Sokolniki,2026-04-30 07:00:00,44
moscow,4,Sokolniki,2026-04-30 08:00:00,48
moscow,4,Sokolniki,2026-04-30 09:00:00,47
moscow,4,Sokolniki,2026-04-30 10:00:00,41
moscow,4,Sokolniki,2026-04-30 11:00:00,37
moscow,4,Sokolniki,2026-04-30 12:00:00,36
moscow,4,Sokolniki,2026-04-30 13:00:00,36
moscow,4,Sokolniki,2026-04-30 14:00:00,36
moscow,4,Sokolniki,2026-04-30 15:00:00,41
moscow,4,Sokolniki,2026-04-30 16:00:00,41
moscow,4,Sokolniki,2026-04-30 17:00:00,42
moscow,4,Sokolniki,2026-04-30 18:00:00,50
moscow,4,Sokolniki,2026-04-30 19:00:00,44
moscow,4,Sokolniki,2026-04-30 20:00:00,41
moscow,4,Sokolniki,2026-04-30 21:00:00,38
moscow,4,Sokolniki,2026-04-30 22:00:00,36
moscow,4,Sokolniki,2026-04-30 23:00:00,34
moscow,4,Sokolniki,2026-05-01 00:00:00,34
moscow,4,Sokolniki,2026-05-01 01:00:00,34
moscow,4,Sokolniki,2026-05-01 02:00:00,35
moscow,4,Sokolniki,2026-05-01 03:00:00,30
moscow,4,Sokolniki,2026-05-01 04:00:00,40
moscow,4,Sokolniki,2026-05-01 05:00:00,38
moscow,4,Sokolniki,2026-05-01 06:00:00,44
moscow,4,Sokolniki,2026-05-01 07:00:00,44
moscow,4,Sokolniki,2026-05-01 08:00:00,47
moscow,4,Sokolniki,2026-05-01 09:00:00,45
moscow,4,Sokolniki,2026-05-01 10:00:00,46
moscow,4,Sokolniki,2026-05-01 11:00:00,38
moscow,4,Sokolniki,2026-05-01 12:00:00,38
moscow,4,Sokolniki,2026-05-01 13:00:00,34
moscow,4,Sokolniki,2026-05-01 14:00:00,36
moscow,4,Sokolniki,2026-05-01 15:00:00,39
moscow,4,Sokolniki,2026-05-01 16:00:00,45
moscow,4,Sokolniki,2026-05-01 17:00:00,42
moscow,4,Sokolniki,2026-05-01 18:00:00,44
moscow,4,Sokolniki,2026-05-01 19:00:00,42
moscow,4,Sokolniki,2026-05-01 20:00:00,40
moscow,4,Sokolniki,2026-05-01 21:00:00,38
moscow,4,Sokolniki,2026-05-01 22:00:00,33
moscow,4,Sokolniki,2026-05-01 23:00:00,34
moscow,4,Sokolniki,2026-05-02 00:00:00,27
moscow,4,Sokolniki,2026-05-02 01:00:00,29
moscow,4,Sokolniki,2026-05-02 02:00:00,33
moscow,4,Sokolniki,2026-05-02 03:00:00,32
moscow,4,Sokolniki,2026-05-02 04:00:00,33
moscow,4,Sokolniki,2026-05-02 05:00:00,32
moscow,4,Sokolniki,2026-05-02 06:00:00,34
moscow,4,Sokolniki,2026-05-02 07:00:00,38
moscow,4,Sokolniki,2026-05-02 08:00:00,42
moscow,4,Sokolniki,2026-05-02 09:00:00,42
moscow,4,Sokolniki,2026-05-02 10:00:00,39
moscow,4,Sokolniki,2026-05-02 11:00:00,36
moscow,4,Sokolniki,2026-05-02 12:00:00,31
moscow,4,Sokolniki,2026-05-02 13:00:00,32
moscow,4,Sokolniki,2026-05-02 14:00:00,32
moscow,4,Sokolniki,2026-05-02 15:00:00,34
moscow,4,Sokolniki,2026-05-02 16:00:00,42
moscow,4,Sokolniki,2026-05-02 17:00:00,36
moscow,4,Sokolniki,2026-05-02 18:00:00,40
moscow,4,Sokolniki,2026-05-02 19:00:00,42
moscow,4,Sokolniki,2026-05-02 20:00:00,43
moscow,4,Sokolniki,2026-05-02 21:00:00,41
moscow,4,Sokolniki,2026-05-02 22:00:00,38
moscow,4,Sokolniki,2026-05-02 23:00:00,37
moscow,4,Sokolniki,2026-05-03 00:00:00,28
moscow,4,Sokolniki,2026-05-03 01:00:00,33
moscow,4,Sokolniki,2026-05-03 02:00:00,33
moscow,4,Sokolniki,2026-05-03 03:00:00,33
moscow,4,Sokolniki,2026-05-03 04:00:00,31
moscow,4,Sokolniki,2026-05-03 05:00:00,35
moscow,4,Sokolniki,2026-05-03 06:00:00,36
moscow,4,Sokolniki,2026-05-03 07:00:00,41
moscow,4,Sokolniki,2026-05-03 08:00:00,47
moscow,4,Sokolniki,2026-05-03 09:00:00,41
moscow,4,Sokolniki,2026-05-03 10:00:00,36
moscow,4,Sokolniki,2026-05-03 11:00:00,35
moscow,4,Sokolniki,2026-05-03 12:00:00,30
moscow,4,Sokolniki,2026-05-03 13:00:00,30
moscow,4,Sokolniki,2026-05-03 14:00:00,31
moscow,4,Sokolniki,2026-05-03 15:00:00,35
moscow,4,Sokolniki,2026-05-03 16:00:00,40
moscow,4,Sokolniki,2026-05-03 17:00:00,42
moscow,4,Sokolniki,2026-05-03 18:00:00,43
moscow,4,Sokolniki,2026-05-03 19:00:00,38
moscow,4,Sokolniki,2026-05-03 20:00:00,45
moscow,4,Sokolniki,2026-05-03 21:00:00,43
moscow,4,Sokolniki,2026-05-03 22:00:00,39
moscow,4,Sokolniki,2026-05-03 23:00:00,38
moscow,4,Sokolniki,2026-05-04 00:00:00,37
moscow,4,Sokolniki,2026-05-04 01:00:00,35
moscow,4,Sokolniki,2026-05-04 02:00:00,37
moscow,4,Sokolniki,2026-05-04 03:00:00,40
moscow,4,Sokolniki,2026-05-04 04:00:00,38
moscow,4,Sokolniki,2026-05-04 05:00:00,43
moscow,4,Sokolniki,2026-05-04 06:00:00,46
moscow,4,Sokolniki,2026-05-04 07:00:00,45
moscow,4,Sokolniki,2026-05-04 08:00:00,48
moscow,4,Sokolniki,2026-05-04 09:00:00,47
moscow,4,Sokolniki,2026-05-04 10:00:00,43
moscow,4,Sokolniki,2026-05-04 11:00:00,41
moscow,4,Sokolniki,2026-05-04 12:00:00,40
moscow,4,Sokolniki,2026-05-04 13:00:00,40
moscow,4,Sokolniki,2026-05-04 14:00:00,39
moscow,4,Sokolniki,2026-05-04 15:00:00,40
moscow,4,Sokolniki,2026-05-04 16:00:00,40
moscow,4,Sokolniki,2026-05-04 17:00:00,48
moscow,4,Sokolniki,2026-05-04 18:00:00,49
moscow,4,Sokolniki,2026-05-04 19:00:00,48
moscow,4,Sokolniki,2026-05-04 20:00:00,49
moscow,4,Sokolniki,2026-05-04 21:00:00,44
moscow,4,Sokolniki,2026-05-04 22:00:00,40
moscow,4,Sokolniki,2026-05-04 23:00:00,35
moscow,4,Sokolniki,2026-05-05 00:00:00,36
moscow,4,Sokolniki,2026-05-05 01:00:00,37
moscow,4,Sokolniki,2026-05-05 02:00:00,35
moscow,4,Sokolniki,2026-05-05 03:00:00,38
moscow,4,Sokolniki,2026-05-05 04:00:00,39
moscow,4,Sokolniki,2026-05-05 05:00:00,39
moscow,4,Sokolniki,2026-05-05 06:00:00,48
moscow,4,Sokolniki,2026-05-05 07:00:00,49
moscow,4,Sokolniki,2026-05-05 08:00:00,47
moscow,4,Sokolniki,2026-05-05 09:00:00,49
moscow,4,Sokolniki,2026-05-05 10:00:00,46
moscow,4,Sokolniki,2026-05-05 11:00:00,43
moscow,4,Sokolniki,2026-05-05 12:00:00,38
moscow,4,Sokolniki,2026-05-05 13:00:00,40
moscow,4,Sokolniki,2026-05-05 14:00:00,40
moscow,4,Sokolniki,2026-05-05 15:00:00,39
moscow,4,Sokolniki,2026-05-05 16:00:00,42
moscow,4,Sokolniki,2026-05-05 17:00:00,50
moscow,4,Sokolniki,2026-05-05 18:00:00,52
moscow,4,Sokolniki,2026-05-05 19:00:00,49
moscow,4,Sokolniki,2026-05-05 20:00:00,48
moscow,4,Sokolniki,2026-05-05 21:00:00,44
moscow,4,Sokolniki,2026-05-05 22:00:00,41
moscow,4,Sokolniki,2026-05-05 23:00:00,36
moscow,4,Sokolniki,2026-05-06 00:00:00,41
moscow,4,Sokolniki,2026-05-06 01:00:00,39
moscow,4,Sokolniki,2026-05-06 02:00:00,37
moscow,4,Sokolniki,2026-05-06 03:00:00,37
moscow,4,Sokolniki,2026-05-06 04:00:00,40
moscow,4,Sokolniki,2026-05-06 05:00:00,39
moscow,4,Sokolniki,2026-05-06 06:00:00,47
moscow,4,Sokolniki,2026-05-06 07:00:00,48
moscow,4,Sokolniki,2026-05-06 08:00:00,52
moscow,4,Sokolniki,2026-05-06 09:00:00,49
moscow,4,Sokolniki,2026-05-06 10:00:00,45
moscow,4,Sokolniki,2026-05-06 11:00:00,40
moscow,4,Sokolniki,2026-05-06 12:00:00,39
moscow,4,Sokolniki,2026-05-06 13:00:00,43
moscow,4,Sokolniki,2026-05-06 14:00:00,43
moscow,4,Sokolniki,2026-05-06 15:00:00,43
moscow,4,Sokolniki,2026-05-06 16:00:00,46
moscow,4,Sokolniki,2026-05-06 17:00:00,51
moscow,4,Sokolniki,2026-05-06 18:00:00,52
moscow,4,Sokolniki,2026-05-06 19:00:00,47
moscow,4,Sokolniki,2026-05-06 20:00:00,46
moscow,4,Sokolniki,2026-05-06 21:00:00,39
moscow,4,Sokolniki,2026-05-06 22:00:00,42
moscow,4,Sokolniki,2026-05-06 23:00:00,43
moscow,4,Sokolniki,2026-05-07 00:00:00,38
moscow,4,Sokolniki,2026-05-07 01:00:00,34
moscow,4,Sokolniki,2026-05-07 02:00:00,39
moscow,4,Sokolniki,2026-05-07 03:00:00,37
moscow,4,Sokolniki,2026-05-07 04:00:00,39
moscow,4,Sokolniki,2026-05-07 05:00:00,44
moscow,4,Sokolniki,2026-05-07 06:00:00,47
moscow,4,Sokolniki,2026-05-07 07:00:00,49
moscow,4,Sokolniki,2026-05-07 08:00:00,51
moscow,4,Sokolniki,2026-05-07 09:00:00,51
moscow,4,Sokolniki,2026-05-07 10:00:00,46
moscow,4,Sokolniki,2026-05-07 11:00:00,40
moscow,4,Sokolniki,2026-05-07 12:00:00,40
moscow,4,Sokolniki,2026-05-07 13:00:00,40
moscow,4,Sokolniki,2026-05-07 14:00:00,40
moscow,4,Sokolniki,2026-05-07 15:00:00,40
moscow,4,Sokolniki,2026-05-07 16:00:00,49
moscow,4,Sokolniki,2026-05-07 17:00:00,44
moscow,4,Sokolniki,2026-05-07 18:00:00,50
moscow,4,Sokolniki,2026-05-07 19:00:00,48
moscow,4,Sokolniki,2026-05-07 20:00:00,47
moscow,4,Sokolniki,2026-05-07 21:00:00,44
moscow,4,Sokolniki,2026-05-07 22:00:00,43
moscow,4,Sokolniki,2026-05-07 23:00:00,38
moscow,4,Sokolniki,2026-05-08 00:00:00,40
moscow,4,Sokolniki,2026-05-08 01:00:00,39
moscow,4,Sokolniki,2026-05-08 02:00:00,35
moscow,4,Sokolniki,2026-05-08 03:00:00,43
moscow,4,Sokolniki,2026-05-08 04:00:00,38
moscow,4,Sokolniki,2026-05-08 05:00:00,44
moscow,4,Sokolniki,2026-05-08 06:00:00,48
moscow,4,Sokolniki,2026-05-08 07:00:00,52
moscow,4,Sokolniki,2026-05-08 08:00:00,52
moscow,4,Sokolniki,2026-05-08 09:00:00,53
moscow,4,Sokolniki,2026-05-08 10:00:00,44
moscow,4,Sokolniki,2026-05-08 11:00:00,43
moscow,4,Sokolniki,2026-05-08 12:00:00,40
moscow,4,Sokolniki,2026-05-08 13:00:00,39
moscow,4,Sokolniki,2026-05-08 14:00:00,42
moscow,4,Sokolniki,2026-05-08 15:00:00,46
moscow,4,Sokolniki,2026-05-08 16:00:00,47
moscow,4,Sokolniki,2026-05-08 17:00:00,52
moscow,4,Sokolniki,2026-05-08 18:00:00,51
moscow,4,Sokolniki,2026-05-08 19:00:00,48
moscow,4,Sokolniki,2026-05-08 20:00:00,47
moscow,4,Sokolniki,2026-05-08 21:00:00,43
moscow,4,Sokolniki,2026-05-08 22:00:00,40
moscow,4,Sokolniki,2026-05-08 23:00:00,41
moscow,4,Sokolniki,2026-05-09 00:00:00,36
moscow,4,Sokolniki,2026-05-09 01:00:00,32
moscow,4,Sokolniki,2026-05-09 02:00:00,32
moscow,4,Sokolniki,2026-05-09 03:00:00,37
moscow,4,Sokolniki,2026-05-09 04:00:00,35
moscow,4,Sokolniki,2026-05-09 05:00:00,40
moscow,4,Sokolniki,2026-05-09 06:00:00,44
moscow,4,Sokolniki,2026-05-09 07:00:00,43
moscow,4,Sokolniki,2026-05-09 08:00:00,44
moscow,4,Sokolniki,2026-05-09 09:00:00,49
moscow,4,Sokolniki,2026-05-09 10:00:00,43
moscow,4,Sokolniki,2026-05-09 11:00:00,38
moscow,4,Sokolniki,2026-05-09 12:00:00,35
moscow,4,Sokolniki,2026-05-09 13:00:00,36
moscow,4,Sokolniki,2026-05-09 14:00:00,35
moscow,4,Sokolniki,2026-05-09 15:00:00,41
moscow,4,Sokolniki,2026-05-09 16:00:00,41
moscow,4,Sokolniki,2026-05-09 17:00:00,47
moscow,4,Sokolniki,2026-05-09 18:00:00,45
moscow,4,Sokolniki,2026-05-09 19:00:00,42
moscow,4,Sokolniki,2026-05-09 20:00:00,49
moscow,4,Sokolniki,2026-05-09 21:00:00,41
moscow,4,Sokolniki,2026-05-09 22:00:00,44
moscow,4,Sokolniki,2026-05-09 23:00:00,42
moscow,4,Sokolniki,2026-05-10 00:00:00,38
moscow,4,Sokolniki,2026-05-10 01:00:00,32
moscow,4,Sokolniki,2026-05-10 02:00:00,38
moscow,4,Sokolniki,2026-05-10 03:00:00,38
moscow,4,Sokolniki,2026-05-10 04:00:00,40
moscow,4,Sokolniki,2026-05-10 05:00:00,40
moscow,4,Sokolniki,2026-05-10 06:00:00,45
moscow,4,Sokolniki,2026-05-10 07:00:00,43
moscow,4,Sokolniki,2026-05-10 08:00:00,49
moscow,4,Sokolniki,2026-05-10 09:00:00,44
moscow,4,Sokolniki,2026-05-10 10:00:00,39
moscow,4,Sokolniki,2026-05-10 11:00:00,37
moscow,4,Sokolniki,2026-05-10 12:00:00,38
moscow,4,Sokolniki,2026-05-10 13:00:00,36
moscow,4,Sokolniki,2026-05-10 14:00:00,39
moscow,4,Sokolniki,2026-05-10 15:00:00,37
moscow,4,Sokolniki,2026-05-10 16:00:00,39
moscow,4,Sokolniki,2026-05-10 17:00:00,48
moscow,4,Sokolniki,2026-05-10 18:00:00,48
moscow,4,Sokolniki,2026-05-10 19:00:00,43
moscow,4,Sokolniki,2026-05-10 20:00:00,51
moscow,4,Sokolniki,2026-05-10 21:00:00,49
moscow,4,Sokolniki,2026-05-10 22:00:00,45
moscow,4,Sokolniki,2026-05-10 23:00:00,43
moscow,4,Sokolniki,2026-05-11 00:00:00,43
moscow,4,Sokolniki,2026-05-11 01:00:00,39
moscow,4,Sokolniki,2026-05-11 02:00:00,41
moscow,4,Sokolniki,2026-05-11 03:00:00,41
moscow,4,Sokolniki,2026-05-11 04:00:00,42
moscow,4,Sokolniki,2026-05-11 05:00:00,44
moscow,4,Sokolniki,2026-05-11 06:00:00,49
moscow,4,Sokolniki,2026-05-11 07:00:00,53
moscow,4,Sokolniki,2026-05-11 08:00:00,53
moscow,4,Sokolniki,2026-05-11 09:00:00,55
moscow,4,Sokolniki,2026-05-11 10:00:00,47
moscow,4,Sokolniki,2026-05-11 11:00:00,45
moscow,4,Sokolniki,2026-05-11 12:00:00,42
moscow,4,Sokolniki,2026-05-11 13:00:00,43
moscow,4,Sokolniki,2026-05-11 14:00:00,39
moscow,4,Sokolniki,2026-05-11 15:00:00,48
moscow,4,Sokolniki,2026-05-11 16:00:00,48
moscow,4,Sokolniki,2026-05-11 17:00:00,55
moscow,4,Sokolniki,2026-05-11 18:00:00,52
moscow,4,Sokolniki,2026-05-11 19:00:00,52
moscow,4,Sokolniki,2026-05-11 20:00:00,53
moscow,4,Sokolniki,2026-05-11 21:00:00,45
moscow,4,Sokolniki,2026-05-11 22:00:00,46
moscow,4,Sokolniki,2026-05-11 23:00:00,42
moscow,4,Sokolniki,2026-05-12 00:00:00,42
moscow,4,Sokolniki,2026-05-12 01:00:00,42
moscow,4,Sokolniki,2026-05-12 02:00:00,43
moscow,4,Sokolniki,2026-05-12 03:00:00,41
moscow,4,Sokolniki,2026-05-12 04:00:00,41
moscow,4,Sokolniki,2026-05-12 05:00:00,45
moscow,4,Sokolniki,2026-05-12 06:00:00,50
moscow,4,Sokolniki,2026-05-12 07:00:00,53
moscow,4,Sokolniki,2026-05-12 08:00:00,57
moscow,4,Sokolniki,2026-05-12 09:00:00,56
moscow,4,Sokolniki,2026-05-12 10:00:00,48
moscow,4,Sokolniki,2026-05-12 11:00:00,45
moscow,4,Sokolniki,2026-05-12 12:00:00,41
moscow,4,Sokolniki,2026-05-12 13:00:00,47
moscow,4,Sokolniki,2026-05-12 14:00:00,45
moscow,4,Sokolniki,2026-05-12 15:00:00,47
moscow,4,Sokolniki,2026-05-12 16:00:00,47
moscow,4,Sokolniki,2026-05-12 17:00:00,53
moscow,4,Sokolniki,2026-05-12 18:00:00,55
moscow,4,Sokolniki,2026-05-12 19:00:00,52
moscow,4,Sokolniki,2026-05-12 20:00:00,52
moscow,4,Sokolniki,2026-05-12 21:00:00,51
moscow,4,Sokolniki,2026-05-12 22:00:00,42
moscow,4,Sokolniki,2026-05-12 23:00:00,40
moscow,4,Sokolniki,2026-05-13 00:00:00,40
moscow,4,Sokolniki,2026-05-13 01:00:00,45
moscow,4,Sokolniki,2026-05-13 02:00:00,44
moscow,4,Sokolniki,2026-05-13 03:00:00,42
moscow,4,Sokolniki,2026-05-13 04:00:00,44
moscow,4,Sokolniki,2026-05-13 05:00:00,45
moscow,4,Sokolniki,2026-05-13 06:00:00,52
moscow,4,Sokolniki,2026-05-13 07:00:00,54
moscow,4,Sokolniki,2026-05-13 08:00:00,55
moscow,4,Sokolniki,2026-05-13 09:00:00,56
moscow,4,Sokolniki,2026-05-13 10:00:00,50
moscow,4,Sokolniki,2026-05-13 11:00:00,46
moscow,4,Sokolniki,2026-05-13 12:00:00,44
moscow,4,Sokolniki,2026-05-13 13:00:00,45
moscow,4,Sokolniki,2026-05-13 14:00:00,48
moscow,4,Sokolniki,2026-05-13 15:00:00,48
moscow,4,Sokolniki,2026-05-13 16:00:00,52
moscow,4,Sokolniki,2026-05-13 17:00:00,53
moscow,4,Sokolniki,2026-05-13 18:00:00,53
moscow,4,Sokolniki,2026-05-13 19:00:00,55
moscow,4,Sokolniki,2026-05-13 20:00:00,51
moscow,4,Sokolniki,2026-05-13 21:00:00,44
moscow,4,Sokolniki,2026-05-13 22:00:00,44
moscow,4,Sokolniki,2026-05-13 23:00:00,43
moscow,4,Sokolniki,2026-05-14 00:00:00,42
moscow,4,Sokolniki,2026-05-14 01:00:00,46
moscow,4,Sokolniki,2026-05-14 02:00:00,44
moscow,4,Sokolniki,2026-05-14 03:00:00,46
moscow,4,Sokolniki,2026-05-14 04:00:00,45
moscow,4,Sokolniki,2026-05-14 05:00:00,47
moscow,4,Sokolniki,2026-05-14 06:00:00,49
moscow,4,Sokolniki,2026-05-14 07:00:00,55
moscow,4,Sokolniki,2026-05-14 08:00:00,57
moscow,4,Sokolniki,2026-05-14 09:00:00,52
moscow,4,Sokolniki,2026-05-14 10:00:00,50
moscow,4,Sokolniki,2026-05-14 11:00:00,47
moscow,4,Sokolniki,2026-05-14 12:00:00,46
moscow,4,Sokolniki,2026-05-14 13:00:00,45
moscow,4,Sokolniki,2026-05-14 14:00:00,44
moscow,4,Sokolniki,2026-05-14 15:00:00,49
moscow,4,Sokolniki,2026-05-14 16:00:00,51
moscow,4,Sokolniki,2026-05-14 17:00:00,48
moscow,4,Sokolniki,2026-05-14 18:00:00,54
moscow,4,Sokolniki,2026-05-14 19:00:00,56
moscow,4,Sokolniki,2026-05-14 20:00:00,48
moscow,4,Sokolniki,2026-05-14 21:00:00,48
moscow,4,Sokolniki,2026-05-14 22:00:00,48
moscow,4,Sokolniki,2026-05-14 23:00:00,42
moscow,4,Sokolniki,2026-05-15 00:00:00,43
moscow,4,Sokolniki,2026-05-15 01:00:00,41
moscow,4,Sokolniki,2026-05-15 02:00:00,47
moscow,4,Sokolniki,2026-05-15 03:00:00,44
moscow,4,Sokolniki,2026-05-15 04:00:00,45
moscow,4,Sokolniki,2026-05-15 05:00:00,51
moscow,4,Sokolniki,2026-05-15 06:00:00,53
moscow,4,Sokolniki,2026-05-15 07:00:00,54
moscow,4,Sokolniki,2026-05-15 08:00:00,56
moscow,4,Sokolniki,2026-05-15 09:00:00,57
moscow,4,Sokolniki,2026-05-15 10:00:00,51
moscow,4,Sokolniki,2026-05-15 11:00:00,44
moscow,4,Sokolniki,2026-05-15 12:00:00,45
moscow,4,Sokolniki,2026-05-15 13:00:00,42
moscow,4,Sokolniki,2026-05-15 14:00:00,49
moscow,4,Sokolniki,2026-05-15 15:00:00,49
moscow,4,Sokolniki,2026-05-15 16:00:00,50
moscow,4,Sokolniki,2026-05-15 17:00:00,53
moscow,4,Sokolniki,2026-05-15 18:00:00,52
moscow,4,Sokolniki,2026-05-15 19:00:00,53
moscow,4,Sokolniki,2026-05-15 20:00:00,54
moscow,4,Sokolniki,2026-05-15 21:00:00,53
moscow,4,Sokolniki,2026-05-15 22:00:00,47
moscow,4,Sokolniki,2026-05-15 23:00:00,44
moscow,4,Sokolniki,2026-05-16 00:00:00,39
moscow,4,Sokolniki,2026-05-16 01:00:00,38
moscow,4,Sokolniki,2026-05-16 02:00:00,44
moscow,4,Sokolniki,2026-05-16 03:00:00,40
moscow,4,Sokolniki,2026-05-16 04:00:00,46
moscow,4,Sokolniki,2026-05-16 05:00:00,46
moscow,4,Sokolniki,2026-05-16 06:00:00,43
moscow,4,Sokolniki,2026-05-16 07:00:00,48
moscow,4,Sokolniki,2026-05-16 08:00:00,50
moscow,4,Sokolniki,2026-05-16 09:00:00,50
moscow,4,Sokolniki,2026-05-16 10:00:00,47
moscow,4,Sokolniki,2026-05-16 11:00:00,50
moscow,4,Sokolniki,2026-05-16 12:00:00,40
moscow,4,Sokolniki,2026-05-16 13:00:00,42
moscow,4,Sokolniki,2026-05-16 14:00:00,43
moscow,4,Sokolniki,2026-05-16 15:00:00,44
moscow,4,Sokolniki,2026-05-16 16:00:00,47
moscow,4,Sokolniki,2026-05-16 17:00:00,47
moscow,4,Sokolniki,2026-05-16 18:00:00,50
moscow,4,Sokolniki,2026-05-16 19:00:00,50
moscow,4,Sokolniki,2026-05-16 20:00:00,55
moscow,4,Sokolniki,2026-05-16 21:00:00,52
moscow,4,Sokolniki,2026-05-16 22:00:00,51
moscow,4,Sokolniki,2026-05-16 23:00:00,49
moscow,4,Sokolniki,2026-05-17 00:00:00,41
moscow,4,Sokolniki,2026-05-17 01:00:00,38
moscow,4,Sokolniki,2026-05-17 02:00:00,40
moscow,4,Sokolniki,2026-05-17 03:00:00,41
moscow,4,Sokolniki,2026-05-17 04:00:00,43
moscow,4,Sokolniki,2026-05-17 05:00:00,43
moscow,4,Sokolniki,2026-05-17 06:00:00,45
moscow,4,Sokolniki,2026-05-17 07:00:00,48
moscow,4,Sokolniki,2026-05-17 08:00:00,48
moscow,4,Sokolniki,2026-05-17 09:00:00,50
moscow,4,Sokolniki,2026-05-17 10:00:00,44
moscow,4,Sokolniki,2026-05-17 11:00:00,42
moscow,4,Sokolniki,2026-05-17 12:00:00,42
moscow,4,Sokolniki,2026-05-17 13:00:00,39
moscow,4,Sokolniki,2026-05-17 14:00:00,44
moscow,4,Sokolniki,2026-05-17 15:00:00,46
moscow,4,Sokolniki,2026-05-17 16:00:00,46
moscow,4,Sokolniki,2026-05-17 17:00:00,49
moscow,4,Sokolniki,2026-05-17 18:00:00,52
moscow,4,Sokolniki,2026-05-17 19:00:00,48
moscow,4,Sokolniki,2026-05-17 20:00:00,54
moscow,4,Sokolniki,2026-05-17 21:00:00,54
moscow,4,Sokolniki,2026-05-17 22:00:00,51
moscow,4,Sokolniki,2026-05-17 23:00:00,49
moscow,4,Sokolniki,2026-05-18 00:00:00,47
moscow,4,Sokolniki,2026-05-18 01:00:00,41
moscow,4,Sokolniki,2026-05-18 02:00:00,48
moscow,4,Sokolniki,2026-05-18 03:00:00,47
moscow,4,Sokolniki,2026-05-18 04:00:00,49
moscow,4,Sokolniki,2026-05-18 05:00:00,51
moscow,4,Sokolniki,2026-05-18 06:00:00,54
moscow,4,Sokolniki,2026-05-18 07:00:00,57
moscow,4,Sokolniki,2026-05-18 08:00:00,60
moscow,4,Sokolniki,2026-05-18 09:00:00,57
moscow,4,Sokolniki,2026-05-18 10:00:00,56
moscow,4,Sokolniki,2026-05-18 11:00:00,47
moscow,4,Sokolniki,2026-05-18 12:00:00,46
moscow,4,Sokolniki,2026-05-18 13:00:00,51
moscow,4,Sokolniki,2026-05-18 14:00:00,47
moscow,4,Sokolniki,2026-05-18 15:00:00,50
moscow,4,Sokolniki,2026-05-18 16:00:00,52
moscow,4,Sokolniki,2026-05-18 17:00:00,57
moscow,4,Sokolniki,2026-05-18 18:00:00,56
moscow,4,Sokolniki,2026-05-18 19:00:00,56
moscow,4,Sokolniki,2026-05-18 20:00:00,55
moscow,4,Sokolniki,2026-05-18 21:00:00,49
moscow,4,Sokolniki,2026-05-18 22:00:00,49
moscow,4,Sokolniki,2026-05-18 23:00:00,48
moscow,4,Sokolniki,2026-05-19 00:00:00,48
moscow,4,Sokolniki,2026-05-19 01:00:00,46
moscow,4,Sokolniki,2026-05-19 02:00:00,53
moscow,4,Sokolniki,2026-05-19 03:00:00,49
moscow,4,Sokolniki,2026-05-19 04:00:00,49
moscow,4,Sokolniki,2026-05-19 05:00:00,49
moscow,4,Sokolniki,2026-05-19 06:00:00,54
moscow,4,Sokolniki,2026-05-19 07:00:00,61
moscow,4,Sokolniki,2026-05-19 08:00:00,63
moscow,4,Sokolniki,2026-05-19 09:00:00,61
moscow,4,Sokolniki,2026-05-19 10:00:00,56
moscow,4,Sokolniki,2026-05-19 11:00:00,48
moscow,4,Sokolniki,2026-05-19 12:00:00,49
moscow,4,Sokolniki,2026-05-19 13:00:00,45
moscow,4,Sokolniki,2026-05-19 14:00:00,46
moscow,4,Sokolniki,2026-05-19 15:00:00,52
moscow,4,Sokolniki,2026-05-19 16:00:00,56
moscow,4,Sokolniki,2026-05-19 17:00:00,59
moscow,4,Sokolniki,2026-05-19 18:00:00,60
moscow,4,Sokolniki,2026-05-19 19:00:00,58
moscow,4,Sokolniki,2026-05-19 20:00:00,52
moscow,4,Sokolniki,2026-05-19 21:00:00,51
moscow,4,Sokolniki,2026-05-19 22:00:00,46
moscow,4,Sokolniki,2026-05-19 23:00:00,43
moscow,4,Sokolniki,2026-05-20 00:00:00,48
moscow,4,Sokolniki,2026-05-20 01:00:00,45
moscow,4,Sokolniki,2026-05-20 02:00:00,49
moscow,4,Sokolniki,2026-05-20 03:00:00,49
moscow,4,Sokolniki,2026-05-20 04:00:00,47
moscow,4,Sokolniki,2026-05-20 05:00:00,52
moscow,4,Sokolniki,2026-05-20 06:00:00,54
moscow,4,Sokolniki,2026-05-20 07:00:00,55
moscow,4,Sokolniki,2026-05-20 08:00:00,61
moscow,4,Sokolniki,2026-05-20 09:00:00,58
moscow,4,Sokolniki,2026-05-20 10:00:00,54
moscow,4,Sokolniki,2026-05-20 11:00:00,55
moscow,4,Sokolniki,2026-05-20 12:00:00,46
moscow,4,Sokolniki,2026-05-20 13:00:00,49
moscow,4,Sokolniki,2026-05-20 14:00:00,47
moscow,4,Sokolniki,2026-05-20 15:00:00,54
moscow,4,Sokolniki,2026-05-20 16:00:00,56
moscow,4,Sokolniki,2026-05-20 17:00:00,59
moscow,4,Sokolniki,2026-05-20 18:00:00,57
moscow,4,Sokolniki,2026-05-20 19:00:00,57
moscow,4,Sokolniki,2026-05-20 20:00:00,57
moscow,4,Sokolniki,2026-05-20 21:00:00,55
moscow,4,Sokolniki,2026-05-20 22:00:00,50
moscow,4,Sokolniki,2026-05-20 23:00:00,46
moscow,4,Sokolniki,2026-05-21 00:00:00,48
moscow,4,Sokolniki,2026-05-21 01:00:00,52
moscow,4,Sokolniki,2026-05-21 02:00:00,48
moscow,4,Sokolniki,2026-05-21 03:00:00,51
moscow,4,Sokolniki,2026-05-21 04:00:00,48
moscow,4,Sokolniki,2026-05-21 05:00:00,52
moscow,4,Sokolniki,2026-05-21 06:00:00,57
moscow,4,Sokolniki,2026-05-21 07:00:00,60
moscow,4,Sokolniki,2026-05-21 08:00:00,60
moscow,4,Sokolniki,2026-05-21 09:00:00,58
moscow,4,Sokolniki,2026-05-21 10:00:00,58
moscow,4,Sokolniki,2026-05-21 11:00:00,54
moscow,4,Sokolniki,2026-05-21 12:00:00,53
moscow,4,Sokolniki,2026-05-21 13:00:00,53
moscow,4,Sokolniki,2026-05-21 14:00:00,50
moscow,4,Sokolniki,2026-05-21 15:00:00,52
moscow,4,Sokolniki,2026-05-21 16:00:00,58
moscow,4,Sokolniki,2026-05-21 17:00:00,60
moscow,4,Sokolniki,2026-05-21 18:00:00,58
moscow,4,Sokolniki,2026-05-21 19:00:00,57
moscow,4,Sokolniki,2026-05-21 20:00:00,57
moscow,4,Sokolniki,2026-05-21 21:00:00,52
moscow,4,Sokolniki,2026-05-21 22:00:00,50
moscow,4,Sokolniki,2026-05-21 23:00:00,50
moscow,4,Sokolniki,2026-05-22 00:00:00,49
moscow,4,Sokolniki,2026-05-22 01:00:00,51
moscow,4,Sokolniki,2026-05-22 02:00:00,44
moscow,4,Sokolniki,2026-05-22 03:00:00,49
moscow,4,Sokolniki,2026-05-22 04:00:00,51
moscow,4,Sokolniki,2026-05-22 05:00:00,49
moscow,4,Sokolniki,2026-05-22 06:00:00,55
moscow,4,Sokolniki,2026-05-22 07:00:00,59
moscow,4,Sokolniki,2026-05-22 08:00:00,62
moscow,4,Sokolniki,2026-05-22 09:00:00,63
moscow,4,Sokolniki,2026-05-22 10:00:00,60
moscow,4,Sokolniki,2026-05-22 11:00:00,51
moscow,4,Sokolniki,2026-05-22 12:00:00,51
moscow,4,Sokolniki,2026-05-22 13:00:00,51
moscow,4,Sokolniki,2026-05-22 14:00:00,51
moscow,4,Sokolniki,2026-05-22 15:00:00,54
moscow,4,Sokolniki,2026-05-22 16:00:00,57
moscow,4,Sokolniki,2026-05-22 17:00:00,63
moscow,4,Sokolniki,2026-05-22 18:00:00,63
moscow,4,Sokolniki,2026-05-22 19:00:00,57
moscow,4,Sokolniki,2026-05-22 20:00:00,58
moscow,4,Sokolniki,2026-05-22 21:00:00,55
moscow,4,Sokolniki,2026-05-22 22:00:00,51
moscow,4,Sokolniki,2026-05-22 23:00:00,51
moscow,4,Sokolniki,2026-05-23 00:00:00,45
moscow,4,Sokolniki,2026-05-23 01:00:00,45
moscow,4,Sokolniki,2026-05-23 02:00:00,45
moscow,4,Sokolniki,2026-05-23 03:00:00,41
moscow,4,Sokolniki,2026-05-23 04:00:00,46
moscow,4,Sokolniki,2026-05-23 05:00:00,47
moscow,4,Sokolniki,2026-05-23 06:00:00,49
moscow,4,Sokolniki,2026-05-23 07:00:00,57
moscow,4,Sokolniki,2026-05-23 08:00:00,57
moscow,4,Sokolniki,2026-05-23 09:00:00,54
moscow,4,Sokolniki,2026-05-23 10:00:00,50
moscow,4,Sokolniki,2026-05-23 11:00:00,49
moscow,4,Sokolniki,2026-05-23 12:00:00,48
moscow,4,Sokolniki,2026-05-23 13:00:00,44
moscow,4,Sokolniki,2026-05-23 14:00:00,47
moscow,4,Sokolniki,2026-05-23 15:00:00,50
moscow,4,Sokolniki,2026-05-23 16:00:00,47
moscow,4,Sokolniki,2026-05-23 17:00:00,54
moscow,4,Sokolniki,2026-05-23 18:00:00,54
moscow,4,Sokolniki,2026-05-23 19:00:00,53
moscow,4,Sokolniki,2026-05-23 20:00:00,58
moscow,4,Sokolniki,2026-05-23 21:00:00,56
moscow,4,Sokolniki,2026-05-23 22:00:00,57
moscow,4,Sokolniki,2026-05-23 23:00:00,51
moscow,4,Sokolniki,2026-05-24 00:00:00,46
moscow,4,Sokolniki,2026-05-24 01:00:00,49
moscow,4,Sokolniki,2026-05-24 02:00:00,44
moscow,4,Sokolniki,2026-05-24 03:00:00,49
moscow,4,Sokolniki,2026-05-24 04:00:00,47
moscow,4,Sokolniki,2026-05-24 05:00:00,52
moscow,4,Sokolniki,2026-05-24 06:00:00,53
moscow,4,Sokolniki,2026-05-24 07:00:00,56
moscow,4,Sokolniki,2026-05-24 08:00:00,56
moscow,4,Sokolniki,2026-05-24 09:00:00,54
moscow,4,Sokolniki,2026-05-24 10:00:00,52
moscow,4,Sokolniki,2026-05-24 11:00:00,51
moscow,4,Sokolniki,2026-05-24 12:00:00,47
moscow,4,Sokolniki,2026-05-24 13:00:00,46
moscow,4,Sokolniki,2026-05-24 14:00:00,47
moscow,4,Sokolniki,2026-05-24 15:00:00,51
moscow,4,Sokolniki,2026-05-24 16:00:00,54
moscow,4,Sokolniki,2026-05-24 17:00:00,53
moscow,4,Sokolniki,2026-05-24 18:00:00,54
moscow,4,Sokolniki,2026-05-24 19:00:00,55
moscow,4,Sokolniki,2026-05-24 20:00:00,63
moscow,4,Sokolniki,2026-05-24 21:00:00,59
moscow,4,Sokolniki,2026-05-24 22:00:00,51
moscow,4,Sokolniki,2026-05-24 23:00:00,51
moscow,4,Sokolniki,2026-05-25 00:00:00,48
moscow,4,Sokolniki,2026-05-25 01:00:00,49
moscow,4,Sokolniki,2026-05-25 02:00:00,53
moscow,4,Sokolniki,2026-05-25 03:00:00,48
moscow,4,Sokolniki,2026-05-25 04:00:00,49
moscow,4,Sokolniki,2026-05-25 05:00:00,53
moscow,4,Sokolniki,2026-05-25 06:00:00,59
moscow,4,Sokolniki,2026-05-25 07:00:00,63
moscow,4,Sokolniki,2026-05-25 08:00:00,65
moscow,4,Sokolniki,2026-05-25 09:00:00,65
moscow,4,Sokolniki,2026-05-25 10:00:00,55
moscow,4,Sokolniki,2026-05-25 11:00:00,57
moscow,4,Sokolniki,2026-05-25 12:00:00,52
moscow,4,Sokolniki,2026-05-25 13:00:00,53
moscow,4,Sokolniki,2026-05-25 14:00:00,50
moscow,4,Sokolniki,2026-05-25 15:00:00,55
moscow,4,Sokolniki,2026-05-25 16:00:00,59
moscow,4,Sokolniki,2026-05-25 17:00:00,64
moscow,4,Sokolniki,2026-05-25 18:00:00,59
moscow,4,Sokolniki,2026-05-25 19:00:00,61
moscow,4,Sokolniki,2026-05-25 20:00:00,56
moscow,4,Sokolniki,2026-05-25 21:00:00,56
moscow,4,Sokolniki,2026-05-25 22:00:00,54
moscow,4,Sokolniki,2026-05-25 23:00:00,54
moscow,4,Sokolniki,2026-05-26 00:00:00,50
moscow,4,Sokolniki,2026-05-26 01:00:00,52
moscow,4,Sokolniki,2026-05-26 02:00:00,53
moscow,4,Sokolniki,2026-05-26 03:00:00,48
moscow,4,Sokolniki,2026-05-26 04:00:00,54
moscow,4,Sokolniki,2026-05-26 05:00:00,57
moscow,4,Sokolniki,2026-05-26 06:00:00,59
moscow,4,Sokolniki,2026-05-26 07:00:00,60
moscow,4,Sokolniki,2026-05-26 08:00:00,66
moscow,4,Sokolniki,2026-05-26 09:00:00,60
moscow,4,Sokolniki,2026-05-26 10:00:00,59
moscow,4,Sokolniki,2026-05-26 11:00:00,55
moscow,4,Sokolniki,2026-05-26 12:00:00,54
moscow,4,Sokolniki,2026-05-26 13:00:00,51
moscow,4,Sokolniki,2026-05-26 14:00:00,52
moscow,4,Sokolniki,2026-05-26 15:00:00,56
moscow,4,Sokolniki,2026-05-26 16:00:00,61
moscow,4,Sokolniki,2026-05-26 17:00:00,67
moscow,4,Sokolniki,2026-05-26 18:00:00,60
moscow,4,Sokolniki,2026-05-26 19:00:00,63
moscow,4,Sokolniki,2026-05-26 20:00:00,57
moscow,4,Sokolniki,2026-05-26 21:00:00,58
moscow,4,Sokolniki,2026-05-26 22:00:00,51
moscow,4,Sokolniki,2026-05-26 23:00:00,50
moscow,4,Sokolniki,2026-05-27 00:00:00,50
moscow,4,Sokolniki,2026-05-27 01:00:00,51
moscow,4,Sokolniki,2026-05-27 02:00:00,52
moscow,4,Sokolniki,2026-05-27 03:00:00,53
moscow,4,Sokolniki,2026-05-27 04:00:00,53
moscow,4,Sokolniki,2026-05-27 05:00:00,53
moscow,4,Sokolniki,2026-05-27 06:00:00,61
moscow,4,Sokolniki,2026-05-27 07:00:00,63
moscow,4,Sokolniki,2026-05-27 08:00:00,67
moscow,4,Sokolniki,2026-05-27 09:00:00,62
moscow,4,Sokolniki,2026-05-27 10:00:00,57
moscow,4,Sokolniki,2026-05-27 11:00:00,56
moscow,4,Sokolniki,2026-05-27 12:00:00,56
moscow,4,Sokolniki,2026-05-27 13:00:00,53
moscow,4,Sokolniki,2026-05-27 14:00:00,54
moscow,4,Sokolniki,2026-05-27 15:00:00,55
moscow,4,Sokolniki,2026-05-27 16:00:00,63
moscow,4,Sokolniki,2026-05-27 17:00:00,61
moscow,4,Sokolniki,2026-05-27 18:00:00,62
moscow,4,Sokolniki,2026-05-27 19:00:00,64
moscow,4,Sokolniki,2026-05-27 20:00:00,56
moscow,4,Sokolniki,2026-05-27 21:00:00,59
moscow,4,Sokolniki,2026-05-27 22:00:00,55
moscow,4,Sokolniki,2026-05-27 23:00:00,54
moscow,4,Sokolniki,2026-05-28 00:00:00,53
moscow,4,Sokolniki,2026-05-28 01:00:00,52
moscow,4,Sokolniki,2026-05-28 02:00:00,50
moscow,4,Sokolniki,2026-05-28 03:00:00,52
moscow,4,Sokolniki,2026-05-28 04:00:00,52
moscow,4,Sokolniki,2026-05-28 05:00:00,57
moscow,4,Sokolniki,2026-05-28 06:00:00,62
moscow,4,Sokolniki,2026-05-28 07:00:00,67
moscow,4,Sokolniki,2026-05-28 08:00:00,67
moscow,4,Sokolniki,2026-05-28 09:00:00,66
moscow,4,Sokolniki,2026-05-28 10:00:00,60
moscow,4,Sokolniki,2026-05-28 11:00:00,56
moscow,4,Sokolniki,2026-05-28 12:00:00,55
moscow,4,Sokolniki,2026-05-28 13:00:00,53
moscow,4,Sokolniki,2026-05-28 14:00:00,55
moscow,4,Sokolniki,2026-05-28 15:00:00,55
moscow,4,Sokolniki,2026-05-28 16:00:00,59
moscow,4,Sokolniki,2026-05-28 17:00:00,65
moscow,4,Sokolniki,2026-05-28 18:00:00,66
moscow,4,Sokolniki,2026-05-28 19:00:00,61
moscow,4,Sokolniki,2026-05-28 20:00:00,62
moscow,4,Sokolniki,2026-05-28 21:00:00,56
moscow,4,Sokolniki,2026-05-28 22:00:00,55
moscow,4,Sokolniki,2026-05-28 23:00:00,56
moscow,4,Sokolniki,2026-05-29 00:00:00,54
moscow,4,Sokolniki,2026-05-29 01:00:00,54
moscow,4,Sokolniki,2026-05-29 02:00:00,57
moscow,4,Sokolniki,2026-05-29 03:00:00,52
moscow,4,Sokolniki,2026-05-29 04:00:00,52
moscow,4,Sokolniki,2026-05-29 05:00:00,56
moscow,4,Sokolniki,2026-05-29 06:00:00,61
moscow,4,Sokolniki,2026-05-29 07:00:00,60
moscow,4,Sokolniki,2026-05-29 08:00:00,66
moscow,4,Sokolniki,2026-05-29 09:00:00,64
moscow,4,Sokolniki,2026-05-29 10:00:00,63
moscow,4,Sokolniki,2026-05-29 11:00:00,58
moscow,4,Sokolniki,2026-05-29 12:00:00,54
moscow,4,Sokolniki,2026-05-29 13:00:00,55
moscow,4,Sokolniki,2026-05-29 14:00:00,57
moscow,4,Sokolniki,2026-05-29 15:00:00,56
moscow,4,Sokolniki,2026-05-29 16:00:00,60
moscow,4,Sokolniki,2026-05-29 17:00:00,60
moscow,4,Sokolniki,2026-05-29 18:00:00,63
moscow,4,Sokolniki,2026-05-29 19:00:00,63
moscow,4,Sokolniki,2026-05-29 20:00:00,61
moscow,4,Sokolniki,2026-05-29 21:00:00,56
moscow,4,Sokolniki,2026-05-29 22:00:00,54
moscow,4,Sokolniki,2026-05-29 23:00:00,51
moscow,4,Sokolniki,2026-05-30 00:00:00,50
moscow,4,Sokolniki,2026-05-30 01:00:00,50
moscow,4,Sokolniki,2026-05-30 02:00:00,50
moscow,4,Sokolniki,2026-05-30 03:00:00,50
moscow,4,Sokolniki,2026-05-30 04:00:00,48
moscow,4,Sokolniki,2026-05-30 05:00:00,52
moscow,4,Sokolniki,2026-05-30 06:00:00,55
moscow,4,Sokolniki,2026-05-30 07:00:00,58
moscow,4,Sokolniki,2026-05-30 08:00:00,60
moscow,4,Sokolniki,2026-05-30 09:00:00,62
moscow,4,Sokolniki,2026-05-30 10:00:00,58
moscow,4,Sokolniki,2026-05-30 11:00:00,51
moscow,4,Sokolniki,2026-05-30 12:00:00,52
moscow,4,Sokolniki,2026-05-30 13:00:00,52
moscow,4,Sokolniki,2026-05-30 14:00:00,50
moscow,4,Sokolniki,2026-05-30 15:00:00,55
moscow,4,Sokolniki,2026-05-30 16:00:00,56
moscow,4,Sokolniki,2026-05-30 17:00:00,56
moscow,4,Sokolniki,2026-05-30 18:00:00,60
moscow,4,Sokolniki,2026-05-30 19:00:00,59
moscow,4,Sokolniki,2026-05-30 20:00:00,64
moscow,4,Sokolniki,2026-05-30 21:00:00,60
moscow,4,Sokolniki,2026-05-30 22:00:00,56
moscow,4,Sokolniki,2026-05-30 23:00:00,57
moscow,4,Sokolniki,2026-05-31 00:00:00,50
moscow,4,Sokolniki,2026-05-31 01:00:00,50
moscow,4,Sokolniki,2026-05-31 02:00:00,51
moscow,4,Sokolniki,2026-05-31 03:00:00,48
moscow,4,Sokolniki,2026-05-31 04:00:00,50
moscow,4,Sokolniki,2026-05-31 05:00:00,49
moscow,4,Sokolniki,2026-05-31 06:00:00,58
moscow,4,Sokolniki,2026-05-31 07:00:00,57
moscow,4,Sokolniki,2026-05-31 08:00:00,61
moscow,4,Sokolniki,2026-05-31 09:00:00,60
moscow,4,Sokolniki,2026-05-31 10:00:00,58
moscow,4,Sokolniki,2026-05-31 11:00:00,51
moscow,4,Sokolniki,2026-05-31 12:00:00,52
moscow,4,Sokolniki,2026-05-31 13:00:00,55
moscow,4,Sokolniki,2026-05-31 14:00:00,55
moscow,4,Sokolniki,2026-05-31 15:00:00,56
moscow,4,Sokolniki,2026-05-31 16:00:00,57
moscow,4,Sokolniki,2026-05-31 17:00:00,57
moscow,4,Sokolniki,2026-05-31 18:00:00,61
moscow,4,Sokolniki,2026-05-31 19:00:00,59
moscow,4,Sokolniki,2026-05-31 20:00:00,66
moscow,4,Sokolniki,2026-05-31 21:00:00,60
moscow,4,Sokolniki,2026-05-31 22:00:00,58
moscow,4,Sokolniki,2026-05-31 23:00:00,57
moscow,4,Sokolniki,2026-06-01 00:00:00,55
moscow,4,Sokolniki,2026-06-01 01:00:00,56
moscow,4,Sokolniki,2026-06-01 02:00:00,54
moscow,4,Sokolniki,2026-06-01 03:00:00,52
moscow,4,Sokolniki,2026-06-01 04:00:00,60
moscow,4,Sokolniki,2026-06-01 05:00:00,64
moscow,4,Sokolniki,2026-06-01 06:00:00,64
moscow,4,Sokolniki,2026-06-01 07:00:00,64
moscow,4,Sokolniki,2026-06-01 08:00:00,67
moscow,4,Sokolniki,2026-06-01 09:00:00,68
moscow,4,Sokolniki,2026-06-01 10:00:00,66
moscow,4,Sokolniki,2026-06-01 11:00:00,57
moscow,4,Sokolniki,2026-06-01 12:00:00,57
moscow,4,Sokolniki,2026-06-01 13:00:00,57
moscow,4,Sokolniki,2026-06-01 14:00:00,59
moscow,4,Sokolniki,2026-06-01 15:00:00,59
moscow,4,Sokolniki,2026-06-01 16:00:00,60
moscow,4,Sokolniki,2026-06-01 17:00:00,67
moscow,4,Sokolniki,2026-06-01 18:00:00,69
moscow,4,Sokolniki,2026-06-01 19:00:00,66
moscow,4,Sokolniki,2026-06-01 20:00:00,64
moscow,4,Sokolniki,2026-06-01 21:00:00,59
moscow,4,Sokolniki,2026-06-01 22:00:00,55
moscow,4,Sokolniki,2026-06-01 23:00:00,58
moscow,4,Sokolniki,2026-06-02 00:00:00,56
moscow,4,Sokolniki,2026-06-02 01:00:00,56
moscow,4,Sokolniki,2026-06-02 02:00:00,58
moscow,4,Sokolniki,2026-06-02 03:00:00,54
moscow,4,Sokolniki,2026-06-02 04:00:00,56
moscow,4,Sokolniki,2026-06-02 05:00:00,60
moscow,4,Sokolniki,2026-06-02 06:00:00,63
moscow,4,Sokolniki,2026-06-02 07:00:00,69
moscow,4,Sokolniki,2026-06-02 08:00:00,69
moscow,4,Sokolniki,2026-06-02 09:00:00,66
moscow,4,Sokolniki,2026-06-02 10:00:00,64
moscow,4,Sokolniki,2026-06-02 11:00:00,60
moscow,4,Sokolniki,2026-06-02 12:00:00,59
moscow,4,Sokolniki,2026-06-02 13:00:00,58
moscow,4,Sokolniki,2026-06-02 14:00:00,59
moscow,4,Sokolniki,2026-06-02 15:00:00,61
moscow,4,Sokolniki,2026-06-02 16:00:00,63
moscow,4,Sokolniki,2026-06-02 17:00:00,65
moscow,4,Sokolniki,2026-06-02 18:00:00,68
moscow,4,Sokolniki,2026-06-02 19:00:00,66
moscow,4,Sokolniki,2026-06-02 20:00:00,67
moscow,4,Sokolniki,2026-06-02 21:00:00,63
moscow,4,Sokolniki,2026-06-02 22:00:00,59
moscow,4,Sokolniki,2026-06-02 23:00:00,57
moscow,4,Sokolniki,2026-06-03 00:00:00,56
moscow,4,Sokolniki,2026-06-03 01:00:00,53
moscow,4,Sokolniki,2026-06-03 02:00:00,56
moscow,4,Sokolniki,2026-06-03 03:00:00,57
moscow,4,Sokolniki,2026-06-03 04:00:00,58
moscow,4,Sokolniki,2026-06-03 05:00:00,61
moscow,4,Sokolniki,2026-06-03 06:00:00,66
moscow,4,Sokolniki,2026-06-03 07:00:00,67
moscow,4,Sokolniki,2026-06-03 08:00:00,68
moscow,4,Sokolniki,2026-06-03 09:00:00,71
moscow,4,Sokolniki,2026-06-03 10:00:00,66
moscow,4,Sokolniki,2026-06-03 11:00:00,60
moscow,4,Sokolniki,2026-06-03 12:00:00,58
moscow,4,Sokolniki,2026-06-03 13:00:00,57
moscow,4,Sokolniki,2026-06-03 14:00:00,59
moscow,4,Sokolniki,2026-06-03 15:00:00,62
moscow,4,Sokolniki,2026-06-03 16:00:00,69
moscow,4,Sokolniki,2026-06-03 17:00:00,68
moscow,4,Sokolniki,2026-06-03 18:00:00,70
moscow,4,Sokolniki,2026-06-03 19:00:00,64
moscow,4,Sokolniki,2026-06-03 20:00:00,63
moscow,4,Sokolniki,2026-06-03 21:00:00,63
moscow,4,Sokolniki,2026-06-03 22:00:00,59
moscow,4,Sokolniki,2026-06-03 23:00:00,48
moscow,4,Sokolniki,2026-06-04 00:00:00,58
moscow,4,Sokolniki,2026-06-04 01:00:00,60
moscow,4,Sokolniki,2026-06-04 02:00:00,53
moscow,4,Sokolniki,2026-06-04 03:00:00,60
moscow,4,Sokolniki,2026-06-04 04:00:00,53
moscow,4,Sokolniki,2026-06-04 05:00:00,63
moscow,4,Sokolniki,2026-06-04 06:00:00,65
moscow,4,Sokolniki,2026-06-04 07:00:00,64
moscow,4,Sokolniki,2026-06-04 08:00:00,71
moscow,4,Sokolniki,2026-06-04 09:00:00,71
moscow,4,Sokolniki,2026-06-04 10:00:00,66
moscow,4,Sokolniki,2026-06-04 11:00:00,62
moscow,4,Sokolniki,2026-06-04 12:00:00,58
moscow,4,Sokolniki,2026-06-04 13:00:00,54
moscow,4,Sokolniki,2026-06-04 14:00:00,61
moscow,4,Sokolniki,2026-06-04 15:00:00,65
moscow,4,Sokolniki,2026-06-04 16:00:00,67
moscow,4,Sokolniki,2026-06-04 17:00:00,64
moscow,4,Sokolniki,2026-06-04 18:00:00,66
moscow,4,Sokolniki,2026-06-04 19:00:00,66
moscow,4,Sokolniki,2026-06-04 20:00:00,62
moscow,4,Sokolniki,2026-06-04 21:00:00,62
moscow,4,Sokolniki,2026-06-04 22:00:00,60
moscow,4,Sokolniki,2026-06-04 23:00:00,55
moscow,4,Sokolniki,2026-06-05 00:00:00,59
moscow,4,Sokolniki,2026-06-05 01:00:00,58
moscow,4,Sokolniki,2026-06-05 02:00:00,56
moscow,4,Sokolniki,2026-06-05 03:00:00,57
moscow,4,Sokolniki,2026-06-05 04:00:00,55
moscow,4,Sokolniki,2026-06-05 05:00:00,61
moscow,4,Sokolniki,2026-06-05 06:00:00,66
moscow,4,Sokolniki,2026-06-05 07:00:00,70
moscow,4,Sokolniki,2026-06-05 08:00:00,72
moscow,4,Sokolniki,2026-06-05 09:00:00,70
moscow,4,Sokolniki,2026-06-05 10:00:00,65
moscow,4,Sokolniki,2026-06-05 11:00:00,62
moscow,4,Sokolniki,2026-06-05 12:00:00,61
moscow,4,Sokolniki,2026-06-05 13:00:00,59
moscow,4,Sokolniki,2026-06-05 14:00:00,61
moscow,4,Sokolniki,2026-06-05 15:00:00,62
moscow,4,Sokolniki,2026-06-05 16:00:00,64
moscow,4,Sokolniki,2026-06-05 17:00:00,70
moscow,4,Sokolniki,2026-06-05 18:00:00,69
moscow,4,Sokolniki,2026-06-05 19:00:00,69
moscow,4,Sokolniki,2026-06-05 20:00:00,66
moscow,4,Sokolniki,2026-06-05 21:00:00,62
moscow,4,Sokolniki,2026-06-05 22:00:00,59
moscow,4,Sokolniki,2026-06-05 23:00:00,57
moscow,4,Sokolniki,2026-06-06 00:00:00,51
moscow,4,Sokolniki,2026-06-06 01:00:00,55
moscow,4,Sokolniki,2026-06-06 02:00:00,54
moscow,4,Sokolniki,2026-06-06 03:00:00,56
moscow,4,Sokolniki,2026-06-06 04:00:00,54
moscow,4,Sokolniki,2026-06-06 05:00:00,61
moscow,4,Sokolniki,2026-06-06 06:00:00,60
moscow,4,Sokolniki,2026-06-06 07:00:00,62
moscow,4,Sokolniki,2026-06-06 08:00:00,63
moscow,4,Sokolniki,2026-06-06 09:00:00,60
moscow,4,Sokolniki,2026-06-06 10:00:00,64
moscow,4,Sokolniki,2026-06-06 11:00:00,60
moscow,4,Sokolniki,2026-06-06 12:00:00,57
moscow,4,Sokolniki,2026-06-06 13:00:00,53
moscow,4,Sokolniki,2026-06-06 14:00:00,60
moscow,4,Sokolniki,2026-06-06 15:00:00,57
moscow,4,Sokolniki,2026-06-06 16:00:00,60
moscow,4,Sokolniki,2026-06-06 17:00:00,66
moscow,4,Sokolniki,2026-06-06 18:00:00,65
moscow,4,Sokolniki,2026-06-06 19:00:00,67
moscow,4,Sokolniki,2026-06-06 20:00:00,69
moscow,4,Sokolniki,2026-06-06 21:00:00,64
moscow,4,Sokolniki,2026-06-06 22:00:00,61
moscow,4,Sokolniki,2026-06-06 23:00:00,57
moscow,4,Sokolniki,2026-06-07 00:00:00,54
moscow,4,Sokolniki,2026-06-07 01:00:00,57
moscow,4,Sokolniki,2026-06-07 02:00:00,56
moscow,4,Sokolniki,2026-06-07 03:00:00,55
moscow,4,Sokolniki,2026-06-07 04:00:00,54
moscow,4,Sokolniki,2026-06-07 05:00:00,59
moscow,4,Sokolniki,2026-06-07 06:00:00,63
moscow,4,Sokolniki,2026-06-07 07:00:00,65
moscow,4,Sokolniki,2026-06-07 08:00:00,66
moscow,4,Sokolniki,2026-06-07 09:00:00,63
moscow,4,Sokolniki,2026-06-07 10:00:00,63
moscow,4,Sokolniki,2026-06-07 11:00:00,52
moscow,4,Sokolniki,2026-06-07 12:00:00,57
moscow,4,Sokolniki,2026-06-07 13:00:00,61
moscow,4,Sokolniki,2026-06-07 14:00:00,54
moscow,4,Sokolniki,2026-06-07 15:00:00,58
moscow,4,Sokolniki,2026-06-07 16:00:00,61
moscow,4,Sokolniki,2026-06-07 17:00:00,63
moscow,4,Sokolniki,2026-06-07 18:00:00,67
moscow,4,Sokolniki,2026-06-07 19:00:00,65
moscow,4,Sokolniki,2026-06-07 20:00:00,70
moscow,4,Sokolniki,2026-06-07 21:00:00,67
moscow,4,Sokolniki,2026-06-07 22:00:00,63
moscow,4,Sokolniki,2026-06-07 23:00:00,68
moscow,4,Sokolniki,2026-06-08 00:00:00,59
moscow,4,Sokolniki,2026-06-08 01:00:00,60
moscow,4,Sokolniki,2026-06-08 02:00:00,56
moscow,4,Sokolniki,2026-06-08 03:00:00,59
moscow,4,Sokolniki,2026-06-08 04:00:00,63
moscow,4,Sokolniki,2026-06-08 05:00:00,61
moscow,4,Sokolniki,2026-06-08 06:00:00,63
moscow,4,Sokolniki,2026-06-08 07:00:00,72
moscow,4,Sokolniki,2026-06-08 08:00:00,76
moscow,4,Sokolniki,2026-06-08 09:00:00,72
moscow,4,Sokolniki,2026-06-08 10:00:00,67
moscow,4,Sokolniki,2026-06-08 11:00:00,60
moscow,4,Sokolniki,2026-06-08 12:00:00,62
moscow,4,Sokolniki,2026-06-08 13:00:00,62
moscow,4,Sokolniki,2026-06-08 14:00:00,58
moscow,4,Sokolniki,2026-06-08 15:00:00,67
moscow,4,Sokolniki,2026-06-08 16:00:00,69
moscow,4,Sokolniki,2026-06-08 17:00:00,73
moscow,4,Sokolniki,2026-06-08 18:00:00,73
moscow,4,Sokolniki,2026-06-08 19:00:00,72
moscow,4,Sokolniki,2026-06-08 20:00:00,69
moscow,4,Sokolniki,2026-06-08 21:00:00,66
moscow,4,Sokolniki,2026-06-08 22:00:00,58
moscow,4,Sokolniki,2026-06-08 23:00:00,57
moscow,4,Sokolniki,2026-06-09 00:00:00,58
moscow,4,Sokolniki,2026-06-09 01:00:00,60
moscow,4,Sokolniki,2026-06-09 02:00:00,61
moscow,4,Sokolniki,2026-06-09 03:00:00,61
moscow,4,Sokolniki,2026-06-09 04:00:00,64
moscow,4,Sokolniki,2026-06-09 05:00:00,67
moscow,4,Sokolniki,2026-06-09 06:00:00,67
moscow,4,Sokolniki,2026-06-09 07:00:00,73
moscow,4,Sokolniki,2026-06-09 08:00:00,72
moscow,4,Sokolniki,2026-06-09 09:00:00,72
moscow,4,Sokolniki,2026-06-09 10:00:00,69
moscow,4,Sokolniki,2026-06-09 11:00:00,58
moscow,4,Sokolniki,2026-06-09 12:00:00,67
moscow,4,Sokolniki,2026-06-09 13:00:00,63
moscow,4,Sokolniki,2026-06-09 14:00:00,61
moscow,4,Sokolniki,2026-06-09 15:00:00,69
moscow,4,Sokolniki,2026-06-09 16:00:00,68
moscow,4,Sokolniki,2026-06-09 17:00:00,72
moscow,5,Tagansky,2026-04-10 18:00:00,41
moscow,5,Tagansky,2026-04-10 19:00:00,44
moscow,5,Tagansky,2026-04-10 20:00:00,36
moscow,5,Tagansky,2026-04-10 21:00:00,33
moscow,5,Tagansky,2026-04-10 22:00:00,32
moscow,5,Tagansky,2026-04-10 23:00:00,28
moscow,5,Tagansky,2026-04-11 00:00:00,21
moscow,5,Tagansky,2026-04-11 01:00:00,24
moscow,5,Tagansky,2026-04-11 02:00:00,27
moscow,5,Tagansky,2026-04-11 03:00:00,23
moscow,5,Tagansky,2026-04-11 04:00:00,24
moscow,5,Tagansky,2026-04-11 05:00:00,26
moscow,5,Tagansky,2026-04-11 06:00:00,33
moscow,5,Tagansky,2026-04-11 07:00:00,33
moscow,5,Tagansky,2026-04-11 08:00:00,35
moscow,5,Tagansky,2026-04-11 09:00:00,31
moscow,5,Tagansky,2026-04-11 10:00:00,27
moscow,5,Tagansky,2026-04-11 11:00:00,25
moscow,5,Tagansky,2026-04-11 12:00:00,24
moscow,5,Tagansky,2026-04-11 13:00:00,27
moscow,5,Tagansky,2026-04-11 14:00:00,25
moscow,5,Tagansky,2026-04-11 15:00:00,25
moscow,5,Tagansky,2026-04-11 16:00:00,28
moscow,5,Tagansky,2026-04-11 17:00:00,36
moscow,5,Tagansky,2026-04-11 18:00:00,37
moscow,5,Tagansky,2026-04-11 19:00:00,33
moscow,5,Tagansky,2026-04-11 20:00:00,39
moscow,5,Tagansky,2026-04-11 21:00:00,38
moscow,5,Tagansky,2026-04-11 22:00:00,30
moscow,5,Tagansky,2026-04-11 23:00:00,31
moscow,5,Tagansky,2026-04-12 00:00:00,27
moscow,5,Tagansky,2026-04-12 01:00:00,23
moscow,5,Tagansky,2026-04-12 02:00:00,21
moscow,5,Tagansky,2026-04-12 03:00:00,24
moscow,5,Tagansky,2026-04-12 04:00:00,23
moscow,5,Tagansky,2026-04-12 05:00:00,24
moscow,5,Tagansky,2026-04-12 06:00:00,32
moscow,5,Tagansky,2026-04-12 07:00:00,37
moscow,5,Tagansky,2026-04-12 08:00:00,36
moscow,5,Tagansky,2026-04-12 09:00:00,34
moscow,5,Tagansky,2026-04-12 10:00:00,29
moscow,5,Tagansky,2026-04-12 11:00:00,27
moscow,5,Tagansky,2026-04-12 12:00:00,23
moscow,5,Tagansky,2026-04-12 13:00:00,22
moscow,5,Tagansky,2026-04-12 14:00:00,29
moscow,5,Tagansky,2026-04-12 15:00:00,29
moscow,5,Tagansky,2026-04-12 16:00:00,32
moscow,5,Tagansky,2026-04-12 17:00:00,36
moscow,5,Tagansky,2026-04-12 18:00:00,37
moscow,5,Tagansky,2026-04-12 19:00:00,33
moscow,5,Tagansky,2026-04-12 20:00:00,42
moscow,5,Tagansky,2026-04-12 21:00:00,36
moscow,5,Tagansky,2026-04-12 22:00:00,34
moscow,5,Tagansky,2026-04-12 23:00:00,32
moscow,5,Tagansky,2026-04-13 00:00:00,27
moscow,5,Tagansky,2026-04-13 01:00:00,25
moscow,5,Tagansky,2026-04-13 02:00:00,29
moscow,5,Tagansky,2026-04-13 03:00:00,29
moscow,5,Tagansky,2026-04-13 04:00:00,26
moscow,5,Tagansky,2026-04-13 05:00:00,35
moscow,5,Tagansky,2026-04-13 06:00:00,41
moscow,5,Tagansky,2026-04-13 07:00:00,50
moscow,5,Tagansky,2026-04-13 08:00:00,45
moscow,5,Tagansky,2026-04-13 09:00:00,43
moscow,5,Tagansky,2026-04-13 10:00:00,37
moscow,5,Tagansky,2026-04-13 11:00:00,35
moscow,5,Tagansky,2026-04-13 12:00:00,32
moscow,5,Tagansky,2026-04-13 13:00:00,29
moscow,5,Tagansky,2026-04-13 14:00:00,31
moscow,5,Tagansky,2026-04-13 15:00:00,30
moscow,5,Tagansky,2026-04-13 16:00:00,41
moscow,5,Tagansky,2026-04-13 17:00:00,41
moscow,5,Tagansky,2026-04-13 18:00:00,44
moscow,5,Tagansky,2026-04-13 19:00:00,40
moscow,5,Tagansky,2026-04-13 20:00:00,38
moscow,5,Tagansky,2026-04-13 21:00:00,34
moscow,5,Tagansky,2026-04-13 22:00:00,32
moscow,5,Tagansky,2026-04-13 23:00:00,31
moscow,5,Tagansky,2026-04-14 00:00:00,32
moscow,5,Tagansky,2026-04-14 01:00:00,31
moscow,5,Tagansky,2026-04-14 02:00:00,31
moscow,5,Tagansky,2026-04-14 03:00:00,33
moscow,5,Tagansky,2026-04-14 04:00:00,33
moscow,5,Tagansky,2026-04-14 05:00:00,35
moscow,5,Tagansky,2026-04-14 06:00:00,42
moscow,5,Tagansky,2026-04-14 07:00:00,47
moscow,5,Tagansky,2026-04-14 08:00:00,48
moscow,5,Tagansky,2026-04-14 09:00:00,41
moscow,5,Tagansky,2026-04-14 10:00:00,38
moscow,5,Tagansky,2026-04-14 11:00:00,34
moscow,5,Tagansky,2026-04-14 12:00:00,34
moscow,5,Tagansky,2026-04-14 13:00:00,31
moscow,5,Tagansky,2026-04-14 14:00:00,35
moscow,5,Tagansky,2026-04-14 15:00:00,39
moscow,5,Tagansky,2026-04-14 16:00:00,43
moscow,5,Tagansky,2026-04-14 17:00:00,46
moscow,5,Tagansky,2026-04-14 18:00:00,43
moscow,5,Tagansky,2026-04-14 19:00:00,45
moscow,5,Tagansky,2026-04-14 20:00:00,39
moscow,5,Tagansky,2026-04-14 21:00:00,32
moscow,5,Tagansky,2026-04-14 22:00:00,32
moscow,5,Tagansky,2026-04-14 23:00:00,33
moscow,5,Tagansky,2026-04-15 00:00:00,31
moscow,5,Tagansky,2026-04-15 01:00:00,35
moscow,5,Tagansky,2026-04-15 02:00:00,31
moscow,5,Tagansky,2026-04-15 03:00:00,36
moscow,5,Tagansky,2026-04-15 04:00:00,33
moscow,5,Tagansky,2026-04-15 05:00:00,36
moscow,5,Tagansky,2026-04-15 06:00:00,38
moscow,5,Tagansky,2026-04-15 07:00:00,48
moscow,5,Tagansky,2026-04-15 08:00:00,47
moscow,5,Tagansky,2026-04-15 09:00:00,44
moscow,5,Tagansky,2026-04-15 10:00:00,44
moscow,5,Tagansky,2026-04-15 11:00:00,38
moscow,5,Tagansky,2026-04-15 12:00:00,35
moscow,5,Tagansky,2026-04-15 13:00:00,31
moscow,5,Tagansky,2026-04-15 14:00:00,33
moscow,5,Tagansky,2026-04-15 15:00:00,36
moscow,5,Tagansky,2026-04-15 16:00:00,43
moscow,5,Tagansky,2026-04-15 17:00:00,48
moscow,5,Tagansky,2026-04-15 18:00:00,47
moscow,5,Tagansky,2026-04-15 19:00:00,49
moscow,5,Tagansky,2026-04-15 20:00:00,43
moscow,5,Tagansky,2026-04-15 21:00:00,36
moscow,5,Tagansky,2026-04-15 22:00:00,35
moscow,5,Tagansky,2026-04-15 23:00:00,35
moscow,5,Tagansky,2026-04-16 00:00:00,35
moscow,5,Tagansky,2026-04-16 01:00:00,33
moscow,5,Tagansky,2026-04-16 02:00:00,31
moscow,5,Tagansky,2026-04-16 03:00:00,31
moscow,5,Tagansky,2026-04-16 04:00:00,34
moscow,5,Tagansky,2026-04-16 05:00:00,40
moscow,5,Tagansky,2026-04-16 06:00:00,43
moscow,5,Tagansky,2026-04-16 07:00:00,47
moscow,5,Tagansky,2026-04-16 08:00:00,49
moscow,5,Tagansky,2026-04-16 09:00:00,46
moscow,5,Tagansky,2026-04-16 10:00:00,41
moscow,5,Tagansky,2026-04-16 11:00:00,37
moscow,5,Tagansky,2026-04-16 12:00:00,37
moscow,5,Tagansky,2026-04-16 13:00:00,32
moscow,5,Tagansky,2026-04-16 14:00:00,34
moscow,5,Tagansky,2026-04-16 15:00:00,35
moscow,5,Tagansky,2026-04-16 16:00:00,43
moscow,5,Tagansky,2026-04-16 17:00:00,48
moscow,5,Tagansky,2026-04-16 18:00:00,51
moscow,5,Tagansky,2026-04-16 19:00:00,46
moscow,5,Tagansky,2026-04-16 20:00:00,43
moscow,5,Tagansky,2026-04-16 21:00:00,37
moscow,5,Tagansky,2026-04-16 22:00:00,35
moscow,5,Tagansky,2026-04-16 23:00:00,33
moscow,5,Tagansky,2026-04-17 00:00:00,32
moscow,5,Tagansky,2026-04-17 01:00:00,32
moscow,5,Tagansky,2026-04-17 02:00:00,33
moscow,5,Tagansky,2026-04-17 03:00:00,32
moscow,5,Tagansky,2026-04-17 04:00:00,33
moscow,5,Tagansky,2026-04-17 05:00:00,41
moscow,5,Tagansky,2026-04-17 06:00:00,48
moscow,5,Tagansky,2026-04-17 07:00:00,45
moscow,5,Tagansky,2026-04-17 08:00:00,47
moscow,5,Tagansky,2026-04-17 09:00:00,45
moscow,5,Tagansky,2026-04-17 10:00:00,42
moscow,5,Tagansky,2026-04-17 11:00:00,40
moscow,5,Tagansky,2026-04-17 12:00:00,36
moscow,5,Tagansky,2026-04-17 13:00:00,34
moscow,5,Tagansky,2026-04-17 14:00:00,36
moscow,5,Tagansky,2026-04-17 15:00:00,37
moscow,5,Tagansky,2026-04-17 16:00:00,42
moscow,5,Tagansky,2026-04-17 17:00:00,46
moscow,5,Tagansky,2026-04-17 18:00:00,44
moscow,5,Tagansky,2026-04-17 19:00:00,44
moscow,5,Tagansky,2026-04-17 20:00:00,40
moscow,5,Tagansky,2026-04-17 21:00:00,40
moscow,5,Tagansky,2026-04-17 22:00:00,35
moscow,5,Tagansky,2026-04-17 23:00:00,34
moscow,5,Tagansky,2026-04-18 00:00:00,23
moscow,5,Tagansky,2026-04-18 01:00:00,24
moscow,5,Tagansky,2026-04-18 02:00:00,29
moscow,5,Tagansky,2026-04-18 03:00:00,22
moscow,5,Tagansky,2026-04-18 04:00:00,32
moscow,5,Tagansky,2026-04-18 05:00:00,28
moscow,5,Tagansky,2026-04-18 06:00:00,38
moscow,5,Tagansky,2026-04-18 07:00:00,38
moscow,5,Tagansky,2026-04-18 08:00:00,44
moscow,5,Tagansky,2026-04-18 09:00:00,47
moscow,5,Tagansky,2026-04-18 10:00:00,31
moscow,5,Tagansky,2026-04-18 11:00:00,34
moscow,5,Tagansky,2026-04-18 12:00:00,26
moscow,5,Tagansky,2026-04-18 13:00:00,30
moscow,5,Tagansky,2026-04-18 14:00:00,30
moscow,5,Tagansky,2026-04-18 15:00:00,33
moscow,5,Tagansky,2026-04-18 16:00:00,34
moscow,5,Tagansky,2026-04-18 17:00:00,41
moscow,5,Tagansky,2026-04-18 18:00:00,37
moscow,5,Tagansky,2026-04-18 19:00:00,42
moscow,5,Tagansky,2026-04-18 20:00:00,45
moscow,5,Tagansky,2026-04-18 21:00:00,38
moscow,5,Tagansky,2026-04-18 22:00:00,42
moscow,5,Tagansky,2026-04-18 23:00:00,36
moscow,5,Tagansky,2026-04-19 00:00:00,32
moscow,5,Tagansky,2026-04-19 01:00:00,31
moscow,5,Tagansky,2026-04-19 02:00:00,27
moscow,5,Tagansky,2026-04-19 03:00:00,29
moscow,5,Tagansky,2026-04-19 04:00:00,30
moscow,5,Tagansky,2026-04-19 05:00:00,36
moscow,5,Tagansky,2026-04-19 06:00:00,38
moscow,5,Tagansky,2026-04-19 07:00:00,41
moscow,5,Tagansky,2026-04-19 08:00:00,42
moscow,5,Tagansky,2026-04-19 09:00:00,41
moscow,5,Tagansky,2026-04-19 10:00:00,40
moscow,5,Tagansky,2026-04-19 11:00:00,33
moscow,5,Tagansky,2026-04-19 12:00:00,30
moscow,5,Tagansky,2026-04-19 13:00:00,29
moscow,5,Tagansky,2026-04-19 14:00:00,30
moscow,5,Tagansky,2026-04-19 15:00:00,30
moscow,5,Tagansky,2026-04-19 16:00:00,35
moscow,5,Tagansky,2026-04-19 17:00:00,43
moscow,5,Tagansky,2026-04-19 18:00:00,41
moscow,5,Tagansky,2026-04-19 19:00:00,41
moscow,5,Tagansky,2026-04-19 20:00:00,41
moscow,5,Tagansky,2026-04-19 21:00:00,44
moscow,5,Tagansky,2026-04-19 22:00:00,39
moscow,5,Tagansky,2026-04-19 23:00:00,36
moscow,5,Tagansky,2026-04-20 00:00:00,35
moscow,5,Tagansky,2026-04-20 01:00:00,33
moscow,5,Tagansky,2026-04-20 02:00:00,30
moscow,5,Tagansky,2026-04-20 03:00:00,37
moscow,5,Tagansky,2026-04-20 04:00:00,37
moscow,5,Tagansky,2026-04-20 05:00:00,39
moscow,5,Tagansky,2026-04-20 06:00:00,43
moscow,5,Tagansky,2026-04-20 07:00:00,46
moscow,5,Tagansky,2026-04-20 08:00:00,52
moscow,5,Tagansky,2026-04-20 09:00:00,53
moscow,5,Tagansky,2026-04-20 10:00:00,45
moscow,5,Tagansky,2026-04-20 11:00:00,37
moscow,5,Tagansky,2026-04-20 12:00:00,38
moscow,5,Tagansky,2026-04-20 13:00:00,36
moscow,5,Tagansky,2026-04-20 14:00:00,40
moscow,5,Tagansky,2026-04-20 15:00:00,42
moscow,5,Tagansky,2026-04-20 16:00:00,38
moscow,5,Tagansky,2026-04-20 17:00:00,50
moscow,5,Tagansky,2026-04-20 18:00:00,48
moscow,5,Tagansky,2026-04-20 19:00:00,46
moscow,5,Tagansky,2026-04-20 20:00:00,45
moscow,5,Tagansky,2026-04-20 21:00:00,42
moscow,5,Tagansky,2026-04-20 22:00:00,34
moscow,5,Tagansky,2026-04-20 23:00:00,37
moscow,5,Tagansky,2026-04-21 00:00:00,37
moscow,5,Tagansky,2026-04-21 01:00:00,35
moscow,5,Tagansky,2026-04-21 02:00:00,33
moscow,5,Tagansky,2026-04-21 03:00:00,34
moscow,5,Tagansky,2026-04-21 04:00:00,40
moscow,5,Tagansky,2026-04-21 05:00:00,37
moscow,5,Tagansky,2026-04-21 06:00:00,48
moscow,5,Tagansky,2026-04-21 07:00:00,50
moscow,5,Tagansky,2026-04-21 08:00:00,52
moscow,5,Tagansky,2026-04-21 09:00:00,47
moscow,5,Tagansky,2026-04-21 10:00:00,45
moscow,5,Tagansky,2026-04-21 11:00:00,42
moscow,5,Tagansky,2026-04-21 12:00:00,35
moscow,5,Tagansky,2026-04-21 13:00:00,38
moscow,5,Tagansky,2026-04-21 14:00:00,39
moscow,5,Tagansky,2026-04-21 15:00:00,40
moscow,5,Tagansky,2026-04-21 16:00:00,48
moscow,5,Tagansky,2026-04-21 17:00:00,45
moscow,5,Tagansky,2026-04-21 18:00:00,52
moscow,5,Tagansky,2026-04-21 19:00:00,53
moscow,5,Tagansky,2026-04-21 20:00:00,49
moscow,5,Tagansky,2026-04-21 21:00:00,42
moscow,5,Tagansky,2026-04-21 22:00:00,38
moscow,5,Tagansky,2026-04-21 23:00:00,35
moscow,5,Tagansky,2026-04-22 00:00:00,35
moscow,5,Tagansky,2026-04-22 01:00:00,37
moscow,5,Tagansky,2026-04-22 02:00:00,34
moscow,5,Tagansky,2026-04-22 03:00:00,38
moscow,5,Tagansky,2026-04-22 04:00:00,43
moscow,5,Tagansky,2026-04-22 05:00:00,41
moscow,5,Tagansky,2026-04-22 06:00:00,44
moscow,5,Tagansky,2026-04-22 07:00:00,48
moscow,5,Tagansky,2026-04-22 08:00:00,55
moscow,5,Tagansky,2026-04-22 09:00:00,51
moscow,5,Tagansky,2026-04-22 10:00:00,49
moscow,5,Tagansky,2026-04-22 11:00:00,41
moscow,5,Tagansky,2026-04-22 12:00:00,41
moscow,5,Tagansky,2026-04-22 13:00:00,38
moscow,5,Tagansky,2026-04-22 14:00:00,38
moscow,5,Tagansky,2026-04-22 15:00:00,42
moscow,5,Tagansky,2026-04-22 16:00:00,44
moscow,5,Tagansky,2026-04-22 17:00:00,55
moscow,5,Tagansky,2026-04-22 18:00:00,52
moscow,5,Tagansky,2026-04-22 19:00:00,52
moscow,5,Tagansky,2026-04-22 20:00:00,45
moscow,5,Tagansky,2026-04-22 21:00:00,40
moscow,5,Tagansky,2026-04-22 22:00:00,39
moscow,5,Tagansky,2026-04-22 23:00:00,40
moscow,5,Tagansky,2026-04-23 00:00:00,36
moscow,5,Tagansky,2026-04-23 01:00:00,35
moscow,5,Tagansky,2026-04-23 02:00:00,37
moscow,5,Tagansky,2026-04-23 03:00:00,39
moscow,5,Tagansky,2026-04-23 04:00:00,43
moscow,5,Tagansky,2026-04-23 05:00:00,43
moscow,5,Tagansky,2026-04-23 06:00:00,49
moscow,5,Tagansky,2026-04-23 07:00:00,54
moscow,5,Tagansky,2026-04-23 08:00:00,52
moscow,5,Tagansky,2026-04-23 09:00:00,50
moscow,5,Tagansky,2026-04-23 10:00:00,45
moscow,5,Tagansky,2026-04-23 11:00:00,40
moscow,5,Tagansky,2026-04-23 12:00:00,41
moscow,5,Tagansky,2026-04-23 13:00:00,39
moscow,5,Tagansky,2026-04-23 14:00:00,40
moscow,5,Tagansky,2026-04-23 15:00:00,37
moscow,5,Tagansky,2026-04-23 16:00:00,52
moscow,5,Tagansky,2026-04-23 17:00:00,49
moscow,5,Tagansky,2026-04-23 18:00:00,57
moscow,5,Tagansky,2026-04-23 19:00:00,48
moscow,5,Tagansky,2026-04-23 20:00:00,46
moscow,5,Tagansky,2026-04-23 21:00:00,38
moscow,5,Tagansky,2026-04-23 22:00:00,41
moscow,5,Tagansky,2026-04-23 23:00:00,36
moscow,5,Tagansky,2026-04-24 00:00:00,35
moscow,5,Tagansky,2026-04-24 01:00:00,34
moscow,5,Tagansky,2026-04-24 02:00:00,39
moscow,5,Tagansky,2026-04-24 03:00:00,40
moscow,5,Tagansky,2026-04-24 04:00:00,44
moscow,5,Tagansky,2026-04-24 05:00:00,42
moscow,5,Tagansky,2026-04-24 06:00:00,49
moscow,5,Tagansky,2026-04-24 07:00:00,50
moscow,5,Tagansky,2026-04-24 08:00:00,54
moscow,5,Tagansky,2026-04-24 09:00:00,52
moscow,5,Tagansky,2026-04-24 10:00:00,49
moscow,5,Tagansky,2026-04-24 11:00:00,46
moscow,5,Tagansky,2026-04-24 12:00:00,43
moscow,5,Tagansky,2026-04-24 13:00:00,38
moscow,5,Tagansky,2026-04-24 14:00:00,43
moscow,5,Tagansky,2026-04-24 15:00:00,44
moscow,5,Tagansky,2026-04-24 16:00:00,48
moscow,5,Tagansky,2026-04-24 17:00:00,51
moscow,5,Tagansky,2026-04-24 18:00:00,52
moscow,5,Tagansky,2026-04-24 19:00:00,56
moscow,5,Tagansky,2026-04-24 20:00:00,49
moscow,5,Tagansky,2026-04-24 21:00:00,44
moscow,5,Tagansky,2026-04-24 22:00:00,40
moscow,5,Tagansky,2026-04-24 23:00:00,44
moscow,5,Tagansky,2026-04-25 00:00:00,36
moscow,5,Tagansky,2026-04-25 01:00:00,32
moscow,5,Tagansky,2026-04-25 02:00:00,33
moscow,5,Tagansky,2026-04-25 03:00:00,33
moscow,5,Tagansky,2026-04-25 04:00:00,35
moscow,5,Tagansky,2026-04-25 05:00:00,36
moscow,5,Tagansky,2026-04-25 06:00:00,43
moscow,5,Tagansky,2026-04-25 07:00:00,49
moscow,5,Tagansky,2026-04-25 08:00:00,44
moscow,5,Tagansky,2026-04-25 09:00:00,43
moscow,5,Tagansky,2026-04-25 10:00:00,41
moscow,5,Tagansky,2026-04-25 11:00:00,37
moscow,5,Tagansky,2026-04-25 12:00:00,40
moscow,5,Tagansky,2026-04-25 13:00:00,37
moscow,5,Tagansky,2026-04-25 14:00:00,38
moscow,5,Tagansky,2026-04-25 15:00:00,38
moscow,5,Tagansky,2026-04-25 16:00:00,41
moscow,5,Tagansky,2026-04-25 17:00:00,42
moscow,5,Tagansky,2026-04-25 18:00:00,48
moscow,5,Tagansky,2026-04-25 19:00:00,46
moscow,5,Tagansky,2026-04-25 20:00:00,55
moscow,5,Tagansky,2026-04-25 21:00:00,47
moscow,5,Tagansky,2026-04-25 22:00:00,44
moscow,5,Tagansky,2026-04-25 23:00:00,42
moscow,5,Tagansky,2026-04-26 00:00:00,36
moscow,5,Tagansky,2026-04-26 01:00:00,31
moscow,5,Tagansky,2026-04-26 02:00:00,36
moscow,5,Tagansky,2026-04-26 03:00:00,35
moscow,5,Tagansky,2026-04-26 04:00:00,34
moscow,5,Tagansky,2026-04-26 05:00:00,34
moscow,5,Tagansky,2026-04-26 06:00:00,42
moscow,5,Tagansky,2026-04-26 07:00:00,50
moscow,5,Tagansky,2026-04-26 08:00:00,52
moscow,5,Tagansky,2026-04-26 09:00:00,47
moscow,5,Tagansky,2026-04-26 10:00:00,47
moscow,5,Tagansky,2026-04-26 11:00:00,39
moscow,5,Tagansky,2026-04-26 12:00:00,38
moscow,5,Tagansky,2026-04-26 13:00:00,35
moscow,5,Tagansky,2026-04-26 14:00:00,36
moscow,5,Tagansky,2026-04-26 15:00:00,38
moscow,5,Tagansky,2026-04-26 16:00:00,38
moscow,5,Tagansky,2026-04-26 17:00:00,49
moscow,5,Tagansky,2026-04-26 18:00:00,45
moscow,5,Tagansky,2026-04-26 19:00:00,44
moscow,5,Tagansky,2026-04-26 20:00:00,50
moscow,5,Tagansky,2026-04-26 21:00:00,48
moscow,5,Tagansky,2026-04-26 22:00:00,49
moscow,5,Tagansky,2026-04-26 23:00:00,47
moscow,5,Tagansky,2026-04-27 00:00:00,36
moscow,5,Tagansky,2026-04-27 01:00:00,39
moscow,5,Tagansky,2026-04-27 02:00:00,38
moscow,5,Tagansky,2026-04-27 03:00:00,43
moscow,5,Tagansky,2026-04-27 04:00:00,43
moscow,5,Tagansky,2026-04-27 05:00:00,44
moscow,5,Tagansky,2026-04-27 06:00:00,51
moscow,5,Tagansky,2026-04-27 07:00:00,55
moscow,5,Tagansky,2026-04-27 08:00:00,61
moscow,5,Tagansky,2026-04-27 09:00:00,57
moscow,5,Tagansky,2026-04-27 10:00:00,52
moscow,5,Tagansky,2026-04-27 11:00:00,40
moscow,5,Tagansky,2026-04-27 12:00:00,43
moscow,5,Tagansky,2026-04-27 13:00:00,47
moscow,5,Tagansky,2026-04-27 14:00:00,46
moscow,5,Tagansky,2026-04-27 15:00:00,42
moscow,5,Tagansky,2026-04-27 16:00:00,50
moscow,5,Tagansky,2026-04-27 17:00:00,52
moscow,5,Tagansky,2026-04-27 18:00:00,60
moscow,5,Tagansky,2026-04-27 19:00:00,55
moscow,5,Tagansky,2026-04-27 20:00:00,49
moscow,5,Tagansky,2026-04-27 21:00:00,47
moscow,5,Tagansky,2026-04-27 22:00:00,37
moscow,5,Tagansky,2026-04-27 23:00:00,39
moscow,5,Tagansky,2026-04-28 00:00:00,41
moscow,5,Tagansky,2026-04-28 01:00:00,43
moscow,5,Tagansky,2026-04-28 02:00:00,37
moscow,5,Tagansky,2026-04-28 03:00:00,41
moscow,5,Tagansky,2026-04-28 04:00:00,46
moscow,5,Tagansky,2026-04-28 05:00:00,43
moscow,5,Tagansky,2026-04-28 06:00:00,52
moscow,5,Tagansky,2026-04-28 07:00:00,57
moscow,5,Tagansky,2026-04-28 08:00:00,62
moscow,5,Tagansky,2026-04-28 09:00:00,56
moscow,5,Tagansky,2026-04-28 10:00:00,51
moscow,5,Tagansky,2026-04-28 11:00:00,49
moscow,5,Tagansky,2026-04-28 12:00:00,41
moscow,5,Tagansky,2026-04-28 13:00:00,42
moscow,5,Tagansky,2026-04-28 14:00:00,43
moscow,5,Tagansky,2026-04-28 15:00:00,47
moscow,5,Tagansky,2026-04-28 16:00:00,54
moscow,5,Tagansky,2026-04-28 17:00:00,57
moscow,5,Tagansky,2026-04-28 18:00:00,55
moscow,5,Tagansky,2026-04-28 19:00:00,56
moscow,5,Tagansky,2026-04-28 20:00:00,55
moscow,5,Tagansky,2026-04-28 21:00:00,46
moscow,5,Tagansky,2026-04-28 22:00:00,44
moscow,5,Tagansky,2026-04-28 23:00:00,42
moscow,5,Tagansky,2026-04-29 00:00:00,42
moscow,5,Tagansky,2026-04-29 01:00:00,38
moscow,5,Tagansky,2026-04-29 02:00:00,45
moscow,5,Tagansky,2026-04-29 03:00:00,41
moscow,5,Tagansky,2026-04-29 04:00:00,46
moscow,5,Tagansky,2026-04-29 05:00:00,46
moscow,5,Tagansky,2026-04-29 06:00:00,51
moscow,5,Tagansky,2026-04-29 07:00:00,60
moscow,5,Tagansky,2026-04-29 08:00:00,62
moscow,5,Tagansky,2026-04-29 09:00:00,58
moscow,5,Tagansky,2026-04-29 10:00:00,54
moscow,5,Tagansky,2026-04-29 11:00:00,47
moscow,5,Tagansky,2026-04-29 12:00:00,45
moscow,5,Tagansky,2026-04-29 13:00:00,42
moscow,5,Tagansky,2026-04-29 14:00:00,47
moscow,5,Tagansky,2026-04-29 15:00:00,47
moscow,5,Tagansky,2026-04-29 16:00:00,56
moscow,5,Tagansky,2026-04-29 17:00:00,56
moscow,5,Tagansky,2026-04-29 18:00:00,58
moscow,5,Tagansky,2026-04-29 19:00:00,58
moscow,5,Tagansky,2026-04-29 20:00:00,53
moscow,5,Tagansky,2026-04-29 21:00:00,48
moscow,5,Tagansky,2026-04-29 22:00:00,45
moscow,5,Tagansky,2026-04-29 23:00:00,45
moscow,5,Tagansky,2026-04-30 00:00:00,41
moscow,5,Tagansky,2026-04-30 01:00:00,42
moscow,5,Tagansky,2026-04-30 02:00:00,43
moscow,5,Tagansky,2026-04-30 03:00:00,45
moscow,5,Tagansky,2026-04-30 04:00:00,45
moscow,5,Tagansky,2026-04-30 05:00:00,52
moscow,5,Tagansky,2026-04-30 06:00:00,53
moscow,5,Tagansky,2026-04-30 07:00:00,58
moscow,5,Tagansky,2026-04-30 08:00:00,60
moscow,5,Tagansky,2026-04-30 09:00:00,55
moscow,5,Tagansky,2026-04-30 10:00:00,51
moscow,5,Tagansky,2026-04-30 11:00:00,47
moscow,5,Tagansky,2026-04-30 12:00:00,48
moscow,5,Tagansky,2026-04-30 13:00:00,45
moscow,5,Tagansky,2026-04-30 14:00:00,45
moscow,5,Tagansky,2026-04-30 15:00:00,52
moscow,5,Tagansky,2026-04-30 16:00:00,57
moscow,5,Tagansky,2026-04-30 17:00:00,60
moscow,5,Tagansky,2026-04-30 18:00:00,57
moscow,5,Tagansky,2026-04-30 19:00:00,56
moscow,5,Tagansky,2026-04-30 20:00:00,57
moscow,5,Tagansky,2026-04-30 21:00:00,50
moscow,5,Tagansky,2026-04-30 22:00:00,45
moscow,5,Tagansky,2026-04-30 23:00:00,45
moscow,5,Tagansky,2026-05-01 00:00:00,46
moscow,5,Tagansky,2026-05-01 01:00:00,42
moscow,5,Tagansky,2026-05-01 02:00:00,44
moscow,5,Tagansky,2026-05-01 03:00:00,46
moscow,5,Tagansky,2026-05-01 04:00:00,43
moscow,5,Tagansky,2026-05-01 05:00:00,49
moscow,5,Tagansky,2026-05-01 06:00:00,52
moscow,5,Tagansky,2026-05-01 07:00:00,57
moscow,5,Tagansky,2026-05-01 08:00:00,60
moscow,5,Tagansky,2026-05-01 09:00:00,60
moscow,5,Tagansky,2026-05-01 10:00:00,53
moscow,5,Tagansky,2026-05-01 11:00:00,48
moscow,5,Tagansky,2026-05-01 12:00:00,46
moscow,5,Tagansky,2026-05-01 13:00:00,43
moscow,5,Tagansky,2026-05-01 14:00:00,48
moscow,5,Tagansky,2026-05-01 15:00:00,53
moscow,5,Tagansky,2026-05-01 16:00:00,54
moscow,5,Tagansky,2026-05-01 17:00:00,58
moscow,5,Tagansky,2026-05-01 18:00:00,60
moscow,5,Tagansky,2026-05-01 19:00:00,53
moscow,5,Tagansky,2026-05-01 20:00:00,55
moscow,5,Tagansky,2026-05-01 21:00:00,57
moscow,5,Tagansky,2026-05-01 22:00:00,46
moscow,5,Tagansky,2026-05-01 23:00:00,44
moscow,5,Tagansky,2026-05-02 00:00:00,41
moscow,5,Tagansky,2026-05-02 01:00:00,43
moscow,5,Tagansky,2026-05-02 02:00:00,41
moscow,5,Tagansky,2026-05-02 03:00:00,35
moscow,5,Tagansky,2026-05-02 04:00:00,42
moscow,5,Tagansky,2026-05-02 05:00:00,49
moscow,5,Tagansky,2026-05-02 06:00:00,49
moscow,5,Tagansky,2026-05-02 07:00:00,49
moscow,5,Tagansky,2026-05-02 08:00:00,54
moscow,5,Tagansky,2026-05-02 09:00:00,49
moscow,5,Tagansky,2026-05-02 10:00:00,50
moscow,5,Tagansky,2026-05-02 11:00:00,42
moscow,5,Tagansky,2026-05-02 12:00:00,42
moscow,5,Tagansky,2026-05-02 13:00:00,39
moscow,5,Tagansky,2026-05-02 14:00:00,41
moscow,5,Tagansky,2026-05-02 15:00:00,48
moscow,5,Tagansky,2026-05-02 16:00:00,48
moscow,5,Tagansky,2026-05-02 17:00:00,49
moscow,5,Tagansky,2026-05-02 18:00:00,49
moscow,5,Tagansky,2026-05-02 19:00:00,47
moscow,5,Tagansky,2026-05-02 20:00:00,55
moscow,5,Tagansky,2026-05-02 21:00:00,54
moscow,5,Tagansky,2026-05-02 22:00:00,52
moscow,5,Tagansky,2026-05-02 23:00:00,46
moscow,5,Tagansky,2026-05-03 00:00:00,43
moscow,5,Tagansky,2026-05-03 01:00:00,38
moscow,5,Tagansky,2026-05-03 02:00:00,40
moscow,5,Tagansky,2026-05-03 03:00:00,38
moscow,5,Tagansky,2026-05-03 04:00:00,44
moscow,5,Tagansky,2026-05-03 05:00:00,49
moscow,5,Tagansky,2026-05-03 06:00:00,45
moscow,5,Tagansky,2026-05-03 07:00:00,52
moscow,5,Tagansky,2026-05-03 08:00:00,57
moscow,5,Tagansky,2026-05-03 09:00:00,49
moscow,5,Tagansky,2026-05-03 10:00:00,50
moscow,5,Tagansky,2026-05-03 11:00:00,47
moscow,5,Tagansky,2026-05-03 12:00:00,42
moscow,5,Tagansky,2026-05-03 13:00:00,43
moscow,5,Tagansky,2026-05-03 14:00:00,47
moscow,5,Tagansky,2026-05-03 15:00:00,50
moscow,5,Tagansky,2026-05-03 16:00:00,48
moscow,5,Tagansky,2026-05-03 17:00:00,50
moscow,5,Tagansky,2026-05-03 18:00:00,51
moscow,5,Tagansky,2026-05-03 19:00:00,54
moscow,5,Tagansky,2026-05-03 20:00:00,56
moscow,5,Tagansky,2026-05-03 21:00:00,54
moscow,5,Tagansky,2026-05-03 22:00:00,51
moscow,5,Tagansky,2026-05-03 23:00:00,47
moscow,5,Tagansky,2026-05-04 00:00:00,47
moscow,5,Tagansky,2026-05-04 01:00:00,52
moscow,5,Tagansky,2026-05-04 02:00:00,46
moscow,5,Tagansky,2026-05-04 03:00:00,46
moscow,5,Tagansky,2026-05-04 04:00:00,51
moscow,5,Tagansky,2026-05-04 05:00:00,52
moscow,5,Tagansky,2026-05-04 06:00:00,60
moscow,5,Tagansky,2026-05-04 07:00:00,62
moscow,5,Tagansky,2026-05-04 08:00:00,63
moscow,5,Tagansky,2026-05-04 09:00:00,58
moscow,5,Tagansky,2026-05-04 10:00:00,53
moscow,5,Tagansky,2026-05-04 11:00:00,48
moscow,5,Tagansky,2026-05-04 12:00:00,50
moscow,5,Tagansky,2026-05-04 13:00:00,45
moscow,5,Tagansky,2026-05-04 14:00:00,52
moscow,5,Tagansky,2026-05-04 15:00:00,53
moscow,5,Tagansky,2026-05-04 16:00:00,56
moscow,5,Tagansky,2026-05-04 17:00:00,59
moscow,5,Tagansky,2026-05-04 18:00:00,63
moscow,5,Tagansky,2026-05-04 19:00:00,59
moscow,5,Tagansky,2026-05-04 20:00:00,55
moscow,5,Tagansky,2026-05-04 21:00:00,55
moscow,5,Tagansky,2026-05-04 22:00:00,50
moscow,5,Tagansky,2026-05-04 23:00:00,47
moscow,5,Tagansky,2026-05-05 00:00:00,48
moscow,5,Tagansky,2026-05-05 01:00:00,47
moscow,5,Tagansky,2026-05-05 02:00:00,48
moscow,5,Tagansky,2026-05-05 03:00:00,46
moscow,5,Tagansky,2026-05-05 04:00:00,54
moscow,5,Tagansky,2026-05-05 05:00:00,51
moscow,5,Tagansky,2026-05-05 06:00:00,61
moscow,5,Tagansky,2026-05-05 07:00:00,62
moscow,5,Tagansky,2026-05-05 08:00:00,66
moscow,5,Tagansky,2026-05-05 09:00:00,64
moscow,5,Tagansky,2026-05-05 10:00:00,60
moscow,5,Tagansky,2026-05-05 11:00:00,51
moscow,5,Tagansky,2026-05-05 12:00:00,52
moscow,5,Tagansky,2026-05-05 13:00:00,53
moscow,5,Tagansky,2026-05-05 14:00:00,50
moscow,5,Tagansky,2026-05-05 15:00:00,53
moscow,5,Tagansky,2026-05-05 16:00:00,56
moscow,5,Tagansky,2026-05-05 17:00:00,61
moscow,5,Tagansky,2026-05-05 18:00:00,67
moscow,5,Tagansky,2026-05-05 19:00:00,59
moscow,5,Tagansky,2026-05-05 20:00:00,55
moscow,5,Tagansky,2026-05-05 21:00:00,57
moscow,5,Tagansky,2026-05-05 22:00:00,51
moscow,5,Tagansky,2026-05-05 23:00:00,53
moscow,5,Tagansky,2026-05-06 00:00:00,47
moscow,5,Tagansky,2026-05-06 01:00:00,48
moscow,5,Tagansky,2026-05-06 02:00:00,46
moscow,5,Tagansky,2026-05-06 03:00:00,49
moscow,5,Tagansky,2026-05-06 04:00:00,46
moscow,5,Tagansky,2026-05-06 05:00:00,55
moscow,5,Tagansky,2026-05-06 06:00:00,59
moscow,5,Tagansky,2026-05-06 07:00:00,63
moscow,5,Tagansky,2026-05-06 08:00:00,64
moscow,5,Tagansky,2026-05-06 09:00:00,61
moscow,5,Tagansky,2026-05-06 10:00:00,60
moscow,5,Tagansky,2026-05-06 11:00:00,51
moscow,5,Tagansky,2026-05-06 12:00:00,52
moscow,5,Tagansky,2026-05-06 13:00:00,54
moscow,5,Tagansky,2026-05-06 14:00:00,54
moscow,5,Tagansky,2026-05-06 15:00:00,51
moscow,5,Tagansky,2026-05-06 16:00:00,57
moscow,5,Tagansky,2026-05-06 17:00:00,63
moscow,5,Tagansky,2026-05-06 18:00:00,64
moscow,5,Tagansky,2026-05-06 19:00:00,59
moscow,5,Tagansky,2026-05-06 20:00:00,59
moscow,5,Tagansky,2026-05-06 21:00:00,54
moscow,5,Tagansky,2026-05-06 22:00:00,55
moscow,5,Tagansky,2026-05-06 23:00:00,48
moscow,5,Tagansky,2026-05-07 00:00:00,51
moscow,5,Tagansky,2026-05-07 01:00:00,46
moscow,5,Tagansky,2026-05-07 02:00:00,46
moscow,5,Tagansky,2026-05-07 03:00:00,51
moscow,5,Tagansky,2026-05-07 04:00:00,53
moscow,5,Tagansky,2026-05-07 05:00:00,52
moscow,5,Tagansky,2026-05-07 06:00:00,59
moscow,5,Tagansky,2026-05-07 07:00:00,61
moscow,5,Tagansky,2026-05-07 08:00:00,66
moscow,5,Tagansky,2026-05-07 09:00:00,66
moscow,5,Tagansky,2026-05-07 10:00:00,58
moscow,5,Tagansky,2026-05-07 11:00:00,54
moscow,5,Tagansky,2026-05-07 12:00:00,49
moscow,5,Tagansky,2026-05-07 13:00:00,49
moscow,5,Tagansky,2026-05-07 14:00:00,56
moscow,5,Tagansky,2026-05-07 15:00:00,55
moscow,5,Tagansky,2026-05-07 16:00:00,57
moscow,5,Tagansky,2026-05-07 17:00:00,62
moscow,5,Tagansky,2026-05-07 18:00:00,61
moscow,5,Tagansky,2026-05-07 19:00:00,61
moscow,5,Tagansky,2026-05-07 20:00:00,62
moscow,5,Tagansky,2026-05-07 21:00:00,55
moscow,5,Tagansky,2026-05-07 22:00:00,56
moscow,5,Tagansky,2026-05-07 23:00:00,50
moscow,5,Tagansky,2026-05-08 00:00:00,49
moscow,5,Tagansky,2026-05-08 01:00:00,51
moscow,5,Tagansky,2026-05-08 02:00:00,43
moscow,5,Tagansky,2026-05-08 03:00:00,51
moscow,5,Tagansky,2026-05-08 04:00:00,52
moscow,5,Tagansky,2026-05-08 05:00:00,58
moscow,5,Tagansky,2026-05-08 06:00:00,62
moscow,5,Tagansky,2026-05-08 07:00:00,62
moscow,5,Tagansky,2026-05-08 08:00:00,70
moscow,5,Tagansky,2026-05-08 09:00:00,64
moscow,5,Tagansky,2026-05-08 10:00:00,58
moscow,5,Tagansky,2026-05-08 11:00:00,56
moscow,5,Tagansky,2026-05-08 12:00:00,52
moscow,5,Tagansky,2026-05-08 13:00:00,55
moscow,5,Tagansky,2026-05-08 14:00:00,53
moscow,5,Tagansky,2026-05-08 15:00:00,56
moscow,5,Tagansky,2026-05-08 16:00:00,62
moscow,5,Tagansky,2026-05-08 17:00:00,66
moscow,5,Tagansky,2026-05-08 18:00:00,67
moscow,5,Tagansky,2026-05-08 19:00:00,67
moscow,5,Tagansky,2026-05-08 20:00:00,61
moscow,5,Tagansky,2026-05-08 21:00:00,56
moscow,5,Tagansky,2026-05-08 22:00:00,55
moscow,5,Tagansky,2026-05-08 23:00:00,50
moscow,5,Tagansky,2026-05-09 00:00:00,45
moscow,5,Tagansky,2026-05-09 01:00:00,49
moscow,5,Tagansky,2026-05-09 02:00:00,49
moscow,5,Tagansky,2026-05-09 03:00:00,46
moscow,5,Tagansky,2026-05-09 04:00:00,46
moscow,5,Tagansky,2026-05-09 05:00:00,53
moscow,5,Tagansky,2026-05-09 06:00:00,55
moscow,5,Tagansky,2026-05-09 07:00:00,58
moscow,5,Tagansky,2026-05-09 08:00:00,58
moscow,5,Tagansky,2026-05-09 09:00:00,58
moscow,5,Tagansky,2026-05-09 10:00:00,54
moscow,5,Tagansky,2026-05-09 11:00:00,48
moscow,5,Tagansky,2026-05-09 12:00:00,48
moscow,5,Tagansky,2026-05-09 13:00:00,47
moscow,5,Tagansky,2026-05-09 14:00:00,47
moscow,5,Tagansky,2026-05-09 15:00:00,52
moscow,5,Tagansky,2026-05-09 16:00:00,56
moscow,5,Tagansky,2026-05-09 17:00:00,59
moscow,5,Tagansky,2026-05-09 18:00:00,57
moscow,5,Tagansky,2026-05-09 19:00:00,58
moscow,5,Tagansky,2026-05-09 20:00:00,64
moscow,5,Tagansky,2026-05-09 21:00:00,56
moscow,5,Tagansky,2026-05-09 22:00:00,57
moscow,5,Tagansky,2026-05-09 23:00:00,54
moscow,5,Tagansky,2026-05-10 00:00:00,52
moscow,5,Tagansky,2026-05-10 01:00:00,49
moscow,5,Tagansky,2026-05-10 02:00:00,48
moscow,5,Tagansky,2026-05-10 03:00:00,47
moscow,5,Tagansky,2026-05-10 04:00:00,48
moscow,5,Tagansky,2026-05-10 05:00:00,48
moscow,5,Tagansky,2026-05-10 06:00:00,51
moscow,5,Tagansky,2026-05-10 07:00:00,56
moscow,5,Tagansky,2026-05-10 08:00:00,60
moscow,5,Tagansky,2026-05-10 09:00:00,54
moscow,5,Tagansky,2026-05-10 10:00:00,53
moscow,5,Tagansky,2026-05-10 11:00:00,50
moscow,5,Tagansky,2026-05-10 12:00:00,48
moscow,5,Tagansky,2026-05-10 13:00:00,46
moscow,5,Tagansky,2026-05-10 14:00:00,48
moscow,5,Tagansky,2026-05-10 15:00:00,55
moscow,5,Tagansky,2026-05-10 16:00:00,56
moscow,5,Tagansky,2026-05-10 17:00:00,56
moscow,5,Tagansky,2026-05-10 18:00:00,59
moscow,5,Tagansky,2026-05-10 19:00:00,57
moscow,5,Tagansky,2026-05-10 20:00:00,63
moscow,5,Tagansky,2026-05-10 21:00:00,58
moscow,5,Tagansky,2026-05-10 22:00:00,59
moscow,5,Tagansky,2026-05-10 23:00:00,54
moscow,5,Tagansky,2026-05-11 00:00:00,49
moscow,5,Tagansky,2026-05-11 01:00:00,52
moscow,5,Tagansky,2026-05-11 02:00:00,52
moscow,5,Tagansky,2026-05-11 03:00:00,48
moscow,5,Tagansky,2026-05-11 04:00:00,54
moscow,5,Tagansky,2026-05-11 05:00:00,59
moscow,5,Tagansky,2026-05-11 06:00:00,64
moscow,5,Tagansky,2026-05-11 07:00:00,72
moscow,5,Tagansky,2026-05-11 08:00:00,72
moscow,5,Tagansky,2026-05-11 09:00:00,71
moscow,5,Tagansky,2026-05-11 10:00:00,69
moscow,5,Tagansky,2026-05-11 11:00:00,59
moscow,5,Tagansky,2026-05-11 12:00:00,55
moscow,5,Tagansky,2026-05-11 13:00:00,56
moscow,5,Tagansky,2026-05-11 14:00:00,54
moscow,5,Tagansky,2026-05-11 15:00:00,59
moscow,5,Tagansky,2026-05-11 16:00:00,61
moscow,5,Tagansky,2026-05-11 17:00:00,67
moscow,5,Tagansky,2026-05-11 18:00:00,66
moscow,5,Tagansky,2026-05-11 19:00:00,65
moscow,5,Tagansky,2026-05-11 20:00:00,64
moscow,5,Tagansky,2026-05-11 21:00:00,58
moscow,5,Tagansky,2026-05-11 22:00:00,51
moscow,5,Tagansky,2026-05-11 23:00:00,50
moscow,5,Tagansky,2026-05-12 00:00:00,50
moscow,5,Tagansky,2026-05-12 01:00:00,51
moscow,5,Tagansky,2026-05-12 02:00:00,54
moscow,5,Tagansky,2026-05-12 03:00:00,54
moscow,5,Tagansky,2026-05-12 04:00:00,57
moscow,5,Tagansky,2026-05-12 05:00:00,60
moscow,5,Tagansky,2026-05-12 06:00:00,66
moscow,5,Tagansky,2026-05-12 07:00:00,70
moscow,5,Tagansky,2026-05-12 08:00:00,71
moscow,5,Tagansky,2026-05-12 09:00:00,71
moscow,5,Tagansky,2026-05-12 10:00:00,65
moscow,5,Tagansky,2026-05-12 11:00:00,59
moscow,5,Tagansky,2026-05-12 12:00:00,58
moscow,5,Tagansky,2026-05-12 13:00:00,49
moscow,5,Tagansky,2026-05-12 14:00:00,55
moscow,5,Tagansky,2026-05-12 15:00:00,59
moscow,5,Tagansky,2026-05-12 16:00:00,66
moscow,5,Tagansky,2026-05-12 17:00:00,71
moscow,5,Tagansky,2026-05-12 18:00:00,65
moscow,5,Tagansky,2026-05-12 19:00:00,70
moscow,5,Tagansky,2026-05-12 20:00:00,61
moscow,5,Tagansky,2026-05-12 21:00:00,57
moscow,5,Tagansky,2026-05-12 22:00:00,55
moscow,5,Tagansky,2026-05-12 23:00:00,53
moscow,5,Tagansky,2026-05-13 00:00:00,50
moscow,5,Tagansky,2026-05-13 01:00:00,55
moscow,5,Tagansky,2026-05-13 02:00:00,55
moscow,5,Tagansky,2026-05-13 03:00:00,57
moscow,5,Tagansky,2026-05-13 04:00:00,55
moscow,5,Tagansky,2026-05-13 05:00:00,59
moscow,5,Tagansky,2026-05-13 06:00:00,64
moscow,5,Tagansky,2026-05-13 07:00:00,73
moscow,5,Tagansky,2026-05-13 08:00:00,65
moscow,5,Tagansky,2026-05-13 09:00:00,67
moscow,5,Tagansky,2026-05-13 10:00:00,64
moscow,5,Tagansky,2026-05-13 11:00:00,57
moscow,5,Tagansky,2026-05-13 12:00:00,56
moscow,5,Tagansky,2026-05-13 13:00:00,55
moscow,5,Tagansky,2026-05-13 14:00:00,55
moscow,5,Tagansky,2026-05-13 15:00:00,60
moscow,5,Tagansky,2026-05-13 16:00:00,66
moscow,5,Tagansky,2026-05-13 17:00:00,68
moscow,5,Tagansky,2026-05-13 18:00:00,69
moscow,5,Tagansky,2026-05-13 19:00:00,68
moscow,5,Tagansky,2026-05-13 20:00:00,64
moscow,5,Tagansky,2026-05-13 21:00:00,56
moscow,5,Tagansky,2026-05-13 22:00:00,58
moscow,5,Tagansky,2026-05-13 23:00:00,54
moscow,5,Tagansky,2026-05-14 00:00:00,57
moscow,5,Tagansky,2026-05-14 01:00:00,56
moscow,5,Tagansky,2026-05-14 02:00:00,57
moscow,5,Tagansky,2026-05-14 03:00:00,53
moscow,5,Tagansky,2026-05-14 04:00:00,56
moscow,5,Tagansky,2026-05-14 05:00:00,57
moscow,5,Tagansky,2026-05-14 06:00:00,63
moscow,5,Tagansky,2026-05-14 07:00:00,73
moscow,5,Tagansky,2026-05-14 08:00:00,75
moscow,5,Tagansky,2026-05-14 09:00:00,67
moscow,5,Tagansky,2026-05-14 10:00:00,64
moscow,5,Tagansky,2026-05-14 11:00:00,60
moscow,5,Tagansky,2026-05-14 12:00:00,58
moscow,5,Tagansky,2026-05-14 13:00:00,52
moscow,5,Tagansky,2026-05-14 14:00:00,54
moscow,5,Tagansky,2026-05-14 15:00:00,62
moscow,5,Tagansky,2026-05-14 16:00:00,61
moscow,5,Tagansky,2026-05-14 17:00:00,68
moscow,5,Tagansky,2026-05-14 18:00:00,71
moscow,5,Tagansky,2026-05-14 19:00:00,70
moscow,5,Tagansky,2026-05-14 20:00:00,65
moscow,5,Tagansky,2026-05-14 21:00:00,60
moscow,5,Tagansky,2026-05-14 22:00:00,59
moscow,5,Tagansky,2026-05-14 23:00:00,56
moscow,5,Tagansky,2026-05-15 00:00:00,54
moscow,5,Tagansky,2026-05-15 01:00:00,55
moscow,5,Tagansky,2026-05-15 02:00:00,56
moscow,5,Tagansky,2026-05-15 03:00:00,60
moscow,5,Tagansky,2026-05-15 04:00:00,59
moscow,5,Tagansky,2026-05-15 05:00:00,64
moscow,5,Tagansky,2026-05-15 06:00:00,65
moscow,5,Tagansky,2026-05-15 07:00:00,70
moscow,5,Tagansky,2026-05-15 08:00:00,72
moscow,5,Tagansky,2026-05-15 09:00:00,70
moscow,5,Tagansky,2026-05-15 10:00:00,64
moscow,5,Tagansky,2026-05-15 11:00:00,64
moscow,5,Tagansky,2026-05-15 12:00:00,60
moscow,5,Tagansky,2026-05-15 13:00:00,57
moscow,5,Tagansky,2026-05-15 14:00:00,60
moscow,5,Tagansky,2026-05-15 15:00:00,62
moscow,5,Tagansky,2026-05-15 16:00:00,68
moscow,5,Tagansky,2026-05-15 17:00:00,67
moscow,5,Tagansky,2026-05-15 18:00:00,71
moscow,5,Tagansky,2026-05-15 19:00:00,70
moscow,5,Tagansky,2026-05-15 20:00:00,67
moscow,5,Tagansky,2026-05-15 21:00:00,60
moscow,5,Tagansky,2026-05-15 22:00:00,53
moscow,5,Tagansky,2026-05-15 23:00:00,54
moscow,5,Tagansky,2026-05-16 00:00:00,51
moscow,5,Tagansky,2026-05-16 01:00:00,51
moscow,5,Tagansky,2026-05-16 02:00:00,55
moscow,5,Tagansky,2026-05-16 03:00:00,53
moscow,5,Tagansky,2026-05-16 04:00:00,53
moscow,5,Tagansky,2026-05-16 05:00:00,55
moscow,5,Tagansky,2026-05-16 06:00:00,62
moscow,5,Tagansky,2026-05-16 07:00:00,62
moscow,5,Tagansky,2026-05-16 08:00:00,65
moscow,5,Tagansky,2026-05-16 09:00:00,61
moscow,5,Tagansky,2026-05-16 10:00:00,63
moscow,5,Tagansky,2026-05-16 11:00:00,56
moscow,5,Tagansky,2026-05-16 12:00:00,52
moscow,5,Tagansky,2026-05-16 13:00:00,52
moscow,5,Tagansky,2026-05-16 14:00:00,55
moscow,5,Tagansky,2026-05-16 15:00:00,56
moscow,5,Tagansky,2026-05-16 16:00:00,58
moscow,5,Tagansky,2026-05-16 17:00:00,61
moscow,5,Tagansky,2026-05-16 18:00:00,64
moscow,5,Tagansky,2026-05-16 19:00:00,62
moscow,5,Tagansky,2026-05-16 20:00:00,69
moscow,5,Tagansky,2026-05-16 21:00:00,62
moscow,5,Tagansky,2026-05-16 22:00:00,62
moscow,5,Tagansky,2026-05-16 23:00:00,59
moscow,5,Tagansky,2026-05-17 00:00:00,51
moscow,5,Tagansky,2026-05-17 01:00:00,52
moscow,5,Tagansky,2026-05-17 02:00:00,54
moscow,5,Tagansky,2026-05-17 03:00:00,54
moscow,5,Tagansky,2026-05-17 04:00:00,55
moscow,5,Tagansky,2026-05-17 05:00:00,56
moscow,5,Tagansky,2026-05-17 06:00:00,59
moscow,5,Tagansky,2026-05-17 07:00:00,62
moscow,5,Tagansky,2026-05-17 08:00:00,65
moscow,5,Tagansky,2026-05-17 09:00:00,64
moscow,5,Tagansky,2026-05-17 10:00:00,59
moscow,5,Tagansky,2026-05-17 11:00:00,57
moscow,5,Tagansky,2026-05-17 12:00:00,52
moscow,5,Tagansky,2026-05-17 13:00:00,50
moscow,5,Tagansky,2026-05-17 14:00:00,56
moscow,5,Tagansky,2026-05-17 15:00:00,56
moscow,5,Tagansky,2026-05-17 16:00:00,58
moscow,5,Tagansky,2026-05-17 17:00:00,61
moscow,5,Tagansky,2026-05-17 18:00:00,66
moscow,5,Tagansky,2026-05-17 19:00:00,66
moscow,5,Tagansky,2026-05-17 20:00:00,70
moscow,5,Tagansky,2026-05-17 21:00:00,65
moscow,5,Tagansky,2026-05-17 22:00:00,65
moscow,5,Tagansky,2026-05-17 23:00:00,56
moscow,5,Tagansky,2026-05-18 00:00:00,62
moscow,5,Tagansky,2026-05-18 01:00:00,63
moscow,5,Tagansky,2026-05-18 02:00:00,52
moscow,5,Tagansky,2026-05-18 03:00:00,58
moscow,5,Tagansky,2026-05-18 04:00:00,58
moscow,5,Tagansky,2026-05-18 05:00:00,63
moscow,5,Tagansky,2026-05-18 06:00:00,67
moscow,5,Tagansky,2026-05-18 07:00:00,75
moscow,5,Tagansky,2026-05-18 08:00:00,75
moscow,5,Tagansky,2026-05-18 09:00:00,71
moscow,5,Tagansky,2026-05-18 10:00:00,68
moscow,5,Tagansky,2026-05-18 11:00:00,65
moscow,5,Tagansky,2026-05-18 12:00:00,58
moscow,5,Tagansky,2026-05-18 13:00:00,56
moscow,5,Tagansky,2026-05-18 14:00:00,66
moscow,5,Tagansky,2026-05-18 15:00:00,63
moscow,5,Tagansky,2026-05-18 16:00:00,68
moscow,5,Tagansky,2026-05-18 17:00:00,71
moscow,5,Tagansky,2026-05-18 18:00:00,75
moscow,5,Tagansky,2026-05-18 19:00:00,76
moscow,5,Tagansky,2026-05-18 20:00:00,70
moscow,5,Tagansky,2026-05-18 21:00:00,61
moscow,5,Tagansky,2026-05-18 22:00:00,58
moscow,5,Tagansky,2026-05-18 23:00:00,58
moscow,5,Tagansky,2026-05-19 00:00:00,58
moscow,5,Tagansky,2026-05-19 01:00:00,55
moscow,5,Tagansky,2026-05-19 02:00:00,61
moscow,5,Tagansky,2026-05-19 03:00:00,57
moscow,5,Tagansky,2026-05-19 04:00:00,64
moscow,5,Tagansky,2026-05-19 05:00:00,68
moscow,5,Tagansky,2026-05-19 06:00:00,69
moscow,5,Tagansky,2026-05-19 07:00:00,75
moscow,5,Tagansky,2026-05-19 08:00:00,73
moscow,5,Tagansky,2026-05-19 09:00:00,76
moscow,5,Tagansky,2026-05-19 10:00:00,68
moscow,5,Tagansky,2026-05-19 11:00:00,62
moscow,5,Tagansky,2026-05-19 12:00:00,61
moscow,5,Tagansky,2026-05-19 13:00:00,60
moscow,5,Tagansky,2026-05-19 14:00:00,61
moscow,5,Tagansky,2026-05-19 15:00:00,67
moscow,5,Tagansky,2026-05-19 16:00:00,68
moscow,5,Tagansky,2026-05-19 17:00:00,77
moscow,5,Tagansky,2026-05-19 18:00:00,72
moscow,5,Tagansky,2026-05-19 19:00:00,77
moscow,5,Tagansky,2026-05-19 20:00:00,67
moscow,5,Tagansky,2026-05-19 21:00:00,65
moscow,5,Tagansky,2026-05-19 22:00:00,61
moscow,5,Tagansky,2026-05-19 23:00:00,59
moscow,5,Tagansky,2026-05-20 00:00:00,61
moscow,5,Tagansky,2026-05-20 01:00:00,63
moscow,5,Tagansky,2026-05-20 02:00:00,62
moscow,5,Tagansky,2026-05-20 03:00:00,59
moscow,5,Tagansky,2026-05-20 04:00:00,62
moscow,5,Tagansky,2026-05-20 05:00:00,63
moscow,5,Tagansky,2026-05-20 06:00:00,68
moscow,5,Tagansky,2026-05-20 07:00:00,72
moscow,5,Tagansky,2026-05-20 08:00:00,76
moscow,5,Tagansky,2026-05-20 09:00:00,76
moscow,5,Tagansky,2026-05-20 10:00:00,66
moscow,5,Tagansky,2026-05-20 11:00:00,65
moscow,5,Tagansky,2026-05-20 12:00:00,66
moscow,5,Tagansky,2026-05-20 13:00:00,64
moscow,5,Tagansky,2026-05-20 14:00:00,61
moscow,5,Tagansky,2026-05-20 15:00:00,63
moscow,5,Tagansky,2026-05-20 16:00:00,71
moscow,5,Tagansky,2026-05-20 17:00:00,69
moscow,5,Tagansky,2026-05-20 18:00:00,78
moscow,5,Tagansky,2026-05-20 19:00:00,73
moscow,5,Tagansky,2026-05-20 20:00:00,74
moscow,5,Tagansky,2026-05-20 21:00:00,62
moscow,5,Tagansky,2026-05-20 22:00:00,65
moscow,5,Tagansky,2026-05-20 23:00:00,60
moscow,5,Tagansky,2026-05-21 00:00:00,59
moscow,5,Tagansky,2026-05-21 01:00:00,57
moscow,5,Tagansky,2026-05-21 02:00:00,62
moscow,5,Tagansky,2026-05-21 03:00:00,62
moscow,5,Tagansky,2026-05-21 04:00:00,67
moscow,5,Tagansky,2026-05-21 05:00:00,68
moscow,5,Tagansky,2026-05-21 06:00:00,70
moscow,5,Tagansky,2026-05-21 07:00:00,74
moscow,5,Tagansky,2026-05-21 08:00:00,75
moscow,5,Tagansky,2026-05-21 09:00:00,79
moscow,5,Tagansky,2026-05-21 10:00:00,69
moscow,5,Tagansky,2026-05-21 11:00:00,69
moscow,5,Tagansky,2026-05-21 12:00:00,64
moscow,5,Tagansky,2026-05-21 13:00:00,63
moscow,5,Tagansky,2026-05-21 14:00:00,63
moscow,5,Tagansky,2026-05-21 15:00:00,68
moscow,5,Tagansky,2026-05-21 16:00:00,71
moscow,5,Tagansky,2026-05-21 17:00:00,74
moscow,5,Tagansky,2026-05-21 18:00:00,78
moscow,5,Tagansky,2026-05-21 19:00:00,74
moscow,5,Tagansky,2026-05-21 20:00:00,69
moscow,5,Tagansky,2026-05-21 21:00:00,68
moscow,5,Tagansky,2026-05-21 22:00:00,63
moscow,5,Tagansky,2026-05-21 23:00:00,63
moscow,5,Tagansky,2026-05-22 00:00:00,60
moscow,5,Tagansky,2026-05-22 01:00:00,58
moscow,5,Tagansky,2026-05-22 02:00:00,65
moscow,5,Tagansky,2026-05-22 03:00:00,65
moscow,5,Tagansky,2026-05-22 04:00:00,65
moscow,5,Tagansky,2026-05-22 05:00:00,66
moscow,5,Tagansky,2026-05-22 06:00:00,71
moscow,5,Tagansky,2026-05-22 07:00:00,80
moscow,5,Tagansky,2026-05-22 08:00:00,78
moscow,5,Tagansky,2026-05-22 09:00:00,75
moscow,5,Tagansky,2026-05-22 10:00:00,76
moscow,5,Tagansky,2026-05-22 11:00:00,67
moscow,5,Tagansky,2026-05-22 12:00:00,68
moscow,5,Tagansky,2026-05-22 13:00:00,60
moscow,5,Tagansky,2026-05-22 14:00:00,66
moscow,5,Tagansky,2026-05-22 15:00:00,72
moscow,5,Tagansky,2026-05-22 16:00:00,72
moscow,5,Tagansky,2026-05-22 17:00:00,75
moscow,5,Tagansky,2026-05-22 18:00:00,75
moscow,5,Tagansky,2026-05-22 19:00:00,78
moscow,5,Tagansky,2026-05-22 20:00:00,70
moscow,5,Tagansky,2026-05-22 21:00:00,67
moscow,5,Tagansky,2026-05-22 22:00:00,62
moscow,5,Tagansky,2026-05-22 23:00:00,66
moscow,5,Tagansky,2026-05-23 00:00:00,59
moscow,5,Tagansky,2026-05-23 01:00:00,57
moscow,5,Tagansky,2026-05-23 02:00:00,54
moscow,5,Tagansky,2026-05-23 03:00:00,61
moscow,5,Tagansky,2026-05-23 04:00:00,58
moscow,5,Tagansky,2026-05-23 05:00:00,59
moscow,5,Tagansky,2026-05-23 06:00:00,61
moscow,5,Tagansky,2026-05-23 07:00:00,68
moscow,5,Tagansky,2026-05-23 08:00:00,68
moscow,5,Tagansky,2026-05-23 09:00:00,68
moscow,5,Tagansky,2026-05-23 10:00:00,67
moscow,5,Tagansky,2026-05-23 11:00:00,61
moscow,5,Tagansky,2026-05-23 12:00:00,60
moscow,5,Tagansky,2026-05-23 13:00:00,57
moscow,5,Tagansky,2026-05-23 14:00:00,60
moscow,5,Tagansky,2026-05-23 15:00:00,66
moscow,5,Tagansky,2026-05-23 16:00:00,65
moscow,5,Tagansky,2026-05-23 17:00:00,69
moscow,5,Tagansky,2026-05-23 18:00:00,66
moscow,5,Tagansky,2026-05-23 19:00:00,72
moscow,5,Tagansky,2026-05-23 20:00:00,75
moscow,5,Tagansky,2026-05-23 21:00:00,73
moscow,5,Tagansky,2026-05-23 22:00:00,67
moscow,5,Tagansky,2026-05-23 23:00:00,67
moscow,5,Tagansky,2026-05-24 00:00:00,59
moscow,5,Tagansky,2026-05-24 01:00:00,57
moscow,5,Tagansky,2026-05-24 02:00:00,60
moscow,5,Tagansky,2026-05-24 03:00:00,56
moscow,5,Tagansky,2026-05-24 04:00:00,61
moscow,5,Tagansky,2026-05-24 05:00:00,61
moscow,5,Tagansky,2026-05-24 06:00:00,67
moscow,5,Tagansky,2026-05-24 07:00:00,69
moscow,5,Tagansky,2026-05-24 08:00:00,72
moscow,5,Tagansky,2026-05-24 09:00:00,68
moscow,5,Tagansky,2026-05-24 10:00:00,67
moscow,5,Tagansky,2026-05-24 11:00:00,62
moscow,5,Tagansky,2026-05-24 12:00:00,59
moscow,5,Tagansky,2026-05-24 13:00:00,59
moscow,5,Tagansky,2026-05-24 14:00:00,61
moscow,5,Tagansky,2026-05-24 15:00:00,61
moscow,5,Tagansky,2026-05-24 16:00:00,66
moscow,5,Tagansky,2026-05-24 17:00:00,67
moscow,5,Tagansky,2026-05-24 18:00:00,76
moscow,5,Tagansky,2026-05-24 19:00:00,72
moscow,5,Tagansky,2026-05-24 20:00:00,77
moscow,5,Tagansky,2026-05-24 21:00:00,74
moscow,5,Tagansky,2026-05-24 22:00:00,64
moscow,5,Tagansky,2026-05-24 23:00:00,60
moscow,5,Tagansky,2026-05-25 00:00:00,63
moscow,5,Tagansky,2026-05-25 01:00:00,61
moscow,5,Tagansky,2026-05-25 02:00:00,63
moscow,5,Tagansky,2026-05-25 03:00:00,65
moscow,5,Tagansky,2026-05-25 04:00:00,68
moscow,5,Tagansky,2026-05-25 05:00:00,67
moscow,5,Tagansky,2026-05-25 06:00:00,75
moscow,5,Tagansky,2026-05-25 07:00:00,79
moscow,5,Tagansky,2026-05-25 08:00:00,82
moscow,5,Tagansky,2026-05-25 09:00:00,78
moscow,5,Tagansky,2026-05-25 10:00:00,77
moscow,5,Tagansky,2026-05-25 11:00:00,69
moscow,5,Tagansky,2026-05-25 12:00:00,70
moscow,5,Tagansky,2026-05-25 13:00:00,64
moscow,5,Tagansky,2026-05-25 14:00:00,69
moscow,5,Tagansky,2026-05-25 15:00:00,70
moscow,5,Tagansky,2026-05-25 16:00:00,74
moscow,5,Tagansky,2026-05-25 17:00:00,80
moscow,5,Tagansky,2026-05-25 18:00:00,79
moscow,5,Tagansky,2026-05-25 19:00:00,72
moscow,5,Tagansky,2026-05-25 20:00:00,67
moscow,5,Tagansky,2026-05-25 21:00:00,73
moscow,5,Tagansky,2026-05-25 22:00:00,70
moscow,5,Tagansky,2026-05-25 23:00:00,69
moscow,5,Tagansky,2026-05-26 00:00:00,64
moscow,5,Tagansky,2026-05-26 01:00:00,62
moscow,5,Tagansky,2026-05-26 02:00:00,64
moscow,5,Tagansky,2026-05-26 03:00:00,65
moscow,5,Tagansky,2026-05-26 04:00:00,65
moscow,5,Tagansky,2026-05-26 05:00:00,74
moscow,5,Tagansky,2026-05-26 06:00:00,80
moscow,5,Tagansky,2026-05-26 07:00:00,81
moscow,5,Tagansky,2026-05-26 08:00:00,82
moscow,5,Tagansky,2026-05-26 09:00:00,77
moscow,5,Tagansky,2026-05-26 10:00:00,79
moscow,5,Tagansky,2026-05-26 11:00:00,70
moscow,5,Tagansky,2026-05-26 12:00:00,67
moscow,5,Tagansky,2026-05-26 13:00:00,68
moscow,5,Tagansky,2026-05-26 14:00:00,67
moscow,5,Tagansky,2026-05-26 15:00:00,71
moscow,5,Tagansky,2026-05-26 16:00:00,72
moscow,5,Tagansky,2026-05-26 17:00:00,81
moscow,5,Tagansky,2026-05-26 18:00:00,80
moscow,5,Tagansky,2026-05-26 19:00:00,82
moscow,5,Tagansky,2026-05-26 20:00:00,75
moscow,5,Tagansky,2026-05-26 21:00:00,71
moscow,5,Tagansky,2026-05-26 22:00:00,65
moscow,5,Tagansky,2026-05-26 23:00:00,67
moscow,5,Tagansky,2026-05-27 00:00:00,63
moscow,5,Tagansky,2026-05-27 01:00:00,64
moscow,5,Tagansky,2026-05-27 02:00:00,65
moscow,5,Tagansky,2026-05-27 03:00:00,66
moscow,5,Tagansky,2026-05-27 04:00:00,64
moscow,5,Tagansky,2026-05-27 05:00:00,70
moscow,5,Tagansky,2026-05-27 06:00:00,78
moscow,5,Tagansky,2026-05-27 07:00:00,80
moscow,5,Tagansky,2026-05-27 08:00:00,82
moscow,5,Tagansky,2026-05-27 09:00:00,81
moscow,5,Tagansky,2026-05-27 10:00:00,76
moscow,5,Tagansky,2026-05-27 11:00:00,69
moscow,5,Tagansky,2026-05-27 12:00:00,68
moscow,5,Tagansky,2026-05-27 13:00:00,70
moscow,5,Tagansky,2026-05-27 14:00:00,66
moscow,5,Tagansky,2026-05-27 15:00:00,71
moscow,5,Tagansky,2026-05-27 16:00:00,73
moscow,5,Tagansky,2026-05-27 17:00:00,82
moscow,5,Tagansky,2026-05-27 18:00:00,81
moscow,5,Tagansky,2026-05-27 19:00:00,78
moscow,5,Tagansky,2026-05-27 20:00:00,76
moscow,5,Tagansky,2026-05-27 21:00:00,69
moscow,5,Tagansky,2026-05-27 22:00:00,66
moscow,5,Tagansky,2026-05-27 23:00:00,63
moscow,5,Tagansky,2026-05-28 00:00:00,64
moscow,5,Tagansky,2026-05-28 01:00:00,69
moscow,5,Tagansky,2026-05-28 02:00:00,65
moscow,5,Tagansky,2026-05-28 03:00:00,68
moscow,5,Tagansky,2026-05-28 04:00:00,67
moscow,5,Tagansky,2026-05-28 05:00:00,74
moscow,5,Tagansky,2026-05-28 06:00:00,75
moscow,5,Tagansky,2026-05-28 07:00:00,82
moscow,5,Tagansky,2026-05-28 08:00:00,84
moscow,5,Tagansky,2026-05-28 09:00:00,87
moscow,5,Tagansky,2026-05-28 10:00:00,78
moscow,5,Tagansky,2026-05-28 11:00:00,71
moscow,5,Tagansky,2026-05-28 12:00:00,70
moscow,5,Tagansky,2026-05-28 13:00:00,73
moscow,5,Tagansky,2026-05-28 14:00:00,66
moscow,5,Tagansky,2026-05-28 15:00:00,71
moscow,5,Tagansky,2026-05-28 16:00:00,76
moscow,5,Tagansky,2026-05-28 17:00:00,80
moscow,5,Tagansky,2026-05-28 18:00:00,81
moscow,5,Tagansky,2026-05-28 19:00:00,78
moscow,5,Tagansky,2026-05-28 20:00:00,80
moscow,5,Tagansky,2026-05-28 21:00:00,69
moscow,5,Tagansky,2026-05-28 22:00:00,69
moscow,5,Tagansky,2026-05-28 23:00:00,70
moscow,5,Tagansky,2026-05-29 00:00:00,67
moscow,5,Tagansky,2026-05-29 01:00:00,65
moscow,5,Tagansky,2026-05-29 02:00:00,64
moscow,5,Tagansky,2026-05-29 03:00:00,67
moscow,5,Tagansky,2026-05-29 04:00:00,68
moscow,5,Tagansky,2026-05-29 05:00:00,73
moscow,5,Tagansky,2026-05-29 06:00:00,75
moscow,5,Tagansky,2026-05-29 07:00:00,84
moscow,5,Tagansky,2026-05-29 08:00:00,85
moscow,5,Tagansky,2026-05-29 09:00:00,83
moscow,5,Tagansky,2026-05-29 10:00:00,81
moscow,5,Tagansky,2026-05-29 11:00:00,72
moscow,5,Tagansky,2026-05-29 12:00:00,68
moscow,5,Tagansky,2026-05-29 13:00:00,68
moscow,5,Tagansky,2026-05-29 14:00:00,70
moscow,5,Tagansky,2026-05-29 15:00:00,73
moscow,5,Tagansky,2026-05-29 16:00:00,76
moscow,5,Tagansky,2026-05-29 17:00:00,77
moscow,5,Tagansky,2026-05-29 18:00:00,82
moscow,5,Tagansky,2026-05-29 19:00:00,82
moscow,5,Tagansky,2026-05-29 20:00:00,78
moscow,5,Tagansky,2026-05-29 21:00:00,76
moscow,5,Tagansky,2026-05-29 22:00:00,75
moscow,5,Tagansky,2026-05-29 23:00:00,70
moscow,5,Tagansky,2026-05-30 00:00:00,66
moscow,5,Tagansky,2026-05-30 01:00:00,64
moscow,5,Tagansky,2026-05-30 02:00:00,67
moscow,5,Tagansky,2026-05-30 03:00:00,67
moscow,5,Tagansky,2026-05-30 04:00:00,67
moscow,5,Tagansky,2026-05-30 05:00:00,69
moscow,5,Tagansky,2026-05-30 06:00:00,71
moscow,5,Tagansky,2026-05-30 07:00:00,75
moscow,5,Tagansky,2026-05-30 08:00:00,76
moscow,5,Tagansky,2026-05-30 09:00:00,77
moscow,5,Tagansky,2026-05-30 10:00:00,70
moscow,5,Tagansky,2026-05-30 11:00:00,67
moscow,5,Tagansky,2026-05-30 12:00:00,60
moscow,5,Tagansky,2026-05-30 13:00:00,68
moscow,5,Tagansky,2026-05-30 14:00:00,65
moscow,5,Tagansky,2026-05-30 15:00:00,69
moscow,5,Tagansky,2026-05-30 16:00:00,75
moscow,5,Tagansky,2026-05-30 17:00:00,75
moscow,5,Tagansky,2026-05-30 18:00:00,79
moscow,5,Tagansky,2026-05-30 19:00:00,71
moscow,5,Tagansky,2026-05-30 20:00:00,87
moscow,5,Tagansky,2026-05-30 21:00:00,79
moscow,5,Tagansky,2026-05-30 22:00:00,74
moscow,5,Tagansky,2026-05-30 23:00:00,74
moscow,5,Tagansky,2026-05-31 00:00:00,61
moscow,5,Tagansky,2026-05-31 01:00:00,63
moscow,5,Tagansky,2026-05-31 02:00:00,67
moscow,5,Tagansky,2026-05-31 03:00:00,60
moscow,5,Tagansky,2026-05-31 04:00:00,67
moscow,5,Tagansky,2026-05-31 05:00:00,69
moscow,5,Tagansky,2026-05-31 06:00:00,76
moscow,5,Tagansky,2026-05-31 07:00:00,72
moscow,5,Tagansky,2026-05-31 08:00:00,81
moscow,5,Tagansky,2026-05-31 09:00:00,75
moscow,5,Tagansky,2026-05-31 10:00:00,71
moscow,5,Tagansky,2026-05-31 11:00:00,65
moscow,5,Tagansky,2026-05-31 12:00:00,63
moscow,5,Tagansky,2026-05-31 13:00:00,66
moscow,5,Tagansky,2026-05-31 14:00:00,64
moscow,5,Tagansky,2026-05-31 15:00:00,70
moscow,5,Tagansky,2026-05-31 16:00:00,71
moscow,5,Tagansky,2026-05-31 17:00:00,72
moscow,5,Tagansky,2026-05-31 18:00:00,75
moscow,5,Tagansky,2026-05-31 19:00:00,76
moscow,5,Tagansky,2026-05-31 20:00:00,82
moscow,5,Tagansky,2026-05-31 21:00:00,78
moscow,5,Tagansky,2026-05-31 22:00:00,76
moscow,5,Tagansky,2026-05-31 23:00:00,75
moscow,5,Tagansky,2026-06-01 00:00:00,69
moscow,5,Tagansky,2026-06-01 01:00:00,67
moscow,5,Tagansky,2026-06-01 02:00:00,70
moscow,5,Tagansky,2026-06-01 03:00:00,71
moscow,5,Tagansky,2026-06-01 04:00:00,69
moscow,5,Tagansky,2026-06-01 05:00:00,73
moscow,5,Tagansky,2026-06-01 06:00:00,79
moscow,5,Tagansky,2026-06-01 07:00:00,85
moscow,5,Tagansky,2026-06-01 08:00:00,85
moscow,5,Tagansky,2026-06-01 09:00:00,87
moscow,5,Tagansky,2026-06-01 10:00:00,77
moscow,5,Tagansky,2026-06-01 11:00:00,72
moscow,5,Tagansky,2026-06-01 12:00:00,72
moscow,5,Tagansky,2026-06-01 13:00:00,71
moscow,5,Tagansky,2026-06-01 14:00:00,70
moscow,5,Tagansky,2026-06-01 15:00:00,75
moscow,5,Tagansky,2026-06-01 16:00:00,79
moscow,5,Tagansky,2026-06-01 17:00:00,83
moscow,5,Tagansky,2026-06-01 18:00:00,86
moscow,5,Tagansky,2026-06-01 19:00:00,83
moscow,5,Tagansky,2026-06-01 20:00:00,84
moscow,5,Tagansky,2026-06-01 21:00:00,77
moscow,5,Tagansky,2026-06-01 22:00:00,71
moscow,5,Tagansky,2026-06-01 23:00:00,71
moscow,5,Tagansky,2026-06-02 00:00:00,71
moscow,5,Tagansky,2026-06-02 01:00:00,73
moscow,5,Tagansky,2026-06-02 02:00:00,69
moscow,5,Tagansky,2026-06-02 03:00:00,73
moscow,5,Tagansky,2026-06-02 04:00:00,73
moscow,5,Tagansky,2026-06-02 05:00:00,79
moscow,5,Tagansky,2026-06-02 06:00:00,84
moscow,5,Tagansky,2026-06-02 07:00:00,86
moscow,5,Tagansky,2026-06-02 08:00:00,87
moscow,5,Tagansky,2026-06-02 09:00:00,87
moscow,5,Tagansky,2026-06-02 10:00:00,81
moscow,5,Tagansky,2026-06-02 11:00:00,80
moscow,5,Tagansky,2026-06-02 12:00:00,73
moscow,5,Tagansky,2026-06-02 13:00:00,71
moscow,5,Tagansky,2026-06-02 14:00:00,73
moscow,5,Tagansky,2026-06-02 15:00:00,74
moscow,5,Tagansky,2026-06-02 16:00:00,82
moscow,5,Tagansky,2026-06-02 17:00:00,83
moscow,5,Tagansky,2026-06-02 18:00:00,89
moscow,5,Tagansky,2026-06-02 19:00:00,82
moscow,5,Tagansky,2026-06-02 20:00:00,81
moscow,5,Tagansky,2026-06-02 21:00:00,79
moscow,5,Tagansky,2026-06-02 22:00:00,69
moscow,5,Tagansky,2026-06-02 23:00:00,76
moscow,5,Tagansky,2026-06-03 00:00:00,70
moscow,5,Tagansky,2026-06-03 01:00:00,71
moscow,5,Tagansky,2026-06-03 02:00:00,73
moscow,5,Tagansky,2026-06-03 03:00:00,74
moscow,5,Tagansky,2026-06-03 04:00:00,74
moscow,5,Tagansky,2026-06-03 05:00:00,79
moscow,5,Tagansky,2026-06-03 06:00:00,83
moscow,5,Tagansky,2026-06-03 07:00:00,91
moscow,5,Tagansky,2026-06-03 08:00:00,90
moscow,5,Tagansky,2026-06-03 09:00:00,91
moscow,5,Tagansky,2026-06-03 10:00:00,84
moscow,5,Tagansky,2026-06-03 11:00:00,73
moscow,5,Tagansky,2026-06-03 12:00:00,80
moscow,5,Tagansky,2026-06-03 13:00:00,72
moscow,5,Tagansky,2026-06-03 14:00:00,78
moscow,5,Tagansky,2026-06-03 15:00:00,78
moscow,5,Tagansky,2026-06-03 16:00:00,84
moscow,5,Tagansky,2026-06-03 17:00:00,84
moscow,5,Tagansky,2026-06-03 18:00:00,89
moscow,5,Tagansky,2026-06-03 19:00:00,85
moscow,5,Tagansky,2026-06-03 20:00:00,85
moscow,5,Tagansky,2026-06-03 21:00:00,79
moscow,5,Tagansky,2026-06-03 22:00:00,76
moscow,5,Tagansky,2026-06-03 23:00:00,68
moscow,5,Tagansky,2026-06-04 00:00:00,72
moscow,5,Tagansky,2026-06-04 01:00:00,73
moscow,5,Tagansky,2026-06-04 02:00:00,73
moscow,5,Tagansky,2026-06-04 03:00:00,75
moscow,5,Tagansky,2026-06-04 04:00:00,74
moscow,5,Tagansky,2026-06-04 05:00:00,78
moscow,5,Tagansky,2026-06-04 06:00:00,85
moscow,5,Tagansky,2026-06-04 07:00:00,82
moscow,5,Tagansky,2026-06-04 08:00:00,91
moscow,5,Tagansky,2026-06-04 09:00:00,87
moscow,5,Tagansky,2026-06-04 10:00:00,81
moscow,5,Tagansky,2026-06-04 11:00:00,79
moscow,5,Tagansky,2026-06-04 12:00:00,78
moscow,5,Tagansky,2026-06-04 13:00:00,76
moscow,5,Tagansky,2026-06-04 14:00:00,75
moscow,5,Tagansky,2026-06-04 15:00:00,81
moscow,5,Tagansky,2026-06-04 16:00:00,85
moscow,5,Tagansky,2026-06-04 17:00:00,86
moscow,5,Tagansky,2026-06-04 18:00:00,87
moscow,5,Tagansky,2026-06-04 19:00:00,85
moscow,5,Tagansky,2026-06-04 20:00:00,85
moscow,5,Tagansky,2026-06-04 21:00:00,78
moscow,5,Tagansky,2026-06-04 22:00:00,73
moscow,5,Tagansky,2026-06-04 23:00:00,70
moscow,5,Tagansky,2026-06-05 00:00:00,75
moscow,5,Tagansky,2026-06-05 01:00:00,72
moscow,5,Tagansky,2026-06-05 02:00:00,74
moscow,5,Tagansky,2026-06-05 03:00:00,76
moscow,5,Tagansky,2026-06-05 04:00:00,72
moscow,5,Tagansky,2026-06-05 05:00:00,78
moscow,5,Tagansky,2026-06-05 06:00:00,83
moscow,5,Tagansky,2026-06-05 07:00:00,89
moscow,5,Tagansky,2026-06-05 08:00:00,93
moscow,5,Tagansky,2026-06-05 09:00:00,85
moscow,5,Tagansky,2026-06-05 10:00:00,85
moscow,5,Tagansky,2026-06-05 11:00:00,81
moscow,5,Tagansky,2026-06-05 12:00:00,75
moscow,5,Tagansky,2026-06-05 13:00:00,75
moscow,5,Tagansky,2026-06-05 14:00:00,77
moscow,5,Tagansky,2026-06-05 15:00:00,80
moscow,5,Tagansky,2026-06-05 16:00:00,85
moscow,5,Tagansky,2026-06-05 17:00:00,89
moscow,5,Tagansky,2026-06-05 18:00:00,87
moscow,5,Tagansky,2026-06-05 19:00:00,90
moscow,5,Tagansky,2026-06-05 20:00:00,86
moscow,5,Tagansky,2026-06-05 21:00:00,80
moscow,5,Tagansky,2026-06-05 22:00:00,73
moscow,5,Tagansky,2026-06-05 23:00:00,74
moscow,5,Tagansky,2026-06-06 00:00:00,69
moscow,5,Tagansky,2026-06-06 01:00:00,66
moscow,5,Tagansky,2026-06-06 02:00:00,68
moscow,5,Tagansky,2026-06-06 03:00:00,66
moscow,5,Tagansky,2026-06-06 04:00:00,72
moscow,5,Tagansky,2026-06-06 05:00:00,73
moscow,5,Tagansky,2026-06-06 06:00:00,73
moscow,5,Tagansky,2026-06-06 07:00:00,82
moscow,5,Tagansky,2026-06-06 08:00:00,83
moscow,5,Tagansky,2026-06-06 09:00:00,82
moscow,5,Tagansky,2026-06-06 10:00:00,76
moscow,5,Tagansky,2026-06-06 11:00:00,71
moscow,5,Tagansky,2026-06-06 12:00:00,69
moscow,5,Tagansky,2026-06-06 13:00:00,69
moscow,5,Tagansky,2026-06-06 14:00:00,71
moscow,5,Tagansky,2026-06-06 15:00:00,74
moscow,5,Tagansky,2026-06-06 16:00:00,77
moscow,5,Tagansky,2026-06-06 17:00:00,79
moscow,5,Tagansky,2026-06-06 18:00:00,81
moscow,5,Tagansky,2026-06-06 19:00:00,86
moscow,5,Tagansky,2026-06-06 20:00:00,86
moscow,5,Tagansky,2026-06-06 21:00:00,82
moscow,5,Tagansky,2026-06-06 22:00:00,87
moscow,5,Tagansky,2026-06-06 23:00:00,78
moscow,5,Tagansky,2026-06-07 00:00:00,66
moscow,5,Tagansky,2026-06-07 01:00:00,71
moscow,5,Tagansky,2026-06-07 02:00:00,67
moscow,5,Tagansky,2026-06-07 03:00:00,72
moscow,5,Tagansky,2026-06-07 04:00:00,71
moscow,5,Tagansky,2026-06-07 05:00:00,73
moscow,5,Tagansky,2026-06-07 06:00:00,82
moscow,5,Tagansky,2026-06-07 07:00:00,83
moscow,5,Tagansky,2026-06-07 08:00:00,86
moscow,5,Tagansky,2026-06-07 09:00:00,83
moscow,5,Tagansky,2026-06-07 10:00:00,77
moscow,5,Tagansky,2026-06-07 11:00:00,75
moscow,5,Tagansky,2026-06-07 12:00:00,74
moscow,5,Tagansky,2026-06-07 13:00:00,71
moscow,5,Tagansky,2026-06-07 14:00:00,76
moscow,5,Tagansky,2026-06-07 15:00:00,77
moscow,5,Tagansky,2026-06-07 16:00:00,78
moscow,5,Tagansky,2026-06-07 17:00:00,82
moscow,5,Tagansky,2026-06-07 18:00:00,83
moscow,5,Tagansky,2026-06-07 19:00:00,78
moscow,5,Tagansky,2026-06-07 20:00:00,88
moscow,5,Tagansky,2026-06-07 21:00:00,84
moscow,5,Tagansky,2026-06-07 22:00:00,79
moscow,5,Tagansky,2026-06-07 23:00:00,79
moscow,5,Tagansky,2026-06-08 00:00:00,75
moscow,5,Tagansky,2026-06-08 01:00:00,77
moscow,5,Tagansky,2026-06-08 02:00:00,77
moscow,5,Tagansky,2026-06-08 03:00:00,76
moscow,5,Tagansky,2026-06-08 04:00:00,75
moscow,5,Tagansky,2026-06-08 05:00:00,85
moscow,5,Tagansky,2026-06-08 06:00:00,86
moscow,5,Tagansky,2026-06-08 07:00:00,91
moscow,5,Tagansky,2026-06-08 08:00:00,92
moscow,5,Tagansky,2026-06-08 09:00:00,90
moscow,5,Tagansky,2026-06-08 10:00:00,90
moscow,5,Tagansky,2026-06-08 11:00:00,84
moscow,5,Tagansky,2026-06-08 12:00:00,79
moscow,5,Tagansky,2026-06-08 13:00:00,77
moscow,5,Tagansky,2026-06-08 14:00:00,80
moscow,5,Tagansky,2026-06-08 15:00:00,82
moscow,5,Tagansky,2026-06-08 16:00:00,86
moscow,5,Tagansky,2026-06-08 17:00:00,91
moscow,5,Tagansky,2026-06-08 18:00:00,90
moscow,5,Tagansky,2026-06-08 19:00:00,90
moscow,5,Tagansky,2026-06-08 20:00:00,87
moscow,5,Tagansky,2026-06-08 21:00:00,83
moscow,5,Tagansky,2026-06-08 22:00:00,77
moscow,5,Tagansky,2026-06-08 23:00:00,78
moscow,5,Tagansky,2026-06-09 00:00:00,74
moscow,5,Tagansky,2026-06-09 01:00:00,75
moscow,5,Tagansky,2026-06-09 02:00:00,75
moscow,5,Tagansky,2026-06-09 03:00:00,75
moscow,5,Tagansky,2026-06-09 04:00:00,81
moscow,5,Tagansky,2026-06-09 05:00:00,80
moscow,5,Tagansky,2026-06-09 06:00:00,85
moscow,5,Tagansky,2026-06-09 07:00:00,95
moscow,5,Tagansky,2026-06-09 08:00:00,93
moscow,5,Tagansky,2026-06-09 09:00:00,91
moscow,5,Tagansky,2026-06-09 10:00:00,85
moscow,5,Tagansky,2026-06-09 11:00:00,84
moscow,5,Tagansky,2026-06-09 12:00:00,81
moscow,5,Tagansky,2026-06-09 13:00:00,80
moscow,5,Tagansky,2026-06-09 14:00:00,81
moscow,5,Tagansky,2026-06-09 15:00:00,83
moscow,5,Tagansky,2026-06-09 16:00:00,86
moscow,5,Tagansky,2026-06-09 17:00:00,89
moscow,6,Khamovniki,2026-04-10 18:00:00,54
moscow,6,Khamovniki,2026-04-10 19:00:00,51
moscow,6,Khamovniki,2026-04-10 20:00:00,42
moscow,6,Khamovniki,2026-04-10 21:00:00,39
moscow,6,Khamovniki,2026-04-10 22:00:00,34
moscow,6,Khamovniki,2026-04-10 23:00:00,30
moscow,6,Khamovniki,2026-04-11 00:00:00,27
moscow,6,Khamovniki,2026-04-11 01:00:00,25
moscow,6,Khamovniki,2026-04-11 02:00:00,24
moscow,6,Khamovniki,2026-04-11 03:00:00,23
moscow,6,Khamovniki,2026-04-11 04:00:00,24
moscow,6,Khamovniki,2026-04-11 05:00:00,31
moscow,6,Khamovniki,2026-04-11 06:00:00,36
moscow,6,Khamovniki,2026-04-11 07:00:00,39
moscow,6,Khamovniki,2026-04-11 08:00:00,45
moscow,6,Khamovniki,2026-04-11 09:00:00,41
moscow,6,Khamovniki,2026-04-11 10:00:00,38
moscow,6,Khamovniki,2026-04-11 11:00:00,31
moscow,6,Khamovniki,2026-04-11 12:00:00,27
moscow,6,Khamovniki,2026-04-11 13:00:00,28
moscow,6,Khamovniki,2026-04-11 14:00:00,26
moscow,6,Khamovniki,2026-04-11 15:00:00,34
moscow,6,Khamovniki,2026-04-11 16:00:00,34
moscow,6,Khamovniki,2026-04-11 17:00:00,43
moscow,6,Khamovniki,2026-04-11 18:00:00,41
moscow,6,Khamovniki,2026-04-11 19:00:00,43
moscow,6,Khamovniki,2026-04-11 20:00:00,46
moscow,6,Khamovniki,2026-04-11 21:00:00,42
moscow,6,Khamovniki,2026-04-11 22:00:00,40
moscow,6,Khamovniki,2026-04-11 23:00:00,40
moscow,6,Khamovniki,2026-04-12 00:00:00,32
moscow,6,Khamovniki,2026-04-12 01:00:00,27
moscow,6,Khamovniki,2026-04-12 02:00:00,32
moscow,6,Khamovniki,2026-04-12 03:00:00,27
moscow,6,Khamovniki,2026-04-12 04:00:00,32
moscow,6,Khamovniki,2026-04-12 05:00:00,30
moscow,6,Khamovniki,2026-04-12 06:00:00,39
moscow,6,Khamovniki,2026-04-12 07:00:00,36
moscow,6,Khamovniki,2026-04-12 08:00:00,41
moscow,6,Khamovniki,2026-04-12 09:00:00,44
moscow,6,Khamovniki,2026-04-12 10:00:00,34
moscow,6,Khamovniki,2026-04-12 11:00:00,34
moscow,6,Khamovniki,2026-04-12 12:00:00,32
moscow,6,Khamovniki,2026-04-12 13:00:00,28
moscow,6,Khamovniki,2026-04-12 14:00:00,28
moscow,6,Khamovniki,2026-04-12 15:00:00,32
moscow,6,Khamovniki,2026-04-12 16:00:00,35
moscow,6,Khamovniki,2026-04-12 17:00:00,41
moscow,6,Khamovniki,2026-04-12 18:00:00,43
moscow,6,Khamovniki,2026-04-12 19:00:00,40
moscow,6,Khamovniki,2026-04-12 20:00:00,55
moscow,6,Khamovniki,2026-04-12 21:00:00,42
moscow,6,Khamovniki,2026-04-12 22:00:00,44
moscow,6,Khamovniki,2026-04-12 23:00:00,35
moscow,6,Khamovniki,2026-04-13 00:00:00,35
moscow,6,Khamovniki,2026-04-13 01:00:00,38
moscow,6,Khamovniki,2026-04-13 02:00:00,38
moscow,6,Khamovniki,2026-04-13 03:00:00,34
moscow,6,Khamovniki,2026-04-13 04:00:00,39
moscow,6,Khamovniki,2026-04-13 05:00:00,42
moscow,6,Khamovniki,2026-04-13 06:00:00,46
moscow,6,Khamovniki,2026-04-13 07:00:00,55
moscow,6,Khamovniki,2026-04-13 08:00:00,61
moscow,6,Khamovniki,2026-04-13 09:00:00,55
moscow,6,Khamovniki,2026-04-13 10:00:00,49
moscow,6,Khamovniki,2026-04-13 11:00:00,43
moscow,6,Khamovniki,2026-04-13 12:00:00,34
moscow,6,Khamovniki,2026-04-13 13:00:00,38
moscow,6,Khamovniki,2026-04-13 14:00:00,36
moscow,6,Khamovniki,2026-04-13 15:00:00,41
moscow,6,Khamovniki,2026-04-13 16:00:00,53
moscow,6,Khamovniki,2026-04-13 17:00:00,51
moscow,6,Khamovniki,2026-04-13 18:00:00,52
moscow,6,Khamovniki,2026-04-13 19:00:00,55
moscow,6,Khamovniki,2026-04-13 20:00:00,45
moscow,6,Khamovniki,2026-04-13 21:00:00,41
moscow,6,Khamovniki,2026-04-13 22:00:00,42
moscow,6,Khamovniki,2026-04-13 23:00:00,36
moscow,6,Khamovniki,2026-04-14 00:00:00,31
moscow,6,Khamovniki,2026-04-14 01:00:00,37
moscow,6,Khamovniki,2026-04-14 02:00:00,35
moscow,6,Khamovniki,2026-04-14 03:00:00,40
moscow,6,Khamovniki,2026-04-14 04:00:00,37
moscow,6,Khamovniki,2026-04-14 05:00:00,45
moscow,6,Khamovniki,2026-04-14 06:00:00,53
moscow,6,Khamovniki,2026-04-14 07:00:00,52
moscow,6,Khamovniki,2026-04-14 08:00:00,56
moscow,6,Khamovniki,2026-04-14 09:00:00,55
moscow,6,Khamovniki,2026-04-14 10:00:00,46
moscow,6,Khamovniki,2026-04-14 11:00:00,43
moscow,6,Khamovniki,2026-04-14 12:00:00,38
moscow,6,Khamovniki,2026-04-14 13:00:00,37
moscow,6,Khamovniki,2026-04-14 14:00:00,40
moscow,6,Khamovniki,2026-04-14 15:00:00,44
moscow,6,Khamovniki,2026-04-14 16:00:00,49
moscow,6,Khamovniki,2026-04-14 17:00:00,51
moscow,6,Khamovniki,2026-04-14 18:00:00,53
moscow,6,Khamovniki,2026-04-14 19:00:00,53
moscow,6,Khamovniki,2026-04-14 20:00:00,48
moscow,6,Khamovniki,2026-04-14 21:00:00,42
moscow,6,Khamovniki,2026-04-14 22:00:00,40
moscow,6,Khamovniki,2026-04-14 23:00:00,32
moscow,6,Khamovniki,2026-04-15 00:00:00,34
moscow,6,Khamovniki,2026-04-15 01:00:00,36
moscow,6,Khamovniki,2026-04-15 02:00:00,34
moscow,6,Khamovniki,2026-04-15 03:00:00,42
moscow,6,Khamovniki,2026-04-15 04:00:00,39
moscow,6,Khamovniki,2026-04-15 05:00:00,44
moscow,6,Khamovniki,2026-04-15 06:00:00,48
moscow,6,Khamovniki,2026-04-15 07:00:00,55
moscow,6,Khamovniki,2026-04-15 08:00:00,55
moscow,6,Khamovniki,2026-04-15 09:00:00,55
moscow,6,Khamovniki,2026-04-15 10:00:00,47
moscow,6,Khamovniki,2026-04-15 11:00:00,43
moscow,6,Khamovniki,2026-04-15 12:00:00,33
moscow,6,Khamovniki,2026-04-15 13:00:00,36
moscow,6,Khamovniki,2026-04-15 14:00:00,45
moscow,6,Khamovniki,2026-04-15 15:00:00,47
moscow,6,Khamovniki,2026-04-15 16:00:00,53
moscow,6,Khamovniki,2026-04-15 17:00:00,58
moscow,6,Khamovniki,2026-04-15 18:00:00,58
moscow,6,Khamovniki,2026-04-15 19:00:00,53
moscow,6,Khamovniki,2026-04-15 20:00:00,47
moscow,6,Khamovniki,2026-04-15 21:00:00,47
moscow,6,Khamovniki,2026-04-15 22:00:00,41
moscow,6,Khamovniki,2026-04-15 23:00:00,45
moscow,6,Khamovniki,2026-04-16 00:00:00,36
moscow,6,Khamovniki,2026-04-16 01:00:00,43
moscow,6,Khamovniki,2026-04-16 02:00:00,37
moscow,6,Khamovniki,2026-04-16 03:00:00,42
moscow,6,Khamovniki,2026-04-16 04:00:00,45
moscow,6,Khamovniki,2026-04-16 05:00:00,42
moscow,6,Khamovniki,2026-04-16 06:00:00,49
moscow,6,Khamovniki,2026-04-16 07:00:00,54
moscow,6,Khamovniki,2026-04-16 08:00:00,56
moscow,6,Khamovniki,2026-04-16 09:00:00,58
moscow,6,Khamovniki,2026-04-16 10:00:00,50
moscow,6,Khamovniki,2026-04-16 11:00:00,45
moscow,6,Khamovniki,2026-04-16 12:00:00,42
moscow,6,Khamovniki,2026-04-16 13:00:00,35
moscow,6,Khamovniki,2026-04-16 14:00:00,45
moscow,6,Khamovniki,2026-04-16 15:00:00,44
moscow,6,Khamovniki,2026-04-16 16:00:00,52
moscow,6,Khamovniki,2026-04-16 17:00:00,57
moscow,6,Khamovniki,2026-04-16 18:00:00,61
moscow,6,Khamovniki,2026-04-16 19:00:00,55
moscow,6,Khamovniki,2026-04-16 20:00:00,45
moscow,6,Khamovniki,2026-04-16 21:00:00,46
moscow,6,Khamovniki,2026-04-16 22:00:00,42
moscow,6,Khamovniki,2026-04-16 23:00:00,36
moscow,6,Khamovniki,2026-04-17 00:00:00,39
moscow,6,Khamovniki,2026-04-17 01:00:00,37
moscow,6,Khamovniki,2026-04-17 02:00:00,35
moscow,6,Khamovniki,2026-04-17 03:00:00,41
moscow,6,Khamovniki,2026-04-17 04:00:00,40
moscow,6,Khamovniki,2026-04-17 05:00:00,44
moscow,6,Khamovniki,2026-04-17 06:00:00,50
moscow,6,Khamovniki,2026-04-17 07:00:00,61
moscow,6,Khamovniki,2026-04-17 08:00:00,60
moscow,6,Khamovniki,2026-04-17 09:00:00,58
moscow,6,Khamovniki,2026-04-17 10:00:00,50
moscow,6,Khamovniki,2026-04-17 11:00:00,47
moscow,6,Khamovniki,2026-04-17 12:00:00,46
moscow,6,Khamovniki,2026-04-17 13:00:00,43
moscow,6,Khamovniki,2026-04-17 14:00:00,44
moscow,6,Khamovniki,2026-04-17 15:00:00,48
moscow,6,Khamovniki,2026-04-17 16:00:00,48
moscow,6,Khamovniki,2026-04-17 17:00:00,54
moscow,6,Khamovniki,2026-04-17 18:00:00,57
moscow,6,Khamovniki,2026-04-17 19:00:00,54
moscow,6,Khamovniki,2026-04-17 20:00:00,49
moscow,6,Khamovniki,2026-04-17 21:00:00,41
moscow,6,Khamovniki,2026-04-17 22:00:00,39
moscow,6,Khamovniki,2026-04-17 23:00:00,39
moscow,6,Khamovniki,2026-04-18 00:00:00,33
moscow,6,Khamovniki,2026-04-18 01:00:00,31
moscow,6,Khamovniki,2026-04-18 02:00:00,34
moscow,6,Khamovniki,2026-04-18 03:00:00,33
moscow,6,Khamovniki,2026-04-18 04:00:00,38
moscow,6,Khamovniki,2026-04-18 05:00:00,38
moscow,6,Khamovniki,2026-04-18 06:00:00,46
moscow,6,Khamovniki,2026-04-18 07:00:00,49
moscow,6,Khamovniki,2026-04-18 08:00:00,47
moscow,6,Khamovniki,2026-04-18 09:00:00,48
moscow,6,Khamovniki,2026-04-18 10:00:00,40
moscow,6,Khamovniki,2026-04-18 11:00:00,39
moscow,6,Khamovniki,2026-04-18 12:00:00,34
moscow,6,Khamovniki,2026-04-18 13:00:00,36
moscow,6,Khamovniki,2026-04-18 14:00:00,33
moscow,6,Khamovniki,2026-04-18 15:00:00,40
moscow,6,Khamovniki,2026-04-18 16:00:00,45
moscow,6,Khamovniki,2026-04-18 17:00:00,50
moscow,6,Khamovniki,2026-04-18 18:00:00,47
moscow,6,Khamovniki,2026-04-18 19:00:00,47
moscow,6,Khamovniki,2026-04-18 20:00:00,57
moscow,6,Khamovniki,2026-04-18 21:00:00,55
moscow,6,Khamovniki,2026-04-18 22:00:00,42
moscow,6,Khamovniki,2026-04-18 23:00:00,41
moscow,6,Khamovniki,2026-04-19 00:00:00,42
moscow,6,Khamovniki,2026-04-19 01:00:00,33
moscow,6,Khamovniki,2026-04-19 02:00:00,29
moscow,6,Khamovniki,2026-04-19 03:00:00,33
moscow,6,Khamovniki,2026-04-19 04:00:00,29
moscow,6,Khamovniki,2026-04-19 05:00:00,40
moscow,6,Khamovniki,2026-04-19 06:00:00,47
moscow,6,Khamovniki,2026-04-19 07:00:00,47
moscow,6,Khamovniki,2026-04-19 08:00:00,50
moscow,6,Khamovniki,2026-04-19 09:00:00,52
moscow,6,Khamovniki,2026-04-19 10:00:00,40
moscow,6,Khamovniki,2026-04-19 11:00:00,36
moscow,6,Khamovniki,2026-04-19 12:00:00,36
moscow,6,Khamovniki,2026-04-19 13:00:00,34
moscow,6,Khamovniki,2026-04-19 14:00:00,37
moscow,6,Khamovniki,2026-04-19 15:00:00,37
moscow,6,Khamovniki,2026-04-19 16:00:00,45
moscow,6,Khamovniki,2026-04-19 17:00:00,48
moscow,6,Khamovniki,2026-04-19 18:00:00,51
moscow,6,Khamovniki,2026-04-19 19:00:00,49
moscow,6,Khamovniki,2026-04-19 20:00:00,58
moscow,6,Khamovniki,2026-04-19 21:00:00,48
moscow,6,Khamovniki,2026-04-19 22:00:00,49
moscow,6,Khamovniki,2026-04-19 23:00:00,44
moscow,6,Khamovniki,2026-04-20 00:00:00,41
moscow,6,Khamovniki,2026-04-20 01:00:00,44
moscow,6,Khamovniki,2026-04-20 02:00:00,40
moscow,6,Khamovniki,2026-04-20 03:00:00,46
moscow,6,Khamovniki,2026-04-20 04:00:00,48
moscow,6,Khamovniki,2026-04-20 05:00:00,51
moscow,6,Khamovniki,2026-04-20 06:00:00,52
moscow,6,Khamovniki,2026-04-20 07:00:00,55
moscow,6,Khamovniki,2026-04-20 08:00:00,66
moscow,6,Khamovniki,2026-04-20 09:00:00,61
moscow,6,Khamovniki,2026-04-20 10:00:00,53
moscow,6,Khamovniki,2026-04-20 11:00:00,52
moscow,6,Khamovniki,2026-04-20 12:00:00,43
moscow,6,Khamovniki,2026-04-20 13:00:00,43
moscow,6,Khamovniki,2026-04-20 14:00:00,47
moscow,6,Khamovniki,2026-04-20 15:00:00,46
moscow,6,Khamovniki,2026-04-20 16:00:00,54
moscow,6,Khamovniki,2026-04-20 17:00:00,62
moscow,6,Khamovniki,2026-04-20 18:00:00,62
moscow,6,Khamovniki,2026-04-20 19:00:00,63
moscow,6,Khamovniki,2026-04-20 20:00:00,58
moscow,6,Khamovniki,2026-04-20 21:00:00,49
moscow,6,Khamovniki,2026-04-20 22:00:00,39
moscow,6,Khamovniki,2026-04-20 23:00:00,40
moscow,6,Khamovniki,2026-04-21 00:00:00,45
moscow,6,Khamovniki,2026-04-21 01:00:00,38
moscow,6,Khamovniki,2026-04-21 02:00:00,42
moscow,6,Khamovniki,2026-04-21 03:00:00,44
moscow,6,Khamovniki,2026-04-21 04:00:00,49
moscow,6,Khamovniki,2026-04-21 05:00:00,48
moscow,6,Khamovniki,2026-04-21 06:00:00,54
moscow,6,Khamovniki,2026-04-21 07:00:00,61
moscow,6,Khamovniki,2026-04-21 08:00:00,65
moscow,6,Khamovniki,2026-04-21 09:00:00,61
moscow,6,Khamovniki,2026-04-21 10:00:00,58
moscow,6,Khamovniki,2026-04-21 11:00:00,47
moscow,6,Khamovniki,2026-04-21 12:00:00,46
moscow,6,Khamovniki,2026-04-21 13:00:00,46
moscow,6,Khamovniki,2026-04-21 14:00:00,46
moscow,6,Khamovniki,2026-04-21 15:00:00,53
moscow,6,Khamovniki,2026-04-21 16:00:00,56
moscow,6,Khamovniki,2026-04-21 17:00:00,62
moscow,6,Khamovniki,2026-04-21 18:00:00,63
moscow,6,Khamovniki,2026-04-21 19:00:00,61
moscow,6,Khamovniki,2026-04-21 20:00:00,54
moscow,6,Khamovniki,2026-04-21 21:00:00,49
moscow,6,Khamovniki,2026-04-21 22:00:00,50
moscow,6,Khamovniki,2026-04-21 23:00:00,46
moscow,6,Khamovniki,2026-04-22 00:00:00,41
moscow,6,Khamovniki,2026-04-22 01:00:00,44
moscow,6,Khamovniki,2026-04-22 02:00:00,37
moscow,6,Khamovniki,2026-04-22 03:00:00,43
moscow,6,Khamovniki,2026-04-22 04:00:00,49
moscow,6,Khamovniki,2026-04-22 05:00:00,50
moscow,6,Khamovniki,2026-04-22 06:00:00,57
moscow,6,Khamovniki,2026-04-22 07:00:00,54
moscow,6,Khamovniki,2026-04-22 08:00:00,64
moscow,6,Khamovniki,2026-04-22 09:00:00,63
moscow,6,Khamovniki,2026-04-22 10:00:00,58
moscow,6,Khamovniki,2026-04-22 11:00:00,53
moscow,6,Khamovniki,2026-04-22 12:00:00,46
moscow,6,Khamovniki,2026-04-22 13:00:00,46
moscow,6,Khamovniki,2026-04-22 14:00:00,44
moscow,6,Khamovniki,2026-04-22 15:00:00,51
moscow,6,Khamovniki,2026-04-22 16:00:00,53
moscow,6,Khamovniki,2026-04-22 17:00:00,56
moscow,6,Khamovniki,2026-04-22 18:00:00,60
moscow,6,Khamovniki,2026-04-22 19:00:00,65
moscow,6,Khamovniki,2026-04-22 20:00:00,56
moscow,6,Khamovniki,2026-04-22 21:00:00,52
moscow,6,Khamovniki,2026-04-22 22:00:00,46
moscow,6,Khamovniki,2026-04-22 23:00:00,40
moscow,6,Khamovniki,2026-04-23 00:00:00,47
moscow,6,Khamovniki,2026-04-23 01:00:00,39
moscow,6,Khamovniki,2026-04-23 02:00:00,43
moscow,6,Khamovniki,2026-04-23 03:00:00,45
moscow,6,Khamovniki,2026-04-23 04:00:00,48
moscow,6,Khamovniki,2026-04-23 05:00:00,50
moscow,6,Khamovniki,2026-04-23 06:00:00,53
moscow,6,Khamovniki,2026-04-23 07:00:00,61
moscow,6,Khamovniki,2026-04-23 08:00:00,64
moscow,6,Khamovniki,2026-04-23 09:00:00,61
moscow,6,Khamovniki,2026-04-23 10:00:00,60
moscow,6,Khamovniki,2026-04-23 11:00:00,48
moscow,6,Khamovniki,2026-04-23 12:00:00,49
moscow,6,Khamovniki,2026-04-23 13:00:00,48
moscow,6,Khamovniki,2026-04-23 14:00:00,51
moscow,6,Khamovniki,2026-04-23 15:00:00,52
moscow,6,Khamovniki,2026-04-23 16:00:00,60
moscow,6,Khamovniki,2026-04-23 17:00:00,62
moscow,6,Khamovniki,2026-04-23 18:00:00,65
moscow,6,Khamovniki,2026-04-23 19:00:00,58
moscow,6,Khamovniki,2026-04-23 20:00:00,50
moscow,6,Khamovniki,2026-04-23 21:00:00,54
moscow,6,Khamovniki,2026-04-23 22:00:00,50
moscow,6,Khamovniki,2026-04-23 23:00:00,47
moscow,6,Khamovniki,2026-04-24 00:00:00,44
moscow,6,Khamovniki,2026-04-24 01:00:00,50
moscow,6,Khamovniki,2026-04-24 02:00:00,45
moscow,6,Khamovniki,2026-04-24 03:00:00,48
moscow,6,Khamovniki,2026-04-24 04:00:00,50
moscow,6,Khamovniki,2026-04-24 05:00:00,57
moscow,6,Khamovniki,2026-04-24 06:00:00,58
moscow,6,Khamovniki,2026-04-24 07:00:00,63
moscow,6,Khamovniki,2026-04-24 08:00:00,63
moscow,6,Khamovniki,2026-04-24 09:00:00,69
moscow,6,Khamovniki,2026-04-24 10:00:00,60
moscow,6,Khamovniki,2026-04-24 11:00:00,54
moscow,6,Khamovniki,2026-04-24 12:00:00,57
moscow,6,Khamovniki,2026-04-24 13:00:00,49
moscow,6,Khamovniki,2026-04-24 14:00:00,46
moscow,6,Khamovniki,2026-04-24 15:00:00,53
moscow,6,Khamovniki,2026-04-24 16:00:00,56
moscow,6,Khamovniki,2026-04-24 17:00:00,62
moscow,6,Khamovniki,2026-04-24 18:00:00,64
moscow,6,Khamovniki,2026-04-24 19:00:00,62
moscow,6,Khamovniki,2026-04-24 20:00:00,55
moscow,6,Khamovniki,2026-04-24 21:00:00,58
moscow,6,Khamovniki,2026-04-24 22:00:00,50
moscow,6,Khamovniki,2026-04-24 23:00:00,47
moscow,6,Khamovniki,2026-04-25 00:00:00,42
moscow,6,Khamovniki,2026-04-25 01:00:00,42
moscow,6,Khamovniki,2026-04-25 02:00:00,41
moscow,6,Khamovniki,2026-04-25 03:00:00,43
moscow,6,Khamovniki,2026-04-25 04:00:00,43
moscow,6,Khamovniki,2026-04-25 05:00:00,48
moscow,6,Khamovniki,2026-04-25 06:00:00,53
moscow,6,Khamovniki,2026-04-25 07:00:00,56
moscow,6,Khamovniki,2026-04-25 08:00:00,57
moscow,6,Khamovniki,2026-04-25 09:00:00,60
moscow,6,Khamovniki,2026-04-25 10:00:00,49
moscow,6,Khamovniki,2026-04-25 11:00:00,47
moscow,6,Khamovniki,2026-04-25 12:00:00,44
moscow,6,Khamovniki,2026-04-25 13:00:00,41
moscow,6,Khamovniki,2026-04-25 14:00:00,41
moscow,6,Khamovniki,2026-04-25 15:00:00,46
moscow,6,Khamovniki,2026-04-25 16:00:00,49
moscow,6,Khamovniki,2026-04-25 17:00:00,51
moscow,6,Khamovniki,2026-04-25 18:00:00,54
moscow,6,Khamovniki,2026-04-25 19:00:00,55
moscow,6,Khamovniki,2026-04-25 20:00:00,67
moscow,6,Khamovniki,2026-04-25 21:00:00,59
moscow,6,Khamovniki,2026-04-25 22:00:00,46
moscow,6,Khamovniki,2026-04-25 23:00:00,53
moscow,6,Khamovniki,2026-04-26 00:00:00,40
moscow,6,Khamovniki,2026-04-26 01:00:00,43
moscow,6,Khamovniki,2026-04-26 02:00:00,41
moscow,6,Khamovniki,2026-04-26 03:00:00,42
moscow,6,Khamovniki,2026-04-26 04:00:00,43
moscow,6,Khamovniki,2026-04-26 05:00:00,47
moscow,6,Khamovniki,2026-04-26 06:00:00,55
moscow,6,Khamovniki,2026-04-26 07:00:00,56
moscow,6,Khamovniki,2026-04-26 08:00:00,62
moscow,6,Khamovniki,2026-04-26 09:00:00,59
moscow,6,Khamovniki,2026-04-26 10:00:00,54
moscow,6,Khamovniki,2026-04-26 11:00:00,42
moscow,6,Khamovniki,2026-04-26 12:00:00,47
moscow,6,Khamovniki,2026-04-26 13:00:00,42
moscow,6,Khamovniki,2026-04-26 14:00:00,47
moscow,6,Khamovniki,2026-04-26 15:00:00,45
moscow,6,Khamovniki,2026-04-26 16:00:00,49
moscow,6,Khamovniki,2026-04-26 17:00:00,61
moscow,6,Khamovniki,2026-04-26 18:00:00,54
moscow,6,Khamovniki,2026-04-26 19:00:00,59
moscow,6,Khamovniki,2026-04-26 20:00:00,65
moscow,6,Khamovniki,2026-04-26 21:00:00,58
moscow,6,Khamovniki,2026-04-26 22:00:00,54
moscow,6,Khamovniki,2026-04-26 23:00:00,48
moscow,6,Khamovniki,2026-04-27 00:00:00,49
moscow,6,Khamovniki,2026-04-27 01:00:00,46
moscow,6,Khamovniki,2026-04-27 02:00:00,48
moscow,6,Khamovniki,2026-04-27 03:00:00,52
moscow,6,Khamovniki,2026-04-27 04:00:00,52
moscow,6,Khamovniki,2026-04-27 05:00:00,52
moscow,6,Khamovniki,2026-04-27 06:00:00,64
moscow,6,Khamovniki,2026-04-27 07:00:00,68
moscow,6,Khamovniki,2026-04-27 08:00:00,69
moscow,6,Khamovniki,2026-04-27 09:00:00,70
moscow,6,Khamovniki,2026-04-27 10:00:00,61
moscow,6,Khamovniki,2026-04-27 11:00:00,53
moscow,6,Khamovniki,2026-04-27 12:00:00,57
moscow,6,Khamovniki,2026-04-27 13:00:00,51
moscow,6,Khamovniki,2026-04-27 14:00:00,53
moscow,6,Khamovniki,2026-04-27 15:00:00,56
moscow,6,Khamovniki,2026-04-27 16:00:00,65
moscow,6,Khamovniki,2026-04-27 17:00:00,65
moscow,6,Khamovniki,2026-04-27 18:00:00,64
moscow,6,Khamovniki,2026-04-27 19:00:00,64
moscow,6,Khamovniki,2026-04-27 20:00:00,65
moscow,6,Khamovniki,2026-04-27 21:00:00,59
moscow,6,Khamovniki,2026-04-27 22:00:00,52
moscow,6,Khamovniki,2026-04-27 23:00:00,54
moscow,6,Khamovniki,2026-04-28 00:00:00,52
moscow,6,Khamovniki,2026-04-28 01:00:00,49
moscow,6,Khamovniki,2026-04-28 02:00:00,49
moscow,6,Khamovniki,2026-04-28 03:00:00,51
moscow,6,Khamovniki,2026-04-28 04:00:00,50
moscow,6,Khamovniki,2026-04-28 05:00:00,57
moscow,6,Khamovniki,2026-04-28 06:00:00,64
moscow,6,Khamovniki,2026-04-28 07:00:00,64
moscow,6,Khamovniki,2026-04-28 08:00:00,71
moscow,6,Khamovniki,2026-04-28 09:00:00,68
moscow,6,Khamovniki,2026-04-28 10:00:00,66
moscow,6,Khamovniki,2026-04-28 11:00:00,52
moscow,6,Khamovniki,2026-04-28 12:00:00,52
moscow,6,Khamovniki,2026-04-28 13:00:00,51
moscow,6,Khamovniki,2026-04-28 14:00:00,56
moscow,6,Khamovniki,2026-04-28 15:00:00,58
moscow,6,Khamovniki,2026-04-28 16:00:00,68
moscow,6,Khamovniki,2026-04-28 17:00:00,69
moscow,6,Khamovniki,2026-04-28 18:00:00,68
moscow,6,Khamovniki,2026-04-28 19:00:00,68
moscow,6,Khamovniki,2026-04-28 20:00:00,62
moscow,6,Khamovniki,2026-04-28 21:00:00,60
moscow,6,Khamovniki,2026-04-28 22:00:00,50
moscow,6,Khamovniki,2026-04-28 23:00:00,49
moscow,6,Khamovniki,2026-04-29 00:00:00,52
moscow,6,Khamovniki,2026-04-29 01:00:00,54
moscow,6,Khamovniki,2026-04-29 02:00:00,45
moscow,6,Khamovniki,2026-04-29 03:00:00,55
moscow,6,Khamovniki,2026-04-29 04:00:00,53
moscow,6,Khamovniki,2026-04-29 05:00:00,53
moscow,6,Khamovniki,2026-04-29 06:00:00,56
moscow,6,Khamovniki,2026-04-29 07:00:00,65
moscow,6,Khamovniki,2026-04-29 08:00:00,72
moscow,6,Khamovniki,2026-04-29 09:00:00,69
moscow,6,Khamovniki,2026-04-29 10:00:00,65
moscow,6,Khamovniki,2026-04-29 11:00:00,56
moscow,6,Khamovniki,2026-04-29 12:00:00,51
moscow,6,Khamovniki,2026-04-29 13:00:00,52
moscow,6,Khamovniki,2026-04-29 14:00:00,55
moscow,6,Khamovniki,2026-04-29 15:00:00,59
moscow,6,Khamovniki,2026-04-29 16:00:00,62
moscow,6,Khamovniki,2026-04-29 17:00:00,71
moscow,6,Khamovniki,2026-04-29 18:00:00,69
moscow,6,Khamovniki,2026-04-29 19:00:00,66
moscow,6,Khamovniki,2026-04-29 20:00:00,62
moscow,6,Khamovniki,2026-04-29 21:00:00,62
moscow,6,Khamovniki,2026-04-29 22:00:00,54
moscow,6,Khamovniki,2026-04-29 23:00:00,50
moscow,6,Khamovniki,2026-04-30 00:00:00,54
moscow,6,Khamovniki,2026-04-30 01:00:00,58
moscow,6,Khamovniki,2026-04-30 02:00:00,52
moscow,6,Khamovniki,2026-04-30 03:00:00,56
moscow,6,Khamovniki,2026-04-30 04:00:00,57
moscow,6,Khamovniki,2026-04-30 05:00:00,57
moscow,6,Khamovniki,2026-04-30 06:00:00,65
moscow,6,Khamovniki,2026-04-30 07:00:00,67
moscow,6,Khamovniki,2026-04-30 08:00:00,73
moscow,6,Khamovniki,2026-04-30 09:00:00,69
moscow,6,Khamovniki,2026-04-30 10:00:00,64
moscow,6,Khamovniki,2026-04-30 11:00:00,57
moscow,6,Khamovniki,2026-04-30 12:00:00,54
moscow,6,Khamovniki,2026-04-30 13:00:00,56
moscow,6,Khamovniki,2026-04-30 14:00:00,56
moscow,6,Khamovniki,2026-04-30 15:00:00,55
moscow,6,Khamovniki,2026-04-30 16:00:00,63
moscow,6,Khamovniki,2026-04-30 17:00:00,65
moscow,6,Khamovniki,2026-04-30 18:00:00,72
moscow,6,Khamovniki,2026-04-30 19:00:00,71
moscow,6,Khamovniki,2026-04-30 20:00:00,65
moscow,6,Khamovniki,2026-04-30 21:00:00,57
moscow,6,Khamovniki,2026-04-30 22:00:00,56
moscow,6,Khamovniki,2026-04-30 23:00:00,52
moscow,6,Khamovniki,2026-05-01 00:00:00,50
moscow,6,Khamovniki,2026-05-01 01:00:00,55
moscow,6,Khamovniki,2026-05-01 02:00:00,55
moscow,6,Khamovniki,2026-05-01 03:00:00,56
moscow,6,Khamovniki,2026-05-01 04:00:00,54
moscow,6,Khamovniki,2026-05-01 05:00:00,63
moscow,6,Khamovniki,2026-05-01 06:00:00,64
moscow,6,Khamovniki,2026-05-01 07:00:00,73
moscow,6,Khamovniki,2026-05-01 08:00:00,73
moscow,6,Khamovniki,2026-05-01 09:00:00,71
moscow,6,Khamovniki,2026-05-01 10:00:00,59
moscow,6,Khamovniki,2026-05-01 11:00:00,59
moscow,6,Khamovniki,2026-05-01 12:00:00,56
moscow,6,Khamovniki,2026-05-01 13:00:00,54
moscow,6,Khamovniki,2026-05-01 14:00:00,62
moscow,6,Khamovniki,2026-05-01 15:00:00,58
moscow,6,Khamovniki,2026-05-01 16:00:00,64
moscow,6,Khamovniki,2026-05-01 17:00:00,68
moscow,6,Khamovniki,2026-05-01 18:00:00,71
moscow,6,Khamovniki,2026-05-01 19:00:00,73
moscow,6,Khamovniki,2026-05-01 20:00:00,70
moscow,6,Khamovniki,2026-05-01 21:00:00,59
moscow,6,Khamovniki,2026-05-01 22:00:00,55
moscow,6,Khamovniki,2026-05-01 23:00:00,51
moscow,6,Khamovniki,2026-05-02 00:00:00,51
moscow,6,Khamovniki,2026-05-02 01:00:00,51
moscow,6,Khamovniki,2026-05-02 02:00:00,47
moscow,6,Khamovniki,2026-05-02 03:00:00,44
moscow,6,Khamovniki,2026-05-02 04:00:00,46
moscow,6,Khamovniki,2026-05-02 05:00:00,54
moscow,6,Khamovniki,2026-05-02 06:00:00,59
moscow,6,Khamovniki,2026-05-02 07:00:00,57
moscow,6,Khamovniki,2026-05-02 08:00:00,64
moscow,6,Khamovniki,2026-05-02 09:00:00,67
moscow,6,Khamovniki,2026-05-02 10:00:00,57
moscow,6,Khamovniki,2026-05-02 11:00:00,57
moscow,6,Khamovniki,2026-05-02 12:00:00,52
moscow,6,Khamovniki,2026-05-02 13:00:00,47
moscow,6,Khamovniki,2026-05-02 14:00:00,50
moscow,6,Khamovniki,2026-05-02 15:00:00,54
moscow,6,Khamovniki,2026-05-02 16:00:00,55
moscow,6,Khamovniki,2026-05-02 17:00:00,59
moscow,6,Khamovniki,2026-05-02 18:00:00,67
moscow,6,Khamovniki,2026-05-02 19:00:00,59
moscow,6,Khamovniki,2026-05-02 20:00:00,73
moscow,6,Khamovniki,2026-05-02 21:00:00,64
moscow,6,Khamovniki,2026-05-02 22:00:00,60
moscow,6,Khamovniki,2026-05-02 23:00:00,59
moscow,6,Khamovniki,2026-05-03 00:00:00,47
moscow,6,Khamovniki,2026-05-03 01:00:00,50
moscow,6,Khamovniki,2026-05-03 02:00:00,43
moscow,6,Khamovniki,2026-05-03 03:00:00,50
moscow,6,Khamovniki,2026-05-03 04:00:00,44
moscow,6,Khamovniki,2026-05-03 05:00:00,53
moscow,6,Khamovniki,2026-05-03 06:00:00,61
moscow,6,Khamovniki,2026-05-03 07:00:00,65
moscow,6,Khamovniki,2026-05-03 08:00:00,62
moscow,6,Khamovniki,2026-05-03 09:00:00,60
moscow,6,Khamovniki,2026-05-03 10:00:00,57
moscow,6,Khamovniki,2026-05-03 11:00:00,55
moscow,6,Khamovniki,2026-05-03 12:00:00,46
moscow,6,Khamovniki,2026-05-03 13:00:00,50
moscow,6,Khamovniki,2026-05-03 14:00:00,53
moscow,6,Khamovniki,2026-05-03 15:00:00,54
moscow,6,Khamovniki,2026-05-03 16:00:00,60
moscow,6,Khamovniki,2026-05-03 17:00:00,63
moscow,6,Khamovniki,2026-05-03 18:00:00,63
moscow,6,Khamovniki,2026-05-03 19:00:00,57
moscow,6,Khamovniki,2026-05-03 20:00:00,72
moscow,6,Khamovniki,2026-05-03 21:00:00,63
moscow,6,Khamovniki,2026-05-03 22:00:00,60
moscow,6,Khamovniki,2026-05-03 23:00:00,60
moscow,6,Khamovniki,2026-05-04 00:00:00,60
moscow,6,Khamovniki,2026-05-04 01:00:00,56
moscow,6,Khamovniki,2026-05-04 02:00:00,58
moscow,6,Khamovniki,2026-05-04 03:00:00,53
moscow,6,Khamovniki,2026-05-04 04:00:00,59
moscow,6,Khamovniki,2026-05-04 05:00:00,63
moscow,6,Khamovniki,2026-05-04 06:00:00,72
moscow,6,Khamovniki,2026-05-04 07:00:00,73
moscow,6,Khamovniki,2026-05-04 08:00:00,77
moscow,6,Khamovniki,2026-05-04 09:00:00,78
moscow,6,Khamovniki,2026-05-04 10:00:00,69
moscow,6,Khamovniki,2026-05-04 11:00:00,60
moscow,6,Khamovniki,2026-05-04 12:00:00,66
moscow,6,Khamovniki,2026-05-04 13:00:00,55
moscow,6,Khamovniki,2026-05-04 14:00:00,60
moscow,6,Khamovniki,2026-05-04 15:00:00,65
moscow,6,Khamovniki,2026-05-04 16:00:00,70
moscow,6,Khamovniki,2026-05-04 17:00:00,73
moscow,6,Khamovniki,2026-05-04 18:00:00,75
moscow,6,Khamovniki,2026-05-04 19:00:00,73
moscow,6,Khamovniki,2026-05-04 20:00:00,66
moscow,6,Khamovniki,2026-05-04 21:00:00,70
moscow,6,Khamovniki,2026-05-04 22:00:00,59
moscow,6,Khamovniki,2026-05-04 23:00:00,59
moscow,6,Khamovniki,2026-05-05 00:00:00,56
moscow,6,Khamovniki,2026-05-05 01:00:00,56
moscow,6,Khamovniki,2026-05-05 02:00:00,56
moscow,6,Khamovniki,2026-05-05 03:00:00,54
moscow,6,Khamovniki,2026-05-05 04:00:00,59
moscow,6,Khamovniki,2026-05-05 05:00:00,63
moscow,6,Khamovniki,2026-05-05 06:00:00,73
moscow,6,Khamovniki,2026-05-05 07:00:00,73
moscow,6,Khamovniki,2026-05-05 08:00:00,77
moscow,6,Khamovniki,2026-05-05 09:00:00,73
moscow,6,Khamovniki,2026-05-05 10:00:00,74
moscow,6,Khamovniki,2026-05-05 11:00:00,62
moscow,6,Khamovniki,2026-05-05 12:00:00,62
moscow,6,Khamovniki,2026-05-05 13:00:00,62
moscow,6,Khamovniki,2026-05-05 14:00:00,61
moscow,6,Khamovniki,2026-05-05 15:00:00,61
moscow,6,Khamovniki,2026-05-05 16:00:00,66
moscow,6,Khamovniki,2026-05-05 17:00:00,77
moscow,6,Khamovniki,2026-05-05 18:00:00,73
moscow,6,Khamovniki,2026-05-05 19:00:00,76
moscow,6,Khamovniki,2026-05-05 20:00:00,70
moscow,6,Khamovniki,2026-05-05 21:00:00,66
moscow,6,Khamovniki,2026-05-05 22:00:00,62
moscow,6,Khamovniki,2026-05-05 23:00:00,56
moscow,6,Khamovniki,2026-05-06 00:00:00,55
moscow,6,Khamovniki,2026-05-06 01:00:00,60
moscow,6,Khamovniki,2026-05-06 02:00:00,56
moscow,6,Khamovniki,2026-05-06 03:00:00,51
moscow,6,Khamovniki,2026-05-06 04:00:00,62
moscow,6,Khamovniki,2026-05-06 05:00:00,62
moscow,6,Khamovniki,2026-05-06 06:00:00,72
moscow,6,Khamovniki,2026-05-06 07:00:00,81
moscow,6,Khamovniki,2026-05-06 08:00:00,79
moscow,6,Khamovniki,2026-05-06 09:00:00,79
moscow,6,Khamovniki,2026-05-06 10:00:00,71
moscow,6,Khamovniki,2026-05-06 11:00:00,69
moscow,6,Khamovniki,2026-05-06 12:00:00,58
moscow,6,Khamovniki,2026-05-06 13:00:00,60
moscow,6,Khamovniki,2026-05-06 14:00:00,64
moscow,6,Khamovniki,2026-05-06 15:00:00,65
moscow,6,Khamovniki,2026-05-06 16:00:00,74
moscow,6,Khamovniki,2026-05-06 17:00:00,74
moscow,6,Khamovniki,2026-05-06 18:00:00,83
moscow,6,Khamovniki,2026-05-06 19:00:00,81
moscow,6,Khamovniki,2026-05-06 20:00:00,72
moscow,6,Khamovniki,2026-05-06 21:00:00,67
moscow,6,Khamovniki,2026-05-06 22:00:00,65
moscow,6,Khamovniki,2026-05-06 23:00:00,56
moscow,6,Khamovniki,2026-05-07 00:00:00,55
moscow,6,Khamovniki,2026-05-07 01:00:00,62
moscow,6,Khamovniki,2026-05-07 02:00:00,60
moscow,6,Khamovniki,2026-05-07 03:00:00,59
moscow,6,Khamovniki,2026-05-07 04:00:00,62
moscow,6,Khamovniki,2026-05-07 05:00:00,59
moscow,6,Khamovniki,2026-05-07 06:00:00,71
moscow,6,Khamovniki,2026-05-07 07:00:00,76
moscow,6,Khamovniki,2026-05-07 08:00:00,83
moscow,6,Khamovniki,2026-05-07 09:00:00,81
moscow,6,Khamovniki,2026-05-07 10:00:00,73
moscow,6,Khamovniki,2026-05-07 11:00:00,67
moscow,6,Khamovniki,2026-05-07 12:00:00,58
moscow,6,Khamovniki,2026-05-07 13:00:00,63
moscow,6,Khamovniki,2026-05-07 14:00:00,65
moscow,6,Khamovniki,2026-05-07 15:00:00,70
moscow,6,Khamovniki,2026-05-07 16:00:00,78
moscow,6,Khamovniki,2026-05-07 17:00:00,72
moscow,6,Khamovniki,2026-05-07 18:00:00,77
moscow,6,Khamovniki,2026-05-07 19:00:00,74
moscow,6,Khamovniki,2026-05-07 20:00:00,72
moscow,6,Khamovniki,2026-05-07 21:00:00,67
moscow,6,Khamovniki,2026-05-07 22:00:00,62
moscow,6,Khamovniki,2026-05-07 23:00:00,63
moscow,6,Khamovniki,2026-05-08 00:00:00,57
moscow,6,Khamovniki,2026-05-08 01:00:00,57
moscow,6,Khamovniki,2026-05-08 02:00:00,57
moscow,6,Khamovniki,2026-05-08 03:00:00,60
moscow,6,Khamovniki,2026-05-08 04:00:00,59
moscow,6,Khamovniki,2026-05-08 05:00:00,67
moscow,6,Khamovniki,2026-05-08 06:00:00,72
moscow,6,Khamovniki,2026-05-08 07:00:00,77
moscow,6,Khamovniki,2026-05-08 08:00:00,84
moscow,6,Khamovniki,2026-05-08 09:00:00,79
moscow,6,Khamovniki,2026-05-08 10:00:00,76
moscow,6,Khamovniki,2026-05-08 11:00:00,66
moscow,6,Khamovniki,2026-05-08 12:00:00,63
moscow,6,Khamovniki,2026-05-08 13:00:00,61
moscow,6,Khamovniki,2026-05-08 14:00:00,64
moscow,6,Khamovniki,2026-05-08 15:00:00,70
moscow,6,Khamovniki,2026-05-08 16:00:00,72
moscow,6,Khamovniki,2026-05-08 17:00:00,79
moscow,6,Khamovniki,2026-05-08 18:00:00,77
moscow,6,Khamovniki,2026-05-08 19:00:00,80
moscow,6,Khamovniki,2026-05-08 20:00:00,71
moscow,6,Khamovniki,2026-05-08 21:00:00,70
moscow,6,Khamovniki,2026-05-08 22:00:00,64
moscow,6,Khamovniki,2026-05-08 23:00:00,66
moscow,6,Khamovniki,2026-05-09 00:00:00,51
moscow,6,Khamovniki,2026-05-09 01:00:00,51
moscow,6,Khamovniki,2026-05-09 02:00:00,53
moscow,6,Khamovniki,2026-05-09 03:00:00,52
moscow,6,Khamovniki,2026-05-09 04:00:00,53
moscow,6,Khamovniki,2026-05-09 05:00:00,62
moscow,6,Khamovniki,2026-05-09 06:00:00,65
moscow,6,Khamovniki,2026-05-09 07:00:00,68
moscow,6,Khamovniki,2026-05-09 08:00:00,71
moscow,6,Khamovniki,2026-05-09 09:00:00,68
moscow,6,Khamovniki,2026-05-09 10:00:00,70
moscow,6,Khamovniki,2026-05-09 11:00:00,58
moscow,6,Khamovniki,2026-05-09 12:00:00,54
moscow,6,Khamovniki,2026-05-09 13:00:00,59
moscow,6,Khamovniki,2026-05-09 14:00:00,57
moscow,6,Khamovniki,2026-05-09 15:00:00,67
moscow,6,Khamovniki,2026-05-09 16:00:00,64
moscow,6,Khamovniki,2026-05-09 17:00:00,71
moscow,6,Khamovniki,2026-05-09 18:00:00,73
moscow,6,Khamovniki,2026-05-09 19:00:00,67
moscow,6,Khamovniki,2026-05-09 20:00:00,75
moscow,6,Khamovniki,2026-05-09 21:00:00,74
moscow,6,Khamovniki,2026-05-09 22:00:00,69
moscow,6,Khamovniki,2026-05-09 23:00:00,61
moscow,6,Khamovniki,2026-05-10 00:00:00,53
moscow,6,Khamovniki,2026-05-10 01:00:00,49
moscow,6,Khamovniki,2026-05-10 02:00:00,57
moscow,6,Khamovniki,2026-05-10 03:00:00,56
moscow,6,Khamovniki,2026-05-10 04:00:00,58
moscow,6,Khamovniki,2026-05-10 05:00:00,57
moscow,6,Khamovniki,2026-05-10 06:00:00,63
moscow,6,Khamovniki,2026-05-10 07:00:00,70
moscow,6,Khamovniki,2026-05-10 08:00:00,71
moscow,6,Khamovniki,2026-05-10 09:00:00,71
moscow,6,Khamovniki,2026-05-10 10:00:00,68
moscow,6,Khamovniki,2026-05-10 11:00:00,67
moscow,6,Khamovniki,2026-05-10 12:00:00,58
moscow,6,Khamovniki,2026-05-10 13:00:00,61
moscow,6,Khamovniki,2026-05-10 14:00:00,57
moscow,6,Khamovniki,2026-05-10 15:00:00,57
moscow,6,Khamovniki,2026-05-10 16:00:00,65
moscow,6,Khamovniki,2026-05-10 17:00:00,65
moscow,6,Khamovniki,2026-05-10 18:00:00,71
moscow,6,Khamovniki,2026-05-10 19:00:00,68
moscow,6,Khamovniki,2026-05-10 20:00:00,73
moscow,6,Khamovniki,2026-05-10 21:00:00,78
moscow,6,Khamovniki,2026-05-10 22:00:00,67
moscow,6,Khamovniki,2026-05-10 23:00:00,62
moscow,6,Khamovniki,2026-05-11 00:00:00,65
moscow,6,Khamovniki,2026-05-11 01:00:00,61
moscow,6,Khamovniki,2026-05-11 02:00:00,66
moscow,6,Khamovniki,2026-05-11 03:00:00,62
moscow,6,Khamovniki,2026-05-11 04:00:00,64
moscow,6,Khamovniki,2026-05-11 05:00:00,71
moscow,6,Khamovniki,2026-05-11 06:00:00,78
moscow,6,Khamovniki,2026-05-11 07:00:00,84
moscow,6,Khamovniki,2026-05-11 08:00:00,84
moscow,6,Khamovniki,2026-05-11 09:00:00,83
moscow,6,Khamovniki,2026-05-11 10:00:00,78
moscow,6,Khamovniki,2026-05-11 11:00:00,71
moscow,6,Khamovniki,2026-05-11 12:00:00,66
moscow,6,Khamovniki,2026-05-11 13:00:00,62
moscow,6,Khamovniki,2026-05-11 14:00:00,69
moscow,6,Khamovniki,2026-05-11 15:00:00,71
moscow,6,Khamovniki,2026-05-11 16:00:00,75
moscow,6,Khamovniki,2026-05-11 17:00:00,84
moscow,6,Khamovniki,2026-05-11 18:00:00,79
moscow,6,Khamovniki,2026-05-11 19:00:00,85
moscow,6,Khamovniki,2026-05-11 20:00:00,76
moscow,6,Khamovniki,2026-05-11 21:00:00,72
moscow,6,Khamovniki,2026-05-11 22:00:00,66
moscow,6,Khamovniki,2026-05-11 23:00:00,60
moscow,6,Khamovniki,2026-05-12 00:00:00,64
moscow,6,Khamovniki,2026-05-12 01:00:00,65
moscow,6,Khamovniki,2026-05-12 02:00:00,66
moscow,6,Khamovniki,2026-05-12 03:00:00,64
moscow,6,Khamovniki,2026-05-12 04:00:00,61
moscow,6,Khamovniki,2026-05-12 05:00:00,67
moscow,6,Khamovniki,2026-05-12 06:00:00,83
moscow,6,Khamovniki,2026-05-12 07:00:00,80
moscow,6,Khamovniki,2026-05-12 08:00:00,89
moscow,6,Khamovniki,2026-05-12 09:00:00,80
moscow,6,Khamovniki,2026-05-12 10:00:00,76
moscow,6,Khamovniki,2026-05-12 11:00:00,73
moscow,6,Khamovniki,2026-05-12 12:00:00,65
moscow,6,Khamovniki,2026-05-12 13:00:00,71
moscow,6,Khamovniki,2026-05-12 14:00:00,68
moscow,6,Khamovniki,2026-05-12 15:00:00,73
moscow,6,Khamovniki,2026-05-12 16:00:00,76
moscow,6,Khamovniki,2026-05-12 17:00:00,83
moscow,6,Khamovniki,2026-05-12 18:00:00,88
moscow,6,Khamovniki,2026-05-12 19:00:00,81
moscow,6,Khamovniki,2026-05-12 20:00:00,82
moscow,6,Khamovniki,2026-05-12 21:00:00,70
moscow,6,Khamovniki,2026-05-12 22:00:00,70
moscow,6,Khamovniki,2026-05-12 23:00:00,67
moscow,6,Khamovniki,2026-05-13 00:00:00,62
moscow,6,Khamovniki,2026-05-13 01:00:00,66
moscow,6,Khamovniki,2026-05-13 02:00:00,65
moscow,6,Khamovniki,2026-05-13 03:00:00,64
moscow,6,Khamovniki,2026-05-13 04:00:00,69
moscow,6,Khamovniki,2026-05-13 05:00:00,72
moscow,6,Khamovniki,2026-05-13 06:00:00,78
moscow,6,Khamovniki,2026-05-13 07:00:00,84
moscow,6,Khamovniki,2026-05-13 08:00:00,86
moscow,6,Khamovniki,2026-05-13 09:00:00,83
moscow,6,Khamovniki,2026-05-13 10:00:00,78
moscow,6,Khamovniki,2026-05-13 11:00:00,70
moscow,6,Khamovniki,2026-05-13 12:00:00,76
moscow,6,Khamovniki,2026-05-13 13:00:00,64
moscow,6,Khamovniki,2026-05-13 14:00:00,68
moscow,6,Khamovniki,2026-05-13 15:00:00,72
moscow,6,Khamovniki,2026-05-13 16:00:00,84
moscow,6,Khamovniki,2026-05-13 17:00:00,79
moscow,6,Khamovniki,2026-05-13 18:00:00,86
moscow,6,Khamovniki,2026-05-13 19:00:00,83
moscow,6,Khamovniki,2026-05-13 20:00:00,79
moscow,6,Khamovniki,2026-05-13 21:00:00,76
moscow,6,Khamovniki,2026-05-13 22:00:00,72
moscow,6,Khamovniki,2026-05-13 23:00:00,65
moscow,6,Khamovniki,2026-05-14 00:00:00,66
moscow,6,Khamovniki,2026-05-14 01:00:00,61
moscow,6,Khamovniki,2026-05-14 02:00:00,66
moscow,6,Khamovniki,2026-05-14 03:00:00,65
moscow,6,Khamovniki,2026-05-14 04:00:00,68
moscow,6,Khamovniki,2026-05-14 05:00:00,68
moscow,6,Khamovniki,2026-05-14 06:00:00,80
moscow,6,Khamovniki,2026-05-14 07:00:00,80
moscow,6,Khamovniki,2026-05-14 08:00:00,88
moscow,6,Khamovniki,2026-05-14 09:00:00,82
moscow,6,Khamovniki,2026-05-14 10:00:00,77
moscow,6,Khamovniki,2026-05-14 11:00:00,76
moscow,6,Khamovniki,2026-05-14 12:00:00,71
moscow,6,Khamovniki,2026-05-14 13:00:00,72
moscow,6,Khamovniki,2026-05-14 14:00:00,74
moscow,6,Khamovniki,2026-05-14 15:00:00,72
moscow,6,Khamovniki,2026-05-14 16:00:00,83
moscow,6,Khamovniki,2026-05-14 17:00:00,80
moscow,6,Khamovniki,2026-05-14 18:00:00,88
moscow,6,Khamovniki,2026-05-14 19:00:00,82
moscow,6,Khamovniki,2026-05-14 20:00:00,77
moscow,6,Khamovniki,2026-05-14 21:00:00,76
moscow,6,Khamovniki,2026-05-14 22:00:00,72
moscow,6,Khamovniki,2026-05-14 23:00:00,70
moscow,6,Khamovniki,2026-05-15 00:00:00,68
moscow,6,Khamovniki,2026-05-15 01:00:00,67
moscow,6,Khamovniki,2026-05-15 02:00:00,69
moscow,6,Khamovniki,2026-05-15 03:00:00,69
moscow,6,Khamovniki,2026-05-15 04:00:00,71
moscow,6,Khamovniki,2026-05-15 05:00:00,75
moscow,6,Khamovniki,2026-05-15 06:00:00,82
moscow,6,Khamovniki,2026-05-15 07:00:00,82
moscow,6,Khamovniki,2026-05-15 08:00:00,88
moscow,6,Khamovniki,2026-05-15 09:00:00,82
moscow,6,Khamovniki,2026-05-15 10:00:00,81
moscow,6,Khamovniki,2026-05-15 11:00:00,79
moscow,6,Khamovniki,2026-05-15 12:00:00,69
moscow,6,Khamovniki,2026-05-15 13:00:00,70
moscow,6,Khamovniki,2026-05-15 14:00:00,73
moscow,6,Khamovniki,2026-05-15 15:00:00,69
moscow,6,Khamovniki,2026-05-15 16:00:00,79
moscow,6,Khamovniki,2026-05-15 17:00:00,86
moscow,6,Khamovniki,2026-05-15 18:00:00,79
moscow,6,Khamovniki,2026-05-15 19:00:00,82
moscow,6,Khamovniki,2026-05-15 20:00:00,83
moscow,6,Khamovniki,2026-05-15 21:00:00,78
moscow,6,Khamovniki,2026-05-15 22:00:00,72
moscow,6,Khamovniki,2026-05-15 23:00:00,71
moscow,6,Khamovniki,2026-05-16 00:00:00,62
moscow,6,Khamovniki,2026-05-16 01:00:00,63
moscow,6,Khamovniki,2026-05-16 02:00:00,61
moscow,6,Khamovniki,2026-05-16 03:00:00,63
moscow,6,Khamovniki,2026-05-16 04:00:00,62
moscow,6,Khamovniki,2026-05-16 05:00:00,71
moscow,6,Khamovniki,2026-05-16 06:00:00,76
moscow,6,Khamovniki,2026-05-16 07:00:00,81
moscow,6,Khamovniki,2026-05-16 08:00:00,78
moscow,6,Khamovniki,2026-05-16 09:00:00,74
moscow,6,Khamovniki,2026-05-16 10:00:00,76
moscow,6,Khamovniki,2026-05-16 11:00:00,69
moscow,6,Khamovniki,2026-05-16 12:00:00,65
moscow,6,Khamovniki,2026-05-16 13:00:00,62
moscow,6,Khamovniki,2026-05-16 14:00:00,66
moscow,6,Khamovniki,2026-05-16 15:00:00,65
moscow,6,Khamovniki,2026-05-16 16:00:00,74
moscow,6,Khamovniki,2026-05-16 17:00:00,80
moscow,6,Khamovniki,2026-05-16 18:00:00,82
moscow,6,Khamovniki,2026-05-16 19:00:00,78
moscow,6,Khamovniki,2026-05-16 20:00:00,81
moscow,6,Khamovniki,2026-05-16 21:00:00,80
moscow,6,Khamovniki,2026-05-16 22:00:00,81
moscow,6,Khamovniki,2026-05-16 23:00:00,70
moscow,6,Khamovniki,2026-05-17 00:00:00,63
moscow,6,Khamovniki,2026-05-17 01:00:00,67
moscow,6,Khamovniki,2026-05-17 02:00:00,65
moscow,6,Khamovniki,2026-05-17 03:00:00,70
moscow,6,Khamovniki,2026-05-17 04:00:00,63
moscow,6,Khamovniki,2026-05-17 05:00:00,66
moscow,6,Khamovniki,2026-05-17 06:00:00,77
moscow,6,Khamovniki,2026-05-17 07:00:00,75
moscow,6,Khamovniki,2026-05-17 08:00:00,79
moscow,6,Khamovniki,2026-05-17 09:00:00,78
moscow,6,Khamovniki,2026-05-17 10:00:00,76
moscow,6,Khamovniki,2026-05-17 11:00:00,70
moscow,6,Khamovniki,2026-05-17 12:00:00,67
moscow,6,Khamovniki,2026-05-17 13:00:00,64
moscow,6,Khamovniki,2026-05-17 14:00:00,69
moscow,6,Khamovniki,2026-05-17 15:00:00,80
moscow,6,Khamovniki,2026-05-17 16:00:00,75
moscow,6,Khamovniki,2026-05-17 17:00:00,77
moscow,6,Khamovniki,2026-05-17 18:00:00,75
moscow,6,Khamovniki,2026-05-17 19:00:00,75
moscow,6,Khamovniki,2026-05-17 20:00:00,85
moscow,6,Khamovniki,2026-05-17 21:00:00,79
moscow,6,Khamovniki,2026-05-17 22:00:00,76
moscow,6,Khamovniki,2026-05-17 23:00:00,78
moscow,6,Khamovniki,2026-05-18 00:00:00,73
moscow,6,Khamovniki,2026-05-18 01:00:00,70
moscow,6,Khamovniki,2026-05-18 02:00:00,67
moscow,6,Khamovniki,2026-05-18 03:00:00,75
moscow,6,Khamovniki,2026-05-18 04:00:00,73
moscow,6,Khamovniki,2026-05-18 05:00:00,72
moscow,6,Khamovniki,2026-05-18 06:00:00,85
moscow,6,Khamovniki,2026-05-18 07:00:00,92
moscow,6,Khamovniki,2026-05-18 08:00:00,85
moscow,6,Khamovniki,2026-05-18 09:00:00,87
moscow,6,Khamovniki,2026-05-18 10:00:00,83
moscow,6,Khamovniki,2026-05-18 11:00:00,79
moscow,6,Khamovniki,2026-05-18 12:00:00,72
moscow,6,Khamovniki,2026-05-18 13:00:00,70
moscow,6,Khamovniki,2026-05-18 14:00:00,76
moscow,6,Khamovniki,2026-05-18 15:00:00,77
moscow,6,Khamovniki,2026-05-18 16:00:00,85
moscow,6,Khamovniki,2026-05-18 17:00:00,85
moscow,6,Khamovniki,2026-05-18 18:00:00,86
moscow,6,Khamovniki,2026-05-18 19:00:00,90
moscow,6,Khamovniki,2026-05-18 20:00:00,84
moscow,6,Khamovniki,2026-05-18 21:00:00,80
moscow,6,Khamovniki,2026-05-18 22:00:00,73
moscow,6,Khamovniki,2026-05-18 23:00:00,69
moscow,6,Khamovniki,2026-05-19 00:00:00,75
moscow,6,Khamovniki,2026-05-19 01:00:00,67
moscow,6,Khamovniki,2026-05-19 02:00:00,75
moscow,6,Khamovniki,2026-05-19 03:00:00,76
moscow,6,Khamovniki,2026-05-19 04:00:00,76
moscow,6,Khamovniki,2026-05-19 05:00:00,76
moscow,6,Khamovniki,2026-05-19 06:00:00,82
moscow,6,Khamovniki,2026-05-19 07:00:00,89
moscow,6,Khamovniki,2026-05-19 08:00:00,89
moscow,6,Khamovniki,2026-05-19 09:00:00,87
moscow,6,Khamovniki,2026-05-19 10:00:00,86
moscow,6,Khamovniki,2026-05-19 11:00:00,80
moscow,6,Khamovniki,2026-05-19 12:00:00,72
moscow,6,Khamovniki,2026-05-19 13:00:00,75
moscow,6,Khamovniki,2026-05-19 14:00:00,76
moscow,6,Khamovniki,2026-05-19 15:00:00,83
moscow,6,Khamovniki,2026-05-19 16:00:00,86
moscow,6,Khamovniki,2026-05-19 17:00:00,92
moscow,6,Khamovniki,2026-05-19 18:00:00,92
moscow,6,Khamovniki,2026-05-19 19:00:00,91
moscow,6,Khamovniki,2026-05-19 20:00:00,81
moscow,6,Khamovniki,2026-05-19 21:00:00,79
moscow,6,Khamovniki,2026-05-19 22:00:00,75
moscow,6,Khamovniki,2026-05-19 23:00:00,72
moscow,6,Khamovniki,2026-05-20 00:00:00,73
moscow,6,Khamovniki,2026-05-20 01:00:00,74
moscow,6,Khamovniki,2026-05-20 02:00:00,73
moscow,6,Khamovniki,2026-05-20 03:00:00,73
moscow,6,Khamovniki,2026-05-20 04:00:00,73
moscow,6,Khamovniki,2026-05-20 05:00:00,82
moscow,6,Khamovniki,2026-05-20 06:00:00,86
moscow,6,Khamovniki,2026-05-20 07:00:00,88
moscow,6,Khamovniki,2026-05-20 08:00:00,93
moscow,6,Khamovniki,2026-05-20 09:00:00,86
moscow,6,Khamovniki,2026-05-20 10:00:00,85
moscow,6,Khamovniki,2026-05-20 11:00:00,79
moscow,6,Khamovniki,2026-05-20 12:00:00,74
moscow,6,Khamovniki,2026-05-20 13:00:00,79
moscow,6,Khamovniki,2026-05-20 14:00:00,73
moscow,6,Khamovniki,2026-05-20 15:00:00,82
moscow,6,Khamovniki,2026-05-20 16:00:00,91
moscow,6,Khamovniki,2026-05-20 17:00:00,93
moscow,6,Khamovniki,2026-05-20 18:00:00,92
moscow,6,Khamovniki,2026-05-20 19:00:00,87
moscow,6,Khamovniki,2026-05-20 20:00:00,81
moscow,6,Khamovniki,2026-05-20 21:00:00,79
moscow,6,Khamovniki,2026-05-20 22:00:00,74
moscow,6,Khamovniki,2026-05-20 23:00:00,72
moscow,6,Khamovniki,2026-05-21 00:00:00,72
moscow,6,Khamovniki,2026-05-21 01:00:00,73
moscow,6,Khamovniki,2026-05-21 02:00:00,75
moscow,6,Khamovniki,2026-05-21 03:00:00,71
moscow,6,Khamovniki,2026-05-21 04:00:00,74
moscow,6,Khamovniki,2026-05-21 05:00:00,80
moscow,6,Khamovniki,2026-05-21 06:00:00,86
moscow,6,Khamovniki,2026-05-21 07:00:00,97
moscow,6,Khamovniki,2026-05-21 08:00:00,95
moscow,6,Khamovniki,2026-05-21 09:00:00,88
moscow,6,Khamovniki,2026-05-21 10:00:00,87
moscow,6,Khamovniki,2026-05-21 11:00:00,82
moscow,6,Khamovniki,2026-05-21 12:00:00,76
moscow,6,Khamovniki,2026-05-21 13:00:00,72
moscow,6,Khamovniki,2026-05-21 14:00:00,82
moscow,6,Khamovniki,2026-05-21 15:00:00,78
moscow,6,Khamovniki,2026-05-21 16:00:00,88
moscow,6,Khamovniki,2026-05-21 17:00:00,91
moscow,6,Khamovniki,2026-05-21 18:00:00,94
moscow,6,Khamovniki,2026-05-21 19:00:00,95
moscow,6,Khamovniki,2026-05-21 20:00:00,88
moscow,6,Khamovniki,2026-05-21 21:00:00,80
moscow,6,Khamovniki,2026-05-21 22:00:00,80
moscow,6,Khamovniki,2026-05-21 23:00:00,73
moscow,6,Khamovniki,2026-05-22 00:00:00,75
moscow,6,Khamovniki,2026-05-22 01:00:00,71
moscow,6,Khamovniki,2026-05-22 02:00:00,72
moscow,6,Khamovniki,2026-05-22 03:00:00,75
moscow,6,Khamovniki,2026-05-22 04:00:00,78
moscow,6,Khamovniki,2026-05-22 05:00:00,76
moscow,6,Khamovniki,2026-05-22 06:00:00,89
moscow,6,Khamovniki,2026-05-22 07:00:00,91
moscow,6,Khamovniki,2026-05-22 08:00:00,99
moscow,6,Khamovniki,2026-05-22 09:00:00,92
moscow,6,Khamovniki,2026-05-22 10:00:00,84
moscow,6,Khamovniki,2026-05-22 11:00:00,81
moscow,6,Khamovniki,2026-05-22 12:00:00,75
moscow,6,Khamovniki,2026-05-22 13:00:00,80
moscow,6,Khamovniki,2026-05-22 14:00:00,78
moscow,6,Khamovniki,2026-05-22 15:00:00,82
moscow,6,Khamovniki,2026-05-22 16:00:00,89
moscow,6,Khamovniki,2026-05-22 17:00:00,89
moscow,6,Khamovniki,2026-05-22 18:00:00,90
moscow,6,Khamovniki,2026-05-22 19:00:00,93
moscow,6,Khamovniki,2026-05-22 20:00:00,84
moscow,6,Khamovniki,2026-05-22 21:00:00,79
moscow,6,Khamovniki,2026-05-22 22:00:00,80
moscow,6,Khamovniki,2026-05-22 23:00:00,77
moscow,6,Khamovniki,2026-05-23 00:00:00,65
moscow,6,Khamovniki,2026-05-23 01:00:00,67
moscow,6,Khamovniki,2026-05-23 02:00:00,67
moscow,6,Khamovniki,2026-05-23 03:00:00,74
moscow,6,Khamovniki,2026-05-23 04:00:00,74
moscow,6,Khamovniki,2026-05-23 05:00:00,73
moscow,6,Khamovniki,2026-05-23 06:00:00,81
moscow,6,Khamovniki,2026-05-23 07:00:00,80
moscow,6,Khamovniki,2026-05-23 08:00:00,84
moscow,6,Khamovniki,2026-05-23 09:00:00,84
moscow,6,Khamovniki,2026-05-23 10:00:00,81
moscow,6,Khamovniki,2026-05-23 11:00:00,74
moscow,6,Khamovniki,2026-05-23 12:00:00,72
moscow,6,Khamovniki,2026-05-23 13:00:00,71
moscow,6,Khamovniki,2026-05-23 14:00:00,72
moscow,6,Khamovniki,2026-05-23 15:00:00,74
moscow,6,Khamovniki,2026-05-23 16:00:00,78
moscow,6,Khamovniki,2026-05-23 17:00:00,84
moscow,6,Khamovniki,2026-05-23 18:00:00,86
moscow,6,Khamovniki,2026-05-23 19:00:00,84
moscow,6,Khamovniki,2026-05-23 20:00:00,89
moscow,6,Khamovniki,2026-05-23 21:00:00,84
moscow,6,Khamovniki,2026-05-23 22:00:00,83
moscow,6,Khamovniki,2026-05-23 23:00:00,83
moscow,6,Khamovniki,2026-05-24 00:00:00,70
moscow,6,Khamovniki,2026-05-24 01:00:00,69
moscow,6,Khamovniki,2026-05-24 02:00:00,71
moscow,6,Khamovniki,2026-05-24 03:00:00,68
moscow,6,Khamovniki,2026-05-24 04:00:00,76
moscow,6,Khamovniki,2026-05-24 05:00:00,76
moscow,6,Khamovniki,2026-05-24 06:00:00,79
moscow,6,Khamovniki,2026-05-24 07:00:00,85
moscow,6,Khamovniki,2026-05-24 08:00:00,86
moscow,6,Khamovniki,2026-05-24 09:00:00,89
moscow,6,Khamovniki,2026-05-24 10:00:00,80
moscow,6,Khamovniki,2026-05-24 11:00:00,76
moscow,6,Khamovniki,2026-05-24 12:00:00,74
moscow,6,Khamovniki,2026-05-24 13:00:00,70
moscow,6,Khamovniki,2026-05-24 14:00:00,74
moscow,6,Khamovniki,2026-05-24 15:00:00,77
moscow,6,Khamovniki,2026-05-24 16:00:00,76
moscow,6,Khamovniki,2026-05-24 17:00:00,85
moscow,6,Khamovniki,2026-05-24 18:00:00,85
moscow,6,Khamovniki,2026-05-24 19:00:00,84
moscow,6,Khamovniki,2026-05-24 20:00:00,93
moscow,6,Khamovniki,2026-05-24 21:00:00,88
moscow,6,Khamovniki,2026-05-24 22:00:00,87
moscow,6,Khamovniki,2026-05-24 23:00:00,77
moscow,6,Khamovniki,2026-05-25 00:00:00,76
moscow,6,Khamovniki,2026-05-25 01:00:00,79
moscow,6,Khamovniki,2026-05-25 02:00:00,79
moscow,6,Khamovniki,2026-05-25 03:00:00,79
moscow,6,Khamovniki,2026-05-25 04:00:00,88
moscow,6,Khamovniki,2026-05-25 05:00:00,86
moscow,6,Khamovniki,2026-05-25 06:00:00,93
moscow,6,Khamovniki,2026-05-25 07:00:00,95
moscow,6,Khamovniki,2026-05-25 08:00:00,96
moscow,6,Khamovniki,2026-05-25 09:00:00,95
moscow,6,Khamovniki,2026-05-25 10:00:00,92
moscow,6,Khamovniki,2026-05-25 11:00:00,85
moscow,6,Khamovniki,2026-05-25 12:00:00,82
moscow,6,Khamovniki,2026-05-25 13:00:00,79
moscow,6,Khamovniki,2026-05-25 14:00:00,80
moscow,6,Khamovniki,2026-05-25 15:00:00,85
moscow,6,Khamovniki,2026-05-25 16:00:00,92
moscow,6,Khamovniki,2026-05-25 17:00:00,97
moscow,6,Khamovniki,2026-05-25 18:00:00,94
moscow,6,Khamovniki,2026-05-25 19:00:00,97
moscow,6,Khamovniki,2026-05-25 20:00:00,89
moscow,6,Khamovniki,2026-05-25 21:00:00,86
moscow,6,Khamovniki,2026-05-25 22:00:00,81
moscow,6,Khamovniki,2026-05-25 23:00:00,83
moscow,6,Khamovniki,2026-05-26 00:00:00,77
moscow,6,Khamovniki,2026-05-26 01:00:00,79
moscow,6,Khamovniki,2026-05-26 02:00:00,80
moscow,6,Khamovniki,2026-05-26 03:00:00,77
moscow,6,Khamovniki,2026-05-26 04:00:00,81
moscow,6,Khamovniki,2026-05-26 05:00:00,84
moscow,6,Khamovniki,2026-05-26 06:00:00,90
moscow,6,Khamovniki,2026-05-26 07:00:00,96
moscow,6,Khamovniki,2026-05-26 08:00:00,103
moscow,6,Khamovniki,2026-05-26 09:00:00,96
moscow,6,Khamovniki,2026-05-26 10:00:00,93
moscow,6,Khamovniki,2026-05-26 11:00:00,86
moscow,6,Khamovniki,2026-05-26 12:00:00,78
moscow,6,Khamovniki,2026-05-26 13:00:00,82
moscow,6,Khamovniki,2026-05-26 14:00:00,79
moscow,6,Khamovniki,2026-05-26 15:00:00,88
moscow,6,Khamovniki,2026-05-26 16:00:00,90
moscow,6,Khamovniki,2026-05-26 17:00:00,96
moscow,6,Khamovniki,2026-05-26 18:00:00,94
moscow,6,Khamovniki,2026-05-26 19:00:00,96
moscow,6,Khamovniki,2026-05-26 20:00:00,94
moscow,6,Khamovniki,2026-05-26 21:00:00,84
moscow,6,Khamovniki,2026-05-26 22:00:00,80
moscow,6,Khamovniki,2026-05-26 23:00:00,81
moscow,6,Khamovniki,2026-05-27 00:00:00,81
moscow,6,Khamovniki,2026-05-27 01:00:00,73
moscow,6,Khamovniki,2026-05-27 02:00:00,85
moscow,6,Khamovniki,2026-05-27 03:00:00,82
moscow,6,Khamovniki,2026-05-27 04:00:00,84
moscow,6,Khamovniki,2026-05-27 05:00:00,86
moscow,6,Khamovniki,2026-05-27 06:00:00,87
moscow,6,Khamovniki,2026-05-27 07:00:00,100
moscow,6,Khamovniki,2026-05-27 08:00:00,99
moscow,6,Khamovniki,2026-05-27 09:00:00,100
moscow,6,Khamovniki,2026-05-27 10:00:00,92
moscow,6,Khamovniki,2026-05-27 11:00:00,87
moscow,6,Khamovniki,2026-05-27 12:00:00,81
moscow,6,Khamovniki,2026-05-27 13:00:00,84
moscow,6,Khamovniki,2026-05-27 14:00:00,80
moscow,6,Khamovniki,2026-05-27 15:00:00,93
moscow,6,Khamovniki,2026-05-27 16:00:00,98
moscow,6,Khamovniki,2026-05-27 17:00:00,101
moscow,6,Khamovniki,2026-05-27 18:00:00,102
moscow,6,Khamovniki,2026-05-27 19:00:00,97
moscow,6,Khamovniki,2026-05-27 20:00:00,95
moscow,6,Khamovniki,2026-05-27 21:00:00,87
moscow,6,Khamovniki,2026-05-27 22:00:00,79
moscow,6,Khamovniki,2026-05-27 23:00:00,85
moscow,6,Khamovniki,2026-05-28 00:00:00,83
moscow,6,Khamovniki,2026-05-28 01:00:00,80
moscow,6,Khamovniki,2026-05-28 02:00:00,77
moscow,6,Khamovniki,2026-05-28 03:00:00,80
moscow,6,Khamovniki,2026-05-28 04:00:00,78
moscow,6,Khamovniki,2026-05-28 05:00:00,90
moscow,6,Khamovniki,2026-05-28 06:00:00,89
moscow,6,Khamovniki,2026-05-28 07:00:00,100
moscow,6,Khamovniki,2026-05-28 08:00:00,99
moscow,6,Khamovniki,2026-05-28 09:00:00,95
moscow,6,Khamovniki,2026-05-28 10:00:00,94
moscow,6,Khamovniki,2026-05-28 11:00:00,86
moscow,6,Khamovniki,2026-05-28 12:00:00,86
moscow,6,Khamovniki,2026-05-28 13:00:00,79
moscow,6,Khamovniki,2026-05-28 14:00:00,82
moscow,6,Khamovniki,2026-05-28 15:00:00,82
moscow,6,Khamovniki,2026-05-28 16:00:00,87
moscow,6,Khamovniki,2026-05-28 17:00:00,103
moscow,6,Khamovniki,2026-05-28 18:00:00,105
moscow,6,Khamovniki,2026-05-28 19:00:00,98
moscow,6,Khamovniki,2026-05-28 20:00:00,91
moscow,6,Khamovniki,2026-05-28 21:00:00,87
moscow,6,Khamovniki,2026-05-28 22:00:00,87
moscow,6,Khamovniki,2026-05-28 23:00:00,80
moscow,6,Khamovniki,2026-05-29 00:00:00,82
moscow,6,Khamovniki,2026-05-29 01:00:00,81
moscow,6,Khamovniki,2026-05-29 02:00:00,80
moscow,6,Khamovniki,2026-05-29 03:00:00,81
moscow,6,Khamovniki,2026-05-29 04:00:00,85
moscow,6,Khamovniki,2026-05-29 05:00:00,86
moscow,6,Khamovniki,2026-05-29 06:00:00,96
moscow,6,Khamovniki,2026-05-29 07:00:00,99
moscow,6,Khamovniki,2026-05-29 08:00:00,103
moscow,6,Khamovniki,2026-05-29 09:00:00,104
moscow,6,Khamovniki,2026-05-29 10:00:00,94
moscow,6,Khamovniki,2026-05-29 11:00:00,91
moscow,6,Khamovniki,2026-05-29 12:00:00,80
moscow,6,Khamovniki,2026-05-29 13:00:00,83
moscow,6,Khamovniki,2026-05-29 14:00:00,86
moscow,6,Khamovniki,2026-05-29 15:00:00,94
moscow,6,Khamovniki,2026-05-29 16:00:00,89
moscow,6,Khamovniki,2026-05-29 17:00:00,99
moscow,6,Khamovniki,2026-05-29 18:00:00,105
moscow,6,Khamovniki,2026-05-29 19:00:00,97
moscow,6,Khamovniki,2026-05-29 20:00:00,94
moscow,6,Khamovniki,2026-05-29 21:00:00,90
moscow,6,Khamovniki,2026-05-29 22:00:00,86
moscow,6,Khamovniki,2026-05-29 23:00:00,87
moscow,6,Khamovniki,2026-05-30 00:00:00,77
moscow,6,Khamovniki,2026-05-30 01:00:00,80
moscow,6,Khamovniki,2026-05-30 02:00:00,75
moscow,6,Khamovniki,2026-05-30 03:00:00,75
moscow,6,Khamovniki,2026-05-30 04:00:00,78
moscow,6,Khamovniki,2026-05-30 05:00:00,78
moscow,6,Khamovniki,2026-05-30 06:00:00,88
moscow,6,Khamovniki,2026-05-30 07:00:00,90
moscow,6,Khamovniki,2026-05-30 08:00:00,91
moscow,6,Khamovniki,2026-05-30 09:00:00,93
moscow,6,Khamovniki,2026-05-30 10:00:00,83
moscow,6,Khamovniki,2026-05-30 11:00:00,84
moscow,6,Khamovniki,2026-05-30 12:00:00,77
moscow,6,Khamovniki,2026-05-30 13:00:00,81
moscow,6,Khamovniki,2026-05-30 14:00:00,78
moscow,6,Khamovniki,2026-05-30 15:00:00,84
moscow,6,Khamovniki,2026-05-30 16:00:00,87
moscow,6,Khamovniki,2026-05-30 17:00:00,92
moscow,6,Khamovniki,2026-05-30 18:00:00,92
moscow,6,Khamovniki,2026-05-30 19:00:00,86
moscow,6,Khamovniki,2026-05-30 20:00:00,102
moscow,6,Khamovniki,2026-05-30 21:00:00,93
moscow,6,Khamovniki,2026-05-30 22:00:00,91
moscow,6,Khamovniki,2026-05-30 23:00:00,88
moscow,6,Khamovniki,2026-05-31 00:00:00,75
moscow,6,Khamovniki,2026-05-31 01:00:00,75
moscow,6,Khamovniki,2026-05-31 02:00:00,79
moscow,6,Khamovniki,2026-05-31 03:00:00,77
moscow,6,Khamovniki,2026-05-31 04:00:00,82
moscow,6,Khamovniki,2026-05-31 05:00:00,82
moscow,6,Khamovniki,2026-05-31 06:00:00,90
moscow,6,Khamovniki,2026-05-31 07:00:00,93
moscow,6,Khamovniki,2026-05-31 08:00:00,95
moscow,6,Khamovniki,2026-05-31 09:00:00,91
moscow,6,Khamovniki,2026-05-31 10:00:00,88
moscow,6,Khamovniki,2026-05-31 11:00:00,86
moscow,6,Khamovniki,2026-05-31 12:00:00,80
moscow,6,Khamovniki,2026-05-31 13:00:00,81
moscow,6,Khamovniki,2026-05-31 14:00:00,81
moscow,6,Khamovniki,2026-05-31 15:00:00,84
moscow,6,Khamovniki,2026-05-31 16:00:00,92
moscow,6,Khamovniki,2026-05-31 17:00:00,94
moscow,6,Khamovniki,2026-05-31 18:00:00,93
moscow,6,Khamovniki,2026-05-31 19:00:00,92
moscow,6,Khamovniki,2026-05-31 20:00:00,98
moscow,6,Khamovniki,2026-05-31 21:00:00,94
moscow,6,Khamovniki,2026-05-31 22:00:00,91
moscow,6,Khamovniki,2026-05-31 23:00:00,90
moscow,6,Khamovniki,2026-06-01 00:00:00,86
moscow,6,Khamovniki,2026-06-01 01:00:00,81
moscow,6,Khamovniki,2026-06-01 02:00:00,87
moscow,6,Khamovniki,2026-06-01 03:00:00,85
moscow,6,Khamovniki,2026-06-01 04:00:00,85
moscow,6,Khamovniki,2026-06-01 05:00:00,95
moscow,6,Khamovniki,2026-06-01 06:00:00,101
moscow,6,Khamovniki,2026-06-01 07:00:00,104
moscow,6,Khamovniki,2026-06-01 08:00:00,108
moscow,6,Khamovniki,2026-06-01 09:00:00,105
moscow,6,Khamovniki,2026-06-01 10:00:00,101
moscow,6,Khamovniki,2026-06-01 11:00:00,93
moscow,6,Khamovniki,2026-06-01 12:00:00,84
moscow,6,Khamovniki,2026-06-01 13:00:00,92
moscow,6,Khamovniki,2026-06-01 14:00:00,91
moscow,6,Khamovniki,2026-06-01 15:00:00,91
moscow,6,Khamovniki,2026-06-01 16:00:00,95
moscow,6,Khamovniki,2026-06-01 17:00:00,103
moscow,6,Khamovniki,2026-06-01 18:00:00,103
moscow,6,Khamovniki,2026-06-01 19:00:00,103
moscow,6,Khamovniki,2026-06-01 20:00:00,99
moscow,6,Khamovniki,2026-06-01 21:00:00,91
moscow,6,Khamovniki,2026-06-01 22:00:00,85
moscow,6,Khamovniki,2026-06-01 23:00:00,87
moscow,6,Khamovniki,2026-06-02 00:00:00,84
moscow,6,Khamovniki,2026-06-02 01:00:00,86
moscow,6,Khamovniki,2026-06-02 02:00:00,82
moscow,6,Khamovniki,2026-06-02 03:00:00,86
moscow,6,Khamovniki,2026-06-02 04:00:00,90
moscow,6,Khamovniki,2026-06-02 05:00:00,94
moscow,6,Khamovniki,2026-06-02 06:00:00,96
moscow,6,Khamovniki,2026-06-02 07:00:00,101
moscow,6,Khamovniki,2026-06-02 08:00:00,107
moscow,6,Khamovniki,2026-06-02 09:00:00,106
moscow,6,Khamovniki,2026-06-02 10:00:00,100
moscow,6,Khamovniki,2026-06-02 11:00:00,91
moscow,6,Khamovniki,2026-06-02 12:00:00,90
moscow,6,Khamovniki,2026-06-02 13:00:00,92
moscow,6,Khamovniki,2026-06-02 14:00:00,90
moscow,6,Khamovniki,2026-06-02 15:00:00,89
moscow,6,Khamovniki,2026-06-02 16:00:00,99
moscow,6,Khamovniki,2026-06-02 17:00:00,109
moscow,6,Khamovniki,2026-06-02 18:00:00,101
moscow,6,Khamovniki,2026-06-02 19:00:00,103
moscow,6,Khamovniki,2026-06-02 20:00:00,98
moscow,6,Khamovniki,2026-06-02 21:00:00,94
moscow,6,Khamovniki,2026-06-02 22:00:00,90
moscow,6,Khamovniki,2026-06-02 23:00:00,90
moscow,6,Khamovniki,2026-06-03 00:00:00,87
moscow,6,Khamovniki,2026-06-03 01:00:00,90
moscow,6,Khamovniki,2026-06-03 02:00:00,86
moscow,6,Khamovniki,2026-06-03 03:00:00,86
moscow,6,Khamovniki,2026-06-03 04:00:00,87
moscow,6,Khamovniki,2026-06-03 05:00:00,88
moscow,6,Khamovniki,2026-06-03 06:00:00,100
moscow,6,Khamovniki,2026-06-03 07:00:00,111
moscow,6,Khamovniki,2026-06-03 08:00:00,109
moscow,6,Khamovniki,2026-06-03 09:00:00,107
moscow,6,Khamovniki,2026-06-03 10:00:00,98
moscow,6,Khamovniki,2026-06-03 11:00:00,93
moscow,6,Khamovniki,2026-06-03 12:00:00,92
moscow,6,Khamovniki,2026-06-03 13:00:00,94
moscow,6,Khamovniki,2026-06-03 14:00:00,95
moscow,6,Khamovniki,2026-06-03 15:00:00,97
moscow,6,Khamovniki,2026-06-03 16:00:00,100
moscow,6,Khamovniki,2026-06-03 17:00:00,105
moscow,6,Khamovniki,2026-06-03 18:00:00,104
moscow,6,Khamovniki,2026-06-03 19:00:00,100
moscow,6,Khamovniki,2026-06-03 20:00:00,96
moscow,6,Khamovniki,2026-06-03 21:00:00,94
moscow,6,Khamovniki,2026-06-03 22:00:00,90
moscow,6,Khamovniki,2026-06-03 23:00:00,84
moscow,6,Khamovniki,2026-06-04 00:00:00,87
moscow,6,Khamovniki,2026-06-04 01:00:00,87
moscow,6,Khamovniki,2026-06-04 02:00:00,84
moscow,6,Khamovniki,2026-06-04 03:00:00,87
moscow,6,Khamovniki,2026-06-04 04:00:00,89
moscow,6,Khamovniki,2026-06-04 05:00:00,93
moscow,6,Khamovniki,2026-06-04 06:00:00,103
moscow,6,Khamovniki,2026-06-04 07:00:00,101
moscow,6,Khamovniki,2026-06-04 08:00:00,103
moscow,6,Khamovniki,2026-06-04 09:00:00,106
moscow,6,Khamovniki,2026-06-04 10:00:00,101
moscow,6,Khamovniki,2026-06-04 11:00:00,96
moscow,6,Khamovniki,2026-06-04 12:00:00,89
moscow,6,Khamovniki,2026-06-04 13:00:00,87
moscow,6,Khamovniki,2026-06-04 14:00:00,92
moscow,6,Khamovniki,2026-06-04 15:00:00,94
moscow,6,Khamovniki,2026-06-04 16:00:00,105
moscow,6,Khamovniki,2026-06-04 17:00:00,104
moscow,6,Khamovniki,2026-06-04 18:00:00,107
moscow,6,Khamovniki,2026-06-04 19:00:00,112
moscow,6,Khamovniki,2026-06-04 20:00:00,100
moscow,6,Khamovniki,2026-06-04 21:00:00,97
moscow,6,Khamovniki,2026-06-04 22:00:00,93
moscow,6,Khamovniki,2026-06-04 23:00:00,91
moscow,6,Khamovniki,2026-06-05 00:00:00,89
moscow,6,Khamovniki,2026-06-05 01:00:00,89
moscow,6,Khamovniki,2026-06-05 02:00:00,89
moscow,6,Khamovniki,2026-06-05 03:00:00,88
moscow,6,Khamovniki,2026-06-05 04:00:00,92
moscow,6,Khamovniki,2026-06-05 05:00:00,101
moscow,6,Khamovniki,2026-06-05 06:00:00,105
moscow,6,Khamovniki,2026-06-05 07:00:00,108
moscow,6,Khamovniki,2026-06-05 08:00:00,112
moscow,6,Khamovniki,2026-06-05 09:00:00,105
moscow,6,Khamovniki,2026-06-05 10:00:00,101
moscow,6,Khamovniki,2026-06-05 11:00:00,98
moscow,6,Khamovniki,2026-06-05 12:00:00,96
moscow,6,Khamovniki,2026-06-05 13:00:00,89
moscow,6,Khamovniki,2026-06-05 14:00:00,91
moscow,6,Khamovniki,2026-06-05 15:00:00,102
moscow,6,Khamovniki,2026-06-05 16:00:00,102
moscow,6,Khamovniki,2026-06-05 17:00:00,111
moscow,6,Khamovniki,2026-06-05 18:00:00,109
moscow,6,Khamovniki,2026-06-05 19:00:00,107
moscow,6,Khamovniki,2026-06-05 20:00:00,101
moscow,6,Khamovniki,2026-06-05 21:00:00,99
moscow,6,Khamovniki,2026-06-05 22:00:00,96
moscow,6,Khamovniki,2026-06-05 23:00:00,87
moscow,6,Khamovniki,2026-06-06 00:00:00,82
moscow,6,Khamovniki,2026-06-06 01:00:00,86
moscow,6,Khamovniki,2026-06-06 02:00:00,83
moscow,6,Khamovniki,2026-06-06 03:00:00,83
moscow,6,Khamovniki,2026-06-06 04:00:00,88
moscow,6,Khamovniki,2026-06-06 05:00:00,92
moscow,6,Khamovniki,2026-06-06 06:00:00,92
moscow,6,Khamovniki,2026-06-06 07:00:00,99
moscow,6,Khamovniki,2026-06-06 08:00:00,97
moscow,6,Khamovniki,2026-06-06 09:00:00,96
moscow,6,Khamovniki,2026-06-06 10:00:00,94
moscow,6,Khamovniki,2026-06-06 11:00:00,89
moscow,6,Khamovniki,2026-06-06 12:00:00,83
moscow,6,Khamovniki,2026-06-06 13:00:00,83
moscow,6,Khamovniki,2026-06-06 14:00:00,84
moscow,6,Khamovniki,2026-06-06 15:00:00,91
moscow,6,Khamovniki,2026-06-06 16:00:00,88
moscow,6,Khamovniki,2026-06-06 17:00:00,95
moscow,6,Khamovniki,2026-06-06 18:00:00,94
moscow,6,Khamovniki,2026-06-06 19:00:00,98
moscow,6,Khamovniki,2026-06-06 20:00:00,101
moscow,6,Khamovniki,2026-06-06 21:00:00,101
moscow,6,Khamovniki,2026-06-06 22:00:00,101
moscow,6,Khamovniki,2026-06-06 23:00:00,98
moscow,6,Khamovniki,2026-06-07 00:00:00,79
moscow,6,Khamovniki,2026-06-07 01:00:00,85
moscow,6,Khamovniki,2026-06-07 02:00:00,82
moscow,6,Khamovniki,2026-06-07 03:00:00,82
moscow,6,Khamovniki,2026-06-07 04:00:00,86
moscow,6,Khamovniki,2026-06-07 05:00:00,93
moscow,6,Khamovniki,2026-06-07 06:00:00,96
moscow,6,Khamovniki,2026-06-07 07:00:00,97
moscow,6,Khamovniki,2026-06-07 08:00:00,103
moscow,6,Khamovniki,2026-06-07 09:00:00,93
moscow,6,Khamovniki,2026-06-07 10:00:00,93
moscow,6,Khamovniki,2026-06-07 11:00:00,88
moscow,6,Khamovniki,2026-06-07 12:00:00,87
moscow,6,Khamovniki,2026-06-07 13:00:00,86
moscow,6,Khamovniki,2026-06-07 14:00:00,87
moscow,6,Khamovniki,2026-06-07 15:00:00,90
moscow,6,Khamovniki,2026-06-07 16:00:00,95
moscow,6,Khamovniki,2026-06-07 17:00:00,100
moscow,6,Khamovniki,2026-06-07 18:00:00,100
moscow,6,Khamovniki,2026-06-07 19:00:00,98
moscow,6,Khamovniki,2026-06-07 20:00:00,108
moscow,6,Khamovniki,2026-06-07 21:00:00,104
moscow,6,Khamovniki,2026-06-07 22:00:00,96
moscow,6,Khamovniki,2026-06-07 23:00:00,95
moscow,6,Khamovniki,2026-06-08 00:00:00,95
moscow,6,Khamovniki,2026-06-08 01:00:00,89
moscow,6,Khamovniki,2026-06-08 02:00:00,97
moscow,6,Khamovniki,2026-06-08 03:00:00,89
moscow,6,Khamovniki,2026-06-08 04:00:00,93
moscow,6,Khamovniki,2026-06-08 05:00:00,96
moscow,6,Khamovniki,2026-06-08 06:00:00,110
moscow,6,Khamovniki,2026-06-08 07:00:00,109
moscow,6,Khamovniki,2026-06-08 08:00:00,112
moscow,6,Khamovniki,2026-06-08 09:00:00,109
moscow,6,Khamovniki,2026-06-08 10:00:00,105
moscow,6,Khamovniki,2026-06-08 11:00:00,98
moscow,6,Khamovniki,2026-06-08 12:00:00,95
moscow,6,Khamovniki,2026-06-08 13:00:00,84
moscow,6,Khamovniki,2026-06-08 14:00:00,96
moscow,6,Khamovniki,2026-06-08 15:00:00,100
moscow,6,Khamovniki,2026-06-08 16:00:00,107
moscow,6,Khamovniki,2026-06-08 17:00:00,113
moscow,6,Khamovniki,2026-06-08 18:00:00,110
moscow,6,Khamovniki,2026-06-08 19:00:00,111
moscow,6,Khamovniki,2026-06-08 20:00:00,102
moscow,6,Khamovniki,2026-06-08 21:00:00,101
moscow,6,Khamovniki,2026-06-08 22:00:00,94
moscow,6,Khamovniki,2026-06-08 23:00:00,90
moscow,6,Khamovniki,2026-06-09 00:00:00,92
moscow,6,Khamovniki,2026-06-09 01:00:00,96
moscow,6,Khamovniki,2026-06-09 02:00:00,93
moscow,6,Khamovniki,2026-06-09 03:00:00,97
moscow,6,Khamovniki,2026-06-09 04:00:00,93
moscow,6,Khamovniki,2026-06-09 05:00:00,102
moscow,6,Khamovniki,2026-06-09 06:00:00,104
moscow,6,Khamovniki,2026-06-09 07:00:00,112
moscow,6,Khamovniki,2026-06-09 08:00:00,115
moscow,6,Khamovniki,2026-06-09 09:00:00,113
moscow,6,Khamovniki,2026-06-09 10:00:00,106
moscow,6,Khamovniki,2026-06-09 11:00:00,98
moscow,6,Khamovniki,2026-06-09 12:00:00,98
moscow,6,Khamovniki,2026-06-09 13:00:00,100
moscow,6,Khamovniki,2026-06-09 14:00:00,95
moscow,6,Khamovniki,2026-06-09 15:00:00,95
moscow,6,Khamovniki,2026-06-09 16:00:00,107
moscow,6,Khamovniki,2026-06-09 17:00:00,109
moscow,7,VDNH,2026-04-10 18:00:00,36
moscow,7,VDNH,2026-04-10 19:00:00,36
moscow,7,VDNH,2026-04-10 20:00:00,30
moscow,7,VDNH,2026-04-10 21:00:00,27
moscow,7,VDNH,2026-04-10 22:00:00,25
moscow,7,VDNH,2026-04-10 23:00:00,26
moscow,7,VDNH,2026-04-11 00:00:00,18
moscow,7,VDNH,2026-04-11 01:00:00,16
moscow,7,VDNH,2026-04-11 02:00:00,16
moscow,7,VDNH,2026-04-11 03:00:00,19
moscow,7,VDNH,2026-04-11 04:00:00,18
moscow,7,VDNH,2026-04-11 05:00:00,19
moscow,7,VDNH,2026-04-11 06:00:00,27
moscow,7,VDNH,2026-04-11 07:00:00,30
moscow,7,VDNH,2026-04-11 08:00:00,30
moscow,7,VDNH,2026-04-11 09:00:00,30
moscow,7,VDNH,2026-04-11 10:00:00,26
moscow,7,VDNH,2026-04-11 11:00:00,24
moscow,7,VDNH,2026-04-11 12:00:00,22
moscow,7,VDNH,2026-04-11 13:00:00,15
moscow,7,VDNH,2026-04-11 14:00:00,20
moscow,7,VDNH,2026-04-11 15:00:00,24
moscow,7,VDNH,2026-04-11 16:00:00,25
moscow,7,VDNH,2026-04-11 17:00:00,28
moscow,7,VDNH,2026-04-11 18:00:00,31
moscow,7,VDNH,2026-04-11 19:00:00,29
moscow,7,VDNH,2026-04-11 20:00:00,38
moscow,7,VDNH,2026-04-11 21:00:00,33
moscow,7,VDNH,2026-04-11 22:00:00,27
moscow,7,VDNH,2026-04-11 23:00:00,25
moscow,7,VDNH,2026-04-12 00:00:00,13
moscow,7,VDNH,2026-04-12 01:00:00,18
moscow,7,VDNH,2026-04-12 02:00:00,17
moscow,7,VDNH,2026-04-12 03:00:00,20
moscow,7,VDNH,2026-04-12 04:00:00,21
moscow,7,VDNH,2026-04-12 05:00:00,24
moscow,7,VDNH,2026-04-12 06:00:00,29
moscow,7,VDNH,2026-04-12 07:00:00,30
moscow,7,VDNH,2026-04-12 08:00:00,36
moscow,7,VDNH,2026-04-12 09:00:00,30
moscow,7,VDNH,2026-04-12 10:00:00,24
moscow,7,VDNH,2026-04-12 11:00:00,22
moscow,7,VDNH,2026-04-12 12:00:00,20
moscow,7,VDNH,2026-04-12 13:00:00,22
moscow,7,VDNH,2026-04-12 14:00:00,20
moscow,7,VDNH,2026-04-12 15:00:00,23
moscow,7,VDNH,2026-04-12 16:00:00,26
moscow,7,VDNH,2026-04-12 17:00:00,28
moscow,7,VDNH,2026-04-12 18:00:00,32
moscow,7,VDNH,2026-04-12 19:00:00,30
moscow,7,VDNH,2026-04-12 20:00:00,38
moscow,7,VDNH,2026-04-12 21:00:00,31
moscow,7,VDNH,2026-04-12 22:00:00,31
moscow,7,VDNH,2026-04-12 23:00:00,24
moscow,7,VDNH,2026-04-13 00:00:00,21
moscow,7,VDNH,2026-04-13 01:00:00,22
moscow,7,VDNH,2026-04-13 02:00:00,24
moscow,7,VDNH,2026-04-13 03:00:00,27
moscow,7,VDNH,2026-04-13 04:00:00,25
moscow,7,VDNH,2026-04-13 05:00:00,28
moscow,7,VDNH,2026-04-13 06:00:00,33
moscow,7,VDNH,2026-04-13 07:00:00,39
moscow,7,VDNH,2026-04-13 08:00:00,38
moscow,7,VDNH,2026-04-13 09:00:00,37
moscow,7,VDNH,2026-04-13 10:00:00,31
moscow,7,VDNH,2026-04-13 11:00:00,28
moscow,7,VDNH,2026-04-13 12:00:00,29
moscow,7,VDNH,2026-04-13 13:00:00,26
moscow,7,VDNH,2026-04-13 14:00:00,26
moscow,7,VDNH,2026-04-13 15:00:00,32
moscow,7,VDNH,2026-04-13 16:00:00,32
moscow,7,VDNH,2026-04-13 17:00:00,40
moscow,7,VDNH,2026-04-13 18:00:00,41
moscow,7,VDNH,2026-04-13 19:00:00,37
moscow,7,VDNH,2026-04-13 20:00:00,30
moscow,7,VDNH,2026-04-13 21:00:00,34
moscow,7,VDNH,2026-04-13 22:00:00,28
moscow,7,VDNH,2026-04-13 23:00:00,25
moscow,7,VDNH,2026-04-14 00:00:00,27
moscow,7,VDNH,2026-04-14 01:00:00,26
moscow,7,VDNH,2026-04-14 02:00:00,28
moscow,7,VDNH,2026-04-14 03:00:00,24
moscow,7,VDNH,2026-04-14 04:00:00,28
moscow,7,VDNH,2026-04-14 05:00:00,28
moscow,7,VDNH,2026-04-14 06:00:00,35
moscow,7,VDNH,2026-04-14 07:00:00,38
moscow,7,VDNH,2026-04-14 08:00:00,41
moscow,7,VDNH,2026-04-14 09:00:00,38
moscow,7,VDNH,2026-04-14 10:00:00,34
moscow,7,VDNH,2026-04-14 11:00:00,28
moscow,7,VDNH,2026-04-14 12:00:00,29
moscow,7,VDNH,2026-04-14 13:00:00,30
moscow,7,VDNH,2026-04-14 14:00:00,27
moscow,7,VDNH,2026-04-14 15:00:00,32
moscow,7,VDNH,2026-04-14 16:00:00,35
moscow,7,VDNH,2026-04-14 17:00:00,37
moscow,7,VDNH,2026-04-14 18:00:00,36
moscow,7,VDNH,2026-04-14 19:00:00,35
moscow,7,VDNH,2026-04-14 20:00:00,33
moscow,7,VDNH,2026-04-14 21:00:00,26
moscow,7,VDNH,2026-04-14 22:00:00,31
moscow,7,VDNH,2026-04-14 23:00:00,27
moscow,7,VDNH,2026-04-15 00:00:00,26
moscow,7,VDNH,2026-04-15 01:00:00,21
moscow,7,VDNH,2026-04-15 02:00:00,22
moscow,7,VDNH,2026-04-15 03:00:00,26
moscow,7,VDNH,2026-04-15 04:00:00,32
moscow,7,VDNH,2026-04-15 05:00:00,29
moscow,7,VDNH,2026-04-15 06:00:00,37
moscow,7,VDNH,2026-04-15 07:00:00,38
moscow,7,VDNH,2026-04-15 08:00:00,41
moscow,7,VDNH,2026-04-15 09:00:00,42
moscow,7,VDNH,2026-04-15 10:00:00,34
moscow,7,VDNH,2026-04-15 11:00:00,29
moscow,7,VDNH,2026-04-15 12:00:00,31
moscow,7,VDNH,2026-04-15 13:00:00,28
moscow,7,VDNH,2026-04-15 14:00:00,31
moscow,7,VDNH,2026-04-15 15:00:00,30
moscow,7,VDNH,2026-04-15 16:00:00,38
moscow,7,VDNH,2026-04-15 17:00:00,39
moscow,7,VDNH,2026-04-15 18:00:00,40
moscow,7,VDNH,2026-04-15 19:00:00,38
moscow,7,VDNH,2026-04-15 20:00:00,34
moscow,7,VDNH,2026-04-15 21:00:00,31
moscow,7,VDNH,2026-04-15 22:00:00,28
moscow,7,VDNH,2026-04-15 23:00:00,29
moscow,7,VDNH,2026-04-16 00:00:00,26
moscow,7,VDNH,2026-04-16 01:00:00,23
moscow,7,VDNH,2026-04-16 02:00:00,23
moscow,7,VDNH,2026-04-16 03:00:00,24
moscow,7,VDNH,2026-04-16 04:00:00,30
moscow,7,VDNH,2026-04-16 05:00:00,29
moscow,7,VDNH,2026-04-16 06:00:00,36
moscow,7,VDNH,2026-04-16 07:00:00,40
moscow,7,VDNH,2026-04-16 08:00:00,41
moscow,7,VDNH,2026-04-16 09:00:00,41
moscow,7,VDNH,2026-04-16 10:00:00,36
moscow,7,VDNH,2026-04-16 11:00:00,26
moscow,7,VDNH,2026-04-16 12:00:00,28
moscow,7,VDNH,2026-04-16 13:00:00,29
moscow,7,VDNH,2026-04-16 14:00:00,33
moscow,7,VDNH,2026-04-16 15:00:00,35
moscow,7,VDNH,2026-04-16 16:00:00,33
moscow,7,VDNH,2026-04-16 17:00:00,38
moscow,7,VDNH,2026-04-16 18:00:00,37
moscow,7,VDNH,2026-04-16 19:00:00,42
moscow,7,VDNH,2026-04-16 20:00:00,38
moscow,7,VDNH,2026-04-16 21:00:00,33
moscow,7,VDNH,2026-04-16 22:00:00,30
moscow,7,VDNH,2026-04-16 23:00:00,30
moscow,7,VDNH,2026-04-17 00:00:00,30
moscow,7,VDNH,2026-04-17 01:00:00,29
moscow,7,VDNH,2026-04-17 02:00:00,28
moscow,7,VDNH,2026-04-17 03:00:00,27
moscow,7,VDNH,2026-04-17 04:00:00,31
moscow,7,VDNH,2026-04-17 05:00:00,34
moscow,7,VDNH,2026-04-17 06:00:00,36
moscow,7,VDNH,2026-04-17 07:00:00,40
moscow,7,VDNH,2026-04-17 08:00:00,45
moscow,7,VDNH,2026-04-17 09:00:00,44
moscow,7,VDNH,2026-04-17 10:00:00,35
moscow,7,VDNH,2026-04-17 11:00:00,32
moscow,7,VDNH,2026-04-17 12:00:00,30
moscow,7,VDNH,2026-04-17 13:00:00,30
moscow,7,VDNH,2026-04-17 14:00:00,29
moscow,7,VDNH,2026-04-17 15:00:00,37
moscow,7,VDNH,2026-04-17 16:00:00,37
moscow,7,VDNH,2026-04-17 17:00:00,41
moscow,7,VDNH,2026-04-17 18:00:00,44
moscow,7,VDNH,2026-04-17 19:00:00,39
moscow,7,VDNH,2026-04-17 20:00:00,36
moscow,7,VDNH,2026-04-17 21:00:00,30
moscow,7,VDNH,2026-04-17 22:00:00,30
moscow,7,VDNH,2026-04-17 23:00:00,25
moscow,7,VDNH,2026-04-18 00:00:00,25
moscow,7,VDNH,2026-04-18 01:00:00,24
moscow,7,VDNH,2026-04-18 02:00:00,23
moscow,7,VDNH,2026-04-18 03:00:00,24
moscow,7,VDNH,2026-04-18 04:00:00,27
moscow,7,VDNH,2026-04-18 05:00:00,25
moscow,7,VDNH,2026-04-18 06:00:00,31
moscow,7,VDNH,2026-04-18 07:00:00,36
moscow,7,VDNH,2026-04-18 08:00:00,32
moscow,7,VDNH,2026-04-18 09:00:00,36
moscow,7,VDNH,2026-04-18 10:00:00,27
moscow,7,VDNH,2026-04-18 11:00:00,27
moscow,7,VDNH,2026-04-18 12:00:00,23
moscow,7,VDNH,2026-04-18 13:00:00,28
moscow,7,VDNH,2026-04-18 14:00:00,23
moscow,7,VDNH,2026-04-18 15:00:00,25
moscow,7,VDNH,2026-04-18 16:00:00,31
moscow,7,VDNH,2026-04-18 17:00:00,33
moscow,7,VDNH,2026-04-18 18:00:00,31
moscow,7,VDNH,2026-04-18 19:00:00,34
moscow,7,VDNH,2026-04-18 20:00:00,36
moscow,7,VDNH,2026-04-18 21:00:00,34
moscow,7,VDNH,2026-04-18 22:00:00,31
moscow,7,VDNH,2026-04-18 23:00:00,32
moscow,7,VDNH,2026-04-19 00:00:00,27
moscow,7,VDNH,2026-04-19 01:00:00,26
moscow,7,VDNH,2026-04-19 02:00:00,24
moscow,7,VDNH,2026-04-19 03:00:00,20
moscow,7,VDNH,2026-04-19 04:00:00,27
moscow,7,VDNH,2026-04-19 05:00:00,31
moscow,7,VDNH,2026-04-19 06:00:00,34
moscow,7,VDNH,2026-04-19 07:00:00,36
moscow,7,VDNH,2026-04-19 08:00:00,34
moscow,7,VDNH,2026-04-19 09:00:00,34
moscow,7,VDNH,2026-04-19 10:00:00,35
moscow,7,VDNH,2026-04-19 11:00:00,25
moscow,7,VDNH,2026-04-19 12:00:00,24
moscow,7,VDNH,2026-04-19 13:00:00,27
moscow,7,VDNH,2026-04-19 14:00:00,26
moscow,7,VDNH,2026-04-19 15:00:00,26
moscow,7,VDNH,2026-04-19 16:00:00,35
moscow,7,VDNH,2026-04-19 17:00:00,35
moscow,7,VDNH,2026-04-19 18:00:00,34
moscow,7,VDNH,2026-04-19 19:00:00,32
moscow,7,VDNH,2026-04-19 20:00:00,44
moscow,7,VDNH,2026-04-19 21:00:00,36
moscow,7,VDNH,2026-04-19 22:00:00,36
moscow,7,VDNH,2026-04-19 23:00:00,33
moscow,7,VDNH,2026-04-20 00:00:00,28
moscow,7,VDNH,2026-04-20 01:00:00,28
moscow,7,VDNH,2026-04-20 02:00:00,32
moscow,7,VDNH,2026-04-20 03:00:00,33
moscow,7,VDNH,2026-04-20 04:00:00,28
moscow,7,VDNH,2026-04-20 05:00:00,35
moscow,7,VDNH,2026-04-20 06:00:00,38
moscow,7,VDNH,2026-04-20 07:00:00,41
moscow,7,VDNH,2026-04-20 08:00:00,45
moscow,7,VDNH,2026-04-20 09:00:00,40
moscow,7,VDNH,2026-04-20 10:00:00,38
moscow,7,VDNH,2026-04-20 11:00:00,33
moscow,7,VDNH,2026-04-20 12:00:00,31
moscow,7,VDNH,2026-04-20 13:00:00,31
moscow,7,VDNH,2026-04-20 14:00:00,30
moscow,7,VDNH,2026-04-20 15:00:00,38
moscow,7,VDNH,2026-04-20 16:00:00,40
moscow,7,VDNH,2026-04-20 17:00:00,45
moscow,7,VDNH,2026-04-20 18:00:00,43
moscow,7,VDNH,2026-04-20 19:00:00,41
moscow,7,VDNH,2026-04-20 20:00:00,42
moscow,7,VDNH,2026-04-20 21:00:00,34
moscow,7,VDNH,2026-04-20 22:00:00,32
moscow,7,VDNH,2026-04-20 23:00:00,32
moscow,7,VDNH,2026-04-21 00:00:00,28
moscow,7,VDNH,2026-04-21 01:00:00,31
moscow,7,VDNH,2026-04-21 02:00:00,31
moscow,7,VDNH,2026-04-21 03:00:00,33
moscow,7,VDNH,2026-04-21 04:00:00,34
moscow,7,VDNH,2026-04-21 05:00:00,38
moscow,7,VDNH,2026-04-21 06:00:00,39
moscow,7,VDNH,2026-04-21 07:00:00,42
moscow,7,VDNH,2026-04-21 08:00:00,49
moscow,7,VDNH,2026-04-21 09:00:00,40
moscow,7,VDNH,2026-04-21 10:00:00,36
moscow,7,VDNH,2026-04-21 11:00:00,36
moscow,7,VDNH,2026-04-21 12:00:00,36
moscow,7,VDNH,2026-04-21 13:00:00,32
moscow,7,VDNH,2026-04-21 14:00:00,35
moscow,7,VDNH,2026-04-21 15:00:00,32
moscow,7,VDNH,2026-04-21 16:00:00,38
moscow,7,VDNH,2026-04-21 17:00:00,39
moscow,7,VDNH,2026-04-21 18:00:00,45
moscow,7,VDNH,2026-04-21 19:00:00,39
moscow,7,VDNH,2026-04-21 20:00:00,37
moscow,7,VDNH,2026-04-21 21:00:00,37
moscow,7,VDNH,2026-04-21 22:00:00,35
moscow,7,VDNH,2026-04-21 23:00:00,31
moscow,7,VDNH,2026-04-22 00:00:00,32
moscow,7,VDNH,2026-04-22 01:00:00,32
moscow,7,VDNH,2026-04-22 02:00:00,30
moscow,7,VDNH,2026-04-22 03:00:00,29
moscow,7,VDNH,2026-04-22 04:00:00,34
moscow,7,VDNH,2026-04-22 05:00:00,37
moscow,7,VDNH,2026-04-22 06:00:00,42
moscow,7,VDNH,2026-04-22 07:00:00,45
moscow,7,VDNH,2026-04-22 08:00:00,44
moscow,7,VDNH,2026-04-22 09:00:00,46
moscow,7,VDNH,2026-04-22 10:00:00,40
moscow,7,VDNH,2026-04-22 11:00:00,35
moscow,7,VDNH,2026-04-22 12:00:00,33
moscow,7,VDNH,2026-04-22 13:00:00,31
moscow,7,VDNH,2026-04-22 14:00:00,35
moscow,7,VDNH,2026-04-22 15:00:00,34
moscow,7,VDNH,2026-04-22 16:00:00,38
moscow,7,VDNH,2026-04-22 17:00:00,43
moscow,7,VDNH,2026-04-22 18:00:00,48
moscow,7,VDNH,2026-04-22 19:00:00,45
moscow,7,VDNH,2026-04-22 20:00:00,37
moscow,7,VDNH,2026-04-22 21:00:00,39
moscow,7,VDNH,2026-04-22 22:00:00,36
moscow,7,VDNH,2026-04-22 23:00:00,30
moscow,7,VDNH,2026-04-23 00:00:00,26
moscow,7,VDNH,2026-04-23 01:00:00,31
moscow,7,VDNH,2026-04-23 02:00:00,34
moscow,7,VDNH,2026-04-23 03:00:00,35
moscow,7,VDNH,2026-04-23 04:00:00,32
moscow,7,VDNH,2026-04-23 05:00:00,40
moscow,7,VDNH,2026-04-23 06:00:00,36
moscow,7,VDNH,2026-04-23 07:00:00,44
moscow,7,VDNH,2026-04-23 08:00:00,46
moscow,7,VDNH,2026-04-23 09:00:00,47
moscow,7,VDNH,2026-04-23 10:00:00,43
moscow,7,VDNH,2026-04-23 11:00:00,38
moscow,7,VDNH,2026-04-23 12:00:00,31
moscow,7,VDNH,2026-04-23 13:00:00,35
moscow,7,VDNH,2026-04-23 14:00:00,35
moscow,7,VDNH,2026-04-23 15:00:00,34
moscow,7,VDNH,2026-04-23 16:00:00,37
moscow,7,VDNH,2026-04-23 17:00:00,46
moscow,7,VDNH,2026-04-23 18:00:00,45
moscow,7,VDNH,2026-04-23 19:00:00,41
moscow,7,VDNH,2026-04-23 20:00:00,40
moscow,7,VDNH,2026-04-23 21:00:00,38
moscow,7,VDNH,2026-04-23 22:00:00,34
moscow,7,VDNH,2026-04-23 23:00:00,29
moscow,7,VDNH,2026-04-24 00:00:00,36
moscow,7,VDNH,2026-04-24 01:00:00,34
moscow,7,VDNH,2026-04-24 02:00:00,32
moscow,7,VDNH,2026-04-24 03:00:00,32
moscow,7,VDNH,2026-04-24 04:00:00,35
moscow,7,VDNH,2026-04-24 05:00:00,35
moscow,7,VDNH,2026-04-24 06:00:00,42
moscow,7,VDNH,2026-04-24 07:00:00,43
moscow,7,VDNH,2026-04-24 08:00:00,47
moscow,7,VDNH,2026-04-24 09:00:00,43
moscow,7,VDNH,2026-04-24 10:00:00,39
moscow,7,VDNH,2026-04-24 11:00:00,40
moscow,7,VDNH,2026-04-24 12:00:00,35
moscow,7,VDNH,2026-04-24 13:00:00,34
moscow,7,VDNH,2026-04-24 14:00:00,31
moscow,7,VDNH,2026-04-24 15:00:00,37
moscow,7,VDNH,2026-04-24 16:00:00,42
moscow,7,VDNH,2026-04-24 17:00:00,45
moscow,7,VDNH,2026-04-24 18:00:00,42
moscow,7,VDNH,2026-04-24 19:00:00,45
moscow,7,VDNH,2026-04-24 20:00:00,42
moscow,7,VDNH,2026-04-24 21:00:00,40
moscow,7,VDNH,2026-04-24 22:00:00,34
moscow,7,VDNH,2026-04-24 23:00:00,29
moscow,7,VDNH,2026-04-25 00:00:00,26
moscow,7,VDNH,2026-04-25 01:00:00,26
moscow,7,VDNH,2026-04-25 02:00:00,30
moscow,7,VDNH,2026-04-25 03:00:00,24
moscow,7,VDNH,2026-04-25 04:00:00,29
moscow,7,VDNH,2026-04-25 05:00:00,35
moscow,7,VDNH,2026-04-25 06:00:00,36
moscow,7,VDNH,2026-04-25 07:00:00,41
moscow,7,VDNH,2026-04-25 08:00:00,37
moscow,7,VDNH,2026-04-25 09:00:00,36
moscow,7,VDNH,2026-04-25 10:00:00,39
moscow,7,VDNH,2026-04-25 11:00:00,33
moscow,7,VDNH,2026-04-25 12:00:00,31
moscow,7,VDNH,2026-04-25 13:00:00,28
moscow,7,VDNH,2026-04-25 14:00:00,31
moscow,7,VDNH,2026-04-25 15:00:00,31
moscow,7,VDNH,2026-04-25 16:00:00,38
moscow,7,VDNH,2026-04-25 17:00:00,44
moscow,7,VDNH,2026-04-25 18:00:00,40
moscow,7,VDNH,2026-04-25 19:00:00,37
moscow,7,VDNH,2026-04-25 20:00:00,40
moscow,7,VDNH,2026-04-25 21:00:00,37
moscow,7,VDNH,2026-04-25 22:00:00,41
moscow,7,VDNH,2026-04-25 23:00:00,34
moscow,7,VDNH,2026-04-26 00:00:00,28
moscow,7,VDNH,2026-04-26 01:00:00,31
moscow,7,VDNH,2026-04-26 02:00:00,32
moscow,7,VDNH,2026-04-26 03:00:00,29
moscow,7,VDNH,2026-04-26 04:00:00,30
moscow,7,VDNH,2026-04-26 05:00:00,33
moscow,7,VDNH,2026-04-26 06:00:00,35
moscow,7,VDNH,2026-04-26 07:00:00,39
moscow,7,VDNH,2026-04-26 08:00:00,42
moscow,7,VDNH,2026-04-26 09:00:00,40
moscow,7,VDNH,2026-04-26 10:00:00,41
moscow,7,VDNH,2026-04-26 11:00:00,34
moscow,7,VDNH,2026-04-26 12:00:00,33
moscow,7,VDNH,2026-04-26 13:00:00,28
moscow,7,VDNH,2026-04-26 14:00:00,33
moscow,7,VDNH,2026-04-26 15:00:00,32
moscow,7,VDNH,2026-04-26 16:00:00,37
moscow,7,VDNH,2026-04-26 17:00:00,41
moscow,7,VDNH,2026-04-26 18:00:00,40
moscow,7,VDNH,2026-04-26 19:00:00,44
moscow,7,VDNH,2026-04-26 20:00:00,48
moscow,7,VDNH,2026-04-26 21:00:00,44
moscow,7,VDNH,2026-04-26 22:00:00,40
moscow,7,VDNH,2026-04-26 23:00:00,40
moscow,7,VDNH,2026-04-27 00:00:00,31
moscow,7,VDNH,2026-04-27 01:00:00,37
moscow,7,VDNH,2026-04-27 02:00:00,33
moscow,7,VDNH,2026-04-27 03:00:00,34
moscow,7,VDNH,2026-04-27 04:00:00,37
moscow,7,VDNH,2026-04-27 05:00:00,42
moscow,7,VDNH,2026-04-27 06:00:00,41
moscow,7,VDNH,2026-04-27 07:00:00,47
moscow,7,VDNH,2026-04-27 08:00:00,50
moscow,7,VDNH,2026-04-27 09:00:00,47
moscow,7,VDNH,2026-04-27 10:00:00,45
moscow,7,VDNH,2026-04-27 11:00:00,46
moscow,7,VDNH,2026-04-27 12:00:00,38
moscow,7,VDNH,2026-04-27 13:00:00,35
moscow,7,VDNH,2026-04-27 14:00:00,35
moscow,7,VDNH,2026-04-27 15:00:00,39
moscow,7,VDNH,2026-04-27 16:00:00,42
moscow,7,VDNH,2026-04-27 17:00:00,48
moscow,7,VDNH,2026-04-27 18:00:00,49
moscow,7,VDNH,2026-04-27 19:00:00,46
moscow,7,VDNH,2026-04-27 20:00:00,48
moscow,7,VDNH,2026-04-27 21:00:00,38
moscow,7,VDNH,2026-04-27 22:00:00,37
moscow,7,VDNH,2026-04-27 23:00:00,37
moscow,7,VDNH,2026-04-28 00:00:00,37
moscow,7,VDNH,2026-04-28 01:00:00,38
moscow,7,VDNH,2026-04-28 02:00:00,36
moscow,7,VDNH,2026-04-28 03:00:00,38
moscow,7,VDNH,2026-04-28 04:00:00,36
moscow,7,VDNH,2026-04-28 05:00:00,42
moscow,7,VDNH,2026-04-28 06:00:00,46
moscow,7,VDNH,2026-04-28 07:00:00,51
moscow,7,VDNH,2026-04-28 08:00:00,47
moscow,7,VDNH,2026-04-28 09:00:00,47
moscow,7,VDNH,2026-04-28 10:00:00,46
moscow,7,VDNH,2026-04-28 11:00:00,35
moscow,7,VDNH,2026-04-28 12:00:00,38
moscow,7,VDNH,2026-04-28 13:00:00,39
moscow,7,VDNH,2026-04-28 14:00:00,37
moscow,7,VDNH,2026-04-28 15:00:00,40
moscow,7,VDNH,2026-04-28 16:00:00,42
moscow,7,VDNH,2026-04-28 17:00:00,46
moscow,7,VDNH,2026-04-28 18:00:00,48
moscow,7,VDNH,2026-04-28 19:00:00,46
moscow,7,VDNH,2026-04-28 20:00:00,43
moscow,7,VDNH,2026-04-28 21:00:00,40
moscow,7,VDNH,2026-04-28 22:00:00,37
moscow,7,VDNH,2026-04-28 23:00:00,40
moscow,7,VDNH,2026-04-29 00:00:00,35
moscow,7,VDNH,2026-04-29 01:00:00,36
moscow,7,VDNH,2026-04-29 02:00:00,35
moscow,7,VDNH,2026-04-29 03:00:00,35
moscow,7,VDNH,2026-04-29 04:00:00,34
moscow,7,VDNH,2026-04-29 05:00:00,38
moscow,7,VDNH,2026-04-29 06:00:00,43
moscow,7,VDNH,2026-04-29 07:00:00,50
moscow,7,VDNH,2026-04-29 08:00:00,53
moscow,7,VDNH,2026-04-29 09:00:00,46
moscow,7,VDNH,2026-04-29 10:00:00,44
moscow,7,VDNH,2026-04-29 11:00:00,38
moscow,7,VDNH,2026-04-29 12:00:00,38
moscow,7,VDNH,2026-04-29 13:00:00,40
moscow,7,VDNH,2026-04-29 14:00:00,38
moscow,7,VDNH,2026-04-29 15:00:00,41
moscow,7,VDNH,2026-04-29 16:00:00,48
moscow,7,VDNH,2026-04-29 17:00:00,49
moscow,7,VDNH,2026-04-29 18:00:00,48
moscow,7,VDNH,2026-04-29 19:00:00,49
moscow,7,VDNH,2026-04-29 20:00:00,43
moscow,7,VDNH,2026-04-29 21:00:00,42
moscow,7,VDNH,2026-04-29 22:00:00,40
moscow,7,VDNH,2026-04-29 23:00:00,34
moscow,7,VDNH,2026-04-30 00:00:00,37
moscow,7,VDNH,2026-04-30 01:00:00,36
moscow,7,VDNH,2026-04-30 02:00:00,38
moscow,7,VDNH,2026-04-30 03:00:00,39
moscow,7,VDNH,2026-04-30 04:00:00,39
moscow,7,VDNH,2026-04-30 05:00:00,41
moscow,7,VDNH,2026-04-30 06:00:00,48
moscow,7,VDNH,2026-04-30 07:00:00,48
moscow,7,VDNH,2026-04-30 08:00:00,49
moscow,7,VDNH,2026-04-30 09:00:00,43
moscow,7,VDNH,2026-04-30 10:00:00,46
moscow,7,VDNH,2026-04-30 11:00:00,40
moscow,7,VDNH,2026-04-30 12:00:00,40
moscow,7,VDNH,2026-04-30 13:00:00,34
moscow,7,VDNH,2026-04-30 14:00:00,38
moscow,7,VDNH,2026-04-30 15:00:00,43
moscow,7,VDNH,2026-04-30 16:00:00,44
moscow,7,VDNH,2026-04-30 17:00:00,50
moscow,7,VDNH,2026-04-30 18:00:00,49
moscow,7,VDNH,2026-04-30 19:00:00,49
moscow,7,VDNH,2026-04-30 20:00:00,47
moscow,7,VDNH,2026-04-30 21:00:00,44
moscow,7,VDNH,2026-04-30 22:00:00,39
moscow,7,VDNH,2026-04-30 23:00:00,36
moscow,7,VDNH,2026-05-01 00:00:00,36
moscow,7,VDNH,2026-05-01 01:00:00,39
moscow,7,VDNH,2026-05-01 02:00:00,35
moscow,7,VDNH,2026-05-01 03:00:00,38
moscow,7,VDNH,2026-05-01 04:00:00,38
moscow,7,VDNH,2026-05-01 05:00:00,42
moscow,7,VDNH,2026-05-01 06:00:00,44
moscow,7,VDNH,2026-05-01 07:00:00,47
moscow,7,VDNH,2026-05-01 08:00:00,53
moscow,7,VDNH,2026-05-01 09:00:00,53
moscow,7,VDNH,2026-05-01 10:00:00,43
moscow,7,VDNH,2026-05-01 11:00:00,43
moscow,7,VDNH,2026-05-01 12:00:00,42
moscow,7,VDNH,2026-05-01 13:00:00,40
moscow,7,VDNH,2026-05-01 14:00:00,39
moscow,7,VDNH,2026-05-01 15:00:00,41
moscow,7,VDNH,2026-05-01 16:00:00,47
moscow,7,VDNH,2026-05-01 17:00:00,50
moscow,7,VDNH,2026-05-01 18:00:00,51
moscow,7,VDNH,2026-05-01 19:00:00,49
moscow,7,VDNH,2026-05-01 20:00:00,44
moscow,7,VDNH,2026-05-01 21:00:00,44
moscow,7,VDNH,2026-05-01 22:00:00,41
moscow,7,VDNH,2026-05-01 23:00:00,39
moscow,7,VDNH,2026-05-02 00:00:00,34
moscow,7,VDNH,2026-05-02 01:00:00,37
moscow,7,VDNH,2026-05-02 02:00:00,32
moscow,7,VDNH,2026-05-02 03:00:00,37
moscow,7,VDNH,2026-05-02 04:00:00,34
moscow,7,VDNH,2026-05-02 05:00:00,40
moscow,7,VDNH,2026-05-02 06:00:00,43
moscow,7,VDNH,2026-05-02 07:00:00,44
moscow,7,VDNH,2026-05-02 08:00:00,49
moscow,7,VDNH,2026-05-02 09:00:00,45
moscow,7,VDNH,2026-05-02 10:00:00,39
moscow,7,VDNH,2026-05-02 11:00:00,37
moscow,7,VDNH,2026-05-02 12:00:00,38
moscow,7,VDNH,2026-05-02 13:00:00,37
moscow,7,VDNH,2026-05-02 14:00:00,34
moscow,7,VDNH,2026-05-02 15:00:00,38
moscow,7,VDNH,2026-05-02 16:00:00,41
moscow,7,VDNH,2026-05-02 17:00:00,42
moscow,7,VDNH,2026-05-02 18:00:00,49
moscow,7,VDNH,2026-05-02 19:00:00,44
moscow,7,VDNH,2026-05-02 20:00:00,50
moscow,7,VDNH,2026-05-02 21:00:00,48
moscow,7,VDNH,2026-05-02 22:00:00,42
moscow,7,VDNH,2026-05-02 23:00:00,43
moscow,7,VDNH,2026-05-03 00:00:00,31
moscow,7,VDNH,2026-05-03 01:00:00,33
moscow,7,VDNH,2026-05-03 02:00:00,36
moscow,7,VDNH,2026-05-03 03:00:00,38
moscow,7,VDNH,2026-05-03 04:00:00,34
moscow,7,VDNH,2026-05-03 05:00:00,36
moscow,7,VDNH,2026-05-03 06:00:00,43
moscow,7,VDNH,2026-05-03 07:00:00,44
moscow,7,VDNH,2026-05-03 08:00:00,46
moscow,7,VDNH,2026-05-03 09:00:00,47
moscow,7,VDNH,2026-05-03 10:00:00,41
moscow,7,VDNH,2026-05-03 11:00:00,34
moscow,7,VDNH,2026-05-03 12:00:00,34
moscow,7,VDNH,2026-05-03 13:00:00,36
moscow,7,VDNH,2026-05-03 14:00:00,33
moscow,7,VDNH,2026-05-03 15:00:00,38
moscow,7,VDNH,2026-05-03 16:00:00,39
moscow,7,VDNH,2026-05-03 17:00:00,47
moscow,7,VDNH,2026-05-03 18:00:00,50
moscow,7,VDNH,2026-05-03 19:00:00,42
moscow,7,VDNH,2026-05-03 20:00:00,51
moscow,7,VDNH,2026-05-03 21:00:00,45
moscow,7,VDNH,2026-05-03 22:00:00,43
moscow,7,VDNH,2026-05-03 23:00:00,45
moscow,7,VDNH,2026-05-04 00:00:00,38
moscow,7,VDNH,2026-05-04 01:00:00,39
moscow,7,VDNH,2026-05-04 02:00:00,38
moscow,7,VDNH,2026-05-04 03:00:00,42
moscow,7,VDNH,2026-05-04 04:00:00,35
moscow,7,VDNH,2026-05-04 05:00:00,43
moscow,7,VDNH,2026-05-04 06:00:00,48
moscow,7,VDNH,2026-05-04 07:00:00,51
moscow,7,VDNH,2026-05-04 08:00:00,56
moscow,7,VDNH,2026-05-04 09:00:00,55
moscow,7,VDNH,2026-05-04 10:00:00,46
moscow,7,VDNH,2026-05-04 11:00:00,49
moscow,7,VDNH,2026-05-04 12:00:00,39
moscow,7,VDNH,2026-05-04 13:00:00,44
moscow,7,VDNH,2026-05-04 14:00:00,43
moscow,7,VDNH,2026-05-04 15:00:00,44
moscow,7,VDNH,2026-05-04 16:00:00,48
moscow,7,VDNH,2026-05-04 17:00:00,52
moscow,7,VDNH,2026-05-04 18:00:00,54
moscow,7,VDNH,2026-05-04 19:00:00,50
moscow,7,VDNH,2026-05-04 20:00:00,48
moscow,7,VDNH,2026-05-04 21:00:00,43
moscow,7,VDNH,2026-05-04 22:00:00,40
moscow,7,VDNH,2026-05-04 23:00:00,39
moscow,7,VDNH,2026-05-05 00:00:00,38
moscow,7,VDNH,2026-05-05 01:00:00,39
moscow,7,VDNH,2026-05-05 02:00:00,41
moscow,7,VDNH,2026-05-05 03:00:00,41
moscow,7,VDNH,2026-05-05 04:00:00,46
moscow,7,VDNH,2026-05-05 05:00:00,41
moscow,7,VDNH,2026-05-05 06:00:00,50
moscow,7,VDNH,2026-05-05 07:00:00,53
moscow,7,VDNH,2026-05-05 08:00:00,57
moscow,7,VDNH,2026-05-05 09:00:00,55
moscow,7,VDNH,2026-05-05 10:00:00,49
moscow,7,VDNH,2026-05-05 11:00:00,45
moscow,7,VDNH,2026-05-05 12:00:00,41
moscow,7,VDNH,2026-05-05 13:00:00,43
moscow,7,VDNH,2026-05-05 14:00:00,39
moscow,7,VDNH,2026-05-05 15:00:00,47
moscow,7,VDNH,2026-05-05 16:00:00,49
moscow,7,VDNH,2026-05-05 17:00:00,52
moscow,7,VDNH,2026-05-05 18:00:00,53
moscow,7,VDNH,2026-05-05 19:00:00,52
moscow,7,VDNH,2026-05-05 20:00:00,52
moscow,7,VDNH,2026-05-05 21:00:00,52
moscow,7,VDNH,2026-05-05 22:00:00,45
moscow,7,VDNH,2026-05-05 23:00:00,40
moscow,7,VDNH,2026-05-06 00:00:00,42
moscow,7,VDNH,2026-05-06 01:00:00,42
moscow,7,VDNH,2026-05-06 02:00:00,39
moscow,7,VDNH,2026-05-06 03:00:00,39
moscow,7,VDNH,2026-05-06 04:00:00,43
moscow,7,VDNH,2026-05-06 05:00:00,47
moscow,7,VDNH,2026-05-06 06:00:00,47
moscow,7,VDNH,2026-05-06 07:00:00,53
moscow,7,VDNH,2026-05-06 08:00:00,57
moscow,7,VDNH,2026-05-06 09:00:00,54
moscow,7,VDNH,2026-05-06 10:00:00,53
moscow,7,VDNH,2026-05-06 11:00:00,43
moscow,7,VDNH,2026-05-06 12:00:00,48
moscow,7,VDNH,2026-05-06 13:00:00,40
moscow,7,VDNH,2026-05-06 14:00:00,40
moscow,7,VDNH,2026-05-06 15:00:00,46
moscow,7,VDNH,2026-05-06 16:00:00,48
moscow,7,VDNH,2026-05-06 17:00:00,53
moscow,7,VDNH,2026-05-06 18:00:00,54
moscow,7,VDNH,2026-05-06 19:00:00,53
moscow,7,VDNH,2026-05-06 20:00:00,48
moscow,7,VDNH,2026-05-06 21:00:00,47
moscow,7,VDNH,2026-05-06 22:00:00,43
moscow,7,VDNH,2026-05-06 23:00:00,44
moscow,7,VDNH,2026-05-07 00:00:00,41
moscow,7,VDNH,2026-05-07 01:00:00,40
moscow,7,VDNH,2026-05-07 02:00:00,38
moscow,7,VDNH,2026-05-07 03:00:00,42
moscow,7,VDNH,2026-05-07 04:00:00,41
moscow,7,VDNH,2026-05-07 05:00:00,44
moscow,7,VDNH,2026-05-07 06:00:00,52
moscow,7,VDNH,2026-05-07 07:00:00,51
moscow,7,VDNH,2026-05-07 08:00:00,60
moscow,7,VDNH,2026-05-07 09:00:00,55
moscow,7,VDNH,2026-05-07 10:00:00,51
moscow,7,VDNH,2026-05-07 11:00:00,44
moscow,7,VDNH,2026-05-07 12:00:00,45
moscow,7,VDNH,2026-05-07 13:00:00,43
moscow,7,VDNH,2026-05-07 14:00:00,43
moscow,7,VDNH,2026-05-07 15:00:00,48
moscow,7,VDNH,2026-05-07 16:00:00,47
moscow,7,VDNH,2026-05-07 17:00:00,51
moscow,7,VDNH,2026-05-07 18:00:00,53
moscow,7,VDNH,2026-05-07 19:00:00,55
moscow,7,VDNH,2026-05-07 20:00:00,51
moscow,7,VDNH,2026-05-07 21:00:00,49
moscow,7,VDNH,2026-05-07 22:00:00,42
moscow,7,VDNH,2026-05-07 23:00:00,44
moscow,7,VDNH,2026-05-08 00:00:00,42
moscow,7,VDNH,2026-05-08 01:00:00,40
moscow,7,VDNH,2026-05-08 02:00:00,43
moscow,7,VDNH,2026-05-08 03:00:00,43
moscow,7,VDNH,2026-05-08 04:00:00,43
moscow,7,VDNH,2026-05-08 05:00:00,47
moscow,7,VDNH,2026-05-08 06:00:00,51
moscow,7,VDNH,2026-05-08 07:00:00,55
moscow,7,VDNH,2026-05-08 08:00:00,57
moscow,7,VDNH,2026-05-08 09:00:00,53
moscow,7,VDNH,2026-05-08 10:00:00,52
moscow,7,VDNH,2026-05-08 11:00:00,46
moscow,7,VDNH,2026-05-08 12:00:00,43
moscow,7,VDNH,2026-05-08 13:00:00,44
moscow,7,VDNH,2026-05-08 14:00:00,47
moscow,7,VDNH,2026-05-08 15:00:00,48
moscow,7,VDNH,2026-05-08 16:00:00,50
moscow,7,VDNH,2026-05-08 17:00:00,54
moscow,7,VDNH,2026-05-08 18:00:00,57
moscow,7,VDNH,2026-05-08 19:00:00,50
moscow,7,VDNH,2026-05-08 20:00:00,53
moscow,7,VDNH,2026-05-08 21:00:00,44
moscow,7,VDNH,2026-05-08 22:00:00,42
moscow,7,VDNH,2026-05-08 23:00:00,42
moscow,7,VDNH,2026-05-09 00:00:00,43
moscow,7,VDNH,2026-05-09 01:00:00,42
moscow,7,VDNH,2026-05-09 02:00:00,40
moscow,7,VDNH,2026-05-09 03:00:00,40
moscow,7,VDNH,2026-05-09 04:00:00,36
moscow,7,VDNH,2026-05-09 05:00:00,43
moscow,7,VDNH,2026-05-09 06:00:00,45
moscow,7,VDNH,2026-05-09 07:00:00,48
moscow,7,VDNH,2026-05-09 08:00:00,51
moscow,7,VDNH,2026-05-09 09:00:00,48
moscow,7,VDNH,2026-05-09 10:00:00,48
moscow,7,VDNH,2026-05-09 11:00:00,39
moscow,7,VDNH,2026-05-09 12:00:00,41
moscow,7,VDNH,2026-05-09 13:00:00,38
moscow,7,VDNH,2026-05-09 14:00:00,40
moscow,7,VDNH,2026-05-09 15:00:00,44
moscow,7,VDNH,2026-05-09 16:00:00,44
moscow,7,VDNH,2026-05-09 17:00:00,49
moscow,7,VDNH,2026-05-09 18:00:00,49
moscow,7,VDNH,2026-05-09 19:00:00,47
moscow,7,VDNH,2026-05-09 20:00:00,54
moscow,7,VDNH,2026-05-09 21:00:00,50
moscow,7,VDNH,2026-05-09 22:00:00,46
moscow,7,VDNH,2026-05-09 23:00:00,46
moscow,7,VDNH,2026-05-10 00:00:00,39
moscow,7,VDNH,2026-05-10 01:00:00,38
moscow,7,VDNH,2026-05-10 02:00:00,43
moscow,7,VDNH,2026-05-10 03:00:00,41
moscow,7,VDNH,2026-05-10 04:00:00,40
moscow,7,VDNH,2026-05-10 05:00:00,43
moscow,7,VDNH,2026-05-10 06:00:00,45
moscow,7,VDNH,2026-05-10 07:00:00,49
moscow,7,VDNH,2026-05-10 08:00:00,51
moscow,7,VDNH,2026-05-10 09:00:00,47
moscow,7,VDNH,2026-05-10 10:00:00,47
moscow,7,VDNH,2026-05-10 11:00:00,42
moscow,7,VDNH,2026-05-10 12:00:00,40
moscow,7,VDNH,2026-05-10 13:00:00,40
moscow,7,VDNH,2026-05-10 14:00:00,48
moscow,7,VDNH,2026-05-10 15:00:00,42
moscow,7,VDNH,2026-05-10 16:00:00,43
moscow,7,VDNH,2026-05-10 17:00:00,46
moscow,7,VDNH,2026-05-10 18:00:00,52
moscow,7,VDNH,2026-05-10 19:00:00,52
moscow,7,VDNH,2026-05-10 20:00:00,54
moscow,7,VDNH,2026-05-10 21:00:00,54
moscow,7,VDNH,2026-05-10 22:00:00,50
moscow,7,VDNH,2026-05-10 23:00:00,46
moscow,7,VDNH,2026-05-11 00:00:00,44
moscow,7,VDNH,2026-05-11 01:00:00,45
moscow,7,VDNH,2026-05-11 02:00:00,46
moscow,7,VDNH,2026-05-11 03:00:00,46
moscow,7,VDNH,2026-05-11 04:00:00,45
moscow,7,VDNH,2026-05-11 05:00:00,49
moscow,7,VDNH,2026-05-11 06:00:00,58
moscow,7,VDNH,2026-05-11 07:00:00,58
moscow,7,VDNH,2026-05-11 08:00:00,61
moscow,7,VDNH,2026-05-11 09:00:00,59
moscow,7,VDNH,2026-05-11 10:00:00,54
moscow,7,VDNH,2026-05-11 11:00:00,50
moscow,7,VDNH,2026-05-11 12:00:00,49
moscow,7,VDNH,2026-05-11 13:00:00,48
moscow,7,VDNH,2026-05-11 14:00:00,48
moscow,7,VDNH,2026-05-11 15:00:00,49
moscow,7,VDNH,2026-05-11 16:00:00,54
moscow,7,VDNH,2026-05-11 17:00:00,57
moscow,7,VDNH,2026-05-11 18:00:00,58
moscow,7,VDNH,2026-05-11 19:00:00,62
moscow,7,VDNH,2026-05-11 20:00:00,51
moscow,7,VDNH,2026-05-11 21:00:00,52
moscow,7,VDNH,2026-05-11 22:00:00,45
moscow,7,VDNH,2026-05-11 23:00:00,46
moscow,7,VDNH,2026-05-12 00:00:00,50
moscow,7,VDNH,2026-05-12 01:00:00,43
moscow,7,VDNH,2026-05-12 02:00:00,44
moscow,7,VDNH,2026-05-12 03:00:00,46
moscow,7,VDNH,2026-05-12 04:00:00,45
moscow,7,VDNH,2026-05-12 05:00:00,52
moscow,7,VDNH,2026-05-12 06:00:00,53
moscow,7,VDNH,2026-05-12 07:00:00,60
moscow,7,VDNH,2026-05-12 08:00:00,58
moscow,7,VDNH,2026-05-12 09:00:00,55
moscow,7,VDNH,2026-05-12 10:00:00,54
moscow,7,VDNH,2026-05-12 11:00:00,47
moscow,7,VDNH,2026-05-12 12:00:00,51
moscow,7,VDNH,2026-05-12 13:00:00,44
moscow,7,VDNH,2026-05-12 14:00:00,46
moscow,7,VDNH,2026-05-12 15:00:00,52
moscow,7,VDNH,2026-05-12 16:00:00,53
moscow,7,VDNH,2026-05-12 17:00:00,55
moscow,7,VDNH,2026-05-12 18:00:00,63
moscow,7,VDNH,2026-05-12 19:00:00,56
moscow,7,VDNH,2026-05-12 20:00:00,54
moscow,7,VDNH,2026-05-12 21:00:00,50
moscow,7,VDNH,2026-05-12 22:00:00,49
moscow,7,VDNH,2026-05-12 23:00:00,47
moscow,7,VDNH,2026-05-13 00:00:00,44
moscow,7,VDNH,2026-05-13 01:00:00,45
moscow,7,VDNH,2026-05-13 02:00:00,46
moscow,7,VDNH,2026-05-13 03:00:00,48
moscow,7,VDNH,2026-05-13 04:00:00,46
moscow,7,VDNH,2026-05-13 05:00:00,55
moscow,7,VDNH,2026-05-13 06:00:00,54
moscow,7,VDNH,2026-05-13 07:00:00,59
moscow,7,VDNH,2026-05-13 08:00:00,59
moscow,7,VDNH,2026-05-13 09:00:00,57
moscow,7,VDNH,2026-05-13 10:00:00,53
moscow,7,VDNH,2026-05-13 11:00:00,49
moscow,7,VDNH,2026-05-13 12:00:00,47
moscow,7,VDNH,2026-05-13 13:00:00,46
moscow,7,VDNH,2026-05-13 14:00:00,50
moscow,7,VDNH,2026-05-13 15:00:00,50
moscow,7,VDNH,2026-05-13 16:00:00,53
moscow,7,VDNH,2026-05-13 17:00:00,58
moscow,7,VDNH,2026-05-13 18:00:00,62
moscow,7,VDNH,2026-05-13 19:00:00,59
moscow,7,VDNH,2026-05-13 20:00:00,55
moscow,7,VDNH,2026-05-13 21:00:00,49
moscow,7,VDNH,2026-05-13 22:00:00,46
moscow,7,VDNH,2026-05-13 23:00:00,44
moscow,7,VDNH,2026-05-14 00:00:00,49
moscow,7,VDNH,2026-05-14 01:00:00,48
moscow,7,VDNH,2026-05-14 02:00:00,45
moscow,7,VDNH,2026-05-14 03:00:00,46
moscow,7,VDNH,2026-05-14 04:00:00,47
moscow,7,VDNH,2026-05-14 05:00:00,50
moscow,7,VDNH,2026-05-14 06:00:00,57
moscow,7,VDNH,2026-05-14 07:00:00,59
moscow,7,VDNH,2026-05-14 08:00:00,66
moscow,7,VDNH,2026-05-14 09:00:00,62
moscow,7,VDNH,2026-05-14 10:00:00,58
moscow,7,VDNH,2026-05-14 11:00:00,53
moscow,7,VDNH,2026-05-14 12:00:00,48
moscow,7,VDNH,2026-05-14 13:00:00,50
moscow,7,VDNH,2026-05-14 14:00:00,49
moscow,7,VDNH,2026-05-14 15:00:00,55
moscow,7,VDNH,2026-05-14 16:00:00,57
moscow,7,VDNH,2026-05-14 17:00:00,60
moscow,7,VDNH,2026-05-14 18:00:00,61
moscow,7,VDNH,2026-05-14 19:00:00,63
moscow,7,VDNH,2026-05-14 20:00:00,53
moscow,7,VDNH,2026-05-14 21:00:00,56
moscow,7,VDNH,2026-05-14 22:00:00,49
moscow,7,VDNH,2026-05-14 23:00:00,45
moscow,7,VDNH,2026-05-15 00:00:00,46
moscow,7,VDNH,2026-05-15 01:00:00,44
moscow,7,VDNH,2026-05-15 02:00:00,49
moscow,7,VDNH,2026-05-15 03:00:00,46
moscow,7,VDNH,2026-05-15 04:00:00,50
moscow,7,VDNH,2026-05-15 05:00:00,54
moscow,7,VDNH,2026-05-15 06:00:00,55
moscow,7,VDNH,2026-05-15 07:00:00,60
moscow,7,VDNH,2026-05-15 08:00:00,60
moscow,7,VDNH,2026-05-15 09:00:00,60
moscow,7,VDNH,2026-05-15 10:00:00,62
moscow,7,VDNH,2026-05-15 11:00:00,54
moscow,7,VDNH,2026-05-15 12:00:00,49
moscow,7,VDNH,2026-05-15 13:00:00,48
moscow,7,VDNH,2026-05-15 14:00:00,50
moscow,7,VDNH,2026-05-15 15:00:00,53
moscow,7,VDNH,2026-05-15 16:00:00,56
moscow,7,VDNH,2026-05-15 17:00:00,61
moscow,7,VDNH,2026-05-15 18:00:00,59
moscow,7,VDNH,2026-05-15 19:00:00,58
moscow,7,VDNH,2026-05-15 20:00:00,57
moscow,7,VDNH,2026-05-15 21:00:00,51
moscow,7,VDNH,2026-05-15 22:00:00,52
moscow,7,VDNH,2026-05-15 23:00:00,48
moscow,7,VDNH,2026-05-16 00:00:00,40
moscow,7,VDNH,2026-05-16 01:00:00,44
moscow,7,VDNH,2026-05-16 02:00:00,40
moscow,7,VDNH,2026-05-16 03:00:00,46
moscow,7,VDNH,2026-05-16 04:00:00,45
moscow,7,VDNH,2026-05-16 05:00:00,51
moscow,7,VDNH,2026-05-16 06:00:00,53
moscow,7,VDNH,2026-05-16 07:00:00,52
moscow,7,VDNH,2026-05-16 08:00:00,52
moscow,7,VDNH,2026-05-16 09:00:00,53
moscow,7,VDNH,2026-05-16 10:00:00,49
moscow,7,VDNH,2026-05-16 11:00:00,51
moscow,7,VDNH,2026-05-16 12:00:00,46
moscow,7,VDNH,2026-05-16 13:00:00,47
moscow,7,VDNH,2026-05-16 14:00:00,45
moscow,7,VDNH,2026-05-16 15:00:00,48
moscow,7,VDNH,2026-05-16 16:00:00,51
moscow,7,VDNH,2026-05-16 17:00:00,56
moscow,7,VDNH,2026-05-16 18:00:00,55
moscow,7,VDNH,2026-05-16 19:00:00,51
moscow,7,VDNH,2026-05-16 20:00:00,63
moscow,7,VDNH,2026-05-16 21:00:00,55
moscow,7,VDNH,2026-05-16 22:00:00,52
moscow,7,VDNH,2026-05-16 23:00:00,45
moscow,7,VDNH,2026-05-17 00:00:00,46
moscow,7,VDNH,2026-05-17 01:00:00,45
moscow,7,VDNH,2026-05-17 02:00:00,45
moscow,7,VDNH,2026-05-17 03:00:00,44
moscow,7,VDNH,2026-05-17 04:00:00,45
moscow,7,VDNH,2026-05-17 05:00:00,48
moscow,7,VDNH,2026-05-17 06:00:00,53
moscow,7,VDNH,2026-05-17 07:00:00,56
moscow,7,VDNH,2026-05-17 08:00:00,56
moscow,7,VDNH,2026-05-17 09:00:00,57
moscow,7,VDNH,2026-05-17 10:00:00,52
moscow,7,VDNH,2026-05-17 11:00:00,47
moscow,7,VDNH,2026-05-17 12:00:00,47
moscow,7,VDNH,2026-05-17 13:00:00,43
moscow,7,VDNH,2026-05-17 14:00:00,47
moscow,7,VDNH,2026-05-17 15:00:00,46
moscow,7,VDNH,2026-05-17 16:00:00,50
moscow,7,VDNH,2026-05-17 17:00:00,50
moscow,7,VDNH,2026-05-17 18:00:00,55
moscow,7,VDNH,2026-05-17 19:00:00,58
moscow,7,VDNH,2026-05-17 20:00:00,60
moscow,7,VDNH,2026-05-17 21:00:00,58
moscow,7,VDNH,2026-05-17 22:00:00,58
moscow,7,VDNH,2026-05-17 23:00:00,53
moscow,7,VDNH,2026-05-18 00:00:00,48
moscow,7,VDNH,2026-05-18 01:00:00,48
moscow,7,VDNH,2026-05-18 02:00:00,50
moscow,7,VDNH,2026-05-18 03:00:00,49
moscow,7,VDNH,2026-05-18 04:00:00,50
moscow,7,VDNH,2026-05-18 05:00:00,56
moscow,7,VDNH,2026-05-18 06:00:00,61
moscow,7,VDNH,2026-05-18 07:00:00,60
moscow,7,VDNH,2026-05-18 08:00:00,63
moscow,7,VDNH,2026-05-18 09:00:00,62
moscow,7,VDNH,2026-05-18 10:00:00,60
moscow,7,VDNH,2026-05-18 11:00:00,57
moscow,7,VDNH,2026-05-18 12:00:00,57
moscow,7,VDNH,2026-05-18 13:00:00,50
moscow,7,VDNH,2026-05-18 14:00:00,52
moscow,7,VDNH,2026-05-18 15:00:00,56
moscow,7,VDNH,2026-05-18 16:00:00,57
moscow,7,VDNH,2026-05-18 17:00:00,62
moscow,7,VDNH,2026-05-18 18:00:00,62
moscow,7,VDNH,2026-05-18 19:00:00,57
moscow,7,VDNH,2026-05-18 20:00:00,59
moscow,7,VDNH,2026-05-18 21:00:00,55
moscow,7,VDNH,2026-05-18 22:00:00,55
moscow,7,VDNH,2026-05-18 23:00:00,51
moscow,7,VDNH,2026-05-19 00:00:00,48
moscow,7,VDNH,2026-05-19 01:00:00,50
moscow,7,VDNH,2026-05-19 02:00:00,46
moscow,7,VDNH,2026-05-19 03:00:00,48
moscow,7,VDNH,2026-05-19 04:00:00,53
moscow,7,VDNH,2026-05-19 05:00:00,55
moscow,7,VDNH,2026-05-19 06:00:00,61
moscow,7,VDNH,2026-05-19 07:00:00,60
moscow,7,VDNH,2026-05-19 08:00:00,65
moscow,7,VDNH,2026-05-19 09:00:00,63
moscow,7,VDNH,2026-05-19 10:00:00,61
moscow,7,VDNH,2026-05-19 11:00:00,57
moscow,7,VDNH,2026-05-19 12:00:00,54
moscow,7,VDNH,2026-05-19 13:00:00,55
moscow,7,VDNH,2026-05-19 14:00:00,52
moscow,7,VDNH,2026-05-19 15:00:00,58
moscow,7,VDNH,2026-05-19 16:00:00,57
moscow,7,VDNH,2026-05-19 17:00:00,60
moscow,7,VDNH,2026-05-19 18:00:00,65
moscow,7,VDNH,2026-05-19 19:00:00,60
moscow,7,VDNH,2026-05-19 20:00:00,61
moscow,7,VDNH,2026-05-19 21:00:00,56
moscow,7,VDNH,2026-05-19 22:00:00,55
moscow,7,VDNH,2026-05-19 23:00:00,51
moscow,7,VDNH,2026-05-20 00:00:00,51
moscow,7,VDNH,2026-05-20 01:00:00,52
moscow,7,VDNH,2026-05-20 02:00:00,50
moscow,7,VDNH,2026-05-20 03:00:00,50
moscow,7,VDNH,2026-05-20 04:00:00,54
moscow,7,VDNH,2026-05-20 05:00:00,56
moscow,7,VDNH,2026-05-20 06:00:00,59
moscow,7,VDNH,2026-05-20 07:00:00,64
moscow,7,VDNH,2026-05-20 08:00:00,69
moscow,7,VDNH,2026-05-20 09:00:00,63
moscow,7,VDNH,2026-05-20 10:00:00,59
moscow,7,VDNH,2026-05-20 11:00:00,52
moscow,7,VDNH,2026-05-20 12:00:00,53
moscow,7,VDNH,2026-05-20 13:00:00,54
moscow,7,VDNH,2026-05-20 14:00:00,56
moscow,7,VDNH,2026-05-20 15:00:00,57
moscow,7,VDNH,2026-05-20 16:00:00,62
moscow,7,VDNH,2026-05-20 17:00:00,65
moscow,7,VDNH,2026-05-20 18:00:00,67
moscow,7,VDNH,2026-05-20 19:00:00,65
moscow,7,VDNH,2026-05-20 20:00:00,63
moscow,7,VDNH,2026-05-20 21:00:00,56
moscow,7,VDNH,2026-05-20 22:00:00,51
moscow,7,VDNH,2026-05-20 23:00:00,53
moscow,7,VDNH,2026-05-21 00:00:00,53
moscow,7,VDNH,2026-05-21 01:00:00,55
moscow,7,VDNH,2026-05-21 02:00:00,54
moscow,7,VDNH,2026-05-21 03:00:00,56
moscow,7,VDNH,2026-05-21 04:00:00,55
moscow,7,VDNH,2026-05-21 05:00:00,57
moscow,7,VDNH,2026-05-21 06:00:00,58
moscow,7,VDNH,2026-05-21 07:00:00,66
moscow,7,VDNH,2026-05-21 08:00:00,66
moscow,7,VDNH,2026-05-21 09:00:00,65
moscow,7,VDNH,2026-05-21 10:00:00,61
moscow,7,VDNH,2026-05-21 11:00:00,58
moscow,7,VDNH,2026-05-21 12:00:00,54
moscow,7,VDNH,2026-05-21 13:00:00,55
moscow,7,VDNH,2026-05-21 14:00:00,49
moscow,7,VDNH,2026-05-21 15:00:00,58
moscow,7,VDNH,2026-05-21 16:00:00,63
moscow,7,VDNH,2026-05-21 17:00:00,68
moscow,7,VDNH,2026-05-21 18:00:00,67
moscow,7,VDNH,2026-05-21 19:00:00,67
moscow,7,VDNH,2026-05-21 20:00:00,61
moscow,7,VDNH,2026-05-21 21:00:00,57
moscow,7,VDNH,2026-05-21 22:00:00,55
moscow,7,VDNH,2026-05-21 23:00:00,53
moscow,7,VDNH,2026-05-22 00:00:00,51
moscow,7,VDNH,2026-05-22 01:00:00,51
moscow,7,VDNH,2026-05-22 02:00:00,50
moscow,7,VDNH,2026-05-22 03:00:00,54
moscow,7,VDNH,2026-05-22 04:00:00,54
moscow,7,VDNH,2026-05-22 05:00:00,57
moscow,7,VDNH,2026-05-22 06:00:00,60
moscow,7,VDNH,2026-05-22 07:00:00,67
moscow,7,VDNH,2026-05-22 08:00:00,69
moscow,7,VDNH,2026-05-22 09:00:00,63
moscow,7,VDNH,2026-05-22 10:00:00,59
moscow,7,VDNH,2026-05-22 11:00:00,59
moscow,7,VDNH,2026-05-22 12:00:00,52
moscow,7,VDNH,2026-05-22 13:00:00,55
moscow,7,VDNH,2026-05-22 14:00:00,59
moscow,7,VDNH,2026-05-22 15:00:00,61
moscow,7,VDNH,2026-05-22 16:00:00,63
moscow,7,VDNH,2026-05-22 17:00:00,66
moscow,7,VDNH,2026-05-22 18:00:00,71
moscow,7,VDNH,2026-05-22 19:00:00,60
moscow,7,VDNH,2026-05-22 20:00:00,61
moscow,7,VDNH,2026-05-22 21:00:00,60
moscow,7,VDNH,2026-05-22 22:00:00,54
moscow,7,VDNH,2026-05-22 23:00:00,56
moscow,7,VDNH,2026-05-23 00:00:00,49
moscow,7,VDNH,2026-05-23 01:00:00,49
moscow,7,VDNH,2026-05-23 02:00:00,48
moscow,7,VDNH,2026-05-23 03:00:00,48
moscow,7,VDNH,2026-05-23 04:00:00,49
moscow,7,VDNH,2026-05-23 05:00:00,53
moscow,7,VDNH,2026-05-23 06:00:00,54
moscow,7,VDNH,2026-05-23 07:00:00,61
moscow,7,VDNH,2026-05-23 08:00:00,62
moscow,7,VDNH,2026-05-23 09:00:00,62
moscow,7,VDNH,2026-05-23 10:00:00,54
moscow,7,VDNH,2026-05-23 11:00:00,49
moscow,7,VDNH,2026-05-23 12:00:00,51
moscow,7,VDNH,2026-05-23 13:00:00,56
moscow,7,VDNH,2026-05-23 14:00:00,54
moscow,7,VDNH,2026-05-23 15:00:00,52
moscow,7,VDNH,2026-05-23 16:00:00,57
moscow,7,VDNH,2026-05-23 17:00:00,60
moscow,7,VDNH,2026-05-23 18:00:00,57
moscow,7,VDNH,2026-05-23 19:00:00,61
moscow,7,VDNH,2026-05-23 20:00:00,64
moscow,7,VDNH,2026-05-23 21:00:00,61
moscow,7,VDNH,2026-05-23 22:00:00,58
moscow,7,VDNH,2026-05-23 23:00:00,58
moscow,7,VDNH,2026-05-24 00:00:00,48
moscow,7,VDNH,2026-05-24 01:00:00,46
moscow,7,VDNH,2026-05-24 02:00:00,50
moscow,7,VDNH,2026-05-24 03:00:00,46
moscow,7,VDNH,2026-05-24 04:00:00,50
moscow,7,VDNH,2026-05-24 05:00:00,56
moscow,7,VDNH,2026-05-24 06:00:00,58
moscow,7,VDNH,2026-05-24 07:00:00,62
moscow,7,VDNH,2026-05-24 08:00:00,63
moscow,7,VDNH,2026-05-24 09:00:00,65
moscow,7,VDNH,2026-05-24 10:00:00,56
moscow,7,VDNH,2026-05-24 11:00:00,54
moscow,7,VDNH,2026-05-24 12:00:00,50
moscow,7,VDNH,2026-05-24 13:00:00,53
moscow,7,VDNH,2026-05-24 14:00:00,52
moscow,7,VDNH,2026-05-24 15:00:00,57
moscow,7,VDNH,2026-05-24 16:00:00,56
moscow,7,VDNH,2026-05-24 17:00:00,62
moscow,7,VDNH,2026-05-24 18:00:00,62
moscow,7,VDNH,2026-05-24 19:00:00,59
moscow,7,VDNH,2026-05-24 20:00:00,67
moscow,7,VDNH,2026-05-24 21:00:00,62
moscow,7,VDNH,2026-05-24 22:00:00,59
moscow,7,VDNH,2026-05-24 23:00:00,56
moscow,7,VDNH,2026-05-25 00:00:00,53
moscow,7,VDNH,2026-05-25 01:00:00,54
moscow,7,VDNH,2026-05-25 02:00:00,51
moscow,7,VDNH,2026-05-25 03:00:00,57
moscow,7,VDNH,2026-05-25 04:00:00,54
moscow,7,VDNH,2026-05-25 05:00:00,59
moscow,7,VDNH,2026-05-25 06:00:00,65
moscow,7,VDNH,2026-05-25 07:00:00,70
moscow,7,VDNH,2026-05-25 08:00:00,66
moscow,7,VDNH,2026-05-25 09:00:00,68
moscow,7,VDNH,2026-05-25 10:00:00,65
moscow,7,VDNH,2026-05-25 11:00:00,60
moscow,7,VDNH,2026-05-25 12:00:00,60
moscow,7,VDNH,2026-05-25 13:00:00,55
moscow,7,VDNH,2026-05-25 14:00:00,53
moscow,7,VDNH,2026-05-25 15:00:00,62
moscow,7,VDNH,2026-05-25 16:00:00,63
moscow,7,VDNH,2026-05-25 17:00:00,63
moscow,7,VDNH,2026-05-25 18:00:00,68
moscow,7,VDNH,2026-05-25 19:00:00,69
moscow,7,VDNH,2026-05-25 20:00:00,61
moscow,7,VDNH,2026-05-25 21:00:00,65
moscow,7,VDNH,2026-05-25 22:00:00,56
moscow,7,VDNH,2026-05-25 23:00:00,56
moscow,7,VDNH,2026-05-26 00:00:00,53
moscow,7,VDNH,2026-05-26 01:00:00,55
moscow,7,VDNH,2026-05-26 02:00:00,55
moscow,7,VDNH,2026-05-26 03:00:00,53
moscow,7,VDNH,2026-05-26 04:00:00,63
moscow,7,VDNH,2026-05-26 05:00:00,59
moscow,7,VDNH,2026-05-26 06:00:00,63
moscow,7,VDNH,2026-05-26 07:00:00,71
moscow,7,VDNH,2026-05-26 08:00:00,74
moscow,7,VDNH,2026-05-26 09:00:00,71
moscow,7,VDNH,2026-05-26 10:00:00,62
moscow,7,VDNH,2026-05-26 11:00:00,61
moscow,7,VDNH,2026-05-26 12:00:00,54
moscow,7,VDNH,2026-05-26 13:00:00,59
moscow,7,VDNH,2026-05-26 14:00:00,55
moscow,7,VDNH,2026-05-26 15:00:00,59
moscow,7,VDNH,2026-05-26 16:00:00,64
moscow,7,VDNH,2026-05-26 17:00:00,69
moscow,7,VDNH,2026-05-26 18:00:00,68
moscow,7,VDNH,2026-05-26 19:00:00,71
moscow,7,VDNH,2026-05-26 20:00:00,66
moscow,7,VDNH,2026-05-26 21:00:00,62
moscow,7,VDNH,2026-05-26 22:00:00,56
moscow,7,VDNH,2026-05-26 23:00:00,60
moscow,7,VDNH,2026-05-27 00:00:00,54
moscow,7,VDNH,2026-05-27 01:00:00,59
moscow,7,VDNH,2026-05-27 02:00:00,60
moscow,7,VDNH,2026-05-27 03:00:00,58
moscow,7,VDNH,2026-05-27 04:00:00,60
moscow,7,VDNH,2026-05-27 05:00:00,55
moscow,7,VDNH,2026-05-27 06:00:00,65
moscow,7,VDNH,2026-05-27 07:00:00,72
moscow,7,VDNH,2026-05-27 08:00:00,73
moscow,7,VDNH,2026-05-27 09:00:00,67
moscow,7,VDNH,2026-05-27 10:00:00,65
moscow,7,VDNH,2026-05-27 11:00:00,56
moscow,7,VDNH,2026-05-27 12:00:00,59
moscow,7,VDNH,2026-05-27 13:00:00,54
moscow,7,VDNH,2026-05-27 14:00:00,61
moscow,7,VDNH,2026-05-27 15:00:00,64
moscow,7,VDNH,2026-05-27 16:00:00,64
moscow,7,VDNH,2026-05-27 17:00:00,69
moscow,7,VDNH,2026-05-27 18:00:00,69
moscow,7,VDNH,2026-05-27 19:00:00,69
moscow,7,VDNH,2026-05-27 20:00:00,63
moscow,7,VDNH,2026-05-27 21:00:00,63
moscow,7,VDNH,2026-05-27 22:00:00,55
moscow,7,VDNH,2026-05-27 23:00:00,53
moscow,7,VDNH,2026-05-28 00:00:00,56
moscow,7,VDNH,2026-05-28 01:00:00,56
moscow,7,VDNH,2026-05-28 02:00:00,57
moscow,7,VDNH,2026-05-28 03:00:00,56
moscow,7,VDNH,2026-05-28 04:00:00,62
moscow,7,VDNH,2026-05-28 05:00:00,62
moscow,7,VDNH,2026-05-28 06:00:00,66
moscow,7,VDNH,2026-05-28 07:00:00,70
moscow,7,VDNH,2026-05-28 08:00:00,74
moscow,7,VDNH,2026-05-28 09:00:00,71
moscow,7,VDNH,2026-05-28 10:00:00,67
moscow,7,VDNH,2026-05-28 11:00:00,63
moscow,7,VDNH,2026-05-28 12:00:00,55
moscow,7,VDNH,2026-05-28 13:00:00,55
moscow,7,VDNH,2026-05-28 14:00:00,59
moscow,7,VDNH,2026-05-28 15:00:00,62
moscow,7,VDNH,2026-05-28 16:00:00,67
moscow,7,VDNH,2026-05-28 17:00:00,69
moscow,7,VDNH,2026-05-28 18:00:00,72
moscow,7,VDNH,2026-05-28 19:00:00,67
moscow,7,VDNH,2026-05-28 20:00:00,66
moscow,7,VDNH,2026-05-28 21:00:00,60
moscow,7,VDNH,2026-05-28 22:00:00,60
moscow,7,VDNH,2026-05-28 23:00:00,54
moscow,7,VDNH,2026-05-29 00:00:00,58
moscow,7,VDNH,2026-05-29 01:00:00,54
moscow,7,VDNH,2026-05-29 02:00:00,57
moscow,7,VDNH,2026-05-29 03:00:00,60
moscow,7,VDNH,2026-05-29 04:00:00,60
moscow,7,VDNH,2026-05-29 05:00:00,59
moscow,7,VDNH,2026-05-29 06:00:00,65
moscow,7,VDNH,2026-05-29 07:00:00,68
moscow,7,VDNH,2026-05-29 08:00:00,69
moscow,7,VDNH,2026-05-29 09:00:00,71
moscow,7,VDNH,2026-05-29 10:00:00,68
moscow,7,VDNH,2026-05-29 11:00:00,63
moscow,7,VDNH,2026-05-29 12:00:00,61
moscow,7,VDNH,2026-05-29 13:00:00,59
moscow,7,VDNH,2026-05-29 14:00:00,60
moscow,7,VDNH,2026-05-29 15:00:00,61
moscow,7,VDNH,2026-05-29 16:00:00,66
moscow,7,VDNH,2026-05-29 17:00:00,67
moscow,7,VDNH,2026-05-29 18:00:00,69
moscow,7,VDNH,2026-05-29 19:00:00,70
moscow,7,VDNH,2026-05-29 20:00:00,66
moscow,7,VDNH,2026-05-29 21:00:00,69
moscow,7,VDNH,2026-05-29 22:00:00,57
moscow,7,VDNH,2026-05-29 23:00:00,58
moscow,7,VDNH,2026-05-30 00:00:00,51
moscow,7,VDNH,2026-05-30 01:00:00,53
moscow,7,VDNH,2026-05-30 02:00:00,53
moscow,7,VDNH,2026-05-30 03:00:00,56
moscow,7,VDNH,2026-05-30 04:00:00,54
moscow,7,VDNH,2026-05-30 05:00:00,57
moscow,7,VDNH,2026-05-30 06:00:00,60
moscow,7,VDNH,2026-05-30 07:00:00,62
moscow,7,VDNH,2026-05-30 08:00:00,65
moscow,7,VDNH,2026-05-30 09:00:00,64
moscow,7,VDNH,2026-05-30 10:00:00,61
moscow,7,VDNH,2026-05-30 11:00:00,59
moscow,7,VDNH,2026-05-30 12:00:00,55
moscow,7,VDNH,2026-05-30 13:00:00,55
moscow,7,VDNH,2026-05-30 14:00:00,53
moscow,7,VDNH,2026-05-30 15:00:00,59
moscow,7,VDNH,2026-05-30 16:00:00,60
moscow,7,VDNH,2026-05-30 17:00:00,65
moscow,7,VDNH,2026-05-30 18:00:00,67
moscow,7,VDNH,2026-05-30 19:00:00,63
moscow,7,VDNH,2026-05-30 20:00:00,68
moscow,7,VDNH,2026-05-30 21:00:00,66
moscow,7,VDNH,2026-05-30 22:00:00,64
moscow,7,VDNH,2026-05-30 23:00:00,60
moscow,7,VDNH,2026-05-31 00:00:00,53
moscow,7,VDNH,2026-05-31 01:00:00,56
moscow,7,VDNH,2026-05-31 02:00:00,56
moscow,7,VDNH,2026-05-31 03:00:00,54
moscow,7,VDNH,2026-05-31 04:00:00,53
moscow,7,VDNH,2026-05-31 05:00:00,59
moscow,7,VDNH,2026-05-31 06:00:00,60
moscow,7,VDNH,2026-05-31 07:00:00,66
moscow,7,VDNH,2026-05-31 08:00:00,67
moscow,7,VDNH,2026-05-31 09:00:00,61
moscow,7,VDNH,2026-05-31 10:00:00,62
moscow,7,VDNH,2026-05-31 11:00:00,59
moscow,7,VDNH,2026-05-31 12:00:00,58
moscow,7,VDNH,2026-05-31 13:00:00,56
moscow,7,VDNH,2026-05-31 14:00:00,53
moscow,7,VDNH,2026-05-31 15:00:00,61
moscow,7,VDNH,2026-05-31 16:00:00,63
moscow,7,VDNH,2026-05-31 17:00:00,62
moscow,7,VDNH,2026-05-31 18:00:00,64
moscow,7,VDNH,2026-05-31 19:00:00,65
moscow,7,VDNH,2026-05-31 20:00:00,72
moscow,7,VDNH,2026-05-31 21:00:00,66
moscow,7,VDNH,2026-05-31 22:00:00,65
moscow,7,VDNH,2026-05-31 23:00:00,58
moscow,7,VDNH,2026-06-01 00:00:00,57
moscow,7,VDNH,2026-06-01 01:00:00,55
moscow,7,VDNH,2026-06-01 02:00:00,58
moscow,7,VDNH,2026-06-01 03:00:00,63
moscow,7,VDNH,2026-06-01 04:00:00,66
moscow,7,VDNH,2026-06-01 05:00:00,65
moscow,7,VDNH,2026-06-01 06:00:00,67
moscow,7,VDNH,2026-06-01 07:00:00,72
moscow,7,VDNH,2026-06-01 08:00:00,76
moscow,7,VDNH,2026-06-01 09:00:00,70
moscow,7,VDNH,2026-06-01 10:00:00,68
moscow,7,VDNH,2026-06-01 11:00:00,67
moscow,7,VDNH,2026-06-01 12:00:00,60
moscow,7,VDNH,2026-06-01 13:00:00,60
moscow,7,VDNH,2026-06-01 14:00:00,63
moscow,7,VDNH,2026-06-01 15:00:00,66
moscow,7,VDNH,2026-06-01 16:00:00,68
moscow,7,VDNH,2026-06-01 17:00:00,72
moscow,7,VDNH,2026-06-01 18:00:00,75
moscow,7,VDNH,2026-06-01 19:00:00,76
moscow,7,VDNH,2026-06-01 20:00:00,69
moscow,7,VDNH,2026-06-01 21:00:00,65
moscow,7,VDNH,2026-06-01 22:00:00,65
moscow,7,VDNH,2026-06-01 23:00:00,60
moscow,7,VDNH,2026-06-02 00:00:00,58
moscow,7,VDNH,2026-06-02 01:00:00,61
moscow,7,VDNH,2026-06-02 02:00:00,63
moscow,7,VDNH,2026-06-02 03:00:00,62
moscow,7,VDNH,2026-06-02 04:00:00,62
moscow,7,VDNH,2026-06-02 05:00:00,62
moscow,7,VDNH,2026-06-02 06:00:00,69
moscow,7,VDNH,2026-06-02 07:00:00,76
moscow,7,VDNH,2026-06-02 08:00:00,73
moscow,7,VDNH,2026-06-02 09:00:00,73
moscow,7,VDNH,2026-06-02 10:00:00,69
moscow,7,VDNH,2026-06-02 11:00:00,64
moscow,7,VDNH,2026-06-02 12:00:00,63
moscow,7,VDNH,2026-06-02 13:00:00,63
moscow,7,VDNH,2026-06-02 14:00:00,64
moscow,7,VDNH,2026-06-02 15:00:00,64
moscow,7,VDNH,2026-06-02 16:00:00,66
moscow,7,VDNH,2026-06-02 17:00:00,73
moscow,7,VDNH,2026-06-02 18:00:00,73
moscow,7,VDNH,2026-06-02 19:00:00,76
moscow,7,VDNH,2026-06-02 20:00:00,73
moscow,7,VDNH,2026-06-02 21:00:00,70
moscow,7,VDNH,2026-06-02 22:00:00,61
moscow,7,VDNH,2026-06-02 23:00:00,63
moscow,7,VDNH,2026-06-03 00:00:00,63
moscow,7,VDNH,2026-06-03 01:00:00,63
moscow,7,VDNH,2026-06-03 02:00:00,60
moscow,7,VDNH,2026-06-03 03:00:00,64
moscow,7,VDNH,2026-06-03 04:00:00,63
moscow,7,VDNH,2026-06-03 05:00:00,66
moscow,7,VDNH,2026-06-03 06:00:00,67
moscow,7,VDNH,2026-06-03 07:00:00,76
moscow,7,VDNH,2026-06-03 08:00:00,76
moscow,7,VDNH,2026-06-03 09:00:00,75
moscow,7,VDNH,2026-06-03 10:00:00,71
moscow,7,VDNH,2026-06-03 11:00:00,66
moscow,7,VDNH,2026-06-03 12:00:00,63
moscow,7,VDNH,2026-06-03 13:00:00,64
moscow,7,VDNH,2026-06-03 14:00:00,64
moscow,7,VDNH,2026-06-03 15:00:00,64
moscow,7,VDNH,2026-06-03 16:00:00,71
moscow,7,VDNH,2026-06-03 17:00:00,72
moscow,7,VDNH,2026-06-03 18:00:00,72
moscow,7,VDNH,2026-06-03 19:00:00,71
moscow,7,VDNH,2026-06-03 20:00:00,71
moscow,7,VDNH,2026-06-03 21:00:00,66
moscow,7,VDNH,2026-06-03 22:00:00,59
moscow,7,VDNH,2026-06-03 23:00:00,61
moscow,7,VDNH,2026-06-04 00:00:00,64
moscow,7,VDNH,2026-06-04 01:00:00,61
moscow,7,VDNH,2026-06-04 02:00:00,62
moscow,7,VDNH,2026-06-04 03:00:00,64
moscow,7,VDNH,2026-06-04 04:00:00,65
moscow,7,VDNH,2026-06-04 05:00:00,69
moscow,7,VDNH,2026-06-04 06:00:00,65
moscow,7,VDNH,2026-06-04 07:00:00,79
moscow,7,VDNH,2026-06-04 08:00:00,78
moscow,7,VDNH,2026-06-04 09:00:00,80
moscow,7,VDNH,2026-06-04 10:00:00,69
moscow,7,VDNH,2026-06-04 11:00:00,63
moscow,7,VDNH,2026-06-04 12:00:00,64
moscow,7,VDNH,2026-06-04 13:00:00,63
moscow,7,VDNH,2026-06-04 14:00:00,66
moscow,7,VDNH,2026-06-04 15:00:00,69
moscow,7,VDNH,2026-06-04 16:00:00,71
moscow,7,VDNH,2026-06-04 17:00:00,74
moscow,7,VDNH,2026-06-04 18:00:00,77
moscow,7,VDNH,2026-06-04 19:00:00,74
moscow,7,VDNH,2026-06-04 20:00:00,70
moscow,7,VDNH,2026-06-04 21:00:00,69
moscow,7,VDNH,2026-06-04 22:00:00,67
moscow,7,VDNH,2026-06-04 23:00:00,65
moscow,7,VDNH,2026-06-05 00:00:00,62
moscow,7,VDNH,2026-06-05 01:00:00,58
moscow,7,VDNH,2026-06-05 02:00:00,62
moscow,7,VDNH,2026-06-05 03:00:00,62
moscow,7,VDNH,2026-06-05 04:00:00,64
moscow,7,VDNH,2026-06-05 05:00:00,66
moscow,7,VDNH,2026-06-05 06:00:00,72
moscow,7,VDNH,2026-06-05 07:00:00,74
moscow,7,VDNH,2026-06-05 08:00:00,75
moscow,7,VDNH,2026-06-05 09:00:00,78
moscow,7,VDNH,2026-06-05 10:00:00,70
moscow,7,VDNH,2026-06-05 11:00:00,67
moscow,7,VDNH,2026-06-05 12:00:00,67
moscow,7,VDNH,2026-06-05 13:00:00,66
moscow,7,VDNH,2026-06-05 14:00:00,67
moscow,7,VDNH,2026-06-05 15:00:00,69
moscow,7,VDNH,2026-06-05 16:00:00,73
moscow,7,VDNH,2026-06-05 17:00:00,78
moscow,7,VDNH,2026-06-05 18:00:00,77
moscow,7,VDNH,2026-06-05 19:00:00,71
moscow,7,VDNH,2026-06-05 20:00:00,71
moscow,7,VDNH,2026-06-05 21:00:00,69
moscow,7,VDNH,2026-06-05 22:00:00,64
moscow,7,VDNH,2026-06-05 23:00:00,67
moscow,7,VDNH,2026-06-06 00:00:00,59
moscow,7,VDNH,2026-06-06 01:00:00,59
moscow,7,VDNH,2026-06-06 02:00:00,61
moscow,7,VDNH,2026-06-06 03:00:00,59
moscow,7,VDNH,2026-06-06 04:00:00,61
moscow,7,VDNH,2026-06-06 05:00:00,64
moscow,7,VDNH,2026-06-06 06:00:00,63
moscow,7,VDNH,2026-06-06 07:00:00,69
moscow,7,VDNH,2026-06-06 08:00:00,73
moscow,7,VDNH,2026-06-06 09:00:00,70
moscow,7,VDNH,2026-06-06 10:00:00,69
moscow,7,VDNH,2026-06-06 11:00:00,60
moscow,7,VDNH,2026-06-06 12:00:00,57
moscow,7,VDNH,2026-06-06 13:00:00,62
moscow,7,VDNH,2026-06-06 14:00:00,63
moscow,7,VDNH,2026-06-06 15:00:00,63
moscow,7,VDNH,2026-06-06 16:00:00,67
moscow,7,VDNH,2026-06-06 17:00:00,70
moscow,7,VDNH,2026-06-06 18:00:00,68
moscow,7,VDNH,2026-06-06 19:00:00,67
moscow,7,VDNH,2026-06-06 20:00:00,75
moscow,7,VDNH,2026-06-06 21:00:00,73
moscow,7,VDNH,2026-06-06 22:00:00,66
moscow,7,VDNH,2026-06-06 23:00:00,66
moscow,7,VDNH,2026-06-07 00:00:00,59
moscow,7,VDNH,2026-06-07 01:00:00,60
moscow,7,VDNH,2026-06-07 02:00:00,60
moscow,7,VDNH,2026-06-07 03:00:00,59
moscow,7,VDNH,2026-06-07 04:00:00,64
moscow,7,VDNH,2026-06-07 05:00:00,62
moscow,7,VDNH,2026-06-07 06:00:00,66
moscow,7,VDNH,2026-06-07 07:00:00,67
moscow,7,VDNH,2026-06-07 08:00:00,70
moscow,7,VDNH,2026-06-07 09:00:00,71
moscow,7,VDNH,2026-06-07 10:00:00,67
moscow,7,VDNH,2026-06-07 11:00:00,65
moscow,7,VDNH,2026-06-07 12:00:00,62
moscow,7,VDNH,2026-06-07 13:00:00,65
moscow,7,VDNH,2026-06-07 14:00:00,60
moscow,7,VDNH,2026-06-07 15:00:00,61
moscow,7,VDNH,2026-06-07 16:00:00,65
moscow,7,VDNH,2026-06-07 17:00:00,68
moscow,7,VDNH,2026-06-07 18:00:00,69
moscow,7,VDNH,2026-06-07 19:00:00,70
moscow,7,VDNH,2026-06-07 20:00:00,78
moscow,7,VDNH,2026-06-07 21:00:00,75
moscow,7,VDNH,2026-06-07 22:00:00,70
moscow,7,VDNH,2026-06-07 23:00:00,71
moscow,7,VDNH,2026-06-08 00:00:00,64
moscow,7,VDNH,2026-06-08 01:00:00,61
moscow,7,VDNH,2026-06-08 02:00:00,67
moscow,7,VDNH,2026-06-08 03:00:00,62
moscow,7,VDNH,2026-06-08 04:00:00,65
moscow,7,VDNH,2026-06-08 05:00:00,71
moscow,7,VDNH,2026-06-08 06:00:00,74
moscow,7,VDNH,2026-06-08 07:00:00,78
moscow,7,VDNH,2026-06-08 08:00:00,77
moscow,7,VDNH,2026-06-08 09:00:00,78
moscow,7,VDNH,2026-06-08 10:00:00,76
moscow,7,VDNH,2026-06-08 11:00:00,70
moscow,7,VDNH,2026-06-08 12:00:00,65
moscow,7,VDNH,2026-06-08 13:00:00,64
moscow,7,VDNH,2026-06-08 14:00:00,66
moscow,7,VDNH,2026-06-08 15:00:00,71
moscow,7,VDNH,2026-06-08 16:00:00,75
moscow,7,VDNH,2026-06-08 17:00:00,75
moscow,7,VDNH,2026-06-08 18:00:00,74
moscow,7,VDNH,2026-06-08 19:00:00,78
moscow,7,VDNH,2026-06-08 20:00:00,72
moscow,7,VDNH,2026-06-08 21:00:00,72
moscow,7,VDNH,2026-06-08 22:00:00,66
moscow,7,VDNH,2026-06-08 23:00:00,64
moscow,7,VDNH,2026-06-09 00:00:00,66
moscow,7,VDNH,2026-06-09 01:00:00,70
moscow,7,VDNH,2026-06-09 02:00:00,67
moscow,7,VDNH,2026-06-09 03:00:00,66
moscow,7,VDNH,2026-06-09 04:00:00,68
moscow,7,VDNH,2026-06-09 05:00:00,67
moscow,7,VDNH,2026-06-09 06:00:00,72
moscow,7,VDNH,2026-06-09 07:00:00,74
moscow,7,VDNH,2026-06-09 08:00:00,84
moscow,7,VDNH,2026-06-09 09:00:00,82
moscow,7,VDNH,2026-06-09 10:00:00,75
moscow,7,VDNH,2026-06-09 11:00:00,71
moscow,7,VDNH,2026-06-09 12:00:00,65
moscow,7,VDNH,2026-06-09 13:00:00,67
moscow,7,VDNH,2026-06-09 14:00:00,72
moscow,7,VDNH,2026-06-09 15:00:00,71
moscow,7,VDNH,2026-06-09 16:00:00,73
moscow,7,VDNH,2026-06-09 17:00:00,74
moscow,8,Sheremetyevo,2026-04-10 18:00:00,70
moscow,8,Sheremetyevo,2026-04-10 19:00:00,69
moscow,8,Sheremetyevo,2026-04-10 20:00:00,68
moscow,8,Sheremetyevo,2026-04-10 21:00:00,77
moscow,8,Sheremetyevo,2026-04-10 22:00:00,81
moscow,8,Sheremetyevo,2026-04-10 23:00:00,91
moscow,8,Sheremetyevo,2026-04-11 00:00:00,79
moscow,8,Sheremetyevo,2026-04-11 01:00:00,79
moscow,8,Sheremetyevo,2026-04-11 02:00:00,86
moscow,8,Sheremetyevo,2026-04-11 03:00:00,83
moscow,8,Sheremetyevo,2026-04-11 04:00:00,87
moscow,8,Sheremetyevo,2026-04-11 05:00:00,79
moscow,8,Sheremetyevo,2026-04-11 06:00:00,89
moscow,8,Sheremetyevo,2026-04-11 07:00:00,72
moscow,8,Sheremetyevo,2026-04-11 08:00:00,66
moscow,8,Sheremetyevo,2026-04-11 09:00:00,61
moscow,8,Sheremetyevo,2026-04-11 10:00:00,60
moscow,8,Sheremetyevo,2026-04-11 11:00:00,50
moscow,8,Sheremetyevo,2026-04-11 12:00:00,54
moscow,8,Sheremetyevo,2026-04-11 13:00:00,43
moscow,8,Sheremetyevo,2026-04-11 14:00:00,49
moscow,8,Sheremetyevo,2026-04-11 15:00:00,43
moscow,8,Sheremetyevo,2026-04-11 16:00:00,47
moscow,8,Sheremetyevo,2026-04-11 17:00:00,53
moscow,8,Sheremetyevo,2026-04-11 18:00:00,62
moscow,8,Sheremetyevo,2026-04-11 19:00:00,53
moscow,8,Sheremetyevo,2026-04-11 20:00:00,81
moscow,8,Sheremetyevo,2026-04-11 21:00:00,85
moscow,8,Sheremetyevo,2026-04-11 22:00:00,91
moscow,8,Sheremetyevo,2026-04-11 23:00:00,97
moscow,8,Sheremetyevo,2026-04-12 00:00:00,83
moscow,8,Sheremetyevo,2026-04-12 01:00:00,80
moscow,8,Sheremetyevo,2026-04-12 02:00:00,93
moscow,8,Sheremetyevo,2026-04-12 03:00:00,86
moscow,8,Sheremetyevo,2026-04-12 04:00:00,80
moscow,8,Sheremetyevo,2026-04-12 05:00:00,81
moscow,8,Sheremetyevo,2026-04-12 06:00:00,76
moscow,8,Sheremetyevo,2026-04-12 07:00:00,79
moscow,8,Sheremetyevo,2026-04-12 08:00:00,65
moscow,8,Sheremetyevo,2026-04-12 09:00:00,62
moscow,8,Sheremetyevo,2026-04-12 10:00:00,60
moscow,8,Sheremetyevo,2026-04-12 11:00:00,60
moscow,8,Sheremetyevo,2026-04-12 12:00:00,59
moscow,8,Sheremetyevo,2026-04-12 13:00:00,57
moscow,8,Sheremetyevo,2026-04-12 14:00:00,52
moscow,8,Sheremetyevo,2026-04-12 15:00:00,49
moscow,8,Sheremetyevo,2026-04-12 16:00:00,53
moscow,8,Sheremetyevo,2026-04-12 17:00:00,47
moscow,8,Sheremetyevo,2026-04-12 18:00:00,48
moscow,8,Sheremetyevo,2026-04-12 19:00:00,60
moscow,8,Sheremetyevo,2026-04-12 20:00:00,80
moscow,8,Sheremetyevo,2026-04-12 21:00:00,89
moscow,8,Sheremetyevo,2026-04-12 22:00:00,96
moscow,8,Sheremetyevo,2026-04-12 23:00:00,102
moscow,8,Sheremetyevo,2026-04-13 00:00:00,104
moscow,8,Sheremetyevo,2026-04-13 01:00:00,107
moscow,8,Sheremetyevo,2026-04-13 02:00:00,107
moscow,8,Sheremetyevo,2026-04-13 03:00:00,105
moscow,8,Sheremetyevo,2026-04-13 04:00:00,106
moscow,8,Sheremetyevo,2026-04-13 05:00:00,101
moscow,8,Sheremetyevo,2026-04-13 06:00:00,99
moscow,8,Sheremetyevo,2026-04-13 07:00:00,105
moscow,8,Sheremetyevo,2026-04-13 08:00:00,90
moscow,8,Sheremetyevo,2026-04-13 09:00:00,86
moscow,8,Sheremetyevo,2026-04-13 10:00:00,76
moscow,8,Sheremetyevo,2026-04-13 11:00:00,77
moscow,8,Sheremetyevo,2026-04-13 12:00:00,71
moscow,8,Sheremetyevo,2026-04-13 13:00:00,68
moscow,8,Sheremetyevo,2026-04-13 14:00:00,64
moscow,8,Sheremetyevo,2026-04-13 15:00:00,66
moscow,8,Sheremetyevo,2026-04-13 16:00:00,68
moscow,8,Sheremetyevo,2026-04-13 17:00:00,66
moscow,8,Sheremetyevo,2026-04-13 18:00:00,69
moscow,8,Sheremetyevo,2026-04-13 19:00:00,77
moscow,8,Sheremetyevo,2026-04-13 20:00:00,75
moscow,8,Sheremetyevo,2026-04-13 21:00:00,82
moscow,8,Sheremetyevo,2026-04-13 22:00:00,90
moscow,8,Sheremetyevo,2026-04-13 23:00:00,89
moscow,8,Sheremetyevo,2026-04-14 00:00:00,105
moscow,8,Sheremetyevo,2026-04-14 01:00:00,101
moscow,8,Sheremetyevo,2026-04-14 02:00:00,105
moscow,8,Sheremetyevo,2026-04-14 03:00:00,107
moscow,8,Sheremetyevo,2026-04-14 04:00:00,107
moscow,8,Sheremetyevo,2026-04-14 05:00:00,103
moscow,8,Sheremetyevo,2026-04-14 06:00:00,101
moscow,8,Sheremetyevo,2026-04-14 07:00:00,96
moscow,8,Sheremetyevo,2026-04-14 08:00:00,89
moscow,8,Sheremetyevo,2026-04-14 09:00:00,83
moscow,8,Sheremetyevo,2026-04-14 10:00:00,84
moscow,8,Sheremetyevo,2026-04-14 11:00:00,66
moscow,8,Sheremetyevo,2026-04-14 12:00:00,69
moscow,8,Sheremetyevo,2026-04-14 13:00:00,65
moscow,8,Sheremetyevo,2026-04-14 14:00:00,66
moscow,8,Sheremetyevo,2026-04-14 15:00:00,58
moscow,8,Sheremetyevo,2026-04-14 16:00:00,63
moscow,8,Sheremetyevo,2026-04-14 17:00:00,66
moscow,8,Sheremetyevo,2026-04-14 18:00:00,75
moscow,8,Sheremetyevo,2026-04-14 19:00:00,76
moscow,8,Sheremetyevo,2026-04-14 20:00:00,76
moscow,8,Sheremetyevo,2026-04-14 21:00:00,84
moscow,8,Sheremetyevo,2026-04-14 22:00:00,95
moscow,8,Sheremetyevo,2026-04-14 23:00:00,93
moscow,8,Sheremetyevo,2026-04-15 00:00:00,103
moscow,8,Sheremetyevo,2026-04-15 01:00:00,106
moscow,8,Sheremetyevo,2026-04-15 02:00:00,107
moscow,8,Sheremetyevo,2026-04-15 03:00:00,120
moscow,8,Sheremetyevo,2026-04-15 04:00:00,107
moscow,8,Sheremetyevo,2026-04-15 05:00:00,108
moscow,8,Sheremetyevo,2026-04-15 06:00:00,100
moscow,8,Sheremetyevo,2026-04-15 07:00:00,100
moscow,8,Sheremetyevo,2026-04-15 08:00:00,96
moscow,8,Sheremetyevo,2026-04-15 09:00:00,85
moscow,8,Sheremetyevo,2026-04-15 10:00:00,81
moscow,8,Sheremetyevo,2026-04-15 11:00:00,72
moscow,8,Sheremetyevo,2026-04-15 12:00:00,67
moscow,8,Sheremetyevo,2026-04-15 13:00:00,72
moscow,8,Sheremetyevo,2026-04-15 14:00:00,64
moscow,8,Sheremetyevo,2026-04-15 15:00:00,56
moscow,8,Sheremetyevo,2026-04-15 16:00:00,73
moscow,8,Sheremetyevo,2026-04-15 17:00:00,65
moscow,8,Sheremetyevo,2026-04-15 18:00:00,71
moscow,8,Sheremetyevo,2026-04-15 19:00:00,83
moscow,8,Sheremetyevo,2026-04-15 20:00:00,81
moscow,8,Sheremetyevo,2026-04-15 21:00:00,87
moscow,8,Sheremetyevo,2026-04-15 22:00:00,89
moscow,8,Sheremetyevo,2026-04-15 23:00:00,92
moscow,8,Sheremetyevo,2026-04-16 00:00:00,104
moscow,8,Sheremetyevo,2026-04-16 01:00:00,109
moscow,8,Sheremetyevo,2026-04-16 02:00:00,111
moscow,8,Sheremetyevo,2026-04-16 03:00:00,109
moscow,8,Sheremetyevo,2026-04-16 04:00:00,110
moscow,8,Sheremetyevo,2026-04-16 05:00:00,101
moscow,8,Sheremetyevo,2026-04-16 06:00:00,106
moscow,8,Sheremetyevo,2026-04-16 07:00:00,100
moscow,8,Sheremetyevo,2026-04-16 08:00:00,102
moscow,8,Sheremetyevo,2026-04-16 09:00:00,88
moscow,8,Sheremetyevo,2026-04-16 10:00:00,79
moscow,8,Sheremetyevo,2026-04-16 11:00:00,77
moscow,8,Sheremetyevo,2026-04-16 12:00:00,72
moscow,8,Sheremetyevo,2026-04-16 13:00:00,71
moscow,8,Sheremetyevo,2026-04-16 14:00:00,67
moscow,8,Sheremetyevo,2026-04-16 15:00:00,62
moscow,8,Sheremetyevo,2026-04-16 16:00:00,61
moscow,8,Sheremetyevo,2026-04-16 17:00:00,71
moscow,8,Sheremetyevo,2026-04-16 18:00:00,79
moscow,8,Sheremetyevo,2026-04-16 19:00:00,78
moscow,8,Sheremetyevo,2026-04-16 20:00:00,86
moscow,8,Sheremetyevo,2026-04-16 21:00:00,93
moscow,8,Sheremetyevo,2026-04-16 22:00:00,96
moscow,8,Sheremetyevo,2026-04-16 23:00:00,97
moscow,8,Sheremetyevo,2026-04-17 00:00:00,107
moscow,8,Sheremetyevo,2026-04-17 01:00:00,114
moscow,8,Sheremetyevo,2026-04-17 02:00:00,114
moscow,8,Sheremetyevo,2026-04-17 03:00:00,115
moscow,8,Sheremetyevo,2026-04-17 04:00:00,110
moscow,8,Sheremetyevo,2026-04-17 05:00:00,108
moscow,8,Sheremetyevo,2026-04-17 06:00:00,105
moscow,8,Sheremetyevo,2026-04-17 07:00:00,101
moscow,8,Sheremetyevo,2026-04-17 08:00:00,100
moscow,8,Sheremetyevo,2026-04-17 09:00:00,81
moscow,8,Sheremetyevo,2026-04-17 10:00:00,84
moscow,8,Sheremetyevo,2026-04-17 11:00:00,78
moscow,8,Sheremetyevo,2026-04-17 12:00:00,69
moscow,8,Sheremetyevo,2026-04-17 13:00:00,73
moscow,8,Sheremetyevo,2026-04-17 14:00:00,66
moscow,8,Sheremetyevo,2026-04-17 15:00:00,67
moscow,8,Sheremetyevo,2026-04-17 16:00:00,76
moscow,8,Sheremetyevo,2026-04-17 17:00:00,75
moscow,8,Sheremetyevo,2026-04-17 18:00:00,77
moscow,8,Sheremetyevo,2026-04-17 19:00:00,81
moscow,8,Sheremetyevo,2026-04-17 20:00:00,84
moscow,8,Sheremetyevo,2026-04-17 21:00:00,98
moscow,8,Sheremetyevo,2026-04-17 22:00:00,99
moscow,8,Sheremetyevo,2026-04-17 23:00:00,99
moscow,8,Sheremetyevo,2026-04-18 00:00:00,83
moscow,8,Sheremetyevo,2026-04-18 01:00:00,93
moscow,8,Sheremetyevo,2026-04-18 02:00:00,92
moscow,8,Sheremetyevo,2026-04-18 03:00:00,88
moscow,8,Sheremetyevo,2026-04-18 04:00:00,94
moscow,8,Sheremetyevo,2026-04-18 05:00:00,90
moscow,8,Sheremetyevo,2026-04-18 06:00:00,90
moscow,8,Sheremetyevo,2026-04-18 07:00:00,86
moscow,8,Sheremetyevo,2026-04-18 08:00:00,78
moscow,8,Sheremetyevo,2026-04-18 09:00:00,78
moscow,8,Sheremetyevo,2026-04-18 10:00:00,69
moscow,8,Sheremetyevo,2026-04-18 11:00:00,65
moscow,8,Sheremetyevo,2026-04-18 12:00:00,61
moscow,8,Sheremetyevo,2026-04-18 13:00:00,64
moscow,8,Sheremetyevo,2026-04-18 14:00:00,57
moscow,8,Sheremetyevo,2026-04-18 15:00:00,63
moscow,8,Sheremetyevo,2026-04-18 16:00:00,65
moscow,8,Sheremetyevo,2026-04-18 17:00:00,58
moscow,8,Sheremetyevo,2026-04-18 18:00:00,52
moscow,8,Sheremetyevo,2026-04-18 19:00:00,71
moscow,8,Sheremetyevo,2026-04-18 20:00:00,91
moscow,8,Sheremetyevo,2026-04-18 21:00:00,95
moscow,8,Sheremetyevo,2026-04-18 22:00:00,102
moscow,8,Sheremetyevo,2026-04-18 23:00:00,109
moscow,8,Sheremetyevo,2026-04-19 00:00:00,95
moscow,8,Sheremetyevo,2026-04-19 01:00:00,93
moscow,8,Sheremetyevo,2026-04-19 02:00:00,99
moscow,8,Sheremetyevo,2026-04-19 03:00:00,97
moscow,8,Sheremetyevo,2026-04-19 04:00:00,93
moscow,8,Sheremetyevo,2026-04-19 05:00:00,91
moscow,8,Sheremetyevo,2026-04-19 06:00:00,91
moscow,8,Sheremetyevo,2026-04-19 07:00:00,89
moscow,8,Sheremetyevo,2026-04-19 08:00:00,85
moscow,8,Sheremetyevo,2026-04-19 09:00:00,76
moscow,8,Sheremetyevo,2026-04-19 10:00:00,73
moscow,8,Sheremetyevo,2026-04-19 11:00:00,70
moscow,8,Sheremetyevo,2026-04-19 12:00:00,63
moscow,8,Sheremetyevo,2026-04-19 13:00:00,57
moscow,8,Sheremetyevo,2026-04-19 14:00:00,57
moscow,8,Sheremetyevo,2026-04-19 15:00:00,58
moscow,8,Sheremetyevo,2026-04-19 16:00:00,63
moscow,8,Sheremetyevo,2026-04-19 17:00:00,67
moscow,8,Sheremetyevo,2026-04-19 18:00:00,59
moscow,8,Sheremetyevo,2026-04-19 19:00:00,66
moscow,8,Sheremetyevo,2026-04-19 20:00:00,92
moscow,8,Sheremetyevo,2026-04-19 21:00:00,103
moscow,8,Sheremetyevo,2026-04-19 22:00:00,104
moscow,8,Sheremetyevo,2026-04-19 23:00:00,110
moscow,8,Sheremetyevo,2026-04-20 00:00:00,105
moscow,8,Sheremetyevo,2026-04-20 01:00:00,116
moscow,8,Sheremetyevo,2026-04-20 02:00:00,115
moscow,8,Sheremetyevo,2026-04-20 03:00:00,114
moscow,8,Sheremetyevo,2026-04-20 04:00:00,115
moscow,8,Sheremetyevo,2026-04-20 05:00:00,118
moscow,8,Sheremetyevo,2026-04-20 06:00:00,106
moscow,8,Sheremetyevo,2026-04-20 07:00:00,102
moscow,8,Sheremetyevo,2026-04-20 08:00:00,105
moscow,8,Sheremetyevo,2026-04-20 09:00:00,94
moscow,8,Sheremetyevo,2026-04-20 10:00:00,91
moscow,8,Sheremetyevo,2026-04-20 11:00:00,85
moscow,8,Sheremetyevo,2026-04-20 12:00:00,78
moscow,8,Sheremetyevo,2026-04-20 13:00:00,74
moscow,8,Sheremetyevo,2026-04-20 14:00:00,76
moscow,8,Sheremetyevo,2026-04-20 15:00:00,77
moscow,8,Sheremetyevo,2026-04-20 16:00:00,77
moscow,8,Sheremetyevo,2026-04-20 17:00:00,71
moscow,8,Sheremetyevo,2026-04-20 18:00:00,84
moscow,8,Sheremetyevo,2026-04-20 19:00:00,82
moscow,8,Sheremetyevo,2026-04-20 20:00:00,86
moscow,8,Sheremetyevo,2026-04-20 21:00:00,94
moscow,8,Sheremetyevo,2026-04-20 22:00:00,104
moscow,8,Sheremetyevo,2026-04-20 23:00:00,108
moscow,8,Sheremetyevo,2026-04-21 00:00:00,111
moscow,8,Sheremetyevo,2026-04-21 01:00:00,118
moscow,8,Sheremetyevo,2026-04-21 02:00:00,118
moscow,8,Sheremetyevo,2026-04-21 03:00:00,116
moscow,8,Sheremetyevo,2026-04-21 04:00:00,114
moscow,8,Sheremetyevo,2026-04-21 05:00:00,116
moscow,8,Sheremetyevo,2026-04-21 06:00:00,111
moscow,8,Sheremetyevo,2026-04-21 07:00:00,101
moscow,8,Sheremetyevo,2026-04-21 08:00:00,105
moscow,8,Sheremetyevo,2026-04-21 09:00:00,94
moscow,8,Sheremetyevo,2026-04-21 10:00:00,96
moscow,8,Sheremetyevo,2026-04-21 11:00:00,79
moscow,8,Sheremetyevo,2026-04-21 12:00:00,79
moscow,8,Sheremetyevo,2026-04-21 13:00:00,74
moscow,8,Sheremetyevo,2026-04-21 14:00:00,71
moscow,8,Sheremetyevo,2026-04-21 15:00:00,72
moscow,8,Sheremetyevo,2026-04-21 16:00:00,81
moscow,8,Sheremetyevo,2026-04-21 17:00:00,77
moscow,8,Sheremetyevo,2026-04-21 18:00:00,77
moscow,8,Sheremetyevo,2026-04-21 19:00:00,78
moscow,8,Sheremetyevo,2026-04-21 20:00:00,84
moscow,8,Sheremetyevo,2026-04-21 21:00:00,94
moscow,8,Sheremetyevo,2026-04-21 22:00:00,99
moscow,8,Sheremetyevo,2026-04-21 23:00:00,106
moscow,8,Sheremetyevo,2026-04-22 00:00:00,104
moscow,8,Sheremetyevo,2026-04-22 01:00:00,116
moscow,8,Sheremetyevo,2026-04-22 02:00:00,123
moscow,8,Sheremetyevo,2026-04-22 03:00:00,126
moscow,8,Sheremetyevo,2026-04-22 04:00:00,111
moscow,8,Sheremetyevo,2026-04-22 05:00:00,113
moscow,8,Sheremetyevo,2026-04-22 06:00:00,109
moscow,8,Sheremetyevo,2026-04-22 07:00:00,109
moscow,8,Sheremetyevo,2026-04-22 08:00:00,98
moscow,8,Sheremetyevo,2026-04-22 09:00:00,103
moscow,8,Sheremetyevo,2026-04-22 10:00:00,91
moscow,8,Sheremetyevo,2026-04-22 11:00:00,86
moscow,8,Sheremetyevo,2026-04-22 12:00:00,88
moscow,8,Sheremetyevo,2026-04-22 13:00:00,78
moscow,8,Sheremetyevo,2026-04-22 14:00:00,77
moscow,8,Sheremetyevo,2026-04-22 15:00:00,72
moscow,8,Sheremetyevo,2026-04-22 16:00:00,71
moscow,8,Sheremetyevo,2026-04-22 17:00:00,76
moscow,8,Sheremetyevo,2026-04-22 18:00:00,90
moscow,8,Sheremetyevo,2026-04-22 19:00:00,89
moscow,8,Sheremetyevo,2026-04-22 20:00:00,93
moscow,8,Sheremetyevo,2026-04-22 21:00:00,94
moscow,8,Sheremetyevo,2026-04-22 22:00:00,107
moscow,8,Sheremetyevo,2026-04-22 23:00:00,103
moscow,8,Sheremetyevo,2026-04-23 00:00:00,109
moscow,8,Sheremetyevo,2026-04-23 01:00:00,116
moscow,8,Sheremetyevo,2026-04-23 02:00:00,128
moscow,8,Sheremetyevo,2026-04-23 03:00:00,128
moscow,8,Sheremetyevo,2026-04-23 04:00:00,118
moscow,8,Sheremetyevo,2026-04-23 05:00:00,115
moscow,8,Sheremetyevo,2026-04-23 06:00:00,108
moscow,8,Sheremetyevo,2026-04-23 07:00:00,110
moscow,8,Sheremetyevo,2026-04-23 08:00:00,105
moscow,8,Sheremetyevo,2026-04-23 09:00:00,101
moscow,8,Sheremetyevo,2026-04-23 10:00:00,96
moscow,8,Sheremetyevo,2026-04-23 11:00:00,87
moscow,8,Sheremetyevo,2026-04-23 12:00:00,85
moscow,8,Sheremetyevo,2026-04-23 13:00:00,77
moscow,8,Sheremetyevo,2026-04-23 14:00:00,79
moscow,8,Sheremetyevo,2026-04-23 15:00:00,75
moscow,8,Sheremetyevo,2026-04-23 16:00:00,79
moscow,8,Sheremetyevo,2026-04-23 17:00:00,81
moscow,8,Sheremetyevo,2026-04-23 18:00:00,84
moscow,8,Sheremetyevo,2026-04-23 19:00:00,91
moscow,8,Sheremetyevo,2026-04-23 20:00:00,87
moscow,8,Sheremetyevo,2026-04-23 21:00:00,95
moscow,8,Sheremetyevo,2026-04-23 22:00:00,104
moscow,8,Sheremetyevo,2026-04-23 23:00:00,105
moscow,8,Sheremetyevo,2026-04-24 00:00:00,114
moscow,8,Sheremetyevo,2026-04-24 01:00:00,118
moscow,8,Sheremetyevo,2026-04-24 02:00:00,127
moscow,8,Sheremetyevo,2026-04-24 03:00:00,123
moscow,8,Sheremetyevo,2026-04-24 04:00:00,125
moscow,8,Sheremetyevo,2026-04-24 05:00:00,120
moscow,8,Sheremetyevo,2026-04-24 06:00:00,114
moscow,8,Sheremetyevo,2026-04-24 07:00:00,111
moscow,8,Sheremetyevo,2026-04-24 08:00:00,108
moscow,8,Sheremetyevo,2026-04-24 09:00:00,104
moscow,8,Sheremetyevo,2026-04-24 10:00:00,94
moscow,8,Sheremetyevo,2026-04-24 11:00:00,83
moscow,8,Sheremetyevo,2026-04-24 12:00:00,78
moscow,8,Sheremetyevo,2026-04-24 13:00:00,80
moscow,8,Sheremetyevo,2026-04-24 14:00:00,70
moscow,8,Sheremetyevo,2026-04-24 15:00:00,85
moscow,8,Sheremetyevo,2026-04-24 16:00:00,81
moscow,8,Sheremetyevo,2026-04-24 17:00:00,79
moscow,8,Sheremetyevo,2026-04-24 18:00:00,81
moscow,8,Sheremetyevo,2026-04-24 19:00:00,93
moscow,8,Sheremetyevo,2026-04-24 20:00:00,91
moscow,8,Sheremetyevo,2026-04-24 21:00:00,97
moscow,8,Sheremetyevo,2026-04-24 22:00:00,103
moscow,8,Sheremetyevo,2026-04-24 23:00:00,112
moscow,8,Sheremetyevo,2026-04-25 00:00:00,101
moscow,8,Sheremetyevo,2026-04-25 01:00:00,106
moscow,8,Sheremetyevo,2026-04-25 02:00:00,107
moscow,8,Sheremetyevo,2026-04-25 03:00:00,103
moscow,8,Sheremetyevo,2026-04-25 04:00:00,107
moscow,8,Sheremetyevo,2026-04-25 05:00:00,98
moscow,8,Sheremetyevo,2026-04-25 06:00:00,91
moscow,8,Sheremetyevo,2026-04-25 07:00:00,92
moscow,8,Sheremetyevo,2026-04-25 08:00:00,87
moscow,8,Sheremetyevo,2026-04-25 09:00:00,83
moscow,8,Sheremetyevo,2026-04-25 10:00:00,77
moscow,8,Sheremetyevo,2026-04-25 11:00:00,75
moscow,8,Sheremetyevo,2026-04-25 12:00:00,75
moscow,8,Sheremetyevo,2026-04-25 13:00:00,77
moscow,8,Sheremetyevo,2026-04-25 14:00:00,62
moscow,8,Sheremetyevo,2026-04-25 15:00:00,63
moscow,8,Sheremetyevo,2026-04-25 16:00:00,66
moscow,8,Sheremetyevo,2026-04-25 17:00:00,73
moscow,8,Sheremetyevo,2026-04-25 18:00:00,73
moscow,8,Sheremetyevo,2026-04-25 19:00:00,74
moscow,8,Sheremetyevo,2026-04-25 20:00:00,105
moscow,8,Sheremetyevo,2026-04-25 21:00:00,112
moscow,8,Sheremetyevo,2026-04-25 22:00:00,114
moscow,8,Sheremetyevo,2026-04-25 23:00:00,117
moscow,8,Sheremetyevo,2026-04-26 00:00:00,101
moscow,8,Sheremetyevo,2026-04-26 01:00:00,102
moscow,8,Sheremetyevo,2026-04-26 02:00:00,103
moscow,8,Sheremetyevo,2026-04-26 03:00:00,103
moscow,8,Sheremetyevo,2026-04-26 04:00:00,108
moscow,8,Sheremetyevo,2026-04-26 05:00:00,103
moscow,8,Sheremetyevo,2026-04-26 06:00:00,103
moscow,8,Sheremetyevo,2026-04-26 07:00:00,101
moscow,8,Sheremetyevo,2026-04-26 08:00:00,93
moscow,8,Sheremetyevo,2026-04-26 09:00:00,85
moscow,8,Sheremetyevo,2026-04-26 10:00:00,86
moscow,8,Sheremetyevo,2026-04-26 11:00:00,80
moscow,8,Sheremetyevo,2026-04-26 12:00:00,84
moscow,8,Sheremetyevo,2026-04-26 13:00:00,73
moscow,8,Sheremetyevo,2026-04-26 14:00:00,73
moscow,8,Sheremetyevo,2026-04-26 15:00:00,71
moscow,8,Sheremetyevo,2026-04-26 16:00:00,70
moscow,8,Sheremetyevo,2026-04-26 17:00:00,71
moscow,8,Sheremetyevo,2026-04-26 18:00:00,76
moscow,8,Sheremetyevo,2026-04-26 19:00:00,80
moscow,8,Sheremetyevo,2026-04-26 20:00:00,108
moscow,8,Sheremetyevo,2026-04-26 21:00:00,111
moscow,8,Sheremetyevo,2026-04-26 22:00:00,114
moscow,8,Sheremetyevo,2026-04-26 23:00:00,120
moscow,8,Sheremetyevo,2026-04-27 00:00:00,115
moscow,8,Sheremetyevo,2026-04-27 01:00:00,130
moscow,8,Sheremetyevo,2026-04-27 02:00:00,124
moscow,8,Sheremetyevo,2026-04-27 03:00:00,130
moscow,8,Sheremetyevo,2026-04-27 04:00:00,127
moscow,8,Sheremetyevo,2026-04-27 05:00:00,125
moscow,8,Sheremetyevo,2026-04-27 06:00:00,119
moscow,8,Sheremetyevo,2026-04-27 07:00:00,112
moscow,8,Sheremetyevo,2026-04-27 08:00:00,106
moscow,8,Sheremetyevo,2026-04-27 09:00:00,111
moscow,8,Sheremetyevo,2026-04-27 10:00:00,99
moscow,8,Sheremetyevo,2026-04-27 11:00:00,98
moscow,8,Sheremetyevo,2026-04-27 12:00:00,94
moscow,8,Sheremetyevo,2026-04-27 13:00:00,84
moscow,8,Sheremetyevo,2026-04-27 14:00:00,85
moscow,8,Sheremetyevo,2026-04-27 15:00:00,83
moscow,8,Sheremetyevo,2026-04-27 16:00:00,79
moscow,8,Sheremetyevo,2026-04-27 17:00:00,85
moscow,8,Sheremetyevo,2026-04-27 18:00:00,91
moscow,8,Sheremetyevo,2026-04-27 19:00:00,92
moscow,8,Sheremetyevo,2026-04-27 20:00:00,98
moscow,8,Sheremetyevo,2026-04-27 21:00:00,104
moscow,8,Sheremetyevo,2026-04-27 22:00:00,119
moscow,8,Sheremetyevo,2026-04-27 23:00:00,109
moscow,8,Sheremetyevo,2026-04-28 00:00:00,124
moscow,8,Sheremetyevo,2026-04-28 01:00:00,124
moscow,8,Sheremetyevo,2026-04-28 02:00:00,125
moscow,8,Sheremetyevo,2026-04-28 03:00:00,127
moscow,8,Sheremetyevo,2026-04-28 04:00:00,130
moscow,8,Sheremetyevo,2026-04-28 05:00:00,128
moscow,8,Sheremetyevo,2026-04-28 06:00:00,122
moscow,8,Sheremetyevo,2026-04-28 07:00:00,121
moscow,8,Sheremetyevo,2026-04-28 08:00:00,116
moscow,8,Sheremetyevo,2026-04-28 09:00:00,109
moscow,8,Sheremetyevo,2026-04-28 10:00:00,98
moscow,8,Sheremetyevo,2026-04-28 11:00:00,97
moscow,8,Sheremetyevo,2026-04-28 12:00:00,92
moscow,8,Sheremetyevo,2026-04-28 13:00:00,84
moscow,8,Sheremetyevo,2026-04-28 14:00:00,79
moscow,8,Sheremetyevo,2026-04-28 15:00:00,76
moscow,8,Sheremetyevo,2026-04-28 16:00:00,85
moscow,8,Sheremetyevo,2026-04-28 17:00:00,88
moscow,8,Sheremetyevo,2026-04-28 18:00:00,86
moscow,8,Sheremetyevo,2026-04-28 19:00:00,99
moscow,8,Sheremetyevo,2026-04-28 20:00:00,101
moscow,8,Sheremetyevo,2026-04-28 21:00:00,111
moscow,8,Sheremetyevo,2026-04-28 22:00:00,113
moscow,8,Sheremetyevo,2026-04-28 23:00:00,113
moscow,8,Sheremetyevo,2026-04-29 00:00:00,125
moscow,8,Sheremetyevo,2026-04-29 01:00:00,129
moscow,8,Sheremetyevo,2026-04-29 02:00:00,127
moscow,8,Sheremetyevo,2026-04-29 03:00:00,124
moscow,8,Sheremetyevo,2026-04-29 04:00:00,129
moscow,8,Sheremetyevo,2026-04-29 05:00:00,123
moscow,8,Sheremetyevo,2026-04-29 06:00:00,127
moscow,8,Sheremetyevo,2026-04-29 07:00:00,117
moscow,8,Sheremetyevo,2026-04-29 08:00:00,119
moscow,8,Sheremetyevo,2026-04-29 09:00:00,99
moscow,8,Sheremetyevo,2026-04-29 10:00:00,102
moscow,8,Sheremetyevo,2026-04-29 11:00:00,102
moscow,8,Sheremetyevo,2026-04-29 12:00:00,88
moscow,8,Sheremetyevo,2026-04-29 13:00:00,88
moscow,8,Sheremetyevo,2026-04-29 14:00:00,84
moscow,8,Sheremetyevo,2026-04-29 15:00:00,83
moscow,8,Sheremetyevo,2026-04-29 16:00:00,87
moscow,8,Sheremetyevo,2026-04-29 17:00:00,83
moscow,8,Sheremetyevo,2026-04-29 18:00:00,92
moscow,8,Sheremetyevo,2026-04-29 19:00:00,99
moscow,8,Sheremetyevo,2026-04-29 20:00:00,101
moscow,8,Sheremetyevo,2026-04-29 21:00:00,104
moscow,8,Sheremetyevo,2026-04-29 22:00:00,117
moscow,8,Sheremetyevo,2026-04-29 23:00:00,122
moscow,8,Sheremetyevo,2026-04-30 00:00:00,121
moscow,8,Sheremetyevo,2026-04-30 01:00:00,123
moscow,8,Sheremetyevo,2026-04-30 02:00:00,127
moscow,8,Sheremetyevo,2026-04-30 03:00:00,133
moscow,8,Sheremetyevo,2026-04-30 04:00:00,131
moscow,8,Sheremetyevo,2026-04-30 05:00:00,131
moscow,8,Sheremetyevo,2026-04-30 06:00:00,123
moscow,8,Sheremetyevo,2026-04-30 07:00:00,116
moscow,8,Sheremetyevo,2026-04-30 08:00:00,118
moscow,8,Sheremetyevo,2026-04-30 09:00:00,106
moscow,8,Sheremetyevo,2026-04-30 10:00:00,104
moscow,8,Sheremetyevo,2026-04-30 11:00:00,92
moscow,8,Sheremetyevo,2026-04-30 12:00:00,91
moscow,8,Sheremetyevo,2026-04-30 13:00:00,93
moscow,8,Sheremetyevo,2026-04-30 14:00:00,85
moscow,8,Sheremetyevo,2026-04-30 15:00:00,90
moscow,8,Sheremetyevo,2026-04-30 16:00:00,79
moscow,8,Sheremetyevo,2026-04-30 17:00:00,88
moscow,8,Sheremetyevo,2026-04-30 18:00:00,93
moscow,8,Sheremetyevo,2026-04-30 19:00:00,105
moscow,8,Sheremetyevo,2026-04-30 20:00:00,99
moscow,8,Sheremetyevo,2026-04-30 21:00:00,112
moscow,8,Sheremetyevo,2026-04-30 22:00:00,119
moscow,8,Sheremetyevo,2026-04-30 23:00:00,117
moscow,8,Sheremetyevo,2026-05-01 00:00:00,125
moscow,8,Sheremetyevo,2026-05-01 01:00:00,130
moscow,8,Sheremetyevo,2026-05-01 02:00:00,126
moscow,8,Sheremetyevo,2026-05-01 03:00:00,131
moscow,8,Sheremetyevo,2026-05-01 04:00:00,136
moscow,8,Sheremetyevo,2026-05-01 05:00:00,131
moscow,8,Sheremetyevo,2026-05-01 06:00:00,125
moscow,8,Sheremetyevo,2026-05-01 07:00:00,121
moscow,8,Sheremetyevo,2026-05-01 08:00:00,118
moscow,8,Sheremetyevo,2026-05-01 09:00:00,113
moscow,8,Sheremetyevo,2026-05-01 10:00:00,102
moscow,8,Sheremetyevo,2026-05-01 11:00:00,105
moscow,8,Sheremetyevo,2026-05-01 12:00:00,99
moscow,8,Sheremetyevo,2026-05-01 13:00:00,94
moscow,8,Sheremetyevo,2026-05-01 14:00:00,86
moscow,8,Sheremetyevo,2026-05-01 15:00:00,84
moscow,8,Sheremetyevo,2026-05-01 16:00:00,88
moscow,8,Sheremetyevo,2026-05-01 17:00:00,92
moscow,8,Sheremetyevo,2026-05-01 18:00:00,88
moscow,8,Sheremetyevo,2026-05-01 19:00:00,101
moscow,8,Sheremetyevo,2026-05-01 20:00:00,110
moscow,8,Sheremetyevo,2026-05-01 21:00:00,113
moscow,8,Sheremetyevo,2026-05-01 22:00:00,114
moscow,8,Sheremetyevo,2026-05-01 23:00:00,119
moscow,8,Sheremetyevo,2026-05-02 00:00:00,110
moscow,8,Sheremetyevo,2026-05-02 01:00:00,111
moscow,8,Sheremetyevo,2026-05-02 02:00:00,115
moscow,8,Sheremetyevo,2026-05-02 03:00:00,116
moscow,8,Sheremetyevo,2026-05-02 04:00:00,117
moscow,8,Sheremetyevo,2026-05-02 05:00:00,107
moscow,8,Sheremetyevo,2026-05-02 06:00:00,109
moscow,8,Sheremetyevo,2026-05-02 07:00:00,103
moscow,8,Sheremetyevo,2026-05-02 08:00:00,100
moscow,8,Sheremetyevo,2026-05-02 09:00:00,99
moscow,8,Sheremetyevo,2026-05-02 10:00:00,95
moscow,8,Sheremetyevo,2026-05-02 11:00:00,92
moscow,8,Sheremetyevo,2026-05-02 12:00:00,85
moscow,8,Sheremetyevo,2026-05-02 13:00:00,80
moscow,8,Sheremetyevo,2026-05-02 14:00:00,78
moscow,8,Sheremetyevo,2026-05-02 15:00:00,71
moscow,8,Sheremetyevo,2026-05-02 16:00:00,84
moscow,8,Sheremetyevo,2026-05-02 17:00:00,79
moscow,8,Sheremetyevo,2026-05-02 18:00:00,85
moscow,8,Sheremetyevo,2026-05-02 19:00:00,90
moscow,8,Sheremetyevo,2026-05-02 20:00:00,108
moscow,8,Sheremetyevo,2026-05-02 21:00:00,115
moscow,8,Sheremetyevo,2026-05-02 22:00:00,131
moscow,8,Sheremetyevo,2026-05-02 23:00:00,131
moscow,8,Sheremetyevo,2026-05-03 00:00:00,108
moscow,8,Sheremetyevo,2026-05-03 01:00:00,112
moscow,8,Sheremetyevo,2026-05-03 02:00:00,118
moscow,8,Sheremetyevo,2026-05-03 03:00:00,118
moscow,8,Sheremetyevo,2026-05-03 04:00:00,109
moscow,8,Sheremetyevo,2026-05-03 05:00:00,119
moscow,8,Sheremetyevo,2026-05-03 06:00:00,113
moscow,8,Sheremetyevo,2026-05-03 07:00:00,105
moscow,8,Sheremetyevo,2026-05-03 08:00:00,97
moscow,8,Sheremetyevo,2026-05-03 09:00:00,101
moscow,8,Sheremetyevo,2026-05-03 10:00:00,94
moscow,8,Sheremetyevo,2026-05-03 11:00:00,82
moscow,8,Sheremetyevo,2026-05-03 12:00:00,84
moscow,8,Sheremetyevo,2026-05-03 13:00:00,94
moscow,8,Sheremetyevo,2026-05-03 14:00:00,80
moscow,8,Sheremetyevo,2026-05-03 15:00:00,77
moscow,8,Sheremetyevo,2026-05-03 16:00:00,76
moscow,8,Sheremetyevo,2026-05-03 17:00:00,89
moscow,8,Sheremetyevo,2026-05-03 18:00:00,88
moscow,8,Sheremetyevo,2026-05-03 19:00:00,94
moscow,8,Sheremetyevo,2026-05-03 20:00:00,115
moscow,8,Sheremetyevo,2026-05-03 21:00:00,125
moscow,8,Sheremetyevo,2026-05-03 22:00:00,123
moscow,8,Sheremetyevo,2026-05-03 23:00:00,132
moscow,8,Sheremetyevo,2026-05-04 00:00:00,132
moscow,8,Sheremetyevo,2026-05-04 01:00:00,139
moscow,8,Sheremetyevo,2026-05-04 02:00:00,137
moscow,8,Sheremetyevo,2026-05-04 03:00:00,134
moscow,8,Sheremetyevo,2026-05-04 04:00:00,136
moscow,8,Sheremetyevo,2026-05-04 05:00:00,127
moscow,8,Sheremetyevo,2026-05-04 06:00:00,121
moscow,8,Sheremetyevo,2026-05-04 07:00:00,129
moscow,8,Sheremetyevo,2026-05-04 08:00:00,119
moscow,8,Sheremetyevo,2026-05-04 09:00:00,113
moscow,8,Sheremetyevo,2026-05-04 10:00:00,112
moscow,8,Sheremetyevo,2026-05-04 11:00:00,109
moscow,8,Sheremetyevo,2026-05-04 12:00:00,101
moscow,8,Sheremetyevo,2026-05-04 13:00:00,103
moscow,8,Sheremetyevo,2026-05-04 14:00:00,95
moscow,8,Sheremetyevo,2026-05-04 15:00:00,94
moscow,8,Sheremetyevo,2026-05-04 16:00:00,94
moscow,8,Sheremetyevo,2026-05-04 17:00:00,91
moscow,8,Sheremetyevo,2026-05-04 18:00:00,103
moscow,8,Sheremetyevo,2026-05-04 19:00:00,94
moscow,8,Sheremetyevo,2026-05-04 20:00:00,107
moscow,8,Sheremetyevo,2026-05-04 21:00:00,115
moscow,8,Sheremetyevo,2026-05-04 22:00:00,118
moscow,8,Sheremetyevo,2026-05-04 23:00:00,124
moscow,8,Sheremetyevo,2026-05-05 00:00:00,139
moscow,8,Sheremetyevo,2026-05-05 01:00:00,140
moscow,8,Sheremetyevo,2026-05-05 02:00:00,135
moscow,8,Sheremetyevo,2026-05-05 03:00:00,136
moscow,8,Sheremetyevo,2026-05-05 04:00:00,132
moscow,8,Sheremetyevo,2026-05-05 05:00:00,138
moscow,8,Sheremetyevo,2026-05-05 06:00:00,130
moscow,8,Sheremetyevo,2026-05-05 07:00:00,119
moscow,8,Sheremetyevo,2026-05-05 08:00:00,122
moscow,8,Sheremetyevo,2026-05-05 09:00:00,117
moscow,8,Sheremetyevo,2026-05-05 10:00:00,114
moscow,8,Sheremetyevo,2026-05-05 11:00:00,104
moscow,8,Sheremetyevo,2026-05-05 12:00:00,99
moscow,8,Sheremetyevo,2026-05-05 13:00:00,104
moscow,8,Sheremetyevo,2026-05-05 14:00:00,95
moscow,8,Sheremetyevo,2026-05-05 15:00:00,97
moscow,8,Sheremetyevo,2026-05-05 16:00:00,93
moscow,8,Sheremetyevo,2026-05-05 17:00:00,100
moscow,8,Sheremetyevo,2026-05-05 18:00:00,95
moscow,8,Sheremetyevo,2026-05-05 19:00:00,104
moscow,8,Sheremetyevo,2026-05-05 20:00:00,106
moscow,8,Sheremetyevo,2026-05-05 21:00:00,114
moscow,8,Sheremetyevo,2026-05-05 22:00:00,127
moscow,8,Sheremetyevo,2026-05-05 23:00:00,125
moscow,8,Sheremetyevo,2026-05-06 00:00:00,136
moscow,8,Sheremetyevo,2026-05-06 01:00:00,143
moscow,8,Sheremetyevo,2026-05-06 02:00:00,139
moscow,8,Sheremetyevo,2026-05-06 03:00:00,143
moscow,8,Sheremetyevo,2026-05-06 04:00:00,141
moscow,8,Sheremetyevo,2026-05-06 05:00:00,137
moscow,8,Sheremetyevo,2026-05-06 06:00:00,136
moscow,8,Sheremetyevo,2026-05-06 07:00:00,135
moscow,8,Sheremetyevo,2026-05-06 08:00:00,120
moscow,8,Sheremetyevo,2026-05-06 09:00:00,113
moscow,8,Sheremetyevo,2026-05-06 10:00:00,108
moscow,8,Sheremetyevo,2026-05-06 11:00:00,110
moscow,8,Sheremetyevo,2026-05-06 12:00:00,106
moscow,8,Sheremetyevo,2026-05-06 13:00:00,96
moscow,8,Sheremetyevo,2026-05-06 14:00:00,88
moscow,8,Sheremetyevo,2026-05-06 15:00:00,93
moscow,8,Sheremetyevo,2026-05-06 16:00:00,98
moscow,8,Sheremetyevo,2026-05-06 17:00:00,98
moscow,8,Sheremetyevo,2026-05-06 18:00:00,103
moscow,8,Sheremetyevo,2026-05-06 19:00:00,105
moscow,8,Sheremetyevo,2026-05-06 20:00:00,116
moscow,8,Sheremetyevo,2026-05-06 21:00:00,119
moscow,8,Sheremetyevo,2026-05-06 22:00:00,126
moscow,8,Sheremetyevo,2026-05-06 23:00:00,129
moscow,8,Sheremetyevo,2026-05-07 00:00:00,137
moscow,8,Sheremetyevo,2026-05-07 01:00:00,140
moscow,8,Sheremetyevo,2026-05-07 02:00:00,137
moscow,8,Sheremetyevo,2026-05-07 03:00:00,142
moscow,8,Sheremetyevo,2026-05-07 04:00:00,143
moscow,8,Sheremetyevo,2026-05-07 05:00:00,142
moscow,8,Sheremetyevo,2026-05-07 06:00:00,136
moscow,8,Sheremetyevo,2026-05-07 07:00:00,126
moscow,8,Sheremetyevo,2026-05-07 08:00:00,121
moscow,8,Sheremetyevo,2026-05-07 09:00:00,117
moscow,8,Sheremetyevo,2026-05-07 10:00:00,114
moscow,8,Sheremetyevo,2026-05-07 11:00:00,107
moscow,8,Sheremetyevo,2026-05-07 12:00:00,99
moscow,8,Sheremetyevo,2026-05-07 13:00:00,95
moscow,8,Sheremetyevo,2026-05-07 14:00:00,89
moscow,8,Sheremetyevo,2026-05-07 15:00:00,85
moscow,8,Sheremetyevo,2026-05-07 16:00:00,97
moscow,8,Sheremetyevo,2026-05-07 17:00:00,109
moscow,8,Sheremetyevo,2026-05-07 18:00:00,110
moscow,8,Sheremetyevo,2026-05-07 19:00:00,104
moscow,8,Sheremetyevo,2026-05-07 20:00:00,114
moscow,8,Sheremetyevo,2026-05-07 21:00:00,114
moscow,8,Sheremetyevo,2026-05-07 22:00:00,120
moscow,8,Sheremetyevo,2026-05-07 23:00:00,126
moscow,8,Sheremetyevo,2026-05-08 00:00:00,135
moscow,8,Sheremetyevo,2026-05-08 01:00:00,139
moscow,8,Sheremetyevo,2026-05-08 02:00:00,143
moscow,8,Sheremetyevo,2026-05-08 03:00:00,145
moscow,8,Sheremetyevo,2026-05-08 04:00:00,140
moscow,8,Sheremetyevo,2026-05-08 05:00:00,139
moscow,8,Sheremetyevo,2026-05-08 06:00:00,132
moscow,8,Sheremetyevo,2026-05-08 07:00:00,126
moscow,8,Sheremetyevo,2026-05-08 08:00:00,120
moscow,8,Sheremetyevo,2026-05-08 09:00:00,123
moscow,8,Sheremetyevo,2026-05-08 10:00:00,113
moscow,8,Sheremetyevo,2026-05-08 11:00:00,102
moscow,8,Sheremetyevo,2026-05-08 12:00:00,104
moscow,8,Sheremetyevo,2026-05-08 13:00:00,96
moscow,8,Sheremetyevo,2026-05-08 14:00:00,105
moscow,8,Sheremetyevo,2026-05-08 15:00:00,96
moscow,8,Sheremetyevo,2026-05-08 16:00:00,102
moscow,8,Sheremetyevo,2026-05-08 17:00:00,106
moscow,8,Sheremetyevo,2026-05-08 18:00:00,101
moscow,8,Sheremetyevo,2026-05-08 19:00:00,110
moscow,8,Sheremetyevo,2026-05-08 20:00:00,117
moscow,8,Sheremetyevo,2026-05-08 21:00:00,121
moscow,8,Sheremetyevo,2026-05-08 22:00:00,128
moscow,8,Sheremetyevo,2026-05-08 23:00:00,127
moscow,8,Sheremetyevo,2026-05-09 00:00:00,121
moscow,8,Sheremetyevo,2026-05-09 01:00:00,119
moscow,8,Sheremetyevo,2026-05-09 02:00:00,124
moscow,8,Sheremetyevo,2026-05-09 03:00:00,127
moscow,8,Sheremetyevo,2026-05-09 04:00:00,125
moscow,8,Sheremetyevo,2026-05-09 05:00:00,122
moscow,8,Sheremetyevo,2026-05-09 06:00:00,121
moscow,8,Sheremetyevo,2026-05-09 07:00:00,117
moscow,8,Sheremetyevo,2026-05-09 08:00:00,116
moscow,8,Sheremetyevo,2026-05-09 09:00:00,105
moscow,8,Sheremetyevo,2026-05-09 10:00:00,102
moscow,8,Sheremetyevo,2026-05-09 11:00:00,100
moscow,8,Sheremetyevo,2026-05-09 12:00:00,91
moscow,8,Sheremetyevo,2026-05-09 13:00:00,85
moscow,8,Sheremetyevo,2026-05-09 14:00:00,91
moscow,8,Sheremetyevo,2026-05-09 15:00:00,87
moscow,8,Sheremetyevo,2026-05-09 16:00:00,84
moscow,8,Sheremetyevo,2026-05-09 17:00:00,93
moscow,8,Sheremetyevo,2026-05-09 18:00:00,99
moscow,8,Sheremetyevo,2026-05-09 19:00:00,91
moscow,8,Sheremetyevo,2026-05-09 20:00:00,126
moscow,8,Sheremetyevo,2026-05-09 21:00:00,119
moscow,8,Sheremetyevo,2026-05-09 22:00:00,133
moscow,8,Sheremetyevo,2026-05-09 23:00:00,147
moscow,8,Sheremetyevo,2026-05-10 00:00:00,119
moscow,8,Sheremetyevo,2026-05-10 01:00:00,123
moscow,8,Sheremetyevo,2026-05-10 02:00:00,127
moscow,8,Sheremetyevo,2026-05-10 03:00:00,118
moscow,8,Sheremetyevo,2026-05-10 04:00:00,125
moscow,8,Sheremetyevo,2026-05-10 05:00:00,123
moscow,8,Sheremetyevo,2026-05-10 06:00:00,127
moscow,8,Sheremetyevo,2026-05-10 07:00:00,111
moscow,8,Sheremetyevo,2026-05-10 08:00:00,110
moscow,8,Sheremetyevo,2026-05-10 09:00:00,103
moscow,8,Sheremetyevo,2026-05-10 10:00:00,98
moscow,8,Sheremetyevo,2026-05-10 11:00:00,103
moscow,8,Sheremetyevo,2026-05-10 12:00:00,95
moscow,8,Sheremetyevo,2026-05-10 13:00:00,90
moscow,8,Sheremetyevo,2026-05-10 14:00:00,88
moscow,8,Sheremetyevo,2026-05-10 15:00:00,87
moscow,8,Sheremetyevo,2026-05-10 16:00:00,88
moscow,8,Sheremetyevo,2026-05-10 17:00:00,87
moscow,8,Sheremetyevo,2026-05-10 18:00:00,94
moscow,8,Sheremetyevo,2026-05-10 19:00:00,97
moscow,8,Sheremetyevo,2026-05-10 20:00:00,121
moscow,8,Sheremetyevo,2026-05-10 21:00:00,131
moscow,8,Sheremetyevo,2026-05-10 22:00:00,137
moscow,8,Sheremetyevo,2026-05-10 23:00:00,140
moscow,8,Sheremetyevo,2026-05-11 00:00:00,140
moscow,8,Sheremetyevo,2026-05-11 01:00:00,152
moscow,8,Sheremetyevo,2026-05-11 02:00:00,154
moscow,8,Sheremetyevo,2026-05-11 03:00:00,143
moscow,8,Sheremetyevo,2026-05-11 04:00:00,142
moscow,8,Sheremetyevo,2026-05-11 05:00:00,140
moscow,8,Sheremetyevo,2026-05-11 06:00:00,144
moscow,8,Sheremetyevo,2026-05-11 07:00:00,134
moscow,8,Sheremetyevo,2026-05-11 08:00:00,131
moscow,8,Sheremetyevo,2026-05-11 09:00:00,132
moscow,8,Sheremetyevo,2026-05-11 10:00:00,119
moscow,8,Sheremetyevo,2026-05-11 11:00:00,116
moscow,8,Sheremetyevo,2026-05-11 12:00:00,111
moscow,8,Sheremetyevo,2026-05-11 13:00:00,103
moscow,8,Sheremetyevo,2026-05-11 14:00:00,107
moscow,8,Sheremetyevo,2026-05-11 15:00:00,99
moscow,8,Sheremetyevo,2026-05-11 16:00:00,109
moscow,8,Sheremetyevo,2026-05-11 17:00:00,103
moscow,8,Sheremetyevo,2026-05-11 18:00:00,107
moscow,8,Sheremetyevo,2026-05-11 19:00:00,110
moscow,8,Sheremetyevo,2026-05-11 20:00:00,116
moscow,8,Sheremetyevo,2026-05-11 21:00:00,123
moscow,8,Sheremetyevo,2026-05-11 22:00:00,121
moscow,8,Sheremetyevo,2026-05-11 23:00:00,135
moscow,8,Sheremetyevo,2026-05-12 00:00:00,140
moscow,8,Sheremetyevo,2026-05-12 01:00:00,148
moscow,8,Sheremetyevo,2026-05-12 02:00:00,149
moscow,8,Sheremetyevo,2026-05-12 03:00:00,145
moscow,8,Sheremetyevo,2026-05-12 04:00:00,146
moscow,8,Sheremetyevo,2026-05-12 05:00:00,144
moscow,8,Sheremetyevo,2026-05-12 06:00:00,147
moscow,8,Sheremetyevo,2026-05-12 07:00:00,134
moscow,8,Sheremetyevo,2026-05-12 08:00:00,129
moscow,8,Sheremetyevo,2026-05-12 09:00:00,121
moscow,8,Sheremetyevo,2026-05-12 10:00:00,114
moscow,8,Sheremetyevo,2026-05-12 11:00:00,116
moscow,8,Sheremetyevo,2026-05-12 12:00:00,111
moscow,8,Sheremetyevo,2026-05-12 13:00:00,112
moscow,8,Sheremetyevo,2026-05-12 14:00:00,109
moscow,8,Sheremetyevo,2026-05-12 15:00:00,113
moscow,8,Sheremetyevo,2026-05-12 16:00:00,105
moscow,8,Sheremetyevo,2026-05-12 17:00:00,106
moscow,8,Sheremetyevo,2026-05-12 18:00:00,106
moscow,8,Sheremetyevo,2026-05-12 19:00:00,118
moscow,8,Sheremetyevo,2026-05-12 20:00:00,121
moscow,8,Sheremetyevo,2026-05-12 21:00:00,129
moscow,8,Sheremetyevo,2026-05-12 22:00:00,128
moscow,8,Sheremetyevo,2026-05-12 23:00:00,139
moscow,8,Sheremetyevo,2026-05-13 00:00:00,144
moscow,8,Sheremetyevo,2026-05-13 01:00:00,147
moscow,8,Sheremetyevo,2026-05-13 02:00:00,146
moscow,8,Sheremetyevo,2026-05-13 03:00:00,154
moscow,8,Sheremetyevo,2026-05-13 04:00:00,157
moscow,8,Sheremetyevo,2026-05-13 05:00:00,142
moscow,8,Sheremetyevo,2026-05-13 06:00:00,146
moscow,8,Sheremetyevo,2026-05-13 07:00:00,127
moscow,8,Sheremetyevo,2026-05-13 08:00:00,136
moscow,8,Sheremetyevo,2026-05-13 09:00:00,120
moscow,8,Sheremetyevo,2026-05-13 10:00:00,120
moscow,8,Sheremetyevo,2026-05-13 11:00:00,111
moscow,8,Sheremetyevo,2026-05-13 12:00:00,111
moscow,8,Sheremetyevo,2026-05-13 13:00:00,111
moscow,8,Sheremetyevo,2026-05-13 14:00:00,99
moscow,8,Sheremetyevo,2026-05-13 15:00:00,104
moscow,8,Sheremetyevo,2026-05-13 16:00:00,104
moscow,8,Sheremetyevo,2026-05-13 17:00:00,115
moscow,8,Sheremetyevo,2026-05-13 18:00:00,114
moscow,8,Sheremetyevo,2026-05-13 19:00:00,112
moscow,8,Sheremetyevo,2026-05-13 20:00:00,120
moscow,8,Sheremetyevo,2026-05-13 21:00:00,134
moscow,8,Sheremetyevo,2026-05-13 22:00:00,136
moscow,8,Sheremetyevo,2026-05-13 23:00:00,135
moscow,8,Sheremetyevo,2026-05-14 00:00:00,144
moscow,8,Sheremetyevo,2026-05-14 01:00:00,147
moscow,8,Sheremetyevo,2026-05-14 02:00:00,148
moscow,8,Sheremetyevo,2026-05-14 03:00:00,145
moscow,8,Sheremetyevo,2026-05-14 04:00:00,148
moscow,8,Sheremetyevo,2026-05-14 05:00:00,153
moscow,8,Sheremetyevo,2026-05-14 06:00:00,143
moscow,8,Sheremetyevo,2026-05-14 07:00:00,139
moscow,8,Sheremetyevo,2026-05-14 08:00:00,135
moscow,8,Sheremetyevo,2026-05-14 09:00:00,137
moscow,8,Sheremetyevo,2026-05-14 10:00:00,123
moscow,8,Sheremetyevo,2026-05-14 11:00:00,122
moscow,8,Sheremetyevo,2026-05-14 12:00:00,111
moscow,8,Sheremetyevo,2026-05-14 13:00:00,109
moscow,8,Sheremetyevo,2026-05-14 14:00:00,108
moscow,8,Sheremetyevo,2026-05-14 15:00:00,104
moscow,8,Sheremetyevo,2026-05-14 16:00:00,107
moscow,8,Sheremetyevo,2026-05-14 17:00:00,113
moscow,8,Sheremetyevo,2026-05-14 18:00:00,111
moscow,8,Sheremetyevo,2026-05-14 19:00:00,118
moscow,8,Sheremetyevo,2026-05-14 20:00:00,126
moscow,8,Sheremetyevo,2026-05-14 21:00:00,126
moscow,8,Sheremetyevo,2026-05-14 22:00:00,139
moscow,8,Sheremetyevo,2026-05-14 23:00:00,141
moscow,8,Sheremetyevo,2026-05-15 00:00:00,146
moscow,8,Sheremetyevo,2026-05-15 01:00:00,142
moscow,8,Sheremetyevo,2026-05-15 02:00:00,150
moscow,8,Sheremetyevo,2026-05-15 03:00:00,154
moscow,8,Sheremetyevo,2026-05-15 04:00:00,158
moscow,8,Sheremetyevo,2026-05-15 05:00:00,152
moscow,8,Sheremetyevo,2026-05-15 06:00:00,150
moscow,8,Sheremetyevo,2026-05-15 07:00:00,137
moscow,8,Sheremetyevo,2026-05-15 08:00:00,135
moscow,8,Sheremetyevo,2026-05-15 09:00:00,135
moscow,8,Sheremetyevo,2026-05-15 10:00:00,121
moscow,8,Sheremetyevo,2026-05-15 11:00:00,123
moscow,8,Sheremetyevo,2026-05-15 12:00:00,117
moscow,8,Sheremetyevo,2026-05-15 13:00:00,112
moscow,8,Sheremetyevo,2026-05-15 14:00:00,108
moscow,8,Sheremetyevo,2026-05-15 15:00:00,105
moscow,8,Sheremetyevo,2026-05-15 16:00:00,116
moscow,8,Sheremetyevo,2026-05-15 17:00:00,114
moscow,8,Sheremetyevo,2026-05-15 18:00:00,116
moscow,8,Sheremetyevo,2026-05-15 19:00:00,118
moscow,8,Sheremetyevo,2026-05-15 20:00:00,125
moscow,8,Sheremetyevo,2026-05-15 21:00:00,131
moscow,8,Sheremetyevo,2026-05-15 22:00:00,138
moscow,8,Sheremetyevo,2026-05-15 23:00:00,145
moscow,8,Sheremetyevo,2026-05-16 00:00:00,126
moscow,8,Sheremetyevo,2026-05-16 01:00:00,126
moscow,8,Sheremetyevo,2026-05-16 02:00:00,133
moscow,8,Sheremetyevo,2026-05-16 03:00:00,127
moscow,8,Sheremetyevo,2026-05-16 04:00:00,132
moscow,8,Sheremetyevo,2026-05-16 05:00:00,129
moscow,8,Sheremetyevo,2026-05-16 06:00:00,130
moscow,8,Sheremetyevo,2026-05-16 07:00:00,132
moscow,8,Sheremetyevo,2026-05-16 08:00:00,113
moscow,8,Sheremetyevo,2026-05-16 09:00:00,124
moscow,8,Sheremetyevo,2026-05-16 10:00:00,110
moscow,8,Sheremetyevo,2026-05-16 11:00:00,108
moscow,8,Sheremetyevo,2026-05-16 12:00:00,98
moscow,8,Sheremetyevo,2026-05-16 13:00:00,104
moscow,8,Sheremetyevo,2026-05-16 14:00:00,99
moscow,8,Sheremetyevo,2026-05-16 15:00:00,98
moscow,8,Sheremetyevo,2026-05-16 16:00:00,91
moscow,8,Sheremetyevo,2026-05-16 17:00:00,101
moscow,8,Sheremetyevo,2026-05-16 18:00:00,107
moscow,8,Sheremetyevo,2026-05-16 19:00:00,106
moscow,8,Sheremetyevo,2026-05-16 20:00:00,137
moscow,8,Sheremetyevo,2026-05-16 21:00:00,143
moscow,8,Sheremetyevo,2026-05-16 22:00:00,142
moscow,8,Sheremetyevo,2026-05-16 23:00:00,157
moscow,8,Sheremetyevo,2026-05-17 00:00:00,130
moscow,8,Sheremetyevo,2026-05-17 01:00:00,133
moscow,8,Sheremetyevo,2026-05-17 02:00:00,135
moscow,8,Sheremetyevo,2026-05-17 03:00:00,135
moscow,8,Sheremetyevo,2026-05-17 04:00:00,124
moscow,8,Sheremetyevo,2026-05-17 05:00:00,132
moscow,8,Sheremetyevo,2026-05-17 06:00:00,124
moscow,8,Sheremetyevo,2026-05-17 07:00:00,132
moscow,8,Sheremetyevo,2026-05-17 08:00:00,128
moscow,8,Sheremetyevo,2026-05-17 09:00:00,120
moscow,8,Sheremetyevo,2026-05-17 10:00:00,112
moscow,8,Sheremetyevo,2026-05-17 11:00:00,104
moscow,8,Sheremetyevo,2026-05-17 12:00:00,102
moscow,8,Sheremetyevo,2026-05-17 13:00:00,109
moscow,8,Sheremetyevo,2026-05-17 14:00:00,98
moscow,8,Sheremetyevo,2026-05-17 15:00:00,91
moscow,8,Sheremetyevo,2026-05-17 16:00:00,104
moscow,8,Sheremetyevo,2026-05-17 17:00:00,108
moscow,8,Sheremetyevo,2026-05-17 18:00:00,111
moscow,8,Sheremetyevo,2026-05-17 19:00:00,113
moscow,8,Sheremetyevo,2026-05-17 20:00:00,139
moscow,8,Sheremetyevo,2026-05-17 21:00:00,140
moscow,8,Sheremetyevo,2026-05-17 22:00:00,138
moscow,8,Sheremetyevo,2026-05-17 23:00:00,152
moscow,8,Sheremetyevo,2026-05-18 00:00:00,153
moscow,8,Sheremetyevo,2026-05-18 01:00:00,154
moscow,8,Sheremetyevo,2026-05-18 02:00:00,155
moscow,8,Sheremetyevo,2026-05-18 03:00:00,153
moscow,8,Sheremetyevo,2026-05-18 04:00:00,152
moscow,8,Sheremetyevo,2026-05-18 05:00:00,161
moscow,8,Sheremetyevo,2026-05-18 06:00:00,157
moscow,8,Sheremetyevo,2026-05-18 07:00:00,146
moscow,8,Sheremetyevo,2026-05-18 08:00:00,141
moscow,8,Sheremetyevo,2026-05-18 09:00:00,131
moscow,8,Sheremetyevo,2026-05-18 10:00:00,131
moscow,8,Sheremetyevo,2026-05-18 11:00:00,130
moscow,8,Sheremetyevo,2026-05-18 12:00:00,113
moscow,8,Sheremetyevo,2026-05-18 13:00:00,117
moscow,8,Sheremetyevo,2026-05-18 14:00:00,115
moscow,8,Sheremetyevo,2026-05-18 15:00:00,115
moscow,8,Sheremetyevo,2026-05-18 16:00:00,120
moscow,8,Sheremetyevo,2026-05-18 17:00:00,124
moscow,8,Sheremetyevo,2026-05-18 18:00:00,118
moscow,8,Sheremetyevo,2026-05-18 19:00:00,127
moscow,8,Sheremetyevo,2026-05-18 20:00:00,130
moscow,8,Sheremetyevo,2026-05-18 21:00:00,133
moscow,8,Sheremetyevo,2026-05-18 22:00:00,142
moscow,8,Sheremetyevo,2026-05-18 23:00:00,149
moscow,8,Sheremetyevo,2026-05-19 00:00:00,153
moscow,8,Sheremetyevo,2026-05-19 01:00:00,152
moscow,8,Sheremetyevo,2026-05-19 02:00:00,156
moscow,8,Sheremetyevo,2026-05-19 03:00:00,157
moscow,8,Sheremetyevo,2026-05-19 04:00:00,154
moscow,8,Sheremetyevo,2026-05-19 05:00:00,156
moscow,8,Sheremetyevo,2026-05-19 06:00:00,153
moscow,8,Sheremetyevo,2026-05-19 07:00:00,151
moscow,8,Sheremetyevo,2026-05-19 08:00:00,138
moscow,8,Sheremetyevo,2026-05-19 09:00:00,134
moscow,8,Sheremetyevo,2026-05-19 10:00:00,136
moscow,8,Sheremetyevo,2026-05-19 11:00:00,124
moscow,8,Sheremetyevo,2026-05-19 12:00:00,120
moscow,8,Sheremetyevo,2026-05-19 13:00:00,116
moscow,8,Sheremetyevo,2026-05-19 14:00:00,119
moscow,8,Sheremetyevo,2026-05-19 15:00:00,119
moscow,8,Sheremetyevo,2026-05-19 16:00:00,119
moscow,8,Sheremetyevo,2026-05-19 17:00:00,117
moscow,8,Sheremetyevo,2026-05-19 18:00:00,117
moscow,8,Sheremetyevo,2026-05-19 19:00:00,133
moscow,8,Sheremetyevo,2026-05-19 20:00:00,134
moscow,8,Sheremetyevo,2026-05-19 21:00:00,135
moscow,8,Sheremetyevo,2026-05-19 22:00:00,148
moscow,8,Sheremetyevo,2026-05-19 23:00:00,145
moscow,8,Sheremetyevo,2026-05-20 00:00:00,159
moscow,8,Sheremetyevo,2026-05-20 01:00:00,163
moscow,8,Sheremetyevo,2026-05-20 02:00:00,156
moscow,8,Sheremetyevo,2026-05-20 03:00:00,162
moscow,8,Sheremetyevo,2026-05-20 04:00:00,162
moscow,8,Sheremetyevo,2026-05-20 05:00:00,167
moscow,8,Sheremetyevo,2026-05-20 06:00:00,150
moscow,8,Sheremetyevo,2026-05-20 07:00:00,154
moscow,8,Sheremetyevo,2026-05-20 08:00:00,143
moscow,8,Sheremetyevo,2026-05-20 09:00:00,133
moscow,8,Sheremetyevo,2026-05-20 10:00:00,131
moscow,8,Sheremetyevo,2026-05-20 11:00:00,126
moscow,8,Sheremetyevo,2026-05-20 12:00:00,118
moscow,8,Sheremetyevo,2026-05-20 13:00:00,120
moscow,8,Sheremetyevo,2026-05-20 14:00:00,120
moscow,8,Sheremetyevo,2026-05-20 15:00:00,116
moscow,8,Sheremetyevo,2026-05-20 16:00:00,114
moscow,8,Sheremetyevo,2026-05-20 17:00:00,118
moscow,8,Sheremetyevo,2026-05-20 18:00:00,122
moscow,8,Sheremetyevo,2026-05-20 19:00:00,128
moscow,8,Sheremetyevo,2026-05-20 20:00:00,136
moscow,8,Sheremetyevo,2026-05-20 21:00:00,139
moscow,8,Sheremetyevo,2026-05-20 22:00:00,138
moscow,8,Sheremetyevo,2026-05-20 23:00:00,147
moscow,8,Sheremetyevo,2026-05-21 00:00:00,156
moscow,8,Sheremetyevo,2026-05-21 01:00:00,163
moscow,8,Sheremetyevo,2026-05-21 02:00:00,165
moscow,8,Sheremetyevo,2026-05-21 03:00:00,168
moscow,8,Sheremetyevo,2026-05-21 04:00:00,161
moscow,8,Sheremetyevo,2026-05-21 05:00:00,161
moscow,8,Sheremetyevo,2026-05-21 06:00:00,149
moscow,8,Sheremetyevo,2026-05-21 07:00:00,151
moscow,8,Sheremetyevo,2026-05-21 08:00:00,140
moscow,8,Sheremetyevo,2026-05-21 09:00:00,139
moscow,8,Sheremetyevo,2026-05-21 10:00:00,145
moscow,8,Sheremetyevo,2026-05-21 11:00:00,129
moscow,8,Sheremetyevo,2026-05-21 12:00:00,120
moscow,8,Sheremetyevo,2026-05-21 13:00:00,121
moscow,8,Sheremetyevo,2026-05-21 14:00:00,116
moscow,8,Sheremetyevo,2026-05-21 15:00:00,113
moscow,8,Sheremetyevo,2026-05-21 16:00:00,126
moscow,8,Sheremetyevo,2026-05-21 17:00:00,124
moscow,8,Sheremetyevo,2026-05-21 18:00:00,125
moscow,8,Sheremetyevo,2026-05-21 19:00:00,127
moscow,8,Sheremetyevo,2026-05-21 20:00:00,132
moscow,8,Sheremetyevo,2026-05-21 21:00:00,145
moscow,8,Sheremetyevo,2026-05-21 22:00:00,146
moscow,8,Sheremetyevo,2026-05-21 23:00:00,139
moscow,8,Sheremetyevo,2026-05-22 00:00:00,166
moscow,8,Sheremetyevo,2026-05-22 01:00:00,161
moscow,8,Sheremetyevo,2026-05-22 02:00:00,163
moscow,8,Sheremetyevo,2026-05-22 03:00:00,167
moscow,8,Sheremetyevo,2026-05-22 04:00:00,164
moscow,8,Sheremetyevo,2026-05-22 05:00:00,162
moscow,8,Sheremetyevo,2026-05-22 06:00:00,154
moscow,8,Sheremetyevo,2026-05-22 07:00:00,147
moscow,8,Sheremetyevo,2026-05-22 08:00:00,147
moscow,8,Sheremetyevo,2026-05-22 09:00:00,146
moscow,8,Sheremetyevo,2026-05-22 10:00:00,132
moscow,8,Sheremetyevo,2026-05-22 11:00:00,126
moscow,8,Sheremetyevo,2026-05-22 12:00:00,129
moscow,8,Sheremetyevo,2026-05-22 13:00:00,119
moscow,8,Sheremetyevo,2026-05-22 14:00:00,118
moscow,8,Sheremetyevo,2026-05-22 15:00:00,117
moscow,8,Sheremetyevo,2026-05-22 16:00:00,119
moscow,8,Sheremetyevo,2026-05-22 17:00:00,116
moscow,8,Sheremetyevo,2026-05-22 18:00:00,123
moscow,8,Sheremetyevo,2026-05-22 19:00:00,131
moscow,8,Sheremetyevo,2026-05-22 20:00:00,136
moscow,8,Sheremetyevo,2026-05-22 21:00:00,145
moscow,8,Sheremetyevo,2026-05-22 22:00:00,154
moscow,8,Sheremetyevo,2026-05-22 23:00:00,158
moscow,8,Sheremetyevo,2026-05-23 00:00:00,142
moscow,8,Sheremetyevo,2026-05-23 01:00:00,141
moscow,8,Sheremetyevo,2026-05-23 02:00:00,141
moscow,8,Sheremetyevo,2026-05-23 03:00:00,144
moscow,8,Sheremetyevo,2026-05-23 04:00:00,145
moscow,8,Sheremetyevo,2026-05-23 05:00:00,144
moscow,8,Sheremetyevo,2026-05-23 06:00:00,141
moscow,8,Sheremetyevo,2026-05-23 07:00:00,134
moscow,8,Sheremetyevo,2026-05-23 08:00:00,133
moscow,8,Sheremetyevo,2026-05-23 09:00:00,131
moscow,8,Sheremetyevo,2026-05-23 10:00:00,125
moscow,8,Sheremetyevo,2026-05-23 11:00:00,117
moscow,8,Sheremetyevo,2026-05-23 12:00:00,110
moscow,8,Sheremetyevo,2026-05-23 13:00:00,107
moscow,8,Sheremetyevo,2026-05-23 14:00:00,106
moscow,8,Sheremetyevo,2026-05-23 15:00:00,109
moscow,8,Sheremetyevo,2026-05-23 16:00:00,111
moscow,8,Sheremetyevo,2026-05-23 17:00:00,105
moscow,8,Sheremetyevo,2026-05-23 18:00:00,112
moscow,8,Sheremetyevo,2026-05-23 19:00:00,118
moscow,8,Sheremetyevo,2026-05-23 20:00:00,139
moscow,8,Sheremetyevo,2026-05-23 21:00:00,150
moscow,8,Sheremetyevo,2026-05-23 22:00:00,154
moscow,8,Sheremetyevo,2026-05-23 23:00:00,158
moscow,8,Sheremetyevo,2026-05-24 00:00:00,140
moscow,8,Sheremetyevo,2026-05-24 01:00:00,144
moscow,8,Sheremetyevo,2026-05-24 02:00:00,141
moscow,8,Sheremetyevo,2026-05-24 03:00:00,144
moscow,8,Sheremetyevo,2026-05-24 04:00:00,146
moscow,8,Sheremetyevo,2026-05-24 05:00:00,140
moscow,8,Sheremetyevo,2026-05-24 06:00:00,133
moscow,8,Sheremetyevo,2026-05-24 07:00:00,130
moscow,8,Sheremetyevo,2026-05-24 08:00:00,130
moscow,8,Sheremetyevo,2026-05-24 09:00:00,122
moscow,8,Sheremetyevo,2026-05-24 10:00:00,121
moscow,8,Sheremetyevo,2026-05-24 11:00:00,125
moscow,8,Sheremetyevo,2026-05-24 12:00:00,109
moscow,8,Sheremetyevo,2026-05-24 13:00:00,111
moscow,8,Sheremetyevo,2026-05-24 14:00:00,118
moscow,8,Sheremetyevo,2026-05-24 15:00:00,111
moscow,8,Sheremetyevo,2026-05-24 16:00:00,109
moscow,8,Sheremetyevo,2026-05-24 17:00:00,112
moscow,8,Sheremetyevo,2026-05-24 18:00:00,117
moscow,8,Sheremetyevo,2026-05-24 19:00:00,125
moscow,8,Sheremetyevo,2026-05-24 20:00:00,142
moscow,8,Sheremetyevo,2026-05-24 21:00:00,147
moscow,8,Sheremetyevo,2026-05-24 22:00:00,151
moscow,8,Sheremetyevo,2026-05-24 23:00:00,162
moscow,8,Sheremetyevo,2026-05-25 00:00:00,155
moscow,8,Sheremetyevo,2026-05-25 01:00:00,162
moscow,8,Sheremetyevo,2026-05-25 02:00:00,163
moscow,8,Sheremetyevo,2026-05-25 03:00:00,171
moscow,8,Sheremetyevo,2026-05-25 04:00:00,164
moscow,8,Sheremetyevo,2026-05-25 05:00:00,165
moscow,8,Sheremetyevo,2026-05-25 06:00:00,154
moscow,8,Sheremetyevo,2026-05-25 07:00:00,156
moscow,8,Sheremetyevo,2026-05-25 08:00:00,146
moscow,8,Sheremetyevo,2026-05-25 09:00:00,143
moscow,8,Sheremetyevo,2026-05-25 10:00:00,147
moscow,8,Sheremetyevo,2026-05-25 11:00:00,137
moscow,8,Sheremetyevo,2026-05-25 12:00:00,129
moscow,8,Sheremetyevo,2026-05-25 13:00:00,138
moscow,8,Sheremetyevo,2026-05-25 14:00:00,120
moscow,8,Sheremetyevo,2026-05-25 15:00:00,127
moscow,8,Sheremetyevo,2026-05-25 16:00:00,118
moscow,8,Sheremetyevo,2026-05-25 17:00:00,125
moscow,8,Sheremetyevo,2026-05-25 18:00:00,124
moscow,8,Sheremetyevo,2026-05-25 19:00:00,135
moscow,8,Sheremetyevo,2026-05-25 20:00:00,140
moscow,8,Sheremetyevo,2026-05-25 21:00:00,144
moscow,8,Sheremetyevo,2026-05-25 22:00:00,155
moscow,8,Sheremetyevo,2026-05-25 23:00:00,154
moscow,8,Sheremetyevo,2026-05-26 00:00:00,163
moscow,8,Sheremetyevo,2026-05-26 01:00:00,169
moscow,8,Sheremetyevo,2026-05-26 02:00:00,162
moscow,8,Sheremetyevo,2026-05-26 03:00:00,165
moscow,8,Sheremetyevo,2026-05-26 04:00:00,168
moscow,8,Sheremetyevo,2026-05-26 05:00:00,168
moscow,8,Sheremetyevo,2026-05-26 06:00:00,167
moscow,8,Sheremetyevo,2026-05-26 07:00:00,156
moscow,8,Sheremetyevo,2026-05-26 08:00:00,150
moscow,8,Sheremetyevo,2026-05-26 09:00:00,143
moscow,8,Sheremetyevo,2026-05-26 10:00:00,142
moscow,8,Sheremetyevo,2026-05-26 11:00:00,134
moscow,8,Sheremetyevo,2026-05-26 12:00:00,129
moscow,8,Sheremetyevo,2026-05-26 13:00:00,127
moscow,8,Sheremetyevo,2026-05-26 14:00:00,127
moscow,8,Sheremetyevo,2026-05-26 15:00:00,122
moscow,8,Sheremetyevo,2026-05-26 16:00:00,122
moscow,8,Sheremetyevo,2026-05-26 17:00:00,129
moscow,8,Sheremetyevo,2026-05-26 18:00:00,119
moscow,8,Sheremetyevo,2026-05-26 19:00:00,133
moscow,8,Sheremetyevo,2026-05-26 20:00:00,136
moscow,8,Sheremetyevo,2026-05-26 21:00:00,151
moscow,8,Sheremetyevo,2026-05-26 22:00:00,151
moscow,8,Sheremetyevo,2026-05-26 23:00:00,155
moscow,8,Sheremetyevo,2026-05-27 00:00:00,163
moscow,8,Sheremetyevo,2026-05-27 01:00:00,165
moscow,8,Sheremetyevo,2026-05-27 02:00:00,168
moscow,8,Sheremetyevo,2026-05-27 03:00:00,170
moscow,8,Sheremetyevo,2026-05-27 04:00:00,167
moscow,8,Sheremetyevo,2026-05-27 05:00:00,165
moscow,8,Sheremetyevo,2026-05-27 06:00:00,159
moscow,8,Sheremetyevo,2026-05-27 07:00:00,154
moscow,8,Sheremetyevo,2026-05-27 08:00:00,153
moscow,8,Sheremetyevo,2026-05-27 09:00:00,149
moscow,8,Sheremetyevo,2026-05-27 10:00:00,136
moscow,8,Sheremetyevo,2026-05-27 11:00:00,139
moscow,8,Sheremetyevo,2026-05-27 12:00:00,135
moscow,8,Sheremetyevo,2026-05-27 13:00:00,132
moscow,8,Sheremetyevo,2026-05-27 14:00:00,127
moscow,8,Sheremetyevo,2026-05-27 15:00:00,128
moscow,8,Sheremetyevo,2026-05-27 16:00:00,135
moscow,8,Sheremetyevo,2026-05-27 17:00:00,128
moscow,8,Sheremetyevo,2026-05-27 18:00:00,128
moscow,8,Sheremetyevo,2026-05-27 19:00:00,131
moscow,8,Sheremetyevo,2026-05-27 20:00:00,149
moscow,8,Sheremetyevo,2026-05-27 21:00:00,155
moscow,8,Sheremetyevo,2026-05-27 22:00:00,150
moscow,8,Sheremetyevo,2026-05-27 23:00:00,156
moscow,8,Sheremetyevo,2026-05-28 00:00:00,164
moscow,8,Sheremetyevo,2026-05-28 01:00:00,173
moscow,8,Sheremetyevo,2026-05-28 02:00:00,166
moscow,8,Sheremetyevo,2026-05-28 03:00:00,164
moscow,8,Sheremetyevo,2026-05-28 04:00:00,179
moscow,8,Sheremetyevo,2026-05-28 05:00:00,169
moscow,8,Sheremetyevo,2026-05-28 06:00:00,166
moscow,8,Sheremetyevo,2026-05-28 07:00:00,159
moscow,8,Sheremetyevo,2026-05-28 08:00:00,156
moscow,8,Sheremetyevo,2026-05-28 09:00:00,143
moscow,8,Sheremetyevo,2026-05-28 10:00:00,140
moscow,8,Sheremetyevo,2026-05-28 11:00:00,138
moscow,8,Sheremetyevo,2026-05-28 12:00:00,125
moscow,8,Sheremetyevo,2026-05-28 13:00:00,129
moscow,8,Sheremetyevo,2026-05-28 14:00:00,126
moscow,8,Sheremetyevo,2026-05-28 15:00:00,126
moscow,8,Sheremetyevo,2026-05-28 16:00:00,126
moscow,8,Sheremetyevo,2026-05-28 17:00:00,126
moscow,8,Sheremetyevo,2026-05-28 18:00:00,127
moscow,8,Sheremetyevo,2026-05-28 19:00:00,139
moscow,8,Sheremetyevo,2026-05-28 20:00:00,143
moscow,8,Sheremetyevo,2026-05-28 21:00:00,144
moscow,8,Sheremetyevo,2026-05-28 22:00:00,155
moscow,8,Sheremetyevo,2026-05-28 23:00:00,159
moscow,8,Sheremetyevo,2026-05-29 00:00:00,165
moscow,8,Sheremetyevo,2026-05-29 01:00:00,162
moscow,8,Sheremetyevo,2026-05-29 02:00:00,175
moscow,8,Sheremetyevo,2026-05-29 03:00:00,168
moscow,8,Sheremetyevo,2026-05-29 04:00:00,172
moscow,8,Sheremetyevo,2026-05-29 05:00:00,166
moscow,8,Sheremetyevo,2026-05-29 06:00:00,164
moscow,8,Sheremetyevo,2026-05-29 07:00:00,166
moscow,8,Sheremetyevo,2026-05-29 08:00:00,158
moscow,8,Sheremetyevo,2026-05-29 09:00:00,155
moscow,8,Sheremetyevo,2026-05-29 10:00:00,146
moscow,8,Sheremetyevo,2026-05-29 11:00:00,141
moscow,8,Sheremetyevo,2026-05-29 12:00:00,128
moscow,8,Sheremetyevo,2026-05-29 13:00:00,130
moscow,8,Sheremetyevo,2026-05-29 14:00:00,128
moscow,8,Sheremetyevo,2026-05-29 15:00:00,133
moscow,8,Sheremetyevo,2026-05-29 16:00:00,127
moscow,8,Sheremetyevo,2026-05-29 17:00:00,133
moscow,8,Sheremetyevo,2026-05-29 18:00:00,136
moscow,8,Sheremetyevo,2026-05-29 19:00:00,144
moscow,8,Sheremetyevo,2026-05-29 20:00:00,145
moscow,8,Sheremetyevo,2026-05-29 21:00:00,154
moscow,8,Sheremetyevo,2026-05-29 22:00:00,150
moscow,8,Sheremetyevo,2026-05-29 23:00:00,156
moscow,8,Sheremetyevo,2026-05-30 00:00:00,140
moscow,8,Sheremetyevo,2026-05-30 01:00:00,154
moscow,8,Sheremetyevo,2026-05-30 02:00:00,156
moscow,8,Sheremetyevo,2026-05-30 03:00:00,157
moscow,8,Sheremetyevo,2026-05-30 04:00:00,150
moscow,8,Sheremetyevo,2026-05-30 05:00:00,149
moscow,8,Sheremetyevo,2026-05-30 06:00:00,148
moscow,8,Sheremetyevo,2026-05-30 07:00:00,150
moscow,8,Sheremetyevo,2026-05-30 08:00:00,147
moscow,8,Sheremetyevo,2026-05-30 09:00:00,139
moscow,8,Sheremetyevo,2026-05-30 10:00:00,132
moscow,8,Sheremetyevo,2026-05-30 11:00:00,132
moscow,8,Sheremetyevo,2026-05-30 12:00:00,122
moscow,8,Sheremetyevo,2026-05-30 13:00:00,119
moscow,8,Sheremetyevo,2026-05-30 14:00:00,118
moscow,8,Sheremetyevo,2026-05-30 15:00:00,115
moscow,8,Sheremetyevo,2026-05-30 16:00:00,118
moscow,8,Sheremetyevo,2026-05-30 17:00:00,117
moscow,8,Sheremetyevo,2026-05-30 18:00:00,128
moscow,8,Sheremetyevo,2026-05-30 19:00:00,130
moscow,8,Sheremetyevo,2026-05-30 20:00:00,158
moscow,8,Sheremetyevo,2026-05-30 21:00:00,153
moscow,8,Sheremetyevo,2026-05-30 22:00:00,172
moscow,8,Sheremetyevo,2026-05-30 23:00:00,165
moscow,8,Sheremetyevo,2026-05-31 00:00:00,146
moscow,8,Sheremetyevo,2026-05-31 01:00:00,151
moscow,8,Sheremetyevo,2026-05-31 02:00:00,160
moscow,8,Sheremetyevo,2026-05-31 03:00:00,156
moscow,8,Sheremetyevo,2026-05-31 04:00:00,154
moscow,8,Sheremetyevo,2026-05-31 05:00:00,150
moscow,8,Sheremetyevo,2026-05-31 06:00:00,144
moscow,8,Sheremetyevo,2026-05-31 07:00:00,150
moscow,8,Sheremetyevo,2026-05-31 08:00:00,145
moscow,8,Sheremetyevo,2026-05-31 09:00:00,142
moscow,8,Sheremetyevo,2026-05-31 10:00:00,134
moscow,8,Sheremetyevo,2026-05-31 11:00:00,118
moscow,8,Sheremetyevo,2026-05-31 12:00:00,120
moscow,8,Sheremetyevo,2026-05-31 13:00:00,124
moscow,8,Sheremetyevo,2026-05-31 14:00:00,119
moscow,8,Sheremetyevo,2026-05-31 15:00:00,118
moscow,8,Sheremetyevo,2026-05-31 16:00:00,116
moscow,8,Sheremetyevo,2026-05-31 17:00:00,126
moscow,8,Sheremetyevo,2026-05-31 18:00:00,127
moscow,8,Sheremetyevo,2026-05-31 19:00:00,131
moscow,8,Sheremetyevo,2026-05-31 20:00:00,152
moscow,8,Sheremetyevo,2026-05-31 21:00:00,161
moscow,8,Sheremetyevo,2026-05-31 22:00:00,161
moscow,8,Sheremetyevo,2026-05-31 23:00:00,172
moscow,8,Sheremetyevo,2026-06-01 00:00:00,161
moscow,8,Sheremetyevo,2026-06-01 01:00:00,168
moscow,8,Sheremetyevo,2026-06-01 02:00:00,175
moscow,8,Sheremetyevo,2026-06-01 03:00:00,186
moscow,8,Sheremetyevo,2026-06-01 04:00:00,169
moscow,8,Sheremetyevo,2026-06-01 05:00:00,169
moscow,8,Sheremetyevo,2026-06-01 06:00:00,171
moscow,8,Sheremetyevo,2026-06-01 07:00:00,172
moscow,8,Sheremetyevo,2026-06-01 08:00:00,161
moscow,8,Sheremetyevo,2026-06-01 09:00:00,157
moscow,8,Sheremetyevo,2026-06-01 10:00:00,148
moscow,8,Sheremetyevo,2026-06-01 11:00:00,142
moscow,8,Sheremetyevo,2026-06-01 12:00:00,139
moscow,8,Sheremetyevo,2026-06-01 13:00:00,133
moscow,8,Sheremetyevo,2026-06-01 14:00:00,136
moscow,8,Sheremetyevo,2026-06-01 15:00:00,127
moscow,8,Sheremetyevo,2026-06-01 16:00:00,137
moscow,8,Sheremetyevo,2026-06-01 17:00:00,136
moscow,8,Sheremetyevo,2026-06-01 18:00:00,139
moscow,8,Sheremetyevo,2026-06-01 19:00:00,138
moscow,8,Sheremetyevo,2026-06-01 20:00:00,146
moscow,8,Sheremetyevo,2026-06-01 21:00:00,160
moscow,8,Sheremetyevo,2026-06-01 22:00:00,160
moscow,8,Sheremetyevo,2026-06-01 23:00:00,167
moscow,8,Sheremetyevo,2026-06-02 00:00:00,169
moscow,8,Sheremetyevo,2026-06-02 01:00:00,176
moscow,8,Sheremetyevo,2026-06-02 02:00:00,172
moscow,8,Sheremetyevo,2026-06-02 03:00:00,179
moscow,8,Sheremetyevo,2026-06-02 04:00:00,179
moscow,8,Sheremetyevo,2026-06-02 05:00:00,177
moscow,8,Sheremetyevo,2026-06-02 06:00:00,168
moscow,8,Sheremetyevo,2026-06-02 07:00:00,166
moscow,8,Sheremetyevo,2026-06-02 08:00:00,164
moscow,8,Sheremetyevo,2026-06-02 09:00:00,155
moscow,8,Sheremetyevo,2026-06-02 10:00:00,149
moscow,8,Sheremetyevo,2026-06-02 11:00:00,152
moscow,8,Sheremetyevo,2026-06-02 12:00:00,137
moscow,8,Sheremetyevo,2026-06-02 13:00:00,141
moscow,8,Sheremetyevo,2026-06-02 14:00:00,131
moscow,8,Sheremetyevo,2026-06-02 15:00:00,137
moscow,8,Sheremetyevo,2026-06-02 16:00:00,138
moscow,8,Sheremetyevo,2026-06-02 17:00:00,135
moscow,8,Sheremetyevo,2026-06-02 18:00:00,136
moscow,8,Sheremetyevo,2026-06-02 19:00:00,138
moscow,8,Sheremetyevo,2026-06-02 20:00:00,149
moscow,8,Sheremetyevo,2026-06-02 21:00:00,159
moscow,8,Sheremetyevo,2026-06-02 22:00:00,158
moscow,8,Sheremetyevo,2026-06-02 23:00:00,168
moscow,8,Sheremetyevo,2026-06-03 00:00:00,168
moscow,8,Sheremetyevo,2026-06-03 01:00:00,176
moscow,8,Sheremetyevo,2026-06-03 02:00:00,175
moscow,8,Sheremetyevo,2026-06-03 03:00:00,180
moscow,8,Sheremetyevo,2026-06-03 04:00:00,177
moscow,8,Sheremetyevo,2026-06-03 05:00:00,172
moscow,8,Sheremetyevo,2026-06-03 06:00:00,171
moscow,8,Sheremetyevo,2026-06-03 07:00:00,165
moscow,8,Sheremetyevo,2026-06-03 08:00:00,158
moscow,8,Sheremetyevo,2026-06-03 09:00:00,162
moscow,8,Sheremetyevo,2026-06-03 10:00:00,150
moscow,8,Sheremetyevo,2026-06-03 11:00:00,138
moscow,8,Sheremetyevo,2026-06-03 12:00:00,140
moscow,8,Sheremetyevo,2026-06-03 13:00:00,142
moscow,8,Sheremetyevo,2026-06-03 14:00:00,133
moscow,8,Sheremetyevo,2026-06-03 15:00:00,141
moscow,8,Sheremetyevo,2026-06-03 16:00:00,133
moscow,8,Sheremetyevo,2026-06-03 17:00:00,141
moscow,8,Sheremetyevo,2026-06-03 18:00:00,146
moscow,8,Sheremetyevo,2026-06-03 19:00:00,149
moscow,8,Sheremetyevo,2026-06-03 20:00:00,147
moscow,8,Sheremetyevo,2026-06-03 21:00:00,155
moscow,8,Sheremetyevo,2026-06-03 22:00:00,168
moscow,8,Sheremetyevo,2026-06-03 23:00:00,166
moscow,8,Sheremetyevo,2026-06-04 00:00:00,179
moscow,8,Sheremetyevo,2026-06-04 01:00:00,177
moscow,8,Sheremetyevo,2026-06-04 02:00:00,181
moscow,8,Sheremetyevo,2026-06-04 03:00:00,176
moscow,8,Sheremetyevo,2026-06-04 04:00:00,178
moscow,8,Sheremetyevo,2026-06-04 05:00:00,175
moscow,8,Sheremetyevo,2026-06-04 06:00:00,175
moscow,8,Sheremetyevo,2026-06-04 07:00:00,170
moscow,8,Sheremetyevo,2026-06-04 08:00:00,166
moscow,8,Sheremetyevo,2026-06-04 09:00:00,157
moscow,8,Sheremetyevo,2026-06-04 10:00:00,150
moscow,8,Sheremetyevo,2026-06-04 11:00:00,149
moscow,8,Sheremetyevo,2026-06-04 12:00:00,139
moscow,8,Sheremetyevo,2026-06-04 13:00:00,144
moscow,8,Sheremetyevo,2026-06-04 14:00:00,137
moscow,8,Sheremetyevo,2026-06-04 15:00:00,136
moscow,8,Sheremetyevo,2026-06-04 16:00:00,140
moscow,8,Sheremetyevo,2026-06-04 17:00:00,140
moscow,8,Sheremetyevo,2026-06-04 18:00:00,137
moscow,8,Sheremetyevo,2026-06-04 19:00:00,144
moscow,8,Sheremetyevo,2026-06-04 20:00:00,158
moscow,8,Sheremetyevo,2026-06-04 21:00:00,160
moscow,8,Sheremetyevo,2026-06-04 22:00:00,159
moscow,8,Sheremetyevo,2026-06-04 23:00:00,172
moscow,8,Sheremetyevo,2026-06-05 00:00:00,174
moscow,8,Sheremetyevo,2026-06-05 01:00:00,177
moscow,8,Sheremetyevo,2026-06-05 02:00:00,178
moscow,8,Sheremetyevo,2026-06-05 03:00:00,187
moscow,8,Sheremetyevo,2026-06-05 04:00:00,174
moscow,8,Sheremetyevo,2026-06-05 05:00:00,176
moscow,8,Sheremetyevo,2026-06-05 06:00:00,177
moscow,8,Sheremetyevo,2026-06-05 07:00:00,178
moscow,8,Sheremetyevo,2026-06-05 08:00:00,168
moscow,8,Sheremetyevo,2026-06-05 09:00:00,157
moscow,8,Sheremetyevo,2026-06-05 10:00:00,161
moscow,8,Sheremetyevo,2026-06-05 11:00:00,144
moscow,8,Sheremetyevo,2026-06-05 12:00:00,146
moscow,8,Sheremetyevo,2026-06-05 13:00:00,143
moscow,8,Sheremetyevo,2026-06-05 14:00:00,136
moscow,8,Sheremetyevo,2026-06-05 15:00:00,141
moscow,8,Sheremetyevo,2026-06-05 16:00:00,137
moscow,8,Sheremetyevo,2026-06-05 17:00:00,144
moscow,8,Sheremetyevo,2026-06-05 18:00:00,138
moscow,8,Sheremetyevo,2026-06-05 19:00:00,151
moscow,8,Sheremetyevo,2026-06-05 20:00:00,154
moscow,8,Sheremetyevo,2026-06-05 21:00:00,165
moscow,8,Sheremetyevo,2026-06-05 22:00:00,167
moscow,8,Sheremetyevo,2026-06-05 23:00:00,177
moscow,8,Sheremetyevo,2026-06-06 00:00:00,161
moscow,8,Sheremetyevo,2026-06-06 01:00:00,161
moscow,8,Sheremetyevo,2026-06-06 02:00:00,166
moscow,8,Sheremetyevo,2026-06-06 03:00:00,167
moscow,8,Sheremetyevo,2026-06-06 04:00:00,165
moscow,8,Sheremetyevo,2026-06-06 05:00:00,152
moscow,8,Sheremetyevo,2026-06-06 06:00:00,155
moscow,8,Sheremetyevo,2026-06-06 07:00:00,160
moscow,8,Sheremetyevo,2026-06-06 08:00:00,146
moscow,8,Sheremetyevo,2026-06-06 09:00:00,149
moscow,8,Sheremetyevo,2026-06-06 10:00:00,144
moscow,8,Sheremetyevo,2026-06-06 11:00:00,134
moscow,8,Sheremetyevo,2026-06-06 12:00:00,126
moscow,8,Sheremetyevo,2026-06-06 13:00:00,129
moscow,8,Sheremetyevo,2026-06-06 14:00:00,137
moscow,8,Sheremetyevo,2026-06-06 15:00:00,125
moscow,8,Sheremetyevo,2026-06-06 16:00:00,126
moscow,8,Sheremetyevo,2026-06-06 17:00:00,127
moscow,8,Sheremetyevo,2026-06-06 18:00:00,138
moscow,8,Sheremetyevo,2026-06-06 19:00:00,137
moscow,8,Sheremetyevo,2026-06-06 20:00:00,160
moscow,8,Sheremetyevo,2026-06-06 21:00:00,174
moscow,8,Sheremetyevo,2026-06-06 22:00:00,177
moscow,8,Sheremetyevo,2026-06-06 23:00:00,177
moscow,8,Sheremetyevo,2026-06-07 00:00:00,156
moscow,8,Sheremetyevo,2026-06-07 01:00:00,167
moscow,8,Sheremetyevo,2026-06-07 02:00:00,165
moscow,8,Sheremetyevo,2026-06-07 03:00:00,159
moscow,8,Sheremetyevo,2026-06-07 04:00:00,158
moscow,8,Sheremetyevo,2026-06-07 05:00:00,158
moscow,8,Sheremetyevo,2026-06-07 06:00:00,155
moscow,8,Sheremetyevo,2026-06-07 07:00:00,148
moscow,8,Sheremetyevo,2026-06-07 08:00:00,148
moscow,8,Sheremetyevo,2026-06-07 09:00:00,144
moscow,8,Sheremetyevo,2026-06-07 10:00:00,141
moscow,8,Sheremetyevo,2026-06-07 11:00:00,145
moscow,8,Sheremetyevo,2026-06-07 12:00:00,134
moscow,8,Sheremetyevo,2026-06-07 13:00:00,131
moscow,8,Sheremetyevo,2026-06-07 14:00:00,132
moscow,8,Sheremetyevo,2026-06-07 15:00:00,129
moscow,8,Sheremetyevo,2026-06-07 16:00:00,132
moscow,8,Sheremetyevo,2026-06-07 17:00:00,133
moscow,8,Sheremetyevo,2026-06-07 18:00:00,136
moscow,8,Sheremetyevo,2026-06-07 19:00:00,150
moscow,8,Sheremetyevo,2026-06-07 20:00:00,168
moscow,8,Sheremetyevo,2026-06-07 21:00:00,166
moscow,8,Sheremetyevo,2026-06-07 22:00:00,178
moscow,8,Sheremetyevo,2026-06-07 23:00:00,179
moscow,8,Sheremetyevo,2026-06-08 00:00:00,183
moscow,8,Sheremetyevo,2026-06-08 01:00:00,179
moscow,8,Sheremetyevo,2026-06-08 02:00:00,182
moscow,8,Sheremetyevo,2026-06-08 03:00:00,188
moscow,8,Sheremetyevo,2026-06-08 04:00:00,190
moscow,8,Sheremetyevo,2026-06-08 05:00:00,186
moscow,8,Sheremetyevo,2026-06-08 06:00:00,184
moscow,8,Sheremetyevo,2026-06-08 07:00:00,177
moscow,8,Sheremetyevo,2026-06-08 08:00:00,171
moscow,8,Sheremetyevo,2026-06-08 09:00:00,163
moscow,8,Sheremetyevo,2026-06-08 10:00:00,162
moscow,8,Sheremetyevo,2026-06-08 11:00:00,158
moscow,8,Sheremetyevo,2026-06-08 12:00:00,149
moscow,8,Sheremetyevo,2026-06-08 13:00:00,145
moscow,8,Sheremetyevo,2026-06-08 14:00:00,150
moscow,8,Sheremetyevo,2026-06-08 15:00:00,143
moscow,8,Sheremetyevo,2026-06-08 16:00:00,144
moscow,8,Sheremetyevo,2026-06-08 17:00:00,148
moscow,8,Sheremetyevo,2026-06-08 18:00:00,149
moscow,8,Sheremetyevo,2026-06-08 19:00:00,151
moscow,8,Sheremetyevo,2026-06-08 20:00:00,161
moscow,8,Sheremetyevo,2026-06-08 21:00:00,165
moscow,8,Sheremetyevo,2026-06-08 22:00:00,178
moscow,8,Sheremetyevo,2026-06-08 23:00:00,179
moscow,8,Sheremetyevo,2026-06-09 00:00:00,180
moscow,8,Sheremetyevo,2026-06-09 01:00:00,189
moscow,8,Sheremetyevo,2026-06-09 02:00:00,189
moscow,8,Sheremetyevo,2026-06-09 03:00:00,194
moscow,8,Sheremetyevo,2026-06-09 04:00:00,186
moscow,8,Sheremetyevo,2026-06-09 05:00:00,186
moscow,8,Sheremetyevo,2026-06-09 06:00:00,181
moscow,8,Sheremetyevo,2026-06-09 07:00:00,177
moscow,8,Sheremetyevo,2026-06-09 08:00:00,168
moscow,8,Sheremetyevo,2026-06-09 09:00:00,168
moscow,8,Sheremetyevo,2026-06-09 10:00:00,162
moscow,8,Sheremetyevo,2026-06-09 11:00:00,160
moscow,8,Sheremetyevo,2026-06-09 12:00:00,151
moscow,8,Sheremetyevo,2026-06-09 13:00:00,146
moscow,8,Sheremetyevo,2026-06-09 14:00:00,148
moscow,8,Sheremetyevo,2026-06-09 15:00:00,141
moscow,8,Sheremetyevo,2026-06-09 16:00:00,149
moscow,8,Sheremetyevo,2026-06-09 17:00:00,152
moscow,9,Vnukovo,2026-04-10 18:00:00,52
moscow,9,Vnukovo,2026-04-10 19:00:00,53
moscow,9,Vnukovo,2026-04-10 20:00:00,55
moscow,9,Vnukovo,2026-04-10 21:00:00,61
moscow,9,Vnukovo,2026-04-10 22:00:00,66
moscow,9,Vnukovo,2026-04-10 23:00:00,67
moscow,9,Vnukovo,2026-04-11 00:00:00,62
moscow,9,Vnukovo,2026-04-11 01:00:00,62
moscow,9,Vnukovo,2026-04-11 02:00:00,59
moscow,9,Vnukovo,2026-04-11 03:00:00,68
moscow,9,Vnukovo,2026-04-11 04:00:00,62
moscow,9,Vnukovo,2026-04-11 05:00:00,57
moscow,9,Vnukovo,2026-04-11 06:00:00,56
moscow,9,Vnukovo,2026-04-11 07:00:00,60
moscow,9,Vnukovo,2026-04-11 08:00:00,58
moscow,9,Vnukovo,2026-04-11 09:00:00,52
moscow,9,Vnukovo,2026-04-11 10:00:00,49
moscow,9,Vnukovo,2026-04-11 11:00:00,46
moscow,9,Vnukovo,2026-04-11 12:00:00,41
moscow,9,Vnukovo,2026-04-11 13:00:00,38
moscow,9,Vnukovo,2026-04-11 14:00:00,38
moscow,9,Vnukovo,2026-04-11 15:00:00,38
moscow,9,Vnukovo,2026-04-11 16:00:00,34
moscow,9,Vnukovo,2026-04-11 17:00:00,40
moscow,9,Vnukovo,2026-04-11 18:00:00,44
moscow,9,Vnukovo,2026-04-11 19:00:00,42
moscow,9,Vnukovo,2026-04-11 20:00:00,61
moscow,9,Vnukovo,2026-04-11 21:00:00,68
moscow,9,Vnukovo,2026-04-11 22:00:00,69
moscow,9,Vnukovo,2026-04-11 23:00:00,71
moscow,9,Vnukovo,2026-04-12 00:00:00,63
moscow,9,Vnukovo,2026-04-12 01:00:00,60
moscow,9,Vnukovo,2026-04-12 02:00:00,63
moscow,9,Vnukovo,2026-04-12 03:00:00,62
moscow,9,Vnukovo,2026-04-12 04:00:00,67
moscow,9,Vnukovo,2026-04-12 05:00:00,64
moscow,9,Vnukovo,2026-04-12 06:00:00,59
moscow,9,Vnukovo,2026-04-12 07:00:00,53
moscow,9,Vnukovo,2026-04-12 08:00:00,52
moscow,9,Vnukovo,2026-04-12 09:00:00,52
moscow,9,Vnukovo,2026-04-12 10:00:00,47
moscow,9,Vnukovo,2026-04-12 11:00:00,44
moscow,9,Vnukovo,2026-04-12 12:00:00,41
moscow,9,Vnukovo,2026-04-12 13:00:00,41
moscow,9,Vnukovo,2026-04-12 14:00:00,37
moscow,9,Vnukovo,2026-04-12 15:00:00,38
moscow,9,Vnukovo,2026-04-12 16:00:00,35
moscow,9,Vnukovo,2026-04-12 17:00:00,46
moscow,9,Vnukovo,2026-04-12 18:00:00,40
moscow,9,Vnukovo,2026-04-12 19:00:00,44
moscow,9,Vnukovo,2026-04-12 20:00:00,64
moscow,9,Vnukovo,2026-04-12 21:00:00,66
moscow,9,Vnukovo,2026-04-12 22:00:00,72
moscow,9,Vnukovo,2026-04-12 23:00:00,76
moscow,9,Vnukovo,2026-04-13 00:00:00,73
moscow,9,Vnukovo,2026-04-13 01:00:00,79
moscow,9,Vnukovo,2026-04-13 02:00:00,75
moscow,9,Vnukovo,2026-04-13 03:00:00,85
moscow,9,Vnukovo,2026-04-13 04:00:00,81
moscow,9,Vnukovo,2026-04-13 05:00:00,79
moscow,9,Vnukovo,2026-04-13 06:00:00,70
moscow,9,Vnukovo,2026-04-13 07:00:00,69
moscow,9,Vnukovo,2026-04-13 08:00:00,71
moscow,9,Vnukovo,2026-04-13 09:00:00,75
moscow,9,Vnukovo,2026-04-13 10:00:00,62
moscow,9,Vnukovo,2026-04-13 11:00:00,58
moscow,9,Vnukovo,2026-04-13 12:00:00,53
moscow,9,Vnukovo,2026-04-13 13:00:00,46
moscow,9,Vnukovo,2026-04-13 14:00:00,50
moscow,9,Vnukovo,2026-04-13 15:00:00,44
moscow,9,Vnukovo,2026-04-13 16:00:00,44
moscow,9,Vnukovo,2026-04-13 17:00:00,45
moscow,9,Vnukovo,2026-04-13 18:00:00,55
moscow,9,Vnukovo,2026-04-13 19:00:00,55
moscow,9,Vnukovo,2026-04-13 20:00:00,60
moscow,9,Vnukovo,2026-04-13 21:00:00,63
moscow,9,Vnukovo,2026-04-13 22:00:00,65
moscow,9,Vnukovo,2026-04-13 23:00:00,70
moscow,9,Vnukovo,2026-04-14 00:00:00,74
moscow,9,Vnukovo,2026-04-14 01:00:00,75
moscow,9,Vnukovo,2026-04-14 02:00:00,79
moscow,9,Vnukovo,2026-04-14 03:00:00,78
moscow,9,Vnukovo,2026-04-14 04:00:00,82
moscow,9,Vnukovo,2026-04-14 05:00:00,80
moscow,9,Vnukovo,2026-04-14 06:00:00,72
moscow,9,Vnukovo,2026-04-14 07:00:00,72
moscow,9,Vnukovo,2026-04-14 08:00:00,74
moscow,9,Vnukovo,2026-04-14 09:00:00,61
moscow,9,Vnukovo,2026-04-14 10:00:00,61
moscow,9,Vnukovo,2026-04-14 11:00:00,56
moscow,9,Vnukovo,2026-04-14 12:00:00,56
moscow,9,Vnukovo,2026-04-14 13:00:00,51
moscow,9,Vnukovo,2026-04-14 14:00:00,47
moscow,9,Vnukovo,2026-04-14 15:00:00,48
moscow,9,Vnukovo,2026-04-14 16:00:00,49
moscow,9,Vnukovo,2026-04-14 17:00:00,50
moscow,9,Vnukovo,2026-04-14 18:00:00,49
moscow,9,Vnukovo,2026-04-14 19:00:00,60
moscow,9,Vnukovo,2026-04-14 20:00:00,63
moscow,9,Vnukovo,2026-04-14 21:00:00,62
moscow,9,Vnukovo,2026-04-14 22:00:00,68
moscow,9,Vnukovo,2026-04-14 23:00:00,72
moscow,9,Vnukovo,2026-04-15 00:00:00,74
moscow,9,Vnukovo,2026-04-15 01:00:00,75
moscow,9,Vnukovo,2026-04-15 02:00:00,80
moscow,9,Vnukovo,2026-04-15 03:00:00,81
moscow,9,Vnukovo,2026-04-15 04:00:00,77
moscow,9,Vnukovo,2026-04-15 05:00:00,80
moscow,9,Vnukovo,2026-04-15 06:00:00,80
moscow,9,Vnukovo,2026-04-15 07:00:00,76
moscow,9,Vnukovo,2026-04-15 08:00:00,69
moscow,9,Vnukovo,2026-04-15 09:00:00,60
moscow,9,Vnukovo,2026-04-15 10:00:00,63
moscow,9,Vnukovo,2026-04-15 11:00:00,57
moscow,9,Vnukovo,2026-04-15 12:00:00,55
moscow,9,Vnukovo,2026-04-15 13:00:00,57
moscow,9,Vnukovo,2026-04-15 14:00:00,47
moscow,9,Vnukovo,2026-04-15 15:00:00,41
moscow,9,Vnukovo,2026-04-15 16:00:00,46
moscow,9,Vnukovo,2026-04-15 17:00:00,53
moscow,9,Vnukovo,2026-04-15 18:00:00,54
moscow,9,Vnukovo,2026-04-15 19:00:00,54
moscow,9,Vnukovo,2026-04-15 20:00:00,57
moscow,9,Vnukovo,2026-04-15 21:00:00,65
moscow,9,Vnukovo,2026-04-15 22:00:00,66
moscow,9,Vnukovo,2026-04-15 23:00:00,75
moscow,9,Vnukovo,2026-04-16 00:00:00,77
moscow,9,Vnukovo,2026-04-16 01:00:00,79
moscow,9,Vnukovo,2026-04-16 02:00:00,80
moscow,9,Vnukovo,2026-04-16 03:00:00,84
moscow,9,Vnukovo,2026-04-16 04:00:00,83
moscow,9,Vnukovo,2026-04-16 05:00:00,81
moscow,9,Vnukovo,2026-04-16 06:00:00,79
moscow,9,Vnukovo,2026-04-16 07:00:00,74
moscow,9,Vnukovo,2026-04-16 08:00:00,68
moscow,9,Vnukovo,2026-04-16 09:00:00,64
moscow,9,Vnukovo,2026-04-16 10:00:00,61
moscow,9,Vnukovo,2026-04-16 11:00:00,64
moscow,9,Vnukovo,2026-04-16 12:00:00,51
moscow,9,Vnukovo,2026-04-16 13:00:00,51
moscow,9,Vnukovo,2026-04-16 14:00:00,51
moscow,9,Vnukovo,2026-04-16 15:00:00,49
moscow,9,Vnukovo,2026-04-16 16:00:00,54
moscow,9,Vnukovo,2026-04-16 17:00:00,51
moscow,9,Vnukovo,2026-04-16 18:00:00,54
moscow,9,Vnukovo,2026-04-16 19:00:00,61
moscow,9,Vnukovo,2026-04-16 20:00:00,68
moscow,9,Vnukovo,2026-04-16 21:00:00,71
moscow,9,Vnukovo,2026-04-16 22:00:00,71
moscow,9,Vnukovo,2026-04-16 23:00:00,75
moscow,9,Vnukovo,2026-04-17 00:00:00,80
moscow,9,Vnukovo,2026-04-17 01:00:00,82
moscow,9,Vnukovo,2026-04-17 02:00:00,81
moscow,9,Vnukovo,2026-04-17 03:00:00,87
moscow,9,Vnukovo,2026-04-17 04:00:00,84
moscow,9,Vnukovo,2026-04-17 05:00:00,82
moscow,9,Vnukovo,2026-04-17 06:00:00,75
moscow,9,Vnukovo,2026-04-17 07:00:00,76
moscow,9,Vnukovo,2026-04-17 08:00:00,66
moscow,9,Vnukovo,2026-04-17 09:00:00,66
moscow,9,Vnukovo,2026-04-17 10:00:00,61
moscow,9,Vnukovo,2026-04-17 11:00:00,60
moscow,9,Vnukovo,2026-04-17 12:00:00,61
moscow,9,Vnukovo,2026-04-17 13:00:00,55
moscow,9,Vnukovo,2026-04-17 14:00:00,56
moscow,9,Vnukovo,2026-04-17 15:00:00,53
moscow,9,Vnukovo,2026-04-17 16:00:00,55
moscow,9,Vnukovo,2026-04-17 17:00:00,59
moscow,9,Vnukovo,2026-04-17 18:00:00,54
moscow,9,Vnukovo,2026-04-17 19:00:00,57
moscow,9,Vnukovo,2026-04-17 20:00:00,65
moscow,9,Vnukovo,2026-04-17 21:00:00,68
moscow,9,Vnukovo,2026-04-17 22:00:00,73
moscow,9,Vnukovo,2026-04-17 23:00:00,75
moscow,9,Vnukovo,2026-04-18 00:00:00,64
moscow,9,Vnukovo,2026-04-18 01:00:00,73
moscow,9,Vnukovo,2026-04-18 02:00:00,66
moscow,9,Vnukovo,2026-04-18 03:00:00,72
moscow,9,Vnukovo,2026-04-18 04:00:00,71
moscow,9,Vnukovo,2026-04-18 05:00:00,63
moscow,9,Vnukovo,2026-04-18 06:00:00,64
moscow,9,Vnukovo,2026-04-18 07:00:00,61
moscow,9,Vnukovo,2026-04-18 08:00:00,62
moscow,9,Vnukovo,2026-04-18 09:00:00,55
moscow,9,Vnukovo,2026-04-18 10:00:00,53
moscow,9,Vnukovo,2026-04-18 11:00:00,46
moscow,9,Vnukovo,2026-04-18 12:00:00,54
moscow,9,Vnukovo,2026-04-18 13:00:00,45
moscow,9,Vnukovo,2026-04-18 14:00:00,45
moscow,9,Vnukovo,2026-04-18 15:00:00,42
moscow,9,Vnukovo,2026-04-18 16:00:00,42
moscow,9,Vnukovo,2026-04-18 17:00:00,51
moscow,9,Vnukovo,2026-04-18 18:00:00,42
moscow,9,Vnukovo,2026-04-18 19:00:00,51
moscow,9,Vnukovo,2026-04-18 20:00:00,66
moscow,9,Vnukovo,2026-04-18 21:00:00,73
moscow,9,Vnukovo,2026-04-18 22:00:00,77
moscow,9,Vnukovo,2026-04-18 23:00:00,80
moscow,9,Vnukovo,2026-04-19 00:00:00,67
moscow,9,Vnukovo,2026-04-19 01:00:00,62
moscow,9,Vnukovo,2026-04-19 02:00:00,70
moscow,9,Vnukovo,2026-04-19 03:00:00,71
moscow,9,Vnukovo,2026-04-19 04:00:00,67
moscow,9,Vnukovo,2026-04-19 05:00:00,73
moscow,9,Vnukovo,2026-04-19 06:00:00,65
moscow,9,Vnukovo,2026-04-19 07:00:00,64
moscow,9,Vnukovo,2026-04-19 08:00:00,59
moscow,9,Vnukovo,2026-04-19 09:00:00,57
moscow,9,Vnukovo,2026-04-19 10:00:00,58
moscow,9,Vnukovo,2026-04-19 11:00:00,58
moscow,9,Vnukovo,2026-04-19 12:00:00,50
moscow,9,Vnukovo,2026-04-19 13:00:00,49
moscow,9,Vnukovo,2026-04-19 14:00:00,50
moscow,9,Vnukovo,2026-04-19 15:00:00,45
moscow,9,Vnukovo,2026-04-19 16:00:00,50
moscow,9,Vnukovo,2026-04-19 17:00:00,49
moscow,9,Vnukovo,2026-04-19 18:00:00,49
moscow,9,Vnukovo,2026-04-19 19:00:00,52
moscow,9,Vnukovo,2026-04-19 20:00:00,65
moscow,9,Vnukovo,2026-04-19 21:00:00,76
moscow,9,Vnukovo,2026-04-19 22:00:00,75
moscow,9,Vnukovo,2026-04-19 23:00:00,79
moscow,9,Vnukovo,2026-04-20 00:00:00,83
moscow,9,Vnukovo,2026-04-20 01:00:00,82
moscow,9,Vnukovo,2026-04-20 02:00:00,87
moscow,9,Vnukovo,2026-04-20 03:00:00,88
moscow,9,Vnukovo,2026-04-20 04:00:00,87
moscow,9,Vnukovo,2026-04-20 05:00:00,82
moscow,9,Vnukovo,2026-04-20 06:00:00,85
moscow,9,Vnukovo,2026-04-20 07:00:00,79
moscow,9,Vnukovo,2026-04-20 08:00:00,76
moscow,9,Vnukovo,2026-04-20 09:00:00,67
moscow,9,Vnukovo,2026-04-20 10:00:00,66
moscow,9,Vnukovo,2026-04-20 11:00:00,66
moscow,9,Vnukovo,2026-04-20 12:00:00,62
moscow,9,Vnukovo,2026-04-20 13:00:00,54
moscow,9,Vnukovo,2026-04-20 14:00:00,53
moscow,9,Vnukovo,2026-04-20 15:00:00,51
moscow,9,Vnukovo,2026-04-20 16:00:00,53
moscow,9,Vnukovo,2026-04-20 17:00:00,53
moscow,9,Vnukovo,2026-04-20 18:00:00,59
moscow,9,Vnukovo,2026-04-20 19:00:00,65
moscow,9,Vnukovo,2026-04-20 20:00:00,65
moscow,9,Vnukovo,2026-04-20 21:00:00,71
moscow,9,Vnukovo,2026-04-20 22:00:00,75
moscow,9,Vnukovo,2026-04-20 23:00:00,82
moscow,9,Vnukovo,2026-04-21 00:00:00,82
moscow,9,Vnukovo,2026-04-21 01:00:00,85
moscow,9,Vnukovo,2026-04-21 02:00:00,86
moscow,9,Vnukovo,2026-04-21 03:00:00,85
moscow,9,Vnukovo,2026-04-21 04:00:00,89
moscow,9,Vnukovo,2026-04-21 05:00:00,86
moscow,9,Vnukovo,2026-04-21 06:00:00,84
moscow,9,Vnukovo,2026-04-21 07:00:00,84
moscow,9,Vnukovo,2026-04-21 08:00:00,80
moscow,9,Vnukovo,2026-04-21 09:00:00,67
moscow,9,Vnukovo,2026-04-21 10:00:00,69
moscow,9,Vnukovo,2026-04-21 11:00:00,64
moscow,9,Vnukovo,2026-04-21 12:00:00,59
moscow,9,Vnukovo,2026-04-21 13:00:00,58
moscow,9,Vnukovo,2026-04-21 14:00:00,51
moscow,9,Vnukovo,2026-04-21 15:00:00,60
moscow,9,Vnukovo,2026-04-21 16:00:00,57
moscow,9,Vnukovo,2026-04-21 17:00:00,55
moscow,9,Vnukovo,2026-04-21 18:00:00,59
moscow,9,Vnukovo,2026-04-21 19:00:00,59
moscow,9,Vnukovo,2026-04-21 20:00:00,67
moscow,9,Vnukovo,2026-04-21 21:00:00,71
moscow,9,Vnukovo,2026-04-21 22:00:00,73
moscow,9,Vnukovo,2026-04-21 23:00:00,83
moscow,9,Vnukovo,2026-04-22 00:00:00,89
moscow,9,Vnukovo,2026-04-22 01:00:00,87
moscow,9,Vnukovo,2026-04-22 02:00:00,88
moscow,9,Vnukovo,2026-04-22 03:00:00,91
moscow,9,Vnukovo,2026-04-22 04:00:00,89
moscow,9,Vnukovo,2026-04-22 05:00:00,84
moscow,9,Vnukovo,2026-04-22 06:00:00,83
moscow,9,Vnukovo,2026-04-22 07:00:00,80
moscow,9,Vnukovo,2026-04-22 08:00:00,78
moscow,9,Vnukovo,2026-04-22 09:00:00,73
moscow,9,Vnukovo,2026-04-22 10:00:00,69
moscow,9,Vnukovo,2026-04-22 11:00:00,60
moscow,9,Vnukovo,2026-04-22 12:00:00,63
moscow,9,Vnukovo,2026-04-22 13:00:00,59
moscow,9,Vnukovo,2026-04-22 14:00:00,64
moscow,9,Vnukovo,2026-04-22 15:00:00,55
moscow,9,Vnukovo,2026-04-22 16:00:00,58
moscow,9,Vnukovo,2026-04-22 17:00:00,67
moscow,9,Vnukovo,2026-04-22 18:00:00,62
moscow,9,Vnukovo,2026-04-22 19:00:00,65
moscow,9,Vnukovo,2026-04-22 20:00:00,66
moscow,9,Vnukovo,2026-04-22 21:00:00,78
moscow,9,Vnukovo,2026-04-22 22:00:00,74
moscow,9,Vnukovo,2026-04-22 23:00:00,83
moscow,9,Vnukovo,2026-04-23 00:00:00,85
moscow,9,Vnukovo,2026-04-23 01:00:00,88
moscow,9,Vnukovo,2026-04-23 02:00:00,86
moscow,9,Vnukovo,2026-04-23 03:00:00,94
moscow,9,Vnukovo,2026-04-23 04:00:00,89
moscow,9,Vnukovo,2026-04-23 05:00:00,85
moscow,9,Vnukovo,2026-04-23 06:00:00,89
moscow,9,Vnukovo,2026-04-23 07:00:00,81
moscow,9,Vnukovo,2026-04-23 08:00:00,79
moscow,9,Vnukovo,2026-04-23 09:00:00,76
moscow,9,Vnukovo,2026-04-23 10:00:00,71
moscow,9,Vnukovo,2026-04-23 11:00:00,59
moscow,9,Vnukovo,2026-04-23 12:00:00,64
moscow,9,Vnukovo,2026-04-23 13:00:00,59
moscow,9,Vnukovo,2026-04-23 14:00:00,57
moscow,9,Vnukovo,2026-04-23 15:00:00,57
moscow,9,Vnukovo,2026-04-23 16:00:00,54
moscow,9,Vnukovo,2026-04-23 17:00:00,60
moscow,9,Vnukovo,2026-04-23 18:00:00,59
moscow,9,Vnukovo,2026-04-23 19:00:00,65
moscow,9,Vnukovo,2026-04-23 20:00:00,70
moscow,9,Vnukovo,2026-04-23 21:00:00,77
moscow,9,Vnukovo,2026-04-23 22:00:00,76
moscow,9,Vnukovo,2026-04-23 23:00:00,87
moscow,9,Vnukovo,2026-04-24 00:00:00,90
moscow,9,Vnukovo,2026-04-24 01:00:00,88
moscow,9,Vnukovo,2026-04-24 02:00:00,88
moscow,9,Vnukovo,2026-04-24 03:00:00,88
moscow,9,Vnukovo,2026-04-24 04:00:00,92
moscow,9,Vnukovo,2026-04-24 05:00:00,87
moscow,9,Vnukovo,2026-04-24 06:00:00,90
moscow,9,Vnukovo,2026-04-24 07:00:00,81
moscow,9,Vnukovo,2026-04-24 08:00:00,77
moscow,9,Vnukovo,2026-04-24 09:00:00,76
moscow,9,Vnukovo,2026-04-24 10:00:00,69
moscow,9,Vnukovo,2026-04-24 11:00:00,67
moscow,9,Vnukovo,2026-04-24 12:00:00,66
moscow,9,Vnukovo,2026-04-24 13:00:00,61
moscow,9,Vnukovo,2026-04-24 14:00:00,59
moscow,9,Vnukovo,2026-04-24 15:00:00,59
moscow,9,Vnukovo,2026-04-24 16:00:00,54
moscow,9,Vnukovo,2026-04-24 17:00:00,62
moscow,9,Vnukovo,2026-04-24 18:00:00,64
moscow,9,Vnukovo,2026-04-24 19:00:00,70
moscow,9,Vnukovo,2026-04-24 20:00:00,73
moscow,9,Vnukovo,2026-04-24 21:00:00,75
moscow,9,Vnukovo,2026-04-24 22:00:00,83
moscow,9,Vnukovo,2026-04-24 23:00:00,83
moscow,9,Vnukovo,2026-04-25 00:00:00,74
moscow,9,Vnukovo,2026-04-25 01:00:00,75
moscow,9,Vnukovo,2026-04-25 02:00:00,78
moscow,9,Vnukovo,2026-04-25 03:00:00,76
moscow,9,Vnukovo,2026-04-25 04:00:00,82
moscow,9,Vnukovo,2026-04-25 05:00:00,81
moscow,9,Vnukovo,2026-04-25 06:00:00,76
moscow,9,Vnukovo,2026-04-25 07:00:00,75
moscow,9,Vnukovo,2026-04-25 08:00:00,63
moscow,9,Vnukovo,2026-04-25 09:00:00,60
moscow,9,Vnukovo,2026-04-25 10:00:00,60
moscow,9,Vnukovo,2026-04-25 11:00:00,58
moscow,9,Vnukovo,2026-04-25 12:00:00,54
moscow,9,Vnukovo,2026-04-25 13:00:00,48
moscow,9,Vnukovo,2026-04-25 14:00:00,55
moscow,9,Vnukovo,2026-04-25 15:00:00,57
moscow,9,Vnukovo,2026-04-25 16:00:00,55
moscow,9,Vnukovo,2026-04-25 17:00:00,56
moscow,9,Vnukovo,2026-04-25 18:00:00,56
moscow,9,Vnukovo,2026-04-25 19:00:00,55
moscow,9,Vnukovo,2026-04-25 20:00:00,77
moscow,9,Vnukovo,2026-04-25 21:00:00,87
moscow,9,Vnukovo,2026-04-25 22:00:00,85
moscow,9,Vnukovo,2026-04-25 23:00:00,89
moscow,9,Vnukovo,2026-04-26 00:00:00,78
moscow,9,Vnukovo,2026-04-26 01:00:00,80
moscow,9,Vnukovo,2026-04-26 02:00:00,76
moscow,9,Vnukovo,2026-04-26 03:00:00,78
moscow,9,Vnukovo,2026-04-26 04:00:00,77
moscow,9,Vnukovo,2026-04-26 05:00:00,77
moscow,9,Vnukovo,2026-04-26 06:00:00,78
moscow,9,Vnukovo,2026-04-26 07:00:00,69
moscow,9,Vnukovo,2026-04-26 08:00:00,72
moscow,9,Vnukovo,2026-04-26 09:00:00,65
moscow,9,Vnukovo,2026-04-26 10:00:00,68
moscow,9,Vnukovo,2026-04-26 11:00:00,59
moscow,9,Vnukovo,2026-04-26 12:00:00,56
moscow,9,Vnukovo,2026-04-26 13:00:00,55
moscow,9,Vnukovo,2026-04-26 14:00:00,51
moscow,9,Vnukovo,2026-04-26 15:00:00,47
moscow,9,Vnukovo,2026-04-26 16:00:00,52
moscow,9,Vnukovo,2026-04-26 17:00:00,53
moscow,9,Vnukovo,2026-04-26 18:00:00,51
moscow,9,Vnukovo,2026-04-26 19:00:00,59
moscow,9,Vnukovo,2026-04-26 20:00:00,72
moscow,9,Vnukovo,2026-04-26 21:00:00,81
moscow,9,Vnukovo,2026-04-26 22:00:00,88
moscow,9,Vnukovo,2026-04-26 23:00:00,92
moscow,9,Vnukovo,2026-04-27 00:00:00,89
moscow,9,Vnukovo,2026-04-27 01:00:00,93
moscow,9,Vnukovo,2026-04-27 02:00:00,92
moscow,9,Vnukovo,2026-04-27 03:00:00,95
moscow,9,Vnukovo,2026-04-27 04:00:00,94
moscow,9,Vnukovo,2026-04-27 05:00:00,90
moscow,9,Vnukovo,2026-04-27 06:00:00,91
moscow,9,Vnukovo,2026-04-27 07:00:00,87
moscow,9,Vnukovo,2026-04-27 08:00:00,82
moscow,9,Vnukovo,2026-04-27 09:00:00,85
moscow,9,Vnukovo,2026-04-27 10:00:00,73
moscow,9,Vnukovo,2026-04-27 11:00:00,69
moscow,9,Vnukovo,2026-04-27 12:00:00,65
moscow,9,Vnukovo,2026-04-27 13:00:00,61
moscow,9,Vnukovo,2026-04-27 14:00:00,64
moscow,9,Vnukovo,2026-04-27 15:00:00,60
moscow,9,Vnukovo,2026-04-27 16:00:00,61
moscow,9,Vnukovo,2026-04-27 17:00:00,63
moscow,9,Vnukovo,2026-04-27 18:00:00,64
moscow,9,Vnukovo,2026-04-27 19:00:00,65
moscow,9,Vnukovo,2026-04-27 20:00:00,73
moscow,9,Vnukovo,2026-04-27 21:00:00,81
moscow,9,Vnukovo,2026-04-27 22:00:00,83
moscow,9,Vnukovo,2026-04-27 23:00:00,91
moscow,9,Vnukovo,2026-04-28 00:00:00,94
moscow,9,Vnukovo,2026-04-28 01:00:00,95
moscow,9,Vnukovo,2026-04-28 02:00:00,101
moscow,9,Vnukovo,2026-04-28 03:00:00,96
moscow,9,Vnukovo,2026-04-28 04:00:00,96
moscow,9,Vnukovo,2026-04-28 05:00:00,94
moscow,9,Vnukovo,2026-04-28 06:00:00,95
moscow,9,Vnukovo,2026-04-28 07:00:00,88
moscow,9,Vnukovo,2026-04-28 08:00:00,82
moscow,9,Vnukovo,2026-04-28 09:00:00,81
moscow,9,Vnukovo,2026-04-28 10:00:00,73
moscow,9,Vnukovo,2026-04-28 11:00:00,73
moscow,9,Vnukovo,2026-04-28 12:00:00,69
moscow,9,Vnukovo,2026-04-28 13:00:00,64
moscow,9,Vnukovo,2026-04-28 14:00:00,65
moscow,9,Vnukovo,2026-04-28 15:00:00,59
moscow,9,Vnukovo,2026-04-28 16:00:00,64
moscow,9,Vnukovo,2026-04-28 17:00:00,64
moscow,9,Vnukovo,2026-04-28 18:00:00,76
moscow,9,Vnukovo,2026-04-28 19:00:00,72
moscow,9,Vnukovo,2026-04-28 20:00:00,74
moscow,9,Vnukovo,2026-04-28 21:00:00,76
moscow,9,Vnukovo,2026-04-28 22:00:00,88
moscow,9,Vnukovo,2026-04-28 23:00:00,87
moscow,9,Vnukovo,2026-04-29 00:00:00,90
moscow,9,Vnukovo,2026-04-29 01:00:00,96
moscow,9,Vnukovo,2026-04-29 02:00:00,98
moscow,9,Vnukovo,2026-04-29 03:00:00,99
moscow,9,Vnukovo,2026-04-29 04:00:00,97
moscow,9,Vnukovo,2026-04-29 05:00:00,95
moscow,9,Vnukovo,2026-04-29 06:00:00,93
moscow,9,Vnukovo,2026-04-29 07:00:00,90
moscow,9,Vnukovo,2026-04-29 08:00:00,86
moscow,9,Vnukovo,2026-04-29 09:00:00,83
moscow,9,Vnukovo,2026-04-29 10:00:00,76
moscow,9,Vnukovo,2026-04-29 11:00:00,70
moscow,9,Vnukovo,2026-04-29 12:00:00,68
moscow,9,Vnukovo,2026-04-29 13:00:00,68
moscow,9,Vnukovo,2026-04-29 14:00:00,59
moscow,9,Vnukovo,2026-04-29 15:00:00,59
moscow,9,Vnukovo,2026-04-29 16:00:00,67
moscow,9,Vnukovo,2026-04-29 17:00:00,71
moscow,9,Vnukovo,2026-04-29 18:00:00,65
moscow,9,Vnukovo,2026-04-29 19:00:00,73
moscow,9,Vnukovo,2026-04-29 20:00:00,75
moscow,9,Vnukovo,2026-04-29 21:00:00,80
moscow,9,Vnukovo,2026-04-29 22:00:00,86
moscow,9,Vnukovo,2026-04-29 23:00:00,85
moscow,9,Vnukovo,2026-04-30 00:00:00,90
moscow,9,Vnukovo,2026-04-30 01:00:00,95
moscow,9,Vnukovo,2026-04-30 02:00:00,97
moscow,9,Vnukovo,2026-04-30 03:00:00,95
moscow,9,Vnukovo,2026-04-30 04:00:00,100
moscow,9,Vnukovo,2026-04-30 05:00:00,95
moscow,9,Vnukovo,2026-04-30 06:00:00,92
moscow,9,Vnukovo,2026-04-30 07:00:00,91
moscow,9,Vnukovo,2026-04-30 08:00:00,85
moscow,9,Vnukovo,2026-04-30 09:00:00,84
moscow,9,Vnukovo,2026-04-30 10:00:00,74
moscow,9,Vnukovo,2026-04-30 11:00:00,69
moscow,9,Vnukovo,2026-04-30 12:00:00,69
moscow,9,Vnukovo,2026-04-30 13:00:00,67
moscow,9,Vnukovo,2026-04-30 14:00:00,62
moscow,9,Vnukovo,2026-04-30 15:00:00,61
moscow,9,Vnukovo,2026-04-30 16:00:00,66
moscow,9,Vnukovo,2026-04-30 17:00:00,65
moscow,9,Vnukovo,2026-04-30 18:00:00,66
moscow,9,Vnukovo,2026-04-30 19:00:00,76
moscow,9,Vnukovo,2026-04-30 20:00:00,76
moscow,9,Vnukovo,2026-04-30 21:00:00,85
moscow,9,Vnukovo,2026-04-30 22:00:00,86
moscow,9,Vnukovo,2026-04-30 23:00:00,91
moscow,9,Vnukovo,2026-05-01 00:00:00,94
moscow,9,Vnukovo,2026-05-01 01:00:00,90
moscow,9,Vnukovo,2026-05-01 02:00:00,95
moscow,9,Vnukovo,2026-05-01 03:00:00,99
moscow,9,Vnukovo,2026-05-01 04:00:00,100
moscow,9,Vnukovo,2026-05-01 05:00:00,92
moscow,9,Vnukovo,2026-05-01 06:00:00,94
moscow,9,Vnukovo,2026-05-01 07:00:00,88
moscow,9,Vnukovo,2026-05-01 08:00:00,87
moscow,9,Vnukovo,2026-05-01 09:00:00,82
moscow,9,Vnukovo,2026-05-01 10:00:00,80
moscow,9,Vnukovo,2026-05-01 11:00:00,77
moscow,9,Vnukovo,2026-05-01 12:00:00,72
moscow,9,Vnukovo,2026-05-01 13:00:00,71
moscow,9,Vnukovo,2026-05-01 14:00:00,66
moscow,9,Vnukovo,2026-05-01 15:00:00,74
moscow,9,Vnukovo,2026-05-01 16:00:00,63
moscow,9,Vnukovo,2026-05-01 17:00:00,67
moscow,9,Vnukovo,2026-05-01 18:00:00,74
moscow,9,Vnukovo,2026-05-01 19:00:00,77
moscow,9,Vnukovo,2026-05-01 20:00:00,80
moscow,9,Vnukovo,2026-05-01 21:00:00,85
moscow,9,Vnukovo,2026-05-01 22:00:00,81
moscow,9,Vnukovo,2026-05-01 23:00:00,96
moscow,9,Vnukovo,2026-05-02 00:00:00,81
moscow,9,Vnukovo,2026-05-02 01:00:00,87
moscow,9,Vnukovo,2026-05-02 02:00:00,79
moscow,9,Vnukovo,2026-05-02 03:00:00,86
moscow,9,Vnukovo,2026-05-02 04:00:00,83
moscow,9,Vnukovo,2026-05-02 05:00:00,85
moscow,9,Vnukovo,2026-05-02 06:00:00,82
moscow,9,Vnukovo,2026-05-02 07:00:00,79
moscow,9,Vnukovo,2026-05-02 08:00:00,72
moscow,9,Vnukovo,2026-05-02 09:00:00,71
moscow,9,Vnukovo,2026-05-02 10:00:00,68
moscow,9,Vnukovo,2026-05-02 11:00:00,66
moscow,9,Vnukovo,2026-05-02 12:00:00,65
moscow,9,Vnukovo,2026-05-02 13:00:00,61
moscow,9,Vnukovo,2026-05-02 14:00:00,55
moscow,9,Vnukovo,2026-05-02 15:00:00,59
moscow,9,Vnukovo,2026-05-02 16:00:00,67
moscow,9,Vnukovo,2026-05-02 17:00:00,65
moscow,9,Vnukovo,2026-05-02 18:00:00,54
moscow,9,Vnukovo,2026-05-02 19:00:00,66
moscow,9,Vnukovo,2026-05-02 20:00:00,87
moscow,9,Vnukovo,2026-05-02 21:00:00,88
moscow,9,Vnukovo,2026-05-02 22:00:00,92
moscow,9,Vnukovo,2026-05-02 23:00:00,97
moscow,9,Vnukovo,2026-05-03 00:00:00,84
moscow,9,Vnukovo,2026-05-03 01:00:00,81
moscow,9,Vnukovo,2026-05-03 02:00:00,89
moscow,9,Vnukovo,2026-05-03 03:00:00,86
moscow,9,Vnukovo,2026-05-03 04:00:00,83
moscow,9,Vnukovo,2026-05-03 05:00:00,87
moscow,9,Vnukovo,2026-05-03 06:00:00,78
moscow,9,Vnukovo,2026-05-03 07:00:00,78
moscow,9,Vnukovo,2026-05-03 08:00:00,74
moscow,9,Vnukovo,2026-05-03 09:00:00,79
moscow,9,Vnukovo,2026-05-03 10:00:00,67
moscow,9,Vnukovo,2026-05-03 11:00:00,60
moscow,9,Vnukovo,2026-05-03 12:00:00,62
moscow,9,Vnukovo,2026-05-03 13:00:00,63
moscow,9,Vnukovo,2026-05-03 14:00:00,62
moscow,9,Vnukovo,2026-05-03 15:00:00,66
moscow,9,Vnukovo,2026-05-03 16:00:00,64
moscow,9,Vnukovo,2026-05-03 17:00:00,62
moscow,9,Vnukovo,2026-05-03 18:00:00,61
moscow,9,Vnukovo,2026-05-03 19:00:00,71
moscow,9,Vnukovo,2026-05-03 20:00:00,84
moscow,9,Vnukovo,2026-05-03 21:00:00,88
moscow,9,Vnukovo,2026-05-03 22:00:00,93
moscow,9,Vnukovo,2026-05-03 23:00:00,95
moscow,9,Vnukovo,2026-05-04 00:00:00,96
moscow,9,Vnukovo,2026-05-04 01:00:00,100
moscow,9,Vnukovo,2026-05-04 02:00:00,104
moscow,9,Vnukovo,2026-05-04 03:00:00,101
moscow,9,Vnukovo,2026-05-04 04:00:00,98
moscow,9,Vnukovo,2026-05-04 05:00:00,96
moscow,9,Vnukovo,2026-05-04 06:00:00,98
moscow,9,Vnukovo,2026-05-04 07:00:00,94
moscow,9,Vnukovo,2026-05-04 08:00:00,88
moscow,9,Vnukovo,2026-05-04 09:00:00,84
moscow,9,Vnukovo,2026-05-04 10:00:00,83
moscow,9,Vnukovo,2026-05-04 11:00:00,81
moscow,9,Vnukovo,2026-05-04 12:00:00,72
moscow,9,Vnukovo,2026-05-04 13:00:00,72
moscow,9,Vnukovo,2026-05-04 14:00:00,73
moscow,9,Vnukovo,2026-05-04 15:00:00,67
moscow,9,Vnukovo,2026-05-04 16:00:00,70
moscow,9,Vnukovo,2026-05-04 17:00:00,72
moscow,9,Vnukovo,2026-05-04 18:00:00,71
moscow,9,Vnukovo,2026-05-04 19:00:00,78
moscow,9,Vnukovo,2026-05-04 20:00:00,82
moscow,9,Vnukovo,2026-05-04 21:00:00,88
moscow,9,Vnukovo,2026-05-04 22:00:00,87
moscow,9,Vnukovo,2026-05-04 23:00:00,94
moscow,9,Vnukovo,2026-05-05 00:00:00,103
moscow,9,Vnukovo,2026-05-05 01:00:00,107
moscow,9,Vnukovo,2026-05-05 02:00:00,107
moscow,9,Vnukovo,2026-05-05 03:00:00,100
moscow,9,Vnukovo,2026-05-05 04:00:00,104
moscow,9,Vnukovo,2026-05-05 05:00:00,100
moscow,9,Vnukovo,2026-05-05 06:00:00,99
moscow,9,Vnukovo,2026-05-05 07:00:00,93
moscow,9,Vnukovo,2026-05-05 08:00:00,86
moscow,9,Vnukovo,2026-05-05 09:00:00,86
moscow,9,Vnukovo,2026-05-05 10:00:00,85
moscow,9,Vnukovo,2026-05-05 11:00:00,79
moscow,9,Vnukovo,2026-05-05 12:00:00,76
moscow,9,Vnukovo,2026-05-05 13:00:00,73
moscow,9,Vnukovo,2026-05-05 14:00:00,72
moscow,9,Vnukovo,2026-05-05 15:00:00,72
moscow,9,Vnukovo,2026-05-05 16:00:00,70
moscow,9,Vnukovo,2026-05-05 17:00:00,73
moscow,9,Vnukovo,2026-05-05 18:00:00,81
moscow,9,Vnukovo,2026-05-05 19:00:00,79
moscow,9,Vnukovo,2026-05-05 20:00:00,83
moscow,9,Vnukovo,2026-05-05 21:00:00,88
moscow,9,Vnukovo,2026-05-05 22:00:00,91
moscow,9,Vnukovo,2026-05-05 23:00:00,94
moscow,9,Vnukovo,2026-05-06 00:00:00,101
moscow,9,Vnukovo,2026-05-06 01:00:00,101
moscow,9,Vnukovo,2026-05-06 02:00:00,104
moscow,9,Vnukovo,2026-05-06 03:00:00,102
moscow,9,Vnukovo,2026-05-06 04:00:00,104
moscow,9,Vnukovo,2026-05-06 05:00:00,104
moscow,9,Vnukovo,2026-05-06 06:00:00,99
moscow,9,Vnukovo,2026-05-06 07:00:00,90
moscow,9,Vnukovo,2026-05-06 08:00:00,94
moscow,9,Vnukovo,2026-05-06 09:00:00,88
moscow,9,Vnukovo,2026-05-06 10:00:00,81
moscow,9,Vnukovo,2026-05-06 11:00:00,82
moscow,9,Vnukovo,2026-05-06 12:00:00,72
moscow,9,Vnukovo,2026-05-06 13:00:00,77
moscow,9,Vnukovo,2026-05-06 14:00:00,72
moscow,9,Vnukovo,2026-05-06 15:00:00,65
moscow,9,Vnukovo,2026-05-06 16:00:00,73
moscow,9,Vnukovo,2026-05-06 17:00:00,73
moscow,9,Vnukovo,2026-05-06 18:00:00,75
moscow,9,Vnukovo,2026-05-06 19:00:00,78
moscow,9,Vnukovo,2026-05-06 20:00:00,84
moscow,9,Vnukovo,2026-05-06 21:00:00,87
moscow,9,Vnukovo,2026-05-06 22:00:00,87
moscow,9,Vnukovo,2026-05-06 23:00:00,100
moscow,9,Vnukovo,2026-05-07 00:00:00,100
moscow,9,Vnukovo,2026-05-07 01:00:00,102
moscow,9,Vnukovo,2026-05-07 02:00:00,102
moscow,9,Vnukovo,2026-05-07 03:00:00,108
moscow,9,Vnukovo,2026-05-07 04:00:00,101
moscow,9,Vnukovo,2026-05-07 05:00:00,104
moscow,9,Vnukovo,2026-05-07 06:00:00,99
moscow,9,Vnukovo,2026-05-07 07:00:00,96
moscow,9,Vnukovo,2026-05-07 08:00:00,90
moscow,9,Vnukovo,2026-05-07 09:00:00,87
moscow,9,Vnukovo,2026-05-07 10:00:00,85
moscow,9,Vnukovo,2026-05-07 11:00:00,81
moscow,9,Vnukovo,2026-05-07 12:00:00,75
moscow,9,Vnukovo,2026-05-07 13:00:00,74
moscow,9,Vnukovo,2026-05-07 14:00:00,76
moscow,9,Vnukovo,2026-05-07 15:00:00,68
moscow,9,Vnukovo,2026-05-07 16:00:00,73
moscow,9,Vnukovo,2026-05-07 17:00:00,72
moscow,9,Vnukovo,2026-05-07 18:00:00,75
moscow,9,Vnukovo,2026-05-07 19:00:00,82
moscow,9,Vnukovo,2026-05-07 20:00:00,84
moscow,9,Vnukovo,2026-05-07 21:00:00,86
moscow,9,Vnukovo,2026-05-07 22:00:00,98
moscow,9,Vnukovo,2026-05-07 23:00:00,100
moscow,9,Vnukovo,2026-05-08 00:00:00,97
moscow,9,Vnukovo,2026-05-08 01:00:00,100
moscow,9,Vnukovo,2026-05-08 02:00:00,108
moscow,9,Vnukovo,2026-05-08 03:00:00,106
moscow,9,Vnukovo,2026-05-08 04:00:00,111
moscow,9,Vnukovo,2026-05-08 05:00:00,106
moscow,9,Vnukovo,2026-05-08 06:00:00,103
moscow,9,Vnukovo,2026-05-08 07:00:00,95
moscow,9,Vnukovo,2026-05-08 08:00:00,96
moscow,9,Vnukovo,2026-05-08 09:00:00,86
moscow,9,Vnukovo,2026-05-08 10:00:00,90
moscow,9,Vnukovo,2026-05-08 11:00:00,83
moscow,9,Vnukovo,2026-05-08 12:00:00,76
moscow,9,Vnukovo,2026-05-08 13:00:00,78
moscow,9,Vnukovo,2026-05-08 14:00:00,81
moscow,9,Vnukovo,2026-05-08 15:00:00,73
moscow,9,Vnukovo,2026-05-08 16:00:00,76
moscow,9,Vnukovo,2026-05-08 17:00:00,75
moscow,9,Vnukovo,2026-05-08 18:00:00,79
moscow,9,Vnukovo,2026-05-08 19:00:00,78
moscow,9,Vnukovo,2026-05-08 20:00:00,86
moscow,9,Vnukovo,2026-05-08 21:00:00,91
moscow,9,Vnukovo,2026-05-08 22:00:00,100
moscow,9,Vnukovo,2026-05-08 23:00:00,94
moscow,9,Vnukovo,2026-05-09 00:00:00,88
moscow,9,Vnukovo,2026-05-09 01:00:00,95
moscow,9,Vnukovo,2026-05-09 02:00:00,91
moscow,9,Vnukovo,2026-05-09 03:00:00,92
moscow,9,Vnukovo,2026-05-09 04:00:00,90
moscow,9,Vnukovo,2026-05-09 05:00:00,88
moscow,9,Vnukovo,2026-05-09 06:00:00,83
moscow,9,Vnukovo,2026-05-09 07:00:00,84
moscow,9,Vnukovo,2026-05-09 08:00:00,80
moscow,9,Vnukovo,2026-05-09 09:00:00,79
moscow,9,Vnukovo,2026-05-09 10:00:00,73
moscow,9,Vnukovo,2026-05-09 11:00:00,71
moscow,9,Vnukovo,2026-05-09 12:00:00,69
moscow,9,Vnukovo,2026-05-09 13:00:00,68
moscow,9,Vnukovo,2026-05-09 14:00:00,65
moscow,9,Vnukovo,2026-05-09 15:00:00,63
moscow,9,Vnukovo,2026-05-09 16:00:00,67
moscow,9,Vnukovo,2026-05-09 17:00:00,71
moscow,9,Vnukovo,2026-05-09 18:00:00,70
moscow,9,Vnukovo,2026-05-09 19:00:00,71
moscow,9,Vnukovo,2026-05-09 20:00:00,91
moscow,9,Vnukovo,2026-05-09 21:00:00,91
moscow,9,Vnukovo,2026-05-09 22:00:00,101
moscow,9,Vnukovo,2026-05-09 23:00:00,104
moscow,9,Vnukovo,2026-05-10 00:00:00,87
moscow,9,Vnukovo,2026-05-10 01:00:00,90
moscow,9,Vnukovo,2026-05-10 02:00:00,92
moscow,9,Vnukovo,2026-05-10 03:00:00,97
moscow,9,Vnukovo,2026-05-10 04:00:00,96
moscow,9,Vnukovo,2026-05-10 05:00:00,89
moscow,9,Vnukovo,2026-05-10 06:00:00,88
moscow,9,Vnukovo,2026-05-10 07:00:00,85
moscow,9,Vnukovo,2026-05-10 08:00:00,86
moscow,9,Vnukovo,2026-05-10 09:00:00,81
moscow,9,Vnukovo,2026-05-10 10:00:00,77
moscow,9,Vnukovo,2026-05-10 11:00:00,75
moscow,9,Vnukovo,2026-05-10 12:00:00,69
moscow,9,Vnukovo,2026-05-10 13:00:00,73
moscow,9,Vnukovo,2026-05-10 14:00:00,68
moscow,9,Vnukovo,2026-05-10 15:00:00,65
moscow,9,Vnukovo,2026-05-10 16:00:00,67
moscow,9,Vnukovo,2026-05-10 17:00:00,73
moscow,9,Vnukovo,2026-05-10 18:00:00,70
moscow,9,Vnukovo,2026-05-10 19:00:00,77
moscow,9,Vnukovo,2026-05-10 20:00:00,91
moscow,9,Vnukovo,2026-05-10 21:00:00,95
moscow,9,Vnukovo,2026-05-10 22:00:00,104
moscow,9,Vnukovo,2026-05-10 23:00:00,104
moscow,9,Vnukovo,2026-05-11 00:00:00,108
moscow,9,Vnukovo,2026-05-11 01:00:00,109
moscow,9,Vnukovo,2026-05-11 02:00:00,107
moscow,9,Vnukovo,2026-05-11 03:00:00,110
moscow,9,Vnukovo,2026-05-11 04:00:00,108
moscow,9,Vnukovo,2026-05-11 05:00:00,109
moscow,9,Vnukovo,2026-05-11 06:00:00,110
moscow,9,Vnukovo,2026-05-11 07:00:00,101
moscow,9,Vnukovo,2026-05-11 08:00:00,99
moscow,9,Vnukovo,2026-05-11 09:00:00,93
moscow,9,Vnukovo,2026-05-11 10:00:00,89
moscow,9,Vnukovo,2026-05-11 11:00:00,85
moscow,9,Vnukovo,2026-05-11 12:00:00,79
moscow,9,Vnukovo,2026-05-11 13:00:00,80
moscow,9,Vnukovo,2026-05-11 14:00:00,77
moscow,9,Vnukovo,2026-05-11 15:00:00,74
moscow,9,Vnukovo,2026-05-11 16:00:00,80
moscow,9,Vnukovo,2026-05-11 17:00:00,80
moscow,9,Vnukovo,2026-05-11 18:00:00,81
moscow,9,Vnukovo,2026-05-11 19:00:00,89
moscow,9,Vnukovo,2026-05-11 20:00:00,84
moscow,9,Vnukovo,2026-05-11 21:00:00,97
moscow,9,Vnukovo,2026-05-11 22:00:00,95
moscow,9,Vnukovo,2026-05-11 23:00:00,103
moscow,9,Vnukovo,2026-05-12 00:00:00,105
moscow,9,Vnukovo,2026-05-12 01:00:00,106
moscow,9,Vnukovo,2026-05-12 02:00:00,114
moscow,9,Vnukovo,2026-05-12 03:00:00,116
moscow,9,Vnukovo,2026-05-12 04:00:00,110
moscow,9,Vnukovo,2026-05-12 05:00:00,110
moscow,9,Vnukovo,2026-05-12 06:00:00,106
moscow,9,Vnukovo,2026-05-12 07:00:00,108
moscow,9,Vnukovo,2026-05-12 08:00:00,93
moscow,9,Vnukovo,2026-05-12 09:00:00,95
moscow,9,Vnukovo,2026-05-12 10:00:00,88
moscow,9,Vnukovo,2026-05-12 11:00:00,79
moscow,9,Vnukovo,2026-05-12 12:00:00,82
moscow,9,Vnukovo,2026-05-12 13:00:00,85
moscow,9,Vnukovo,2026-05-12 14:00:00,77
moscow,9,Vnukovo,2026-05-12 15:00:00,80
moscow,9,Vnukovo,2026-05-12 16:00:00,82
moscow,9,Vnukovo,2026-05-12 17:00:00,80
moscow,9,Vnukovo,2026-05-12 18:00:00,83
moscow,9,Vnukovo,2026-05-12 19:00:00,82
moscow,9,Vnukovo,2026-05-12 20:00:00,88
moscow,9,Vnukovo,2026-05-12 21:00:00,97
moscow,9,Vnukovo,2026-05-12 22:00:00,99
moscow,9,Vnukovo,2026-05-12 23:00:00,104
moscow,9,Vnukovo,2026-05-13 00:00:00,108
moscow,9,Vnukovo,2026-05-13 01:00:00,116
moscow,9,Vnukovo,2026-05-13 02:00:00,110
moscow,9,Vnukovo,2026-05-13 03:00:00,117
moscow,9,Vnukovo,2026-05-13 04:00:00,112
moscow,9,Vnukovo,2026-05-13 05:00:00,115
moscow,9,Vnukovo,2026-05-13 06:00:00,104
moscow,9,Vnukovo,2026-05-13 07:00:00,104
moscow,9,Vnukovo,2026-05-13 08:00:00,99
moscow,9,Vnukovo,2026-05-13 09:00:00,96
moscow,9,Vnukovo,2026-05-13 10:00:00,95
moscow,9,Vnukovo,2026-05-13 11:00:00,88
moscow,9,Vnukovo,2026-05-13 12:00:00,87
moscow,9,Vnukovo,2026-05-13 13:00:00,79
moscow,9,Vnukovo,2026-05-13 14:00:00,77
moscow,9,Vnukovo,2026-05-13 15:00:00,79
moscow,9,Vnukovo,2026-05-13 16:00:00,80
moscow,9,Vnukovo,2026-05-13 17:00:00,81
moscow,9,Vnukovo,2026-05-13 18:00:00,81
moscow,9,Vnukovo,2026-05-13 19:00:00,91
moscow,9,Vnukovo,2026-05-13 20:00:00,91
moscow,9,Vnukovo,2026-05-13 21:00:00,100
moscow,9,Vnukovo,2026-05-13 22:00:00,100
moscow,9,Vnukovo,2026-05-13 23:00:00,106
moscow,9,Vnukovo,2026-05-14 00:00:00,110
moscow,9,Vnukovo,2026-05-14 01:00:00,109
moscow,9,Vnukovo,2026-05-14 02:00:00,114
moscow,9,Vnukovo,2026-05-14 03:00:00,119
moscow,9,Vnukovo,2026-05-14 04:00:00,113
moscow,9,Vnukovo,2026-05-14 05:00:00,114
moscow,9,Vnukovo,2026-05-14 06:00:00,110
moscow,9,Vnukovo,2026-05-14 07:00:00,106
moscow,9,Vnukovo,2026-05-14 08:00:00,101
moscow,9,Vnukovo,2026-05-14 09:00:00,98
moscow,9,Vnukovo,2026-05-14 10:00:00,94
moscow,9,Vnukovo,2026-05-14 11:00:00,84
moscow,9,Vnukovo,2026-05-14 12:00:00,86
moscow,9,Vnukovo,2026-05-14 13:00:00,82
moscow,9,Vnukovo,2026-05-14 14:00:00,80
moscow,9,Vnukovo,2026-05-14 15:00:00,84
moscow,9,Vnukovo,2026-05-14 16:00:00,79
moscow,9,Vnukovo,2026-05-14 17:00:00,79
moscow,9,Vnukovo,2026-05-14 18:00:00,88
moscow,9,Vnukovo,2026-05-14 19:00:00,85
moscow,9,Vnukovo,2026-05-14 20:00:00,87
moscow,9,Vnukovo,2026-05-14 21:00:00,100
moscow,9,Vnukovo,2026-05-14 22:00:00,102
moscow,9,Vnukovo,2026-05-14 23:00:00,107
moscow,9,Vnukovo,2026-05-15 00:00:00,108
moscow,9,Vnukovo,2026-05-15 01:00:00,108
moscow,9,Vnukovo,2026-05-15 02:00:00,110
moscow,9,Vnukovo,2026-05-15 03:00:00,114
moscow,9,Vnukovo,2026-05-15 04:00:00,110
moscow,9,Vnukovo,2026-05-15 05:00:00,113
moscow,9,Vnukovo,2026-05-15 06:00:00,108
moscow,9,Vnukovo,2026-05-15 07:00:00,106
moscow,9,Vnukovo,2026-05-15 08:00:00,102
moscow,9,Vnukovo,2026-05-15 09:00:00,99
moscow,9,Vnukovo,2026-05-15 10:00:00,95
moscow,9,Vnukovo,2026-05-15 11:00:00,88
moscow,9,Vnukovo,2026-05-15 12:00:00,86
moscow,9,Vnukovo,2026-05-15 13:00:00,84
moscow,9,Vnukovo,2026-05-15 14:00:00,75
moscow,9,Vnukovo,2026-05-15 15:00:00,83
moscow,9,Vnukovo,2026-05-15 16:00:00,82
moscow,9,Vnukovo,2026-05-15 17:00:00,85
moscow,9,Vnukovo,2026-05-15 18:00:00,83
moscow,9,Vnukovo,2026-05-15 19:00:00,89
moscow,9,Vnukovo,2026-05-15 20:00:00,91
moscow,9,Vnukovo,2026-05-15 21:00:00,100
moscow,9,Vnukovo,2026-05-15 22:00:00,98
moscow,9,Vnukovo,2026-05-15 23:00:00,104
moscow,9,Vnukovo,2026-05-16 00:00:00,98
moscow,9,Vnukovo,2026-05-16 01:00:00,97
moscow,9,Vnukovo,2026-05-16 02:00:00,97
moscow,9,Vnukovo,2026-05-16 03:00:00,103
moscow,9,Vnukovo,2026-05-16 04:00:00,102
moscow,9,Vnukovo,2026-05-16 05:00:00,100
moscow,9,Vnukovo,2026-05-16 06:00:00,99
moscow,9,Vnukovo,2026-05-16 07:00:00,93
moscow,9,Vnukovo,2026-05-16 08:00:00,90
moscow,9,Vnukovo,2026-05-16 09:00:00,85
moscow,9,Vnukovo,2026-05-16 10:00:00,84
moscow,9,Vnukovo,2026-05-16 11:00:00,79
moscow,9,Vnukovo,2026-05-16 12:00:00,76
moscow,9,Vnukovo,2026-05-16 13:00:00,77
moscow,9,Vnukovo,2026-05-16 14:00:00,77
moscow,9,Vnukovo,2026-05-16 15:00:00,75
moscow,9,Vnukovo,2026-05-16 16:00:00,79
moscow,9,Vnukovo,2026-05-16 17:00:00,73
moscow,9,Vnukovo,2026-05-16 18:00:00,72
moscow,9,Vnukovo,2026-05-16 19:00:00,83
moscow,9,Vnukovo,2026-05-16 20:00:00,97
moscow,9,Vnukovo,2026-05-16 21:00:00,103
moscow,9,Vnukovo,2026-05-16 22:00:00,103
moscow,9,Vnukovo,2026-05-16 23:00:00,110
moscow,9,Vnukovo,2026-05-17 00:00:00,93
moscow,9,Vnukovo,2026-05-17 01:00:00,98
moscow,9,Vnukovo,2026-05-17 02:00:00,100
moscow,9,Vnukovo,2026-05-17 03:00:00,101
moscow,9,Vnukovo,2026-05-17 04:00:00,104
moscow,9,Vnukovo,2026-05-17 05:00:00,101
moscow,9,Vnukovo,2026-05-17 06:00:00,93
moscow,9,Vnukovo,2026-05-17 07:00:00,96
moscow,9,Vnukovo,2026-05-17 08:00:00,92
moscow,9,Vnukovo,2026-05-17 09:00:00,88
moscow,9,Vnukovo,2026-05-17 10:00:00,84
moscow,9,Vnukovo,2026-05-17 11:00:00,82
moscow,9,Vnukovo,2026-05-17 12:00:00,76
moscow,9,Vnukovo,2026-05-17 13:00:00,76
moscow,9,Vnukovo,2026-05-17 14:00:00,79
moscow,9,Vnukovo,2026-05-17 15:00:00,73
moscow,9,Vnukovo,2026-05-17 16:00:00,72
moscow,9,Vnukovo,2026-05-17 17:00:00,76
moscow,9,Vnukovo,2026-05-17 18:00:00,75
moscow,9,Vnukovo,2026-05-17 19:00:00,77
moscow,9,Vnukovo,2026-05-17 20:00:00,99
moscow,9,Vnukovo,2026-05-17 21:00:00,109
moscow,9,Vnukovo,2026-05-17 22:00:00,110
moscow,9,Vnukovo,2026-05-17 23:00:00,114
moscow,9,Vnukovo,2026-05-18 00:00:00,107
moscow,9,Vnukovo,2026-05-18 01:00:00,117
moscow,9,Vnukovo,2026-05-18 02:00:00,117
moscow,9,Vnukovo,2026-05-18 03:00:00,116
moscow,9,Vnukovo,2026-05-18 04:00:00,118
moscow,9,Vnukovo,2026-05-18 05:00:00,116
moscow,9,Vnukovo,2026-05-18 06:00:00,110
moscow,9,Vnukovo,2026-05-18 07:00:00,110
moscow,9,Vnukovo,2026-05-18 08:00:00,109
moscow,9,Vnukovo,2026-05-18 09:00:00,100
moscow,9,Vnukovo,2026-05-18 10:00:00,94
moscow,9,Vnukovo,2026-05-18 11:00:00,92
moscow,9,Vnukovo,2026-05-18 12:00:00,92
moscow,9,Vnukovo,2026-05-18 13:00:00,83
moscow,9,Vnukovo,2026-05-18 14:00:00,87
moscow,9,Vnukovo,2026-05-18 15:00:00,83
moscow,9,Vnukovo,2026-05-18 16:00:00,86
moscow,9,Vnukovo,2026-05-18 17:00:00,85
moscow,9,Vnukovo,2026-05-18 18:00:00,88
moscow,9,Vnukovo,2026-05-18 19:00:00,97
moscow,9,Vnukovo,2026-05-18 20:00:00,93
moscow,9,Vnukovo,2026-05-18 21:00:00,103
moscow,9,Vnukovo,2026-05-18 22:00:00,111
moscow,9,Vnukovo,2026-05-18 23:00:00,112
moscow,9,Vnukovo,2026-05-19 00:00:00,110
moscow,9,Vnukovo,2026-05-19 01:00:00,113
moscow,9,Vnukovo,2026-05-19 02:00:00,116
moscow,9,Vnukovo,2026-05-19 03:00:00,119
moscow,9,Vnukovo,2026-05-19 04:00:00,119
moscow,9,Vnukovo,2026-05-19 05:00:00,113
moscow,9,Vnukovo,2026-05-19 06:00:00,111
moscow,9,Vnukovo,2026-05-19 07:00:00,108
moscow,9,Vnukovo,2026-05-19 08:00:00,106
moscow,9,Vnukovo,2026-05-19 09:00:00,108
moscow,9,Vnukovo,2026-05-19 10:00:00,95
moscow,9,Vnukovo,2026-05-19 11:00:00,91
moscow,9,Vnukovo,2026-05-19 12:00:00,87
moscow,9,Vnukovo,2026-05-19 13:00:00,90
moscow,9,Vnukovo,2026-05-19 14:00:00,86
moscow,9,Vnukovo,2026-05-19 15:00:00,83
moscow,9,Vnukovo,2026-05-19 16:00:00,85
moscow,9,Vnukovo,2026-05-19 17:00:00,86
moscow,9,Vnukovo,2026-05-19 18:00:00,91
moscow,9,Vnukovo,2026-05-19 19:00:00,102
moscow,9,Vnukovo,2026-05-19 20:00:00,100
moscow,9,Vnukovo,2026-05-19 21:00:00,102
moscow,9,Vnukovo,2026-05-19 22:00:00,105
moscow,9,Vnukovo,2026-05-19 23:00:00,107
moscow,9,Vnukovo,2026-05-20 00:00:00,117
moscow,9,Vnukovo,2026-05-20 01:00:00,120
moscow,9,Vnukovo,2026-05-20 02:00:00,118
moscow,9,Vnukovo,2026-05-20 03:00:00,123
moscow,9,Vnukovo,2026-05-20 04:00:00,119
moscow,9,Vnukovo,2026-05-20 05:00:00,120
moscow,9,Vnukovo,2026-05-20 06:00:00,116
moscow,9,Vnukovo,2026-05-20 07:00:00,111
moscow,9,Vnukovo,2026-05-20 08:00:00,105
moscow,9,Vnukovo,2026-05-20 09:00:00,103
moscow,9,Vnukovo,2026-05-20 10:00:00,101
moscow,9,Vnukovo,2026-05-20 11:00:00,93
moscow,9,Vnukovo,2026-05-20 12:00:00,93
moscow,9,Vnukovo,2026-05-20 13:00:00,86
moscow,9,Vnukovo,2026-05-20 14:00:00,89
moscow,9,Vnukovo,2026-05-20 15:00:00,88
moscow,9,Vnukovo,2026-05-20 16:00:00,84
moscow,9,Vnukovo,2026-05-20 17:00:00,88
moscow,9,Vnukovo,2026-05-20 18:00:00,94
moscow,9,Vnukovo,2026-05-20 19:00:00,92
moscow,9,Vnukovo,2026-05-20 20:00:00,96
moscow,9,Vnukovo,2026-05-20 21:00:00,103
moscow,9,Vnukovo,2026-05-20 22:00:00,114
moscow,9,Vnukovo,2026-05-20 23:00:00,110
moscow,9,Vnukovo,2026-05-21 00:00:00,118
moscow,9,Vnukovo,2026-05-21 01:00:00,120
moscow,9,Vnukovo,2026-05-21 02:00:00,119
moscow,9,Vnukovo,2026-05-21 03:00:00,121
moscow,9,Vnukovo,2026-05-21 04:00:00,119
moscow,9,Vnukovo,2026-05-21 05:00:00,117
moscow,9,Vnukovo,2026-05-21 06:00:00,111
moscow,9,Vnukovo,2026-05-21 07:00:00,112
moscow,9,Vnukovo,2026-05-21 08:00:00,111
moscow,9,Vnukovo,2026-05-21 09:00:00,104
moscow,9,Vnukovo,2026-05-21 10:00:00,103
moscow,9,Vnukovo,2026-05-21 11:00:00,97
moscow,9,Vnukovo,2026-05-21 12:00:00,92
moscow,9,Vnukovo,2026-05-21 13:00:00,88
moscow,9,Vnukovo,2026-05-21 14:00:00,87
moscow,9,Vnukovo,2026-05-21 15:00:00,84
moscow,9,Vnukovo,2026-05-21 16:00:00,88
moscow,9,Vnukovo,2026-05-21 17:00:00,91
moscow,9,Vnukovo,2026-05-21 18:00:00,98
moscow,9,Vnukovo,2026-05-21 19:00:00,98
moscow,9,Vnukovo,2026-05-21 20:00:00,98
moscow,9,Vnukovo,2026-05-21 21:00:00,100
moscow,9,Vnukovo,2026-05-21 22:00:00,108
moscow,9,Vnukovo,2026-05-21 23:00:00,115
moscow,9,Vnukovo,2026-05-22 00:00:00,117
moscow,9,Vnukovo,2026-05-22 01:00:00,121
moscow,9,Vnukovo,2026-05-22 02:00:00,121
moscow,9,Vnukovo,2026-05-22 03:00:00,124
moscow,9,Vnukovo,2026-05-22 04:00:00,117
moscow,9,Vnukovo,2026-05-22 05:00:00,124
moscow,9,Vnukovo,2026-05-22 06:00:00,114
moscow,9,Vnukovo,2026-05-22 07:00:00,116
moscow,9,Vnukovo,2026-05-22 08:00:00,109
moscow,9,Vnukovo,2026-05-22 09:00:00,105
moscow,9,Vnukovo,2026-05-22 10:00:00,100
moscow,9,Vnukovo,2026-05-22 11:00:00,98
moscow,9,Vnukovo,2026-05-22 12:00:00,95
moscow,9,Vnukovo,2026-05-22 13:00:00,94
moscow,9,Vnukovo,2026-05-22 14:00:00,93
moscow,9,Vnukovo,2026-05-22 15:00:00,90
moscow,9,Vnukovo,2026-05-22 16:00:00,94
moscow,9,Vnukovo,2026-05-22 17:00:00,91
moscow,9,Vnukovo,2026-05-22 18:00:00,97
moscow,9,Vnukovo,2026-05-22 19:00:00,99
moscow,9,Vnukovo,2026-05-22 20:00:00,100
moscow,9,Vnukovo,2026-05-22 21:00:00,106
moscow,9,Vnukovo,2026-05-22 22:00:00,111
moscow,9,Vnukovo,2026-05-22 23:00:00,114
moscow,9,Vnukovo,2026-05-23 00:00:00,105
moscow,9,Vnukovo,2026-05-23 01:00:00,109
moscow,9,Vnukovo,2026-05-23 02:00:00,107
moscow,9,Vnukovo,2026-05-23 03:00:00,99
moscow,9,Vnukovo,2026-05-23 04:00:00,112
moscow,9,Vnukovo,2026-05-23 05:00:00,105
moscow,9,Vnukovo,2026-05-23 06:00:00,101
moscow,9,Vnukovo,2026-05-23 07:00:00,98
moscow,9,Vnukovo,2026-05-23 08:00:00,97
moscow,9,Vnukovo,2026-05-23 09:00:00,93
moscow,9,Vnukovo,2026-05-23 10:00:00,89
moscow,9,Vnukovo,2026-05-23 11:00:00,86
moscow,9,Vnukovo,2026-05-23 12:00:00,86
moscow,9,Vnukovo,2026-05-23 13:00:00,89
moscow,9,Vnukovo,2026-05-23 14:00:00,84
moscow,9,Vnukovo,2026-05-23 15:00:00,84
moscow,9,Vnukovo,2026-05-23 16:00:00,81
moscow,9,Vnukovo,2026-05-23 17:00:00,83
moscow,9,Vnukovo,2026-05-23 18:00:00,86
moscow,9,Vnukovo,2026-05-23 19:00:00,86
moscow,9,Vnukovo,2026-05-23 20:00:00,106
moscow,9,Vnukovo,2026-05-23 21:00:00,114
moscow,9,Vnukovo,2026-05-23 22:00:00,119
moscow,9,Vnukovo,2026-05-23 23:00:00,121
moscow,9,Vnukovo,2026-05-24 00:00:00,102
moscow,9,Vnukovo,2026-05-24 01:00:00,106
moscow,9,Vnukovo,2026-05-24 02:00:00,104
moscow,9,Vnukovo,2026-05-24 03:00:00,109
moscow,9,Vnukovo,2026-05-24 04:00:00,109
moscow,9,Vnukovo,2026-05-24 05:00:00,106
moscow,9,Vnukovo,2026-05-24 06:00:00,105
moscow,9,Vnukovo,2026-05-24 07:00:00,103
moscow,9,Vnukovo,2026-05-24 08:00:00,100
moscow,9,Vnukovo,2026-05-24 09:00:00,92
moscow,9,Vnukovo,2026-05-24 10:00:00,91
moscow,9,Vnukovo,2026-05-24 11:00:00,90
moscow,9,Vnukovo,2026-05-24 12:00:00,91
moscow,9,Vnukovo,2026-05-24 13:00:00,83
moscow,9,Vnukovo,2026-05-24 14:00:00,84
moscow,9,Vnukovo,2026-05-24 15:00:00,85
moscow,9,Vnukovo,2026-05-24 16:00:00,82
moscow,9,Vnukovo,2026-05-24 17:00:00,87
moscow,9,Vnukovo,2026-05-24 18:00:00,90
moscow,9,Vnukovo,2026-05-24 19:00:00,93
moscow,9,Vnukovo,2026-05-24 20:00:00,109
moscow,9,Vnukovo,2026-05-24 21:00:00,119
moscow,9,Vnukovo,2026-05-24 22:00:00,115
moscow,9,Vnukovo,2026-05-24 23:00:00,128
moscow,9,Vnukovo,2026-05-25 00:00:00,123
moscow,9,Vnukovo,2026-05-25 01:00:00,127
moscow,9,Vnukovo,2026-05-25 02:00:00,124
moscow,9,Vnukovo,2026-05-25 03:00:00,128
moscow,9,Vnukovo,2026-05-25 04:00:00,129
moscow,9,Vnukovo,2026-05-25 05:00:00,120
moscow,9,Vnukovo,2026-05-25 06:00:00,120
moscow,9,Vnukovo,2026-05-25 07:00:00,111
moscow,9,Vnukovo,2026-05-25 08:00:00,112
moscow,9,Vnukovo,2026-05-25 09:00:00,106
moscow,9,Vnukovo,2026-05-25 10:00:00,103
moscow,9,Vnukovo,2026-05-25 11:00:00,109
moscow,9,Vnukovo,2026-05-25 12:00:00,102
moscow,9,Vnukovo,2026-05-25 13:00:00,90
moscow,9,Vnukovo,2026-05-25 14:00:00,94
moscow,9,Vnukovo,2026-05-25 15:00:00,94
moscow,9,Vnukovo,2026-05-25 16:00:00,92
moscow,9,Vnukovo,2026-05-25 17:00:00,95
moscow,9,Vnukovo,2026-05-25 18:00:00,98
moscow,9,Vnukovo,2026-05-25 19:00:00,97
moscow,9,Vnukovo,2026-05-25 20:00:00,102
moscow,9,Vnukovo,2026-05-25 21:00:00,109
moscow,9,Vnukovo,2026-05-25 22:00:00,113
moscow,9,Vnukovo,2026-05-25 23:00:00,115
moscow,9,Vnukovo,2026-05-26 00:00:00,119
moscow,9,Vnukovo,2026-05-26 01:00:00,124
moscow,9,Vnukovo,2026-05-26 02:00:00,128
moscow,9,Vnukovo,2026-05-26 03:00:00,126
moscow,9,Vnukovo,2026-05-26 04:00:00,130
moscow,9,Vnukovo,2026-05-26 05:00:00,122
moscow,9,Vnukovo,2026-05-26 06:00:00,122
moscow,9,Vnukovo,2026-05-26 07:00:00,117
moscow,9,Vnukovo,2026-05-26 08:00:00,115
moscow,9,Vnukovo,2026-05-26 09:00:00,107
moscow,9,Vnukovo,2026-05-26 10:00:00,111
moscow,9,Vnukovo,2026-05-26 11:00:00,96
moscow,9,Vnukovo,2026-05-26 12:00:00,103
moscow,9,Vnukovo,2026-05-26 13:00:00,96
moscow,9,Vnukovo,2026-05-26 14:00:00,95
moscow,9,Vnukovo,2026-05-26 15:00:00,97
moscow,9,Vnukovo,2026-05-26 16:00:00,96
moscow,9,Vnukovo,2026-05-26 17:00:00,93
moscow,9,Vnukovo,2026-05-26 18:00:00,100
moscow,9,Vnukovo,2026-05-26 19:00:00,107
moscow,9,Vnukovo,2026-05-26 20:00:00,103
moscow,9,Vnukovo,2026-05-26 21:00:00,116
moscow,9,Vnukovo,2026-05-26 22:00:00,115
moscow,9,Vnukovo,2026-05-26 23:00:00,117
moscow,9,Vnukovo,2026-05-27 00:00:00,120
moscow,9,Vnukovo,2026-05-27 01:00:00,125
moscow,9,Vnukovo,2026-05-27 02:00:00,121
moscow,9,Vnukovo,2026-05-27 03:00:00,126
moscow,9,Vnukovo,2026-05-27 04:00:00,126
moscow,9,Vnukovo,2026-05-27 05:00:00,122
moscow,9,Vnukovo,2026-05-27 06:00:00,124
moscow,9,Vnukovo,2026-05-27 07:00:00,118
moscow,9,Vnukovo,2026-05-27 08:00:00,113
moscow,9,Vnukovo,2026-05-27 09:00:00,110
moscow,9,Vnukovo,2026-05-27 10:00:00,107
moscow,9,Vnukovo,2026-05-27 11:00:00,103
moscow,9,Vnukovo,2026-05-27 12:00:00,97
moscow,9,Vnukovo,2026-05-27 13:00:00,97
moscow,9,Vnukovo,2026-05-27 14:00:00,95
moscow,9,Vnukovo,2026-05-27 15:00:00,91
moscow,9,Vnukovo,2026-05-27 16:00:00,94
moscow,9,Vnukovo,2026-05-27 17:00:00,98
moscow,9,Vnukovo,2026-05-27 18:00:00,101
moscow,9,Vnukovo,2026-05-27 19:00:00,102
moscow,9,Vnukovo,2026-05-27 20:00:00,109
moscow,9,Vnukovo,2026-05-27 21:00:00,108
moscow,9,Vnukovo,2026-05-27 22:00:00,113
moscow,9,Vnukovo,2026-05-27 23:00:00,119
moscow,9,Vnukovo,2026-05-28 00:00:00,128
moscow,9,Vnukovo,2026-05-28 01:00:00,127
moscow,9,Vnukovo,2026-05-28 02:00:00,127
moscow,9,Vnukovo,2026-05-28 03:00:00,133
moscow,9,Vnukovo,2026-05-28 04:00:00,127
moscow,9,Vnukovo,2026-05-28 05:00:00,133
moscow,9,Vnukovo,2026-05-28 06:00:00,122
moscow,9,Vnukovo,2026-05-28 07:00:00,117
moscow,9,Vnukovo,2026-05-28 08:00:00,115
moscow,9,Vnukovo,2026-05-28 09:00:00,111
moscow,9,Vnukovo,2026-05-28 10:00:00,105
moscow,9,Vnukovo,2026-05-28 11:00:00,111
moscow,9,Vnukovo,2026-05-28 12:00:00,101
moscow,9,Vnukovo,2026-05-28 13:00:00,99
moscow,9,Vnukovo,2026-05-28 14:00:00,94
moscow,9,Vnukovo,2026-05-28 15:00:00,94
moscow,9,Vnukovo,2026-05-28 16:00:00,99
moscow,9,Vnukovo,2026-05-28 17:00:00,93
moscow,9,Vnukovo,2026-05-28 18:00:00,97
moscow,9,Vnukovo,2026-05-28 19:00:00,103
moscow,9,Vnukovo,2026-05-28 20:00:00,112
moscow,9,Vnukovo,2026-05-28 21:00:00,111
moscow,9,Vnukovo,2026-05-28 22:00:00,118
moscow,9,Vnukovo,2026-05-28 23:00:00,120
moscow,9,Vnukovo,2026-05-29 00:00:00,129
moscow,9,Vnukovo,2026-05-29 01:00:00,123
moscow,9,Vnukovo,2026-05-29 02:00:00,131
moscow,9,Vnukovo,2026-05-29 03:00:00,129
moscow,9,Vnukovo,2026-05-29 04:00:00,132
moscow,9,Vnukovo,2026-05-29 05:00:00,125
moscow,9,Vnukovo,2026-05-29 06:00:00,125
moscow,9,Vnukovo,2026-05-29 07:00:00,121
moscow,9,Vnukovo,2026-05-29 08:00:00,114
moscow,9,Vnukovo,2026-05-29 09:00:00,109
moscow,9,Vnukovo,2026-05-29 10:00:00,107
moscow,9,Vnukovo,2026-05-29 11:00:00,105
moscow,9,Vnukovo,2026-05-29 12:00:00,99
moscow,9,Vnukovo,2026-05-29 13:00:00,98
moscow,9,Vnukovo,2026-05-29 14:00:00,91
moscow,9,Vnukovo,2026-05-29 15:00:00,95
moscow,9,Vnukovo,2026-05-29 16:00:00,100
moscow,9,Vnukovo,2026-05-29 17:00:00,101
moscow,9,Vnukovo,2026-05-29 18:00:00,101
moscow,9,Vnukovo,2026-05-29 19:00:00,106
moscow,9,Vnukovo,2026-05-29 20:00:00,107
moscow,9,Vnukovo,2026-05-29 21:00:00,118
moscow,9,Vnukovo,2026-05-29 22:00:00,123
moscow,9,Vnukovo,2026-05-29 23:00:00,122
moscow,9,Vnukovo,2026-05-30 00:00:00,119
moscow,9,Vnukovo,2026-05-30 01:00:00,112
moscow,9,Vnukovo,2026-05-30 02:00:00,111
moscow,9,Vnukovo,2026-05-30 03:00:00,113
moscow,9,Vnukovo,2026-05-30 04:00:00,114
moscow,9,Vnukovo,2026-05-30 05:00:00,120
moscow,9,Vnukovo,2026-05-30 06:00:00,110
moscow,9,Vnukovo,2026-05-30 07:00:00,106
moscow,9,Vnukovo,2026-05-30 08:00:00,103
moscow,9,Vnukovo,2026-05-30 09:00:00,105
moscow,9,Vnukovo,2026-05-30 10:00:00,101
moscow,9,Vnukovo,2026-05-30 11:00:00,94
moscow,9,Vnukovo,2026-05-30 12:00:00,87
moscow,9,Vnukovo,2026-05-30 13:00:00,87
moscow,9,Vnukovo,2026-05-30 14:00:00,94
moscow,9,Vnukovo,2026-05-30 15:00:00,91
moscow,9,Vnukovo,2026-05-30 16:00:00,89
moscow,9,Vnukovo,2026-05-30 17:00:00,96
moscow,9,Vnukovo,2026-05-30 18:00:00,98
moscow,9,Vnukovo,2026-05-30 19:00:00,95
moscow,9,Vnukovo,2026-05-30 20:00:00,114
moscow,9,Vnukovo,2026-05-30 21:00:00,117
moscow,9,Vnukovo,2026-05-30 22:00:00,123
moscow,9,Vnukovo,2026-05-30 23:00:00,124
moscow,9,Vnukovo,2026-05-31 00:00:00,108
moscow,9,Vnukovo,2026-05-31 01:00:00,110
moscow,9,Vnukovo,2026-05-31 02:00:00,119
moscow,9,Vnukovo,2026-05-31 03:00:00,112
moscow,9,Vnukovo,2026-05-31 04:00:00,121
moscow,9,Vnukovo,2026-05-31 05:00:00,112
moscow,9,Vnukovo,2026-05-31 06:00:00,117
moscow,9,Vnukovo,2026-05-31 07:00:00,109
moscow,9,Vnukovo,2026-05-31 08:00:00,102
moscow,9,Vnukovo,2026-05-31 09:00:00,107
moscow,9,Vnukovo,2026-05-31 10:00:00,104
moscow,9,Vnukovo,2026-05-31 11:00:00,94
moscow,9,Vnukovo,2026-05-31 12:00:00,93
moscow,9,Vnukovo,2026-05-31 13:00:00,89
moscow,9,Vnukovo,2026-05-31 14:00:00,90
moscow,9,Vnukovo,2026-05-31 15:00:00,90
moscow,9,Vnukovo,2026-05-31 16:00:00,89
moscow,9,Vnukovo,2026-05-31 17:00:00,86
moscow,9,Vnukovo,2026-05-31 18:00:00,92
moscow,9,Vnukovo,2026-05-31 19:00:00,99
moscow,9,Vnukovo,2026-05-31 20:00:00,115
moscow,9,Vnukovo,2026-05-31 21:00:00,119
moscow,9,Vnukovo,2026-05-31 22:00:00,122
moscow,9,Vnukovo,2026-05-31 23:00:00,127
moscow,9,Vnukovo,2026-06-01 00:00:00,132
moscow,9,Vnukovo,2026-06-01 01:00:00,127
moscow,9,Vnukovo,2026-06-01 02:00:00,134
moscow,9,Vnukovo,2026-06-01 03:00:00,133
moscow,9,Vnukovo,2026-06-01 04:00:00,133
moscow,9,Vnukovo,2026-06-01 05:00:00,128
moscow,9,Vnukovo,2026-06-01 06:00:00,127
moscow,9,Vnukovo,2026-06-01 07:00:00,124
moscow,9,Vnukovo,2026-06-01 08:00:00,119
moscow,9,Vnukovo,2026-06-01 09:00:00,117
moscow,9,Vnukovo,2026-06-01 10:00:00,113
moscow,9,Vnukovo,2026-06-01 11:00:00,114
moscow,9,Vnukovo,2026-06-01 12:00:00,105
moscow,9,Vnukovo,2026-06-01 13:00:00,96
moscow,9,Vnukovo,2026-06-01 14:00:00,103
moscow,9,Vnukovo,2026-06-01 15:00:00,99
moscow,9,Vnukovo,2026-06-01 16:00:00,106
moscow,9,Vnukovo,2026-06-01 17:00:00,106
moscow,9,Vnukovo,2026-06-01 18:00:00,103
moscow,9,Vnukovo,2026-06-01 19:00:00,110
moscow,9,Vnukovo,2026-06-01 20:00:00,110
moscow,9,Vnukovo,2026-06-01 21:00:00,116
moscow,9,Vnukovo,2026-06-01 22:00:00,123
moscow,9,Vnukovo,2026-06-01 23:00:00,128
moscow,9,Vnukovo,2026-06-02 00:00:00,132
moscow,9,Vnukovo,2026-06-02 01:00:00,132
moscow,9,Vnukovo,2026-06-02 02:00:00,140
moscow,9,Vnukovo,2026-06-02 03:00:00,133
moscow,9,Vnukovo,2026-06-02 04:00:00,129
moscow,9,Vnukovo,2026-06-02 05:00:00,127
moscow,9,Vnukovo,2026-06-02 06:00:00,133
moscow,9,Vnukovo,2026-06-02 07:00:00,125
moscow,9,Vnukovo,2026-06-02 08:00:00,122
moscow,9,Vnukovo,2026-06-02 09:00:00,115
moscow,9,Vnukovo,2026-06-02 10:00:00,111
moscow,9,Vnukovo,2026-06-02 11:00:00,107
moscow,9,Vnukovo,2026-06-02 12:00:00,107
moscow,9,Vnukovo,2026-06-02 13:00:00,103
moscow,9,Vnukovo,2026-06-02 14:00:00,102
moscow,9,Vnukovo,2026-06-02 15:00:00,102
moscow,9,Vnukovo,2026-06-02 16:00:00,100
moscow,9,Vnukovo,2026-06-02 17:00:00,99
moscow,9,Vnukovo,2026-06-02 18:00:00,101
moscow,9,Vnukovo,2026-06-02 19:00:00,118
moscow,9,Vnukovo,2026-06-02 20:00:00,117
moscow,9,Vnukovo,2026-06-02 21:00:00,121
moscow,9,Vnukovo,2026-06-02 22:00:00,120
moscow,9,Vnukovo,2026-06-02 23:00:00,126
moscow,9,Vnukovo,2026-06-03 00:00:00,128
moscow,9,Vnukovo,2026-06-03 01:00:00,129
moscow,9,Vnukovo,2026-06-03 02:00:00,133
moscow,9,Vnukovo,2026-06-03 03:00:00,139
moscow,9,Vnukovo,2026-06-03 04:00:00,137
moscow,9,Vnukovo,2026-06-03 05:00:00,130
moscow,9,Vnukovo,2026-06-03 06:00:00,129
moscow,9,Vnukovo,2026-06-03 07:00:00,129
moscow,9,Vnukovo,2026-06-03 08:00:00,121
moscow,9,Vnukovo,2026-06-03 09:00:00,118
moscow,9,Vnukovo,2026-06-03 10:00:00,115
moscow,9,Vnukovo,2026-06-03 11:00:00,111
moscow,9,Vnukovo,2026-06-03 12:00:00,107
moscow,9,Vnukovo,2026-06-03 13:00:00,102
moscow,9,Vnukovo,2026-06-03 14:00:00,101
moscow,9,Vnukovo,2026-06-03 15:00:00,99
moscow,9,Vnukovo,2026-06-03 16:00:00,98
moscow,9,Vnukovo,2026-06-03 17:00:00,104
moscow,9,Vnukovo,2026-06-03 18:00:00,109
moscow,9,Vnukovo,2026-06-03 19:00:00,106
moscow,9,Vnukovo,2026-06-03 20:00:00,115
moscow,9,Vnukovo,2026-06-03 21:00:00,121
moscow,9,Vnukovo,2026-06-03 22:00:00,118
moscow,9,Vnukovo,2026-06-03 23:00:00,126
moscow,9,Vnukovo,2026-06-04 00:00:00,136
moscow,9,Vnukovo,2026-06-04 01:00:00,135
moscow,9,Vnukovo,2026-06-04 02:00:00,130
moscow,9,Vnukovo,2026-06-04 03:00:00,138
moscow,9,Vnukovo,2026-06-04 04:00:00,133
moscow,9,Vnukovo,2026-06-04 05:00:00,136
moscow,9,Vnukovo,2026-06-04 06:00:00,129
moscow,9,Vnukovo,2026-06-04 07:00:00,127
moscow,9,Vnukovo,2026-06-04 08:00:00,122
moscow,9,Vnukovo,2026-06-04 09:00:00,119
moscow,9,Vnukovo,2026-06-04 10:00:00,113
moscow,9,Vnukovo,2026-06-04 11:00:00,110
moscow,9,Vnukovo,2026-06-04 12:00:00,104
moscow,9,Vnukovo,2026-06-04 13:00:00,106
moscow,9,Vnukovo,2026-06-04 14:00:00,104
moscow,9,Vnukovo,2026-06-04 15:00:00,98
moscow,9,Vnukovo,2026-06-04 16:00:00,106
moscow,9,Vnukovo,2026-06-04 17:00:00,105
moscow,9,Vnukovo,2026-06-04 18:00:00,108
moscow,9,Vnukovo,2026-06-04 19:00:00,114
moscow,9,Vnukovo,2026-06-04 20:00:00,116
moscow,9,Vnukovo,2026-06-04 21:00:00,123
moscow,9,Vnukovo,2026-06-04 22:00:00,123
moscow,9,Vnukovo,2026-06-04 23:00:00,131
moscow,9,Vnukovo,2026-06-05 00:00:00,133
moscow,9,Vnukovo,2026-06-05 01:00:00,136
moscow,9,Vnukovo,2026-06-05 02:00:00,138
moscow,9,Vnukovo,2026-06-05 03:00:00,141
moscow,9,Vnukovo,2026-06-05 04:00:00,139
moscow,9,Vnukovo,2026-06-05 05:00:00,133
moscow,9,Vnukovo,2026-06-05 06:00:00,130
moscow,9,Vnukovo,2026-06-05 07:00:00,128
moscow,9,Vnukovo,2026-06-05 08:00:00,122
moscow,9,Vnukovo,2026-06-05 09:00:00,117
moscow,9,Vnukovo,2026-06-05 10:00:00,110
moscow,9,Vnukovo,2026-06-05 11:00:00,108
moscow,9,Vnukovo,2026-06-05 12:00:00,114
moscow,9,Vnukovo,2026-06-05 13:00:00,104
moscow,9,Vnukovo,2026-06-05 14:00:00,110
moscow,9,Vnukovo,2026-06-05 15:00:00,105
moscow,9,Vnukovo,2026-06-05 16:00:00,104
moscow,9,Vnukovo,2026-06-05 17:00:00,102
moscow,9,Vnukovo,2026-06-05 18:00:00,109
moscow,9,Vnukovo,2026-06-05 19:00:00,118
moscow,9,Vnukovo,2026-06-05 20:00:00,121
moscow,9,Vnukovo,2026-06-05 21:00:00,122
moscow,9,Vnukovo,2026-06-05 22:00:00,122
moscow,9,Vnukovo,2026-06-05 23:00:00,126
moscow,9,Vnukovo,2026-06-06 00:00:00,117
moscow,9,Vnukovo,2026-06-06 01:00:00,125
moscow,9,Vnukovo,2026-06-06 02:00:00,127
moscow,9,Vnukovo,2026-06-06 03:00:00,123
moscow,9,Vnukovo,2026-06-06 04:00:00,121
moscow,9,Vnukovo,2026-06-06 05:00:00,125
moscow,9,Vnukovo,2026-06-06 06:00:00,116
moscow,9,Vnukovo,2026-06-06 07:00:00,116
moscow,9,Vnukovo,2026-06-06 08:00:00,114
moscow,9,Vnukovo,2026-06-06 09:00:00,107
moscow,9,Vnukovo,2026-06-06 10:00:00,104
moscow,9,Vnukovo,2026-06-06 11:00:00,101
moscow,9,Vnukovo,2026-06-06 12:00:00,104
moscow,9,Vnukovo,2026-06-06 13:00:00,104
moscow,9,Vnukovo,2026-06-06 14:00:00,97
moscow,9,Vnukovo,2026-06-06 15:00:00,96
moscow,9,Vnukovo,2026-06-06 16:00:00,95
moscow,9,Vnukovo,2026-06-06 17:00:00,98
moscow,9,Vnukovo,2026-06-06 18:00:00,99
moscow,9,Vnukovo,2026-06-06 19:00:00,103
moscow,9,Vnukovo,2026-06-06 20:00:00,123
moscow,9,Vnukovo,2026-06-06 21:00:00,125
moscow,9,Vnukovo,2026-06-06 22:00:00,131
moscow,9,Vnukovo,2026-06-06 23:00:00,135
moscow,9,Vnukovo,2026-06-07 00:00:00,119
moscow,9,Vnukovo,2026-06-07 01:00:00,121
moscow,9,Vnukovo,2026-06-07 02:00:00,126
moscow,9,Vnukovo,2026-06-07 03:00:00,119
moscow,9,Vnukovo,2026-06-07 04:00:00,128
moscow,9,Vnukovo,2026-06-07 05:00:00,122
moscow,9,Vnukovo,2026-06-07 06:00:00,122
moscow,9,Vnukovo,2026-06-07 07:00:00,119
moscow,9,Vnukovo,2026-06-07 08:00:00,112
moscow,9,Vnukovo,2026-06-07 09:00:00,108
moscow,9,Vnukovo,2026-06-07 10:00:00,104
moscow,9,Vnukovo,2026-06-07 11:00:00,103
moscow,9,Vnukovo,2026-06-07 12:00:00,103
moscow,9,Vnukovo,2026-06-07 13:00:00,97
moscow,9,Vnukovo,2026-06-07 14:00:00,100
moscow,9,Vnukovo,2026-06-07 15:00:00,91
moscow,9,Vnukovo,2026-06-07 16:00:00,97
moscow,9,Vnukovo,2026-06-07 17:00:00,103
moscow,9,Vnukovo,2026-06-07 18:00:00,101
moscow,9,Vnukovo,2026-06-07 19:00:00,102
moscow,9,Vnukovo,2026-06-07 20:00:00,121
moscow,9,Vnukovo,2026-06-07 21:00:00,119
moscow,9,Vnukovo,2026-06-07 22:00:00,129
moscow,9,Vnukovo,2026-06-07 23:00:00,140
moscow,9,Vnukovo,2026-06-08 00:00:00,134
moscow,9,Vnukovo,2026-06-08 01:00:00,137
moscow,9,Vnukovo,2026-06-08 02:00:00,133
moscow,9,Vnukovo,2026-06-08 03:00:00,136
moscow,9,Vnukovo,2026-06-08 04:00:00,143
moscow,9,Vnukovo,2026-06-08 05:00:00,140
moscow,9,Vnukovo,2026-06-08 06:00:00,132
moscow,9,Vnukovo,2026-06-08 07:00:00,130
moscow,9,Vnukovo,2026-06-08 08:00:00,128
moscow,9,Vnukovo,2026-06-08 09:00:00,120
moscow,9,Vnukovo,2026-06-08 10:00:00,113
moscow,9,Vnukovo,2026-06-08 11:00:00,115
moscow,9,Vnukovo,2026-06-08 12:00:00,114
moscow,9,Vnukovo,2026-06-08 13:00:00,111
moscow,9,Vnukovo,2026-06-08 14:00:00,110
moscow,9,Vnukovo,2026-06-08 15:00:00,103
moscow,9,Vnukovo,2026-06-08 16:00:00,108
moscow,9,Vnukovo,2026-06-08 17:00:00,109
moscow,9,Vnukovo,2026-06-08 18:00:00,112
moscow,9,Vnukovo,2026-06-08 19:00:00,115
moscow,9,Vnukovo,2026-06-08 20:00:00,118
moscow,9,Vnukovo,2026-06-08 21:00:00,115
moscow,9,Vnukovo,2026-06-08 22:00:00,132
moscow,9,Vnukovo,2026-06-08 23:00:00,133
moscow,9,Vnukovo,2026-06-09 00:00:00,132
moscow,9,Vnukovo,2026-06-09 01:00:00,141
moscow,9,Vnukovo,2026-06-09 02:00:00,140
moscow,9,Vnukovo,2026-06-09 03:00:00,140
moscow,9,Vnukovo,2026-06-09 04:00:00,139
moscow,9,Vnukovo,2026-06-09 05:00:00,141
moscow,9,Vnukovo,2026-06-09 06:00:00,134
moscow,9,Vnukovo,2026-06-09 07:00:00,130
moscow,9,Vnukovo,2026-06-09 08:00:00,132
moscow,9,Vnukovo,2026-06-09 09:00:00,124
moscow,9,Vnukovo,2026-06-09 10:00:00,120
moscow,9,Vnukovo,2026-06-09 11:00:00,118
moscow,9,Vnukovo,2026-06-09 12:00:00,111
moscow,9,Vnukovo,2026-06-09 13:00:00,109
moscow,9,Vnukovo,2026-06-09 14:00:00,110
moscow,9,Vnukovo,2026-06-09 15:00:00,104
moscow,9,Vnukovo,2026-06-09 16:00:00,110
moscow,9,Vnukovo,2026-06-09 17:00:00,108
moscow,10,Domodedovo,2026-04-10 18:00:00,62
moscow,10,Domodedovo,2026-04-10 19:00:00,65
moscow,10,Domodedovo,2026-04-10 20:00:00,70
moscow,10,Domodedovo,2026-04-10 21:00:00,68
moscow,10,Domodedovo,2026-04-10 22:00:00,79
moscow,10,Domodedovo,2026-04-10 23:00:00,80
moscow,10,Domodedovo,2026-04-11 00:00:00,72
moscow,10,Domodedovo,2026-04-11 01:00:00,66
moscow,10,Domodedovo,2026-04-11 02:00:00,70
moscow,10,Domodedovo,2026-04-11 03:00:00,80
moscow,10,Domodedovo,2026-04-11 04:00:00,77
moscow,10,Domodedovo,2026-04-11 05:00:00,73
moscow,10,Domodedovo,2026-04-11 06:00:00,68
moscow,10,Domodedovo,2026-04-11 07:00:00,64
moscow,10,Domodedovo,2026-04-11 08:00:00,65
moscow,10,Domodedovo,2026-04-11 09:00:00,59
moscow,10,Domodedovo,2026-04-11 10:00:00,61
moscow,10,Domodedovo,2026-04-11 11:00:00,51
moscow,10,Domodedovo,2026-04-11 12:00:00,49
moscow,10,Domodedovo,2026-04-11 13:00:00,41
moscow,10,Domodedovo,2026-04-11 14:00:00,43
moscow,10,Domodedovo,2026-04-11 15:00:00,44
moscow,10,Domodedovo,2026-04-11 16:00:00,43
moscow,10,Domodedovo,2026-04-11 17:00:00,44
moscow,10,Domodedovo,2026-04-11 18:00:00,50
moscow,10,Domodedovo,2026-04-11 19:00:00,57
moscow,10,Domodedovo,2026-04-11 20:00:00,76
moscow,10,Domodedovo,2026-04-11 21:00:00,85
moscow,10,Domodedovo,2026-04-11 22:00:00,89
moscow,10,Domodedovo,2026-04-11 23:00:00,96
moscow,10,Domodedovo,2026-04-12 00:00:00,71
moscow,10,Domodedovo,2026-04-12 01:00:00,75
moscow,10,Domodedovo,2026-04-12 02:00:00,76
moscow,10,Domodedovo,2026-04-12 03:00:00,79
moscow,10,Domodedovo,2026-04-12 04:00:00,80
moscow,10,Domodedovo,2026-04-12 05:00:00,76
moscow,10,Domodedovo,2026-04-12 06:00:00,76
moscow,10,Domodedovo,2026-04-12 07:00:00,67
moscow,10,Domodedovo,2026-04-12 08:00:00,68
moscow,10,Domodedovo,2026-04-12 09:00:00,65
moscow,10,Domodedovo,2026-04-12 10:00:00,59
moscow,10,Domodedovo,2026-04-12 11:00:00,54
moscow,10,Domodedovo,2026-04-12 12:00:00,52
moscow,10,Domodedovo,2026-04-12 13:00:00,44
moscow,10,Domodedovo,2026-04-12 14:00:00,46
moscow,10,Domodedovo,2026-04-12 15:00:00,46
moscow,10,Domodedovo,2026-04-12 16:00:00,41
moscow,10,Domodedovo,2026-04-12 17:00:00,49
moscow,10,Domodedovo,2026-04-12 18:00:00,46
moscow,10,Domodedovo,2026-04-12 19:00:00,52
moscow,10,Domodedovo,2026-04-12 20:00:00,77
moscow,10,Domodedovo,2026-04-12 21:00:00,80
moscow,10,Domodedovo,2026-04-12 22:00:00,88
moscow,10,Domodedovo,2026-04-12 23:00:00,93
moscow,10,Domodedovo,2026-04-13 00:00:00,89
moscow,10,Domodedovo,2026-04-13 01:00:00,97
moscow,10,Domodedovo,2026-04-13 02:00:00,94
moscow,10,Domodedovo,2026-04-13 03:00:00,106
moscow,10,Domodedovo,2026-04-13 04:00:00,96
moscow,10,Domodedovo,2026-04-13 05:00:00,91
moscow,10,Domodedovo,2026-04-13 06:00:00,88
moscow,10,Domodedovo,2026-04-13 07:00:00,91
moscow,10,Domodedovo,2026-04-13 08:00:00,81
moscow,10,Domodedovo,2026-04-13 09:00:00,72
moscow,10,Domodedovo,2026-04-13 10:00:00,75
moscow,10,Domodedovo,2026-04-13 11:00:00,65
moscow,10,Domodedovo,2026-04-13 12:00:00,65
moscow,10,Domodedovo,2026-04-13 13:00:00,63
moscow,10,Domodedovo,2026-04-13 14:00:00,59
moscow,10,Domodedovo,2026-04-13 15:00:00,66
moscow,10,Domodedovo,2026-04-13 16:00:00,52
moscow,10,Domodedovo,2026-04-13 17:00:00,57
moscow,10,Domodedovo,2026-04-13 18:00:00,62
moscow,10,Domodedovo,2026-04-13 19:00:00,75
moscow,10,Domodedovo,2026-04-13 20:00:00,79
moscow,10,Domodedovo,2026-04-13 21:00:00,82
moscow,10,Domodedovo,2026-04-13 22:00:00,80
moscow,10,Domodedovo,2026-04-13 23:00:00,85
moscow,10,Domodedovo,2026-04-14 00:00:00,90
moscow,10,Domodedovo,2026-04-14 01:00:00,94
moscow,10,Domodedovo,2026-04-14 02:00:00,104
moscow,10,Domodedovo,2026-04-14 03:00:00,98
moscow,10,Domodedovo,2026-04-14 04:00:00,98
moscow,10,Domodedovo,2026-04-14 05:00:00,99
moscow,10,Domodedovo,2026-04-14 06:00:00,87
moscow,10,Domodedovo,2026-04-14 07:00:00,89
moscow,10,Domodedovo,2026-04-14 08:00:00,80
moscow,10,Domodedovo,2026-04-14 09:00:00,77
moscow,10,Domodedovo,2026-04-14 10:00:00,71
moscow,10,Domodedovo,2026-04-14 11:00:00,66
moscow,10,Domodedovo,2026-04-14 12:00:00,65
moscow,10,Domodedovo,2026-04-14 13:00:00,62
moscow,10,Domodedovo,2026-04-14 14:00:00,58
moscow,10,Domodedovo,2026-04-14 15:00:00,60
moscow,10,Domodedovo,2026-04-14 16:00:00,56
moscow,10,Domodedovo,2026-04-14 17:00:00,64
moscow,10,Domodedovo,2026-04-14 18:00:00,64
moscow,10,Domodedovo,2026-04-14 19:00:00,67
moscow,10,Domodedovo,2026-04-14 20:00:00,71
moscow,10,Domodedovo,2026-04-14 21:00:00,78
moscow,10,Domodedovo,2026-04-14 22:00:00,91
moscow,10,Domodedovo,2026-04-14 23:00:00,89
moscow,10,Domodedovo,2026-04-15 00:00:00,90
moscow,10,Domodedovo,2026-04-15 01:00:00,101
moscow,10,Domodedovo,2026-04-15 02:00:00,98
moscow,10,Domodedovo,2026-04-15 03:00:00,101
moscow,10,Domodedovo,2026-04-15 04:00:00,97
moscow,10,Domodedovo,2026-04-15 05:00:00,102
moscow,10,Domodedovo,2026-04-15 06:00:00,92
moscow,10,Domodedovo,2026-04-15 07:00:00,95
moscow,10,Domodedovo,2026-04-15 08:00:00,81
moscow,10,Domodedovo,2026-04-15 09:00:00,79
moscow,10,Domodedovo,2026-04-15 10:00:00,79
moscow,10,Domodedovo,2026-04-15 11:00:00,70
moscow,10,Domodedovo,2026-04-15 12:00:00,73
moscow,10,Domodedovo,2026-04-15 13:00:00,61
moscow,10,Domodedovo,2026-04-15 14:00:00,61
moscow,10,Domodedovo,2026-04-15 15:00:00,66
moscow,10,Domodedovo,2026-04-15 16:00:00,55
moscow,10,Domodedovo,2026-04-15 17:00:00,57
moscow,10,Domodedovo,2026-04-15 18:00:00,63
moscow,10,Domodedovo,2026-04-15 19:00:00,73
moscow,10,Domodedovo,2026-04-15 20:00:00,69
moscow,10,Domodedovo,2026-04-15 21:00:00,82
moscow,10,Domodedovo,2026-04-15 22:00:00,87
moscow,10,Domodedovo,2026-04-15 23:00:00,97
moscow,10,Domodedovo,2026-04-16 00:00:00,99
moscow,10,Domodedovo,2026-04-16 01:00:00,100
moscow,10,Domodedovo,2026-04-16 02:00:00,106
moscow,10,Domodedovo,2026-04-16 03:00:00,103
moscow,10,Domodedovo,2026-04-16 04:00:00,99
moscow,10,Domodedovo,2026-04-16 05:00:00,95
moscow,10,Domodedovo,2026-04-16 06:00:00,93
moscow,10,Domodedovo,2026-04-16 07:00:00,91
moscow,10,Domodedovo,2026-04-16 08:00:00,87
moscow,10,Domodedovo,2026-04-16 09:00:00,73
moscow,10,Domodedovo,2026-04-16 10:00:00,75
moscow,10,Domodedovo,2026-04-16 11:00:00,71
moscow,10,Domodedovo,2026-04-16 12:00:00,69
moscow,10,Domodedovo,2026-04-16 13:00:00,69
moscow,10,Domodedovo,2026-04-16 14:00:00,62
moscow,10,Domodedovo,2026-04-16 15:00:00,58
moscow,10,Domodedovo,2026-04-16 16:00:00,55
moscow,10,Domodedovo,2026-04-16 17:00:00,66
moscow,10,Domodedovo,2026-04-16 18:00:00,64
moscow,10,Domodedovo,2026-04-16 19:00:00,74
moscow,10,Domodedovo,2026-04-16 20:00:00,81
moscow,10,Domodedovo,2026-04-16 21:00:00,76
moscow,10,Domodedovo,2026-04-16 22:00:00,89
moscow,10,Domodedovo,2026-04-16 23:00:00,96
moscow,10,Domodedovo,2026-04-17 00:00:00,101
moscow,10,Domodedovo,2026-04-17 01:00:00,93
moscow,10,Domodedovo,2026-04-17 02:00:00,99
moscow,10,Domodedovo,2026-04-17 03:00:00,98
moscow,10,Domodedovo,2026-04-17 04:00:00,104
moscow,10,Domodedovo,2026-04-17 05:00:00,101
moscow,10,Domodedovo,2026-04-17 06:00:00,87
moscow,10,Domodedovo,2026-04-17 07:00:00,91
moscow,10,Domodedovo,2026-04-17 08:00:00,90
moscow,10,Domodedovo,2026-04-17 09:00:00,83
moscow,10,Domodedovo,2026-04-17 10:00:00,78
moscow,10,Domodedovo,2026-04-17 11:00:00,71
moscow,10,Domodedovo,2026-04-17 12:00:00,64
moscow,10,Domodedovo,2026-04-17 13:00:00,65
moscow,10,Domodedovo,2026-04-17 14:00:00,63
moscow,10,Domodedovo,2026-04-17 15:00:00,65
moscow,10,Domodedovo,2026-04-17 16:00:00,66
moscow,10,Domodedovo,2026-04-17 17:00:00,66
moscow,10,Domodedovo,2026-04-17 18:00:00,72
moscow,10,Domodedovo,2026-04-17 19:00:00,71
moscow,10,Domodedovo,2026-04-17 20:00:00,73
moscow,10,Domodedovo,2026-04-17 21:00:00,85
moscow,10,Domodedovo,2026-04-17 22:00:00,89
moscow,10,Domodedovo,2026-04-17 23:00:00,95
moscow,10,Domodedovo,2026-04-18 00:00:00,76
moscow,10,Domodedovo,2026-04-18 01:00:00,90
moscow,10,Domodedovo,2026-04-18 02:00:00,87
moscow,10,Domodedovo,2026-04-18 03:00:00,84
moscow,10,Domodedovo,2026-04-18 04:00:00,82
moscow,10,Domodedovo,2026-04-18 05:00:00,87
moscow,10,Domodedovo,2026-04-18 06:00:00,77
moscow,10,Domodedovo,2026-04-18 07:00:00,85
moscow,10,Domodedovo,2026-04-18 08:00:00,71
moscow,10,Domodedovo,2026-04-18 09:00:00,75
moscow,10,Domodedovo,2026-04-18 10:00:00,64
moscow,10,Domodedovo,2026-04-18 11:00:00,67
moscow,10,Domodedovo,2026-04-18 12:00:00,55
moscow,10,Domodedovo,2026-04-18 13:00:00,55
moscow,10,Domodedovo,2026-04-18 14:00:00,56
moscow,10,Domodedovo,2026-04-18 15:00:00,55
moscow,10,Domodedovo,2026-04-18 16:00:00,58
moscow,10,Domodedovo,2026-04-18 17:00:00,54
moscow,10,Domodedovo,2026-04-18 18:00:00,58
moscow,10,Domodedovo,2026-04-18 19:00:00,66
moscow,10,Domodedovo,2026-04-18 20:00:00,82
moscow,10,Domodedovo,2026-04-18 21:00:00,92
moscow,10,Domodedovo,2026-04-18 22:00:00,95
moscow,10,Domodedovo,2026-04-18 23:00:00,102
moscow,10,Domodedovo,2026-04-19 00:00:00,82
moscow,10,Domodedovo,2026-04-19 01:00:00,82
moscow,10,Domodedovo,2026-04-19 02:00:00,85
moscow,10,Domodedovo,2026-04-19 03:00:00,87
moscow,10,Domodedovo,2026-04-19 04:00:00,86
moscow,10,Domodedovo,2026-04-19 05:00:00,90
moscow,10,Domodedovo,2026-04-19 06:00:00,85
moscow,10,Domodedovo,2026-04-19 07:00:00,79
moscow,10,Domodedovo,2026-04-19 08:00:00,72
moscow,10,Domodedovo,2026-04-19 09:00:00,67
moscow,10,Domodedovo,2026-04-19 10:00:00,73
moscow,10,Domodedovo,2026-04-19 11:00:00,59
moscow,10,Domodedovo,2026-04-19 12:00:00,59
moscow,10,Domodedovo,2026-04-19 13:00:00,58
moscow,10,Domodedovo,2026-04-19 14:00:00,54
moscow,10,Domodedovo,2026-04-19 15:00:00,51
moscow,10,Domodedovo,2026-04-19 16:00:00,52
moscow,10,Domodedovo,2026-04-19 17:00:00,55
moscow,10,Domodedovo,2026-04-19 18:00:00,57
moscow,10,Domodedovo,2026-04-19 19:00:00,67
moscow,10,Domodedovo,2026-04-19 20:00:00,86
moscow,10,Domodedovo,2026-04-19 21:00:00,90
moscow,10,Domodedovo,2026-04-19 22:00:00,97
moscow,10,Domodedovo,2026-04-19 23:00:00,105
moscow,10,Domodedovo,2026-04-20 00:00:00,100
moscow,10,Domodedovo,2026-04-20 01:00:00,107
moscow,10,Domodedovo,2026-04-20 02:00:00,102
moscow,10,Domodedovo,2026-04-20 03:00:00,111
moscow,10,Domodedovo,2026-04-20 04:00:00,106
moscow,10,Domodedovo,2026-04-20 05:00:00,104
moscow,10,Domodedovo,2026-04-20 06:00:00,98
moscow,10,Domodedovo,2026-04-20 07:00:00,92
moscow,10,Domodedovo,2026-04-20 08:00:00,86
moscow,10,Domodedovo,2026-04-20 09:00:00,84
moscow,10,Domodedovo,2026-04-20 10:00:00,83
moscow,10,Domodedovo,2026-04-20 11:00:00,73
moscow,10,Domodedovo,2026-04-20 12:00:00,67
moscow,10,Domodedovo,2026-04-20 13:00:00,66
moscow,10,Domodedovo,2026-04-20 14:00:00,66
moscow,10,Domodedovo,2026-04-20 15:00:00,65
moscow,10,Domodedovo,2026-04-20 16:00:00,67
moscow,10,Domodedovo,2026-04-20 17:00:00,73
moscow,10,Domodedovo,2026-04-20 18:00:00,77
moscow,10,Domodedovo,2026-04-20 19:00:00,84
moscow,10,Domodedovo,2026-04-20 20:00:00,76
moscow,10,Domodedovo,2026-04-20 21:00:00,84
moscow,10,Domodedovo,2026-04-20 22:00:00,95
moscow,10,Domodedovo,2026-04-20 23:00:00,95
moscow,10,Domodedovo,2026-04-21 00:00:00,105
moscow,10,Domodedovo,2026-04-21 01:00:00,106
moscow,10,Domodedovo,2026-04-21 02:00:00,113
moscow,10,Domodedovo,2026-04-21 03:00:00,112
moscow,10,Domodedovo,2026-04-21 04:00:00,111
moscow,10,Domodedovo,2026-04-21 05:00:00,104
moscow,10,Domodedovo,2026-04-21 06:00:00,102
moscow,10,Domodedovo,2026-04-21 07:00:00,97
moscow,10,Domodedovo,2026-04-21 08:00:00,88
moscow,10,Domodedovo,2026-04-21 09:00:00,93
moscow,10,Domodedovo,2026-04-21 10:00:00,85
moscow,10,Domodedovo,2026-04-21 11:00:00,76
moscow,10,Domodedovo,2026-04-21 12:00:00,78
moscow,10,Domodedovo,2026-04-21 13:00:00,68
moscow,10,Domodedovo,2026-04-21 14:00:00,62
moscow,10,Domodedovo,2026-04-21 15:00:00,71
moscow,10,Domodedovo,2026-04-21 16:00:00,64
moscow,10,Domodedovo,2026-04-21 17:00:00,70
moscow,10,Domodedovo,2026-04-21 18:00:00,75
moscow,10,Domodedovo,2026-04-21 19:00:00,79
moscow,10,Domodedovo,2026-04-21 20:00:00,86
moscow,10,Domodedovo,2026-04-21 21:00:00,90
moscow,10,Domodedovo,2026-04-21 22:00:00,95
moscow,10,Domodedovo,2026-04-21 23:00:00,95
moscow,10,Domodedovo,2026-04-22 00:00:00,105
moscow,10,Domodedovo,2026-04-22 01:00:00,102
moscow,10,Domodedovo,2026-04-22 02:00:00,114
moscow,10,Domodedovo,2026-04-22 03:00:00,105
moscow,10,Domodedovo,2026-04-22 04:00:00,107
moscow,10,Domodedovo,2026-04-22 05:00:00,102
moscow,10,Domodedovo,2026-04-22 06:00:00,101
moscow,10,Domodedovo,2026-04-22 07:00:00,99
moscow,10,Domodedovo,2026-04-22 08:00:00,92
moscow,10,Domodedovo,2026-04-22 09:00:00,93
moscow,10,Domodedovo,2026-04-22 10:00:00,84
moscow,10,Domodedovo,2026-04-22 11:00:00,77
moscow,10,Domodedovo,2026-04-22 12:00:00,74
moscow,10,Domodedovo,2026-04-22 13:00:00,76
moscow,10,Domodedovo,2026-04-22 14:00:00,73
moscow,10,Domodedovo,2026-04-22 15:00:00,65
moscow,10,Domodedovo,2026-04-22 16:00:00,67
moscow,10,Domodedovo,2026-04-22 17:00:00,74
moscow,10,Domodedovo,2026-04-22 18:00:00,76
moscow,10,Domodedovo,2026-04-22 19:00:00,76
moscow,10,Domodedovo,2026-04-22 20:00:00,87
moscow,10,Domodedovo,2026-04-22 21:00:00,86
moscow,10,Domodedovo,2026-04-22 22:00:00,99
moscow,10,Domodedovo,2026-04-22 23:00:00,101
moscow,10,Domodedovo,2026-04-23 00:00:00,101
moscow,10,Domodedovo,2026-04-23 01:00:00,106
moscow,10,Domodedovo,2026-04-23 02:00:00,108
moscow,10,Domodedovo,2026-04-23 03:00:00,111
moscow,10,Domodedovo,2026-04-23 04:00:00,109
moscow,10,Domodedovo,2026-04-23 05:00:00,104
moscow,10,Domodedovo,2026-04-23 06:00:00,100
moscow,10,Domodedovo,2026-04-23 07:00:00,102
moscow,10,Domodedovo,2026-04-23 08:00:00,96
moscow,10,Domodedovo,2026-04-23 09:00:00,91
moscow,10,Domodedovo,2026-04-23 10:00:00,86
moscow,10,Domodedovo,2026-04-23 11:00:00,78
moscow,10,Domodedovo,2026-04-23 12:00:00,77
moscow,10,Domodedovo,2026-04-23 13:00:00,82
moscow,10,Domodedovo,2026-04-23 14:00:00,75
moscow,10,Domodedovo,2026-04-23 15:00:00,69
moscow,10,Domodedovo,2026-04-23 16:00:00,69
moscow,10,Domodedovo,2026-04-23 17:00:00,63
moscow,10,Domodedovo,2026-04-23 18:00:00,80
moscow,10,Domodedovo,2026-04-23 19:00:00,83
moscow,10,Domodedovo,2026-04-23 20:00:00,84
moscow,10,Domodedovo,2026-04-23 21:00:00,86
moscow,10,Domodedovo,2026-04-23 22:00:00,92
moscow,10,Domodedovo,2026-04-23 23:00:00,102
moscow,10,Domodedovo,2026-04-24 00:00:00,106
moscow,10,Domodedovo,2026-04-24 01:00:00,112
moscow,10,Domodedovo,2026-04-24 02:00:00,112
moscow,10,Domodedovo,2026-04-24 03:00:00,115
moscow,10,Domodedovo,2026-04-24 04:00:00,113
moscow,10,Domodedovo,2026-04-24 05:00:00,112
moscow,10,Domodedovo,2026-04-24 06:00:00,99
moscow,10,Domodedovo,2026-04-24 07:00:00,97
moscow,10,Domodedovo,2026-04-24 08:00:00,96
moscow,10,Domodedovo,2026-04-24 09:00:00,95
moscow,10,Domodedovo,2026-04-24 10:00:00,93
moscow,10,Domodedovo,2026-04-24 11:00:00,81
moscow,10,Domodedovo,2026-04-24 12:00:00,75
moscow,10,Domodedovo,2026-04-24 13:00:00,67
moscow,10,Domodedovo,2026-04-24 14:00:00,75
moscow,10,Domodedovo,2026-04-24 15:00:00,70
moscow,10,Domodedovo,2026-04-24 16:00:00,83
moscow,10,Domodedovo,2026-04-24 17:00:00,72
moscow,10,Domodedovo,2026-04-24 18:00:00,85
moscow,10,Domodedovo,2026-04-24 19:00:00,85
moscow,10,Domodedovo,2026-04-24 20:00:00,83
moscow,10,Domodedovo,2026-04-24 21:00:00,93
moscow,10,Domodedovo,2026-04-24 22:00:00,100
moscow,10,Domodedovo,2026-04-24 23:00:00,101
moscow,10,Domodedovo,2026-04-25 00:00:00,93
moscow,10,Domodedovo,2026-04-25 01:00:00,96
moscow,10,Domodedovo,2026-04-25 02:00:00,96
moscow,10,Domodedovo,2026-04-25 03:00:00,95
moscow,10,Domodedovo,2026-04-25 04:00:00,90
moscow,10,Domodedovo,2026-04-25 05:00:00,92
moscow,10,Domodedovo,2026-04-25 06:00:00,90
moscow,10,Domodedovo,2026-04-25 07:00:00,80
moscow,10,Domodedovo,2026-04-25 08:00:00,83
moscow,10,Domodedovo,2026-04-25 09:00:00,78
moscow,10,Domodedovo,2026-04-25 10:00:00,70
moscow,10,Domodedovo,2026-04-25 11:00:00,69
moscow,10,Domodedovo,2026-04-25 12:00:00,66
moscow,10,Domodedovo,2026-04-25 13:00:00,71
moscow,10,Domodedovo,2026-04-25 14:00:00,64
moscow,10,Domodedovo,2026-04-25 15:00:00,66
moscow,10,Domodedovo,2026-04-25 16:00:00,63
moscow,10,Domodedovo,2026-04-25 17:00:00,58
moscow,10,Domodedovo,2026-04-25 18:00:00,70
moscow,10,Domodedovo,2026-04-25 19:00:00,68
moscow,10,Domodedovo,2026-04-25 20:00:00,93
moscow,10,Domodedovo,2026-04-25 21:00:00,96
moscow,10,Domodedovo,2026-04-25 22:00:00,105
moscow,10,Domodedovo,2026-04-25 23:00:00,114
moscow,10,Domodedovo,2026-04-26 00:00:00,95
moscow,10,Domodedovo,2026-04-26 01:00:00,100
moscow,10,Domodedovo,2026-04-26 02:00:00,102
moscow,10,Domodedovo,2026-04-26 03:00:00,89
moscow,10,Domodedovo,2026-04-26 04:00:00,91
moscow,10,Domodedovo,2026-04-26 05:00:00,87
moscow,10,Domodedovo,2026-04-26 06:00:00,93
moscow,10,Domodedovo,2026-04-26 07:00:00,85
moscow,10,Domodedovo,2026-04-26 08:00:00,82
moscow,10,Domodedovo,2026-04-26 09:00:00,79
moscow,10,Domodedovo,2026-04-26 10:00:00,77
moscow,10,Domodedovo,2026-04-26 11:00:00,66
moscow,10,Domodedovo,2026-04-26 12:00:00,64
moscow,10,Domodedovo,2026-04-26 13:00:00,66
moscow,10,Domodedovo,2026-04-26 14:00:00,68
moscow,10,Domodedovo,2026-04-26 15:00:00,64
moscow,10,Domodedovo,2026-04-26 16:00:00,61
moscow,10,Domodedovo,2026-04-26 17:00:00,58
moscow,10,Domodedovo,2026-04-26 18:00:00,72
moscow,10,Domodedovo,2026-04-26 19:00:00,69
moscow,10,Domodedovo,2026-04-26 20:00:00,91
moscow,10,Domodedovo,2026-04-26 21:00:00,95
moscow,10,Domodedovo,2026-04-26 22:00:00,101
moscow,10,Domodedovo,2026-04-26 23:00:00,108
moscow,10,Domodedovo,2026-04-27 00:00:00,109
moscow,10,Domodedovo,2026-04-27 01:00:00,109
moscow,10,Domodedovo,2026-04-27 02:00:00,116
moscow,10,Domodedovo,2026-04-27 03:00:00,115
moscow,10,Domodedovo,2026-04-27 04:00:00,123
moscow,10,Domodedovo,2026-04-27 05:00:00,107
moscow,10,Domodedovo,2026-04-27 06:00:00,110
moscow,10,Domodedovo,2026-04-27 07:00:00,106
moscow,10,Domodedovo,2026-04-27 08:00:00,97
moscow,10,Domodedovo,2026-04-27 09:00:00,96
moscow,10,Domodedovo,2026-04-27 10:00:00,93
moscow,10,Domodedovo,2026-04-27 11:00:00,86
moscow,10,Domodedovo,2026-04-27 12:00:00,86
moscow,10,Domodedovo,2026-04-27 13:00:00,70
moscow,10,Domodedovo,2026-04-27 14:00:00,73
moscow,10,Domodedovo,2026-04-27 15:00:00,81
moscow,10,Domodedovo,2026-04-27 16:00:00,80
moscow,10,Domodedovo,2026-04-27 17:00:00,80
moscow,10,Domodedovo,2026-04-27 18:00:00,86
moscow,10,Domodedovo,2026-04-27 19:00:00,79
moscow,10,Domodedovo,2026-04-27 20:00:00,94
moscow,10,Domodedovo,2026-04-27 21:00:00,100
moscow,10,Domodedovo,2026-04-27 22:00:00,99
moscow,10,Domodedovo,2026-04-27 23:00:00,115
moscow,10,Domodedovo,2026-04-28 00:00:00,112
moscow,10,Domodedovo,2026-04-28 01:00:00,107
moscow,10,Domodedovo,2026-04-28 02:00:00,118
moscow,10,Domodedovo,2026-04-28 03:00:00,115
moscow,10,Domodedovo,2026-04-28 04:00:00,121
moscow,10,Domodedovo,2026-04-28 05:00:00,116
moscow,10,Domodedovo,2026-04-28 06:00:00,109
moscow,10,Domodedovo,2026-04-28 07:00:00,112
moscow,10,Domodedovo,2026-04-28 08:00:00,105
moscow,10,Domodedovo,2026-04-28 09:00:00,94
moscow,10,Domodedovo,2026-04-28 10:00:00,91
moscow,10,Domodedovo,2026-04-28 11:00:00,89
moscow,10,Domodedovo,2026-04-28 12:00:00,81
moscow,10,Domodedovo,2026-04-28 13:00:00,78
moscow,10,Domodedovo,2026-04-28 14:00:00,78
moscow,10,Domodedovo,2026-04-28 15:00:00,73
moscow,10,Domodedovo,2026-04-28 16:00:00,70
moscow,10,Domodedovo,2026-04-28 17:00:00,81
moscow,10,Domodedovo,2026-04-28 18:00:00,76
moscow,10,Domodedovo,2026-04-28 19:00:00,84
moscow,10,Domodedovo,2026-04-28 20:00:00,86
moscow,10,Domodedovo,2026-04-28 21:00:00,92
moscow,10,Domodedovo,2026-04-28 22:00:00,104
moscow,10,Domodedovo,2026-04-28 23:00:00,107
moscow,10,Domodedovo,2026-04-29 00:00:00,112
moscow,10,Domodedovo,2026-04-29 01:00:00,111
moscow,10,Domodedovo,2026-04-29 02:00:00,116
moscow,10,Domodedovo,2026-04-29 03:00:00,120
moscow,10,Domodedovo,2026-04-29 04:00:00,118
moscow,10,Domodedovo,2026-04-29 05:00:00,119
moscow,10,Domodedovo,2026-04-29 06:00:00,116
moscow,10,Domodedovo,2026-04-29 07:00:00,107
moscow,10,Domodedovo,2026-04-29 08:00:00,97
moscow,10,Domodedovo,2026-04-29 09:00:00,95
moscow,10,Domodedovo,2026-04-29 10:00:00,93
moscow,10,Domodedovo,2026-04-29 11:00:00,85
moscow,10,Domodedovo,2026-04-29 12:00:00,80
moscow,10,Domodedovo,2026-04-29 13:00:00,81
moscow,10,Domodedovo,2026-04-29 14:00:00,87
moscow,10,Domodedovo,2026-04-29 15:00:00,76
moscow,10,Domodedovo,2026-04-29 16:00:00,79
moscow,10,Domodedovo,2026-04-29 17:00:00,76
moscow,10,Domodedovo,2026-04-29 18:00:00,89
moscow,10,Domodedovo,2026-04-29 19:00:00,92
moscow,10,Domodedovo,2026-04-29 20:00:00,96
moscow,10,Domodedovo,2026-04-29 21:00:00,104
moscow,10,Domodedovo,2026-04-29 22:00:00,102
moscow,10,Domodedovo,2026-04-29 23:00:00,108
moscow,10,Domodedovo,2026-04-30 00:00:00,120
moscow,10,Domodedovo,2026-04-30 01:00:00,120
moscow,10,Domodedovo,2026-04-30 02:00:00,112
moscow,10,Domodedovo,2026-04-30 03:00:00,122
moscow,10,Domodedovo,2026-04-30 04:00:00,117
moscow,10,Domodedovo,2026-04-30 05:00:00,120
moscow,10,Domodedovo,2026-04-30 06:00:00,115
moscow,10,Domodedovo,2026-04-30 07:00:00,104
moscow,10,Domodedovo,2026-04-30 08:00:00,106
moscow,10,Domodedovo,2026-04-30 09:00:00,100
moscow,10,Domodedovo,2026-04-30 10:00:00,96
moscow,10,Domodedovo,2026-04-30 11:00:00,91
moscow,10,Domodedovo,2026-04-30 12:00:00,91
moscow,10,Domodedovo,2026-04-30 13:00:00,84
moscow,10,Domodedovo,2026-04-30 14:00:00,80
moscow,10,Domodedovo,2026-04-30 15:00:00,84
moscow,10,Domodedovo,2026-04-30 16:00:00,88
moscow,10,Domodedovo,2026-04-30 17:00:00,86
moscow,10,Domodedovo,2026-04-30 18:00:00,86
moscow,10,Domodedovo,2026-04-30 19:00:00,91
moscow,10,Domodedovo,2026-04-30 20:00:00,96
moscow,10,Domodedovo,2026-04-30 21:00:00,100
moscow,10,Domodedovo,2026-04-30 22:00:00,113
moscow,10,Domodedovo,2026-04-30 23:00:00,108
moscow,10,Domodedovo,2026-05-01 00:00:00,120
moscow,10,Domodedovo,2026-05-01 01:00:00,118
moscow,10,Domodedovo,2026-05-01 02:00:00,116
moscow,10,Domodedovo,2026-05-01 03:00:00,121
moscow,10,Domodedovo,2026-05-01 04:00:00,119
moscow,10,Domodedovo,2026-05-01 05:00:00,121
moscow,10,Domodedovo,2026-05-01 06:00:00,116
moscow,10,Domodedovo,2026-05-01 07:00:00,107
moscow,10,Domodedovo,2026-05-01 08:00:00,111
moscow,10,Domodedovo,2026-05-01 09:00:00,105
moscow,10,Domodedovo,2026-05-01 10:00:00,101
moscow,10,Domodedovo,2026-05-01 11:00:00,92
moscow,10,Domodedovo,2026-05-01 12:00:00,86
moscow,10,Domodedovo,2026-05-01 13:00:00,86
moscow,10,Domodedovo,2026-05-01 14:00:00,79
moscow,10,Domodedovo,2026-05-01 15:00:00,81
moscow,10,Domodedovo,2026-05-01 16:00:00,81
moscow,10,Domodedovo,2026-05-01 17:00:00,79
moscow,10,Domodedovo,2026-05-01 18:00:00,87
moscow,10,Domodedovo,2026-05-01 19:00:00,90
moscow,10,Domodedovo,2026-05-01 20:00:00,95
moscow,10,Domodedovo,2026-05-01 21:00:00,103
moscow,10,Domodedovo,2026-05-01 22:00:00,111
moscow,10,Domodedovo,2026-05-01 23:00:00,108
moscow,10,Domodedovo,2026-05-02 00:00:00,98
moscow,10,Domodedovo,2026-05-02 01:00:00,99
moscow,10,Domodedovo,2026-05-02 02:00:00,101
moscow,10,Domodedovo,2026-05-02 03:00:00,102
moscow,10,Domodedovo,2026-05-02 04:00:00,103
moscow,10,Domodedovo,2026-05-02 05:00:00,104
moscow,10,Domodedovo,2026-05-02 06:00:00,100
moscow,10,Domodedovo,2026-05-02 07:00:00,92
moscow,10,Domodedovo,2026-05-02 08:00:00,96
moscow,10,Domodedovo,2026-05-02 09:00:00,91
moscow,10,Domodedovo,2026-05-02 10:00:00,80
moscow,10,Domodedovo,2026-05-02 11:00:00,84
moscow,10,Domodedovo,2026-05-02 12:00:00,77
moscow,10,Domodedovo,2026-05-02 13:00:00,73
moscow,10,Domodedovo,2026-05-02 14:00:00,73
moscow,10,Domodedovo,2026-05-02 15:00:00,71
moscow,10,Domodedovo,2026-05-02 16:00:00,74
moscow,10,Domodedovo,2026-05-02 17:00:00,74
moscow,10,Domodedovo,2026-05-02 18:00:00,75
moscow,10,Domodedovo,2026-05-02 19:00:00,73
moscow,10,Domodedovo,2026-05-02 20:00:00,105
moscow,10,Domodedovo,2026-05-02 21:00:00,107
moscow,10,Domodedovo,2026-05-02 22:00:00,117
moscow,10,Domodedovo,2026-05-02 23:00:00,121
moscow,10,Domodedovo,2026-05-03 00:00:00,99
moscow,10,Domodedovo,2026-05-03 01:00:00,107
moscow,10,Domodedovo,2026-05-03 02:00:00,105
moscow,10,Domodedovo,2026-05-03 03:00:00,106
moscow,10,Domodedovo,2026-05-03 04:00:00,104
moscow,10,Domodedovo,2026-05-03 05:00:00,109
moscow,10,Domodedovo,2026-05-03 06:00:00,98
moscow,10,Domodedovo,2026-05-03 07:00:00,96
moscow,10,Domodedovo,2026-05-03 08:00:00,89
moscow,10,Domodedovo,2026-05-03 09:00:00,91
moscow,10,Domodedovo,2026-05-03 10:00:00,83
moscow,10,Domodedovo,2026-05-03 11:00:00,79
moscow,10,Domodedovo,2026-05-03 12:00:00,76
moscow,10,Domodedovo,2026-05-03 13:00:00,75
moscow,10,Domodedovo,2026-05-03 14:00:00,69
moscow,10,Domodedovo,2026-05-03 15:00:00,65
moscow,10,Domodedovo,2026-05-03 16:00:00,75
moscow,10,Domodedovo,2026-05-03 17:00:00,68
moscow,10,Domodedovo,2026-05-03 18:00:00,81
moscow,10,Domodedovo,2026-05-03 19:00:00,87
moscow,10,Domodedovo,2026-05-03 20:00:00,104
moscow,10,Domodedovo,2026-05-03 21:00:00,114
moscow,10,Domodedovo,2026-05-03 22:00:00,115
moscow,10,Domodedovo,2026-05-03 23:00:00,126
moscow,10,Domodedovo,2026-05-04 00:00:00,118
moscow,10,Domodedovo,2026-05-04 01:00:00,114
moscow,10,Domodedovo,2026-05-04 02:00:00,124
moscow,10,Domodedovo,2026-05-04 03:00:00,131
moscow,10,Domodedovo,2026-05-04 04:00:00,126
moscow,10,Domodedovo,2026-05-04 05:00:00,121
moscow,10,Domodedovo,2026-05-04 06:00:00,120
moscow,10,Domodedovo,2026-05-04 07:00:00,118
moscow,10,Domodedovo,2026-05-04 08:00:00,110
moscow,10,Domodedovo,2026-05-04 09:00:00,114
moscow,10,Domodedovo,2026-05-04 10:00:00,98
moscow,10,Domodedovo,2026-05-04 11:00:00,98
moscow,10,Domodedovo,2026-05-04 12:00:00,93
moscow,10,Domodedovo,2026-05-04 13:00:00,85
moscow,10,Domodedovo,2026-05-04 14:00:00,84
moscow,10,Domodedovo,2026-05-04 15:00:00,88
moscow,10,Domodedovo,2026-05-04 16:00:00,86
moscow,10,Domodedovo,2026-05-04 17:00:00,89
moscow,10,Domodedovo,2026-05-04 18:00:00,85
moscow,10,Domodedovo,2026-05-04 19:00:00,97
moscow,10,Domodedovo,2026-05-04 20:00:00,101
moscow,10,Domodedovo,2026-05-04 21:00:00,105
moscow,10,Domodedovo,2026-05-04 22:00:00,112
moscow,10,Domodedovo,2026-05-04 23:00:00,114
moscow,10,Domodedovo,2026-05-05 00:00:00,119
moscow,10,Domodedovo,2026-05-05 01:00:00,123
moscow,10,Domodedovo,2026-05-05 02:00:00,124
moscow,10,Domodedovo,2026-05-05 03:00:00,134
moscow,10,Domodedovo,2026-05-05 04:00:00,129
moscow,10,Domodedovo,2026-05-05 05:00:00,120
moscow,10,Domodedovo,2026-05-05 06:00:00,128
moscow,10,Domodedovo,2026-05-05 07:00:00,115
moscow,10,Domodedovo,2026-05-05 08:00:00,111
moscow,10,Domodedovo,2026-05-05 09:00:00,109
moscow,10,Domodedovo,2026-05-05 10:00:00,94
moscow,10,Domodedovo,2026-05-05 11:00:00,95
moscow,10,Domodedovo,2026-05-05 12:00:00,90
moscow,10,Domodedovo,2026-05-05 13:00:00,89
moscow,10,Domodedovo,2026-05-05 14:00:00,88
moscow,10,Domodedovo,2026-05-05 15:00:00,86
moscow,10,Domodedovo,2026-05-05 16:00:00,86
moscow,10,Domodedovo,2026-05-05 17:00:00,93
moscow,10,Domodedovo,2026-05-05 18:00:00,93
moscow,10,Domodedovo,2026-05-05 19:00:00,97
moscow,10,Domodedovo,2026-05-05 20:00:00,102
moscow,10,Domodedovo,2026-05-05 21:00:00,113
moscow,10,Domodedovo,2026-05-05 22:00:00,113
moscow,10,Domodedovo,2026-05-05 23:00:00,115
moscow,10,Domodedovo,2026-05-06 00:00:00,115
moscow,10,Domodedovo,2026-05-06 01:00:00,120
moscow,10,Domodedovo,2026-05-06 02:00:00,126
moscow,10,Domodedovo,2026-05-06 03:00:00,128
moscow,10,Domodedovo,2026-05-06 04:00:00,125
moscow,10,Domodedovo,2026-05-06 05:00:00,126
moscow,10,Domodedovo,2026-05-06 06:00:00,120
moscow,10,Domodedovo,2026-05-06 07:00:00,114
moscow,10,Domodedovo,2026-05-06 08:00:00,115
moscow,10,Domodedovo,2026-05-06 09:00:00,112
moscow,10,Domodedovo,2026-05-06 10:00:00,98
moscow,10,Domodedovo,2026-05-06 11:00:00,98
moscow,10,Domodedovo,2026-05-06 12:00:00,86
moscow,10,Domodedovo,2026-05-06 13:00:00,85
moscow,10,Domodedovo,2026-05-06 14:00:00,86
moscow,10,Domodedovo,2026-05-06 15:00:00,91
moscow,10,Domodedovo,2026-05-06 16:00:00,85
moscow,10,Domodedovo,2026-05-06 17:00:00,87
moscow,10,Domodedovo,2026-05-06 18:00:00,94
moscow,10,Domodedovo,2026-05-06 19:00:00,98
moscow,10,Domodedovo,2026-05-06 20:00:00,100
moscow,10,Domodedovo,2026-05-06 21:00:00,115
moscow,10,Domodedovo,2026-05-06 22:00:00,112
moscow,10,Domodedovo,2026-05-06 23:00:00,118
moscow,10,Domodedovo,2026-05-07 00:00:00,122
moscow,10,Domodedovo,2026-05-07 01:00:00,128
moscow,10,Domodedovo,2026-05-07 02:00:00,133
moscow,10,Domodedovo,2026-05-07 03:00:00,135
moscow,10,Domodedovo,2026-05-07 04:00:00,126
moscow,10,Domodedovo,2026-05-07 05:00:00,130
moscow,10,Domodedovo,2026-05-07 06:00:00,125
moscow,10,Domodedovo,2026-05-07 07:00:00,122
moscow,10,Domodedovo,2026-05-07 08:00:00,114
moscow,10,Domodedovo,2026-05-07 09:00:00,108
moscow,10,Domodedovo,2026-05-07 10:00:00,107
moscow,10,Domodedovo,2026-05-07 11:00:00,102
moscow,10,Domodedovo,2026-05-07 12:00:00,100
moscow,10,Domodedovo,2026-05-07 13:00:00,92
moscow,10,Domodedovo,2026-05-07 14:00:00,89
moscow,10,Domodedovo,2026-05-07 15:00:00,80
moscow,10,Domodedovo,2026-05-07 16:00:00,84
moscow,10,Domodedovo,2026-05-07 17:00:00,90
moscow,10,Domodedovo,2026-05-07 18:00:00,91
moscow,10,Domodedovo,2026-05-07 19:00:00,102
moscow,10,Domodedovo,2026-05-07 20:00:00,99
moscow,10,Domodedovo,2026-05-07 21:00:00,108
moscow,10,Domodedovo,2026-05-07 22:00:00,113
moscow,10,Domodedovo,2026-05-07 23:00:00,124
moscow,10,Domodedovo,2026-05-08 00:00:00,123
moscow,10,Domodedovo,2026-05-08 01:00:00,130
moscow,10,Domodedovo,2026-05-08 02:00:00,131
moscow,10,Domodedovo,2026-05-08 03:00:00,134
moscow,10,Domodedovo,2026-05-08 04:00:00,133
moscow,10,Domodedovo,2026-05-08 05:00:00,128
moscow,10,Domodedovo,2026-05-08 06:00:00,118
moscow,10,Domodedovo,2026-05-08 07:00:00,119
moscow,10,Domodedovo,2026-05-08 08:00:00,115
moscow,10,Domodedovo,2026-05-08 09:00:00,111
moscow,10,Domodedovo,2026-05-08 10:00:00,102
moscow,10,Domodedovo,2026-05-08 11:00:00,104
moscow,10,Domodedovo,2026-05-08 12:00:00,96
moscow,10,Domodedovo,2026-05-08 13:00:00,89
moscow,10,Domodedovo,2026-05-08 14:00:00,89
moscow,10,Domodedovo,2026-05-08 15:00:00,97
moscow,10,Domodedovo,2026-05-08 16:00:00,93
moscow,10,Domodedovo,2026-05-08 17:00:00,97
moscow,10,Domodedovo,2026-05-08 18:00:00,93
moscow,10,Domodedovo,2026-05-08 19:00:00,98
moscow,10,Domodedovo,2026-05-08 20:00:00,103
moscow,10,Domodedovo,2026-05-08 21:00:00,111
moscow,10,Domodedovo,2026-05-08 22:00:00,115
moscow,10,Domodedovo,2026-05-08 23:00:00,119
moscow,10,Domodedovo,2026-05-09 00:00:00,107
moscow,10,Domodedovo,2026-05-09 01:00:00,108
moscow,10,Domodedovo,2026-05-09 02:00:00,112
moscow,10,Domodedovo,2026-05-09 03:00:00,117
moscow,10,Domodedovo,2026-05-09 04:00:00,107
moscow,10,Domodedovo,2026-05-09 05:00:00,112
moscow,10,Domodedovo,2026-05-09 06:00:00,113
moscow,10,Domodedovo,2026-05-09 07:00:00,104
moscow,10,Domodedovo,2026-05-09 08:00:00,99
moscow,10,Domodedovo,2026-05-09 09:00:00,100
moscow,10,Domodedovo,2026-05-09 10:00:00,89
moscow,10,Domodedovo,2026-05-09 11:00:00,89
moscow,10,Domodedovo,2026-05-09 12:00:00,82
moscow,10,Domodedovo,2026-05-09 13:00:00,76
moscow,10,Domodedovo,2026-05-09 14:00:00,81
moscow,10,Domodedovo,2026-05-09 15:00:00,76
moscow,10,Domodedovo,2026-05-09 16:00:00,81
moscow,10,Domodedovo,2026-05-09 17:00:00,87
moscow,10,Domodedovo,2026-05-09 18:00:00,92
moscow,10,Domodedovo,2026-05-09 19:00:00,89
moscow,10,Domodedovo,2026-05-09 20:00:00,116
moscow,10,Domodedovo,2026-05-09 21:00:00,119
moscow,10,Domodedovo,2026-05-09 22:00:00,122
moscow,10,Domodedovo,2026-05-09 23:00:00,122
moscow,10,Domodedovo,2026-05-10 00:00:00,116
moscow,10,Domodedovo,2026-05-10 01:00:00,109
moscow,10,Domodedovo,2026-05-10 02:00:00,119
moscow,10,Domodedovo,2026-05-10 03:00:00,116
moscow,10,Domodedovo,2026-05-10 04:00:00,110
moscow,10,Domodedovo,2026-05-10 05:00:00,113
moscow,10,Domodedovo,2026-05-10 06:00:00,117
moscow,10,Domodedovo,2026-05-10 07:00:00,112
moscow,10,Domodedovo,2026-05-10 08:00:00,100
moscow,10,Domodedovo,2026-05-10 09:00:00,96
moscow,10,Domodedovo,2026-05-10 10:00:00,94
moscow,10,Domodedovo,2026-05-10 11:00:00,89
moscow,10,Domodedovo,2026-05-10 12:00:00,91
moscow,10,Domodedovo,2026-05-10 13:00:00,87
moscow,10,Domodedovo,2026-05-10 14:00:00,77
moscow,10,Domodedovo,2026-05-10 15:00:00,84
moscow,10,Domodedovo,2026-05-10 16:00:00,82
moscow,10,Domodedovo,2026-05-10 17:00:00,85
moscow,10,Domodedovo,2026-05-10 18:00:00,88
moscow,10,Domodedovo,2026-05-10 19:00:00,95
moscow,10,Domodedovo,2026-05-10 20:00:00,117
moscow,10,Domodedovo,2026-05-10 21:00:00,117
moscow,10,Domodedovo,2026-05-10 22:00:00,125
moscow,10,Domodedovo,2026-05-10 23:00:00,128
moscow,10,Domodedovo,2026-05-11 00:00:00,123
moscow,10,Domodedovo,2026-05-11 01:00:00,132
moscow,10,Domodedovo,2026-05-11 02:00:00,140
moscow,10,Domodedovo,2026-05-11 03:00:00,129
moscow,10,Domodedovo,2026-05-11 04:00:00,134
moscow,10,Domodedovo,2026-05-11 05:00:00,131
moscow,10,Domodedovo,2026-05-11 06:00:00,129
moscow,10,Domodedovo,2026-05-11 07:00:00,121
moscow,10,Domodedovo,2026-05-11 08:00:00,114
moscow,10,Domodedovo,2026-05-11 09:00:00,109
moscow,10,Domodedovo,2026-05-11 10:00:00,113
moscow,10,Domodedovo,2026-05-11 11:00:00,100
moscow,10,Domodedovo,2026-05-11 12:00:00,98
moscow,10,Domodedovo,2026-05-11 13:00:00,104
moscow,10,Domodedovo,2026-05-11 14:00:00,92
moscow,10,Domodedovo,2026-05-11 15:00:00,95
moscow,10,Domodedovo,2026-05-11 16:00:00,99
moscow,10,Domodedovo,2026-05-11 17:00:00,100
moscow,10,Domodedovo,2026-05-11 18:00:00,96
moscow,10,Domodedovo,2026-05-11 19:00:00,102
moscow,10,Domodedovo,2026-05-11 20:00:00,110
moscow,10,Domodedovo,2026-05-11 21:00:00,121
moscow,10,Domodedovo,2026-05-11 22:00:00,117
moscow,10,Domodedovo,2026-05-11 23:00:00,123
moscow,10,Domodedovo,2026-05-12 00:00:00,132
moscow,10,Domodedovo,2026-05-12 01:00:00,135
moscow,10,Domodedovo,2026-05-12 02:00:00,138
moscow,10,Domodedovo,2026-05-12 03:00:00,133
moscow,10,Domodedovo,2026-05-12 04:00:00,133
moscow,10,Domodedovo,2026-05-12 05:00:00,134
moscow,10,Domodedovo,2026-05-12 06:00:00,134
moscow,10,Domodedovo,2026-05-12 07:00:00,125
moscow,10,Domodedovo,2026-05-12 08:00:00,120
moscow,10,Domodedovo,2026-05-12 09:00:00,112
moscow,10,Domodedovo,2026-05-12 10:00:00,117
moscow,10,Domodedovo,2026-05-12 11:00:00,106
moscow,10,Domodedovo,2026-05-12 12:00:00,105
moscow,10,Domodedovo,2026-05-12 13:00:00,98
moscow,10,Domodedovo,2026-05-12 14:00:00,96
moscow,10,Domodedovo,2026-05-12 15:00:00,90
moscow,10,Domodedovo,2026-05-12 16:00:00,89
moscow,10,Domodedovo,2026-05-12 17:00:00,103
moscow,10,Domodedovo,2026-05-12 18:00:00,102
moscow,10,Domodedovo,2026-05-12 19:00:00,106
moscow,10,Domodedovo,2026-05-12 20:00:00,106
moscow,10,Domodedovo,2026-05-12 21:00:00,113
moscow,10,Domodedovo,2026-05-12 22:00:00,125
moscow,10,Domodedovo,2026-05-12 23:00:00,132
moscow,10,Domodedovo,2026-05-13 00:00:00,129
moscow,10,Domodedovo,2026-05-13 01:00:00,137
moscow,10,Domodedovo,2026-05-13 02:00:00,137
moscow,10,Domodedovo,2026-05-13 03:00:00,137
moscow,10,Domodedovo,2026-05-13 04:00:00,143
moscow,10,Domodedovo,2026-05-13 05:00:00,133
moscow,10,Domodedovo,2026-05-13 06:00:00,135
moscow,10,Domodedovo,2026-05-13 07:00:00,128
moscow,10,Domodedovo,2026-05-13 08:00:00,122
moscow,10,Domodedovo,2026-05-13 09:00:00,121
moscow,10,Domodedovo,2026-05-13 10:00:00,112
moscow,10,Domodedovo,2026-05-13 11:00:00,106
moscow,10,Domodedovo,2026-05-13 12:00:00,107
moscow,10,Domodedovo,2026-05-13 13:00:00,104
moscow,10,Domodedovo,2026-05-13 14:00:00,102
moscow,10,Domodedovo,2026-05-13 15:00:00,83
moscow,10,Domodedovo,2026-05-13 16:00:00,99
moscow,10,Domodedovo,2026-05-13 17:00:00,100
moscow,10,Domodedovo,2026-05-13 18:00:00,103
moscow,10,Domodedovo,2026-05-13 19:00:00,109
moscow,10,Domodedovo,2026-05-13 20:00:00,113
moscow,10,Domodedovo,2026-05-13 21:00:00,120
moscow,10,Domodedovo,2026-05-13 22:00:00,122
moscow,10,Domodedovo,2026-05-13 23:00:00,133
moscow,10,Domodedovo,2026-05-14 00:00:00,136
moscow,10,Domodedovo,2026-05-14 01:00:00,138
moscow,10,Domodedovo,2026-05-14 02:00:00,140
moscow,10,Domodedovo,2026-05-14 03:00:00,143
moscow,10,Domodedovo,2026-05-14 04:00:00,141
moscow,10,Domodedovo,2026-05-14 05:00:00,135
moscow,10,Domodedovo,2026-05-14 06:00:00,136
moscow,10,Domodedovo,2026-05-14 07:00:00,129
moscow,10,Domodedovo,2026-05-14 08:00:00,130
moscow,10,Domodedovo,2026-05-14 09:00:00,122
moscow,10,Domodedovo,2026-05-14 10:00:00,111
moscow,10,Domodedovo,2026-05-14 11:00:00,116
moscow,10,Domodedovo,2026-05-14 12:00:00,96
moscow,10,Domodedovo,2026-05-14 13:00:00,103
moscow,10,Domodedovo,2026-05-14 14:00:00,96
moscow,10,Domodedovo,2026-05-14 15:00:00,105
moscow,10,Domodedovo,2026-05-14 16:00:00,100
moscow,10,Domodedovo,2026-05-14 17:00:00,98
moscow,10,Domodedovo,2026-05-14 18:00:00,103
moscow,10,Domodedovo,2026-05-14 19:00:00,106
moscow,10,Domodedovo,2026-05-14 20:00:00,112
moscow,10,Domodedovo,2026-05-14 21:00:00,117
moscow,10,Domodedovo,2026-05-14 22:00:00,121
moscow,10,Domodedovo,2026-05-14 23:00:00,130
moscow,10,Domodedovo,2026-05-15 00:00:00,135
moscow,10,Domodedovo,2026-05-15 01:00:00,134
moscow,10,Domodedovo,2026-05-15 02:00:00,133
moscow,10,Domodedovo,2026-05-15 03:00:00,141
moscow,10,Domodedovo,2026-05-15 04:00:00,141
moscow,10,Domodedovo,2026-05-15 05:00:00,140
moscow,10,Domodedovo,2026-05-15 06:00:00,136
moscow,10,Domodedovo,2026-05-15 07:00:00,135
moscow,10,Domodedovo,2026-05-15 08:00:00,128
moscow,10,Domodedovo,2026-05-15 09:00:00,129
moscow,10,Domodedovo,2026-05-15 10:00:00,125
moscow,10,Domodedovo,2026-05-15 11:00:00,103
moscow,10,Domodedovo,2026-05-15 12:00:00,97
moscow,10,Domodedovo,2026-05-15 13:00:00,102
moscow,10,Domodedovo,2026-05-15 14:00:00,102
moscow,10,Domodedovo,2026-05-15 15:00:00,99
moscow,10,Domodedovo,2026-05-15 16:00:00,103
moscow,10,Domodedovo,2026-05-15 17:00:00,101
moscow,10,Domodedovo,2026-05-15 18:00:00,103
moscow,10,Domodedovo,2026-05-15 19:00:00,108
moscow,10,Domodedovo,2026-05-15 20:00:00,114
moscow,10,Domodedovo,2026-05-15 21:00:00,123
moscow,10,Domodedovo,2026-05-15 22:00:00,123
moscow,10,Domodedovo,2026-05-15 23:00:00,129
moscow,10,Domodedovo,2026-05-16 00:00:00,120
moscow,10,Domodedovo,2026-05-16 01:00:00,120
moscow,10,Domodedovo,2026-05-16 02:00:00,126
moscow,10,Domodedovo,2026-05-16 03:00:00,119
moscow,10,Domodedovo,2026-05-16 04:00:00,118
moscow,10,Domodedovo,2026-05-16 05:00:00,121
moscow,10,Domodedovo,2026-05-16 06:00:00,119
moscow,10,Domodedovo,2026-05-16 07:00:00,111
moscow,10,Domodedovo,2026-05-16 08:00:00,115
moscow,10,Domodedovo,2026-05-16 09:00:00,113
moscow,10,Domodedovo,2026-05-16 10:00:00,100
moscow,10,Domodedovo,2026-05-16 11:00:00,103
moscow,10,Domodedovo,2026-05-16 12:00:00,86
moscow,10,Domodedovo,2026-05-16 13:00:00,96
moscow,10,Domodedovo,2026-05-16 14:00:00,87
moscow,10,Domodedovo,2026-05-16 15:00:00,93
moscow,10,Domodedovo,2026-05-16 16:00:00,87
moscow,10,Domodedovo,2026-05-16 17:00:00,92
moscow,10,Domodedovo,2026-05-16 18:00:00,92
moscow,10,Domodedovo,2026-05-16 19:00:00,98
moscow,10,Domodedovo,2026-05-16 20:00:00,128
moscow,10,Domodedovo,2026-05-16 21:00:00,127
moscow,10,Domodedovo,2026-05-16 22:00:00,140
moscow,10,Domodedovo,2026-05-16 23:00:00,137
moscow,10,Domodedovo,2026-05-17 00:00:00,124
moscow,10,Domodedovo,2026-05-17 01:00:00,116
moscow,10,Domodedovo,2026-05-17 02:00:00,122
moscow,10,Domodedovo,2026-05-17 03:00:00,122
moscow,10,Domodedovo,2026-05-17 04:00:00,129
moscow,10,Domodedovo,2026-05-17 05:00:00,122
moscow,10,Domodedovo,2026-05-17 06:00:00,111
moscow,10,Domodedovo,2026-05-17 07:00:00,111
moscow,10,Domodedovo,2026-05-17 08:00:00,108
moscow,10,Domodedovo,2026-05-17 09:00:00,111
moscow,10,Domodedovo,2026-05-17 10:00:00,106
moscow,10,Domodedovo,2026-05-17 11:00:00,98
moscow,10,Domodedovo,2026-05-17 12:00:00,94
moscow,10,Domodedovo,2026-05-17 13:00:00,96
moscow,10,Domodedovo,2026-05-17 14:00:00,88
moscow,10,Domodedovo,2026-05-17 15:00:00,93
moscow,10,Domodedovo,2026-05-17 16:00:00,93
moscow,10,Domodedovo,2026-05-17 17:00:00,93
moscow,10,Domodedovo,2026-05-17 18:00:00,98
moscow,10,Domodedovo,2026-05-17 19:00:00,100
moscow,10,Domodedovo,2026-05-17 20:00:00,124
moscow,10,Domodedovo,2026-05-17 21:00:00,124
moscow,10,Domodedovo,2026-05-17 22:00:00,136
moscow,10,Domodedovo,2026-05-17 23:00:00,143
moscow,10,Domodedovo,2026-05-18 00:00:00,139
moscow,10,Domodedovo,2026-05-18 01:00:00,143
moscow,10,Domodedovo,2026-05-18 02:00:00,143
moscow,10,Domodedovo,2026-05-18 03:00:00,147
moscow,10,Domodedovo,2026-05-18 04:00:00,143
moscow,10,Domodedovo,2026-05-18 05:00:00,137
moscow,10,Domodedovo,2026-05-18 06:00:00,141
moscow,10,Domodedovo,2026-05-18 07:00:00,128
moscow,10,Domodedovo,2026-05-18 08:00:00,129
moscow,10,Domodedovo,2026-05-18 09:00:00,122
moscow,10,Domodedovo,2026-05-18 10:00:00,116
moscow,10,Domodedovo,2026-05-18 11:00:00,114
moscow,10,Domodedovo,2026-05-18 12:00:00,107
moscow,10,Domodedovo,2026-05-18 13:00:00,108
moscow,10,Domodedovo,2026-05-18 14:00:00,104
moscow,10,Domodedovo,2026-05-18 15:00:00,101
moscow,10,Domodedovo,2026-05-18 16:00:00,109
moscow,10,Domodedovo,2026-05-18 17:00:00,107
moscow,10,Domodedovo,2026-05-18 18:00:00,112
moscow,10,Domodedovo,2026-05-18 19:00:00,119
moscow,10,Domodedovo,2026-05-18 20:00:00,124
moscow,10,Domodedovo,2026-05-18 21:00:00,126
moscow,10,Domodedovo,2026-05-18 22:00:00,128
moscow,10,Domodedovo,2026-05-18 23:00:00,129
moscow,10,Domodedovo,2026-05-19 00:00:00,140
moscow,10,Domodedovo,2026-05-19 01:00:00,146
moscow,10,Domodedovo,2026-05-19 02:00:00,146
moscow,10,Domodedovo,2026-05-19 03:00:00,133
moscow,10,Domodedovo,2026-05-19 04:00:00,147
moscow,10,Domodedovo,2026-05-19 05:00:00,146
moscow,10,Domodedovo,2026-05-19 06:00:00,138
moscow,10,Domodedovo,2026-05-19 07:00:00,138
moscow,10,Domodedovo,2026-05-19 08:00:00,132
moscow,10,Domodedovo,2026-05-19 09:00:00,122
moscow,10,Domodedovo,2026-05-19 10:00:00,124
moscow,10,Domodedovo,2026-05-19 11:00:00,110
moscow,10,Domodedovo,2026-05-19 12:00:00,110
moscow,10,Domodedovo,2026-05-19 13:00:00,107
moscow,10,Domodedovo,2026-05-19 14:00:00,102
moscow,10,Domodedovo,2026-05-19 15:00:00,106
moscow,10,Domodedovo,2026-05-19 16:00:00,110
moscow,10,Domodedovo,2026-05-19 17:00:00,112
moscow,10,Domodedovo,2026-05-19 18:00:00,113
moscow,10,Domodedovo,2026-05-19 19:00:00,109
moscow,10,Domodedovo,2026-05-19 20:00:00,115
moscow,10,Domodedovo,2026-05-19 21:00:00,126
moscow,10,Domodedovo,2026-05-19 22:00:00,130
moscow,10,Domodedovo,2026-05-19 23:00:00,133
moscow,10,Domodedovo,2026-05-20 00:00:00,147
moscow,10,Domodedovo,2026-05-20 01:00:00,144
moscow,10,Domodedovo,2026-05-20 02:00:00,148
moscow,10,Domodedovo,2026-05-20 03:00:00,150
moscow,10,Domodedovo,2026-05-20 04:00:00,146
moscow,10,Domodedovo,2026-05-20 05:00:00,153
moscow,10,Domodedovo,2026-05-20 06:00:00,137
moscow,10,Domodedovo,2026-05-20 07:00:00,134
moscow,10,Domodedovo,2026-05-20 08:00:00,128
moscow,10,Domodedovo,2026-05-20 09:00:00,131
moscow,10,Domodedovo,2026-05-20 10:00:00,123
moscow,10,Domodedovo,2026-05-20 11:00:00,114
moscow,10,Domodedovo,2026-05-20 12:00:00,109
moscow,10,Domodedovo,2026-05-20 13:00:00,113
moscow,10,Domodedovo,2026-05-20 14:00:00,108
moscow,10,Domodedovo,2026-05-20 15:00:00,111
moscow,10,Domodedovo,2026-05-20 16:00:00,106
moscow,10,Domodedovo,2026-05-20 17:00:00,111
moscow,10,Domodedovo,2026-05-20 18:00:00,113
moscow,10,Domodedovo,2026-05-20 19:00:00,114
moscow,10,Domodedovo,2026-05-20 20:00:00,121
moscow,10,Domodedovo,2026-05-20 21:00:00,122
moscow,10,Domodedovo,2026-05-20 22:00:00,133
moscow,10,Domodedovo,2026-05-20 23:00:00,139
moscow,10,Domodedovo,2026-05-21 00:00:00,145
moscow,10,Domodedovo,2026-05-21 01:00:00,148
moscow,10,Domodedovo,2026-05-21 02:00:00,147
moscow,10,Domodedovo,2026-05-21 03:00:00,153
moscow,10,Domodedovo,2026-05-21 04:00:00,150
moscow,10,Domodedovo,2026-05-21 05:00:00,150
moscow,10,Domodedovo,2026-05-21 06:00:00,147
moscow,10,Domodedovo,2026-05-21 07:00:00,137
moscow,10,Domodedovo,2026-05-21 08:00:00,134
moscow,10,Domodedovo,2026-05-21 09:00:00,130
moscow,10,Domodedovo,2026-05-21 10:00:00,118
moscow,10,Domodedovo,2026-05-21 11:00:00,113
moscow,10,Domodedovo,2026-05-21 12:00:00,108
moscow,10,Domodedovo,2026-05-21 13:00:00,109
moscow,10,Domodedovo,2026-05-21 14:00:00,107
moscow,10,Domodedovo,2026-05-21 15:00:00,102
moscow,10,Domodedovo,2026-05-21 16:00:00,109
moscow,10,Domodedovo,2026-05-21 17:00:00,110
moscow,10,Domodedovo,2026-05-21 18:00:00,118
moscow,10,Domodedovo,2026-05-21 19:00:00,125
moscow,10,Domodedovo,2026-05-21 20:00:00,124
moscow,10,Domodedovo,2026-05-21 21:00:00,125
moscow,10,Domodedovo,2026-05-21 22:00:00,135
moscow,10,Domodedovo,2026-05-21 23:00:00,138
moscow,10,Domodedovo,2026-05-22 00:00:00,142
moscow,10,Domodedovo,2026-05-22 01:00:00,143
moscow,10,Domodedovo,2026-05-22 02:00:00,147
moscow,10,Domodedovo,2026-05-22 03:00:00,148
moscow,10,Domodedovo,2026-05-22 04:00:00,151
moscow,10,Domodedovo,2026-05-22 05:00:00,148
moscow,10,Domodedovo,2026-05-22 06:00:00,149
moscow,10,Domodedovo,2026-05-22 07:00:00,141
moscow,10,Domodedovo,2026-05-22 08:00:00,135
moscow,10,Domodedovo,2026-05-22 09:00:00,127
moscow,10,Domodedovo,2026-05-22 10:00:00,120
moscow,10,Domodedovo,2026-05-22 11:00:00,116
moscow,10,Domodedovo,2026-05-22 12:00:00,112
moscow,10,Domodedovo,2026-05-22 13:00:00,102
moscow,10,Domodedovo,2026-05-22 14:00:00,106
moscow,10,Domodedovo,2026-05-22 15:00:00,114
moscow,10,Domodedovo,2026-05-22 16:00:00,111
moscow,10,Domodedovo,2026-05-22 17:00:00,110
moscow,10,Domodedovo,2026-05-22 18:00:00,116
moscow,10,Domodedovo,2026-05-22 19:00:00,112
moscow,10,Domodedovo,2026-05-22 20:00:00,125
moscow,10,Domodedovo,2026-05-22 21:00:00,134
moscow,10,Domodedovo,2026-05-22 22:00:00,134
moscow,10,Domodedovo,2026-05-22 23:00:00,133
moscow,10,Domodedovo,2026-05-23 00:00:00,126
moscow,10,Domodedovo,2026-05-23 01:00:00,134
moscow,10,Domodedovo,2026-05-23 02:00:00,132
moscow,10,Domodedovo,2026-05-23 03:00:00,127
moscow,10,Domodedovo,2026-05-23 04:00:00,139
moscow,10,Domodedovo,2026-05-23 05:00:00,125
moscow,10,Domodedovo,2026-05-23 06:00:00,126
moscow,10,Domodedovo,2026-05-23 07:00:00,120
moscow,10,Domodedovo,2026-05-23 08:00:00,116
moscow,10,Domodedovo,2026-05-23 09:00:00,114
moscow,10,Domodedovo,2026-05-23 10:00:00,113
moscow,10,Domodedovo,2026-05-23 11:00:00,112
moscow,10,Domodedovo,2026-05-23 12:00:00,102
moscow,10,Domodedovo,2026-05-23 13:00:00,98
moscow,10,Domodedovo,2026-05-23 14:00:00,101
moscow,10,Domodedovo,2026-05-23 15:00:00,101
moscow,10,Domodedovo,2026-05-23 16:00:00,101
moscow,10,Domodedovo,2026-05-23 17:00:00,103
moscow,10,Domodedovo,2026-05-23 18:00:00,104
moscow,10,Domodedovo,2026-05-23 19:00:00,108
moscow,10,Domodedovo,2026-05-23 20:00:00,130
moscow,10,Domodedovo,2026-05-23 21:00:00,140
moscow,10,Domodedovo,2026-05-23 22:00:00,150
moscow,10,Domodedovo,2026-05-23 23:00:00,148
moscow,10,Domodedovo,2026-05-24 00:00:00,128
moscow,10,Domodedovo,2026-05-24 01:00:00,132
moscow,10,Domodedovo,2026-05-24 02:00:00,130
moscow,10,Domodedovo,2026-05-24 03:00:00,136
moscow,10,Domodedovo,2026-05-24 04:00:00,134
moscow,10,Domodedovo,2026-05-24 05:00:00,129
moscow,10,Domodedovo,2026-05-24 06:00:00,131
moscow,10,Domodedovo,2026-05-24 07:00:00,125
moscow,10,Domodedovo,2026-05-24 08:00:00,117
moscow,10,Domodedovo,2026-05-24 09:00:00,118
moscow,10,Domodedovo,2026-05-24 10:00:00,113
moscow,10,Domodedovo,2026-05-24 11:00:00,112
moscow,10,Domodedovo,2026-05-24 12:00:00,108
moscow,10,Domodedovo,2026-05-24 13:00:00,102
moscow,10,Domodedovo,2026-05-24 14:00:00,99
moscow,10,Domodedovo,2026-05-24 15:00:00,101
moscow,10,Domodedovo,2026-05-24 16:00:00,102
moscow,10,Domodedovo,2026-05-24 17:00:00,105
moscow,10,Domodedovo,2026-05-24 18:00:00,107
moscow,10,Domodedovo,2026-05-24 19:00:00,109
moscow,10,Domodedovo,2026-05-24 20:00:00,135
moscow,10,Domodedovo,2026-05-24 21:00:00,135
moscow,10,Domodedovo,2026-05-24 22:00:00,152
moscow,10,Domodedovo,2026-05-24 23:00:00,151
moscow,10,Domodedovo,2026-05-25 00:00:00,143
moscow,10,Domodedovo,2026-05-25 01:00:00,151
moscow,10,Domodedovo,2026-05-25 02:00:00,155
moscow,10,Domodedovo,2026-05-25 03:00:00,152
moscow,10,Domodedovo,2026-05-25 04:00:00,147
moscow,10,Domodedovo,2026-05-25 05:00:00,146
moscow,10,Domodedovo,2026-05-25 06:00:00,149
moscow,10,Domodedovo,2026-05-25 07:00:00,136
moscow,10,Domodedovo,2026-05-25 08:00:00,133
moscow,10,Domodedovo,2026-05-25 09:00:00,134
moscow,10,Domodedovo,2026-05-25 10:00:00,126
moscow,10,Domodedovo,2026-05-25 11:00:00,120
moscow,10,Domodedovo,2026-05-25 12:00:00,117
moscow,10,Domodedovo,2026-05-25 13:00:00,110
moscow,10,Domodedovo,2026-05-25 14:00:00,115
moscow,10,Domodedovo,2026-05-25 15:00:00,110
moscow,10,Domodedovo,2026-05-25 16:00:00,111
moscow,10,Domodedovo,2026-05-25 17:00:00,117
moscow,10,Domodedovo,2026-05-25 18:00:00,118
moscow,10,Domodedovo,2026-05-25 19:00:00,120
moscow,10,Domodedovo,2026-05-25 20:00:00,121
moscow,10,Domodedovo,2026-05-25 21:00:00,134
moscow,10,Domodedovo,2026-05-25 22:00:00,139
moscow,10,Domodedovo,2026-05-25 23:00:00,141
moscow,10,Domodedovo,2026-05-26 00:00:00,145
moscow,10,Domodedovo,2026-05-26 01:00:00,152
moscow,10,Domodedovo,2026-05-26 02:00:00,155
moscow,10,Domodedovo,2026-05-26 03:00:00,155
moscow,10,Domodedovo,2026-05-26 04:00:00,159
moscow,10,Domodedovo,2026-05-26 05:00:00,154
moscow,10,Domodedovo,2026-05-26 06:00:00,148
moscow,10,Domodedovo,2026-05-26 07:00:00,147
moscow,10,Domodedovo,2026-05-26 08:00:00,139
moscow,10,Domodedovo,2026-05-26 09:00:00,134
moscow,10,Domodedovo,2026-05-26 10:00:00,133
moscow,10,Domodedovo,2026-05-26 11:00:00,121
moscow,10,Domodedovo,2026-05-26 12:00:00,120
moscow,10,Domodedovo,2026-05-26 13:00:00,121
moscow,10,Domodedovo,2026-05-26 14:00:00,116
moscow,10,Domodedovo,2026-05-26 15:00:00,113
moscow,10,Domodedovo,2026-05-26 16:00:00,109
moscow,10,Domodedovo,2026-05-26 17:00:00,109
moscow,10,Domodedovo,2026-05-26 18:00:00,127
moscow,10,Domodedovo,2026-05-26 19:00:00,125
moscow,10,Domodedovo,2026-05-26 20:00:00,127
moscow,10,Domodedovo,2026-05-26 21:00:00,136
moscow,10,Domodedovo,2026-05-26 22:00:00,136
moscow,10,Domodedovo,2026-05-26 23:00:00,143
moscow,10,Domodedovo,2026-05-27 00:00:00,147
moscow,10,Domodedovo,2026-05-27 01:00:00,148
moscow,10,Domodedovo,2026-05-27 02:00:00,148
moscow,10,Domodedovo,2026-05-27 03:00:00,150
moscow,10,Domodedovo,2026-05-27 04:00:00,158
moscow,10,Domodedovo,2026-05-27 05:00:00,149
moscow,10,Domodedovo,2026-05-27 06:00:00,151
moscow,10,Domodedovo,2026-05-27 07:00:00,149
moscow,10,Domodedovo,2026-05-27 08:00:00,140
moscow,10,Domodedovo,2026-05-27 09:00:00,134
moscow,10,Domodedovo,2026-05-27 10:00:00,130
moscow,10,Domodedovo,2026-05-27 11:00:00,124
moscow,10,Domodedovo,2026-05-27 12:00:00,125
moscow,10,Domodedovo,2026-05-27 13:00:00,124
moscow,10,Domodedovo,2026-05-27 14:00:00,121
moscow,10,Domodedovo,2026-05-27 15:00:00,108
moscow,10,Domodedovo,2026-05-27 16:00:00,114
moscow,10,Domodedovo,2026-05-27 17:00:00,118
moscow,10,Domodedovo,2026-05-27 18:00:00,123
moscow,10,Domodedovo,2026-05-27 19:00:00,119
moscow,10,Domodedovo,2026-05-27 20:00:00,124
moscow,10,Domodedovo,2026-05-27 21:00:00,140
moscow,10,Domodedovo,2026-05-27 22:00:00,139
moscow,10,Domodedovo,2026-05-27 23:00:00,141
moscow,10,Domodedovo,2026-05-28 00:00:00,147
moscow,10,Domodedovo,2026-05-28 01:00:00,156
moscow,10,Domodedovo,2026-05-28 02:00:00,153
moscow,10,Domodedovo,2026-05-28 03:00:00,158
moscow,10,Domodedovo,2026-05-28 04:00:00,153
moscow,10,Domodedovo,2026-05-28 05:00:00,148
moscow,10,Domodedovo,2026-05-28 06:00:00,156
moscow,10,Domodedovo,2026-05-28 07:00:00,148
moscow,10,Domodedovo,2026-05-28 08:00:00,141
moscow,10,Domodedovo,2026-05-28 09:00:00,135
moscow,10,Domodedovo,2026-05-28 10:00:00,136
moscow,10,Domodedovo,2026-05-28 11:00:00,128
moscow,10,Domodedovo,2026-05-28 12:00:00,126
moscow,10,Domodedovo,2026-05-28 13:00:00,117
moscow,10,Domodedovo,2026-05-28 14:00:00,117
moscow,10,Domodedovo,2026-05-28 15:00:00,118
moscow,10,Domodedovo,2026-05-28 16:00:00,115
moscow,10,Domodedovo,2026-05-28 17:00:00,119
moscow,10,Domodedovo,2026-05-28 18:00:00,121
moscow,10,Domodedovo,2026-05-28 19:00:00,128
moscow,10,Domodedovo,2026-05-28 20:00:00,127
moscow,10,Domodedovo,2026-05-28 21:00:00,139
moscow,10,Domodedovo,2026-05-28 22:00:00,143
moscow,10,Domodedovo,2026-05-28 23:00:00,146
moscow,10,Domodedovo,2026-05-29 00:00:00,154
moscow,10,Domodedovo,2026-05-29 01:00:00,154
moscow,10,Domodedovo,2026-05-29 02:00:00,155
moscow,10,Domodedovo,2026-05-29 03:00:00,160
moscow,10,Domodedovo,2026-05-29 04:00:00,160
moscow,10,Domodedovo,2026-05-29 05:00:00,154
moscow,10,Domodedovo,2026-05-29 06:00:00,150
moscow,10,Domodedovo,2026-05-29 07:00:00,147
moscow,10,Domodedovo,2026-05-29 08:00:00,141
moscow,10,Domodedovo,2026-05-29 09:00:00,143
moscow,10,Domodedovo,2026-05-29 10:00:00,134
moscow,10,Domodedovo,2026-05-29 11:00:00,128
moscow,10,Domodedovo,2026-05-29 12:00:00,120
moscow,10,Domodedovo,2026-05-29 13:00:00,123
moscow,10,Domodedovo,2026-05-29 14:00:00,116
moscow,10,Domodedovo,2026-05-29 15:00:00,116
moscow,10,Domodedovo,2026-05-29 16:00:00,121
moscow,10,Domodedovo,2026-05-29 17:00:00,122
moscow,10,Domodedovo,2026-05-29 18:00:00,115
moscow,10,Domodedovo,2026-05-29 19:00:00,128
moscow,10,Domodedovo,2026-05-29 20:00:00,134
moscow,10,Domodedovo,2026-05-29 21:00:00,137
moscow,10,Domodedovo,2026-05-29 22:00:00,144
moscow,10,Domodedovo,2026-05-29 23:00:00,142
moscow,10,Domodedovo,2026-05-30 00:00:00,126
moscow,10,Domodedovo,2026-05-30 01:00:00,135
moscow,10,Domodedovo,2026-05-30 02:00:00,141
moscow,10,Domodedovo,2026-05-30 03:00:00,130
moscow,10,Domodedovo,2026-05-30 04:00:00,137
moscow,10,Domodedovo,2026-05-30 05:00:00,132
moscow,10,Domodedovo,2026-05-30 06:00:00,135
moscow,10,Domodedovo,2026-05-30 07:00:00,139
moscow,10,Domodedovo,2026-05-30 08:00:00,128
moscow,10,Domodedovo,2026-05-30 09:00:00,124
moscow,10,Domodedovo,2026-05-30 10:00:00,123
moscow,10,Domodedovo,2026-05-30 11:00:00,116
moscow,10,Domodedovo,2026-05-30 12:00:00,112
moscow,10,Domodedovo,2026-05-30 13:00:00,114
moscow,10,Domodedovo,2026-05-30 14:00:00,111
moscow,10,Domodedovo,2026-05-30 15:00:00,110
moscow,10,Domodedovo,2026-05-30 16:00:00,109
moscow,10,Domodedovo,2026-05-30 17:00:00,110
moscow,10,Domodedovo,2026-05-30 18:00:00,117
moscow,10,Domodedovo,2026-05-30 19:00:00,116
moscow,10,Domodedovo,2026-05-30 20:00:00,144
moscow,10,Domodedovo,2026-05-30 21:00:00,142
moscow,10,Domodedovo,2026-05-30 22:00:00,156
moscow,10,Domodedovo,2026-05-30 23:00:00,158
moscow,10,Domodedovo,2026-05-31 00:00:00,134
moscow,10,Domodedovo,2026-05-31 01:00:00,142
moscow,10,Domodedovo,2026-05-31 02:00:00,139
moscow,10,Domodedovo,2026-05-31 03:00:00,142
moscow,10,Domodedovo,2026-05-31 04:00:00,140
moscow,10,Domodedovo,2026-05-31 05:00:00,139
moscow,10,Domodedovo,2026-05-31 06:00:00,141
moscow,10,Domodedovo,2026-05-31 07:00:00,136
moscow,10,Domodedovo,2026-05-31 08:00:00,126
moscow,10,Domodedovo,2026-05-31 09:00:00,122
moscow,10,Domodedovo,2026-05-31 10:00:00,123
moscow,10,Domodedovo,2026-05-31 11:00:00,119
moscow,10,Domodedovo,2026-05-31 12:00:00,112
moscow,10,Domodedovo,2026-05-31 13:00:00,117
moscow,10,Domodedovo,2026-05-31 14:00:00,113
moscow,10,Domodedovo,2026-05-31 15:00:00,108
moscow,10,Domodedovo,2026-05-31 16:00:00,108
moscow,10,Domodedovo,2026-05-31 17:00:00,111
moscow,10,Domodedovo,2026-05-31 18:00:00,114
moscow,10,Domodedovo,2026-05-31 19:00:00,123
moscow,10,Domodedovo,2026-05-31 20:00:00,145
moscow,10,Domodedovo,2026-05-31 21:00:00,147
moscow,10,Domodedovo,2026-05-31 22:00:00,155
moscow,10,Domodedovo,2026-05-31 23:00:00,161
moscow,10,Domodedovo,2026-06-01 00:00:00,157
moscow,10,Domodedovo,2026-06-01 01:00:00,161
moscow,10,Domodedovo,2026-06-01 02:00:00,164
moscow,10,Domodedovo,2026-06-01 03:00:00,164
moscow,10,Domodedovo,2026-06-01 04:00:00,159
moscow,10,Domodedovo,2026-06-01 05:00:00,157
moscow,10,Domodedovo,2026-06-01 06:00:00,155
moscow,10,Domodedovo,2026-06-01 07:00:00,149
moscow,10,Domodedovo,2026-06-01 08:00:00,142
moscow,10,Domodedovo,2026-06-01 09:00:00,144
moscow,10,Domodedovo,2026-06-01 10:00:00,138
moscow,10,Domodedovo,2026-06-01 11:00:00,127
moscow,10,Domodedovo,2026-06-01 12:00:00,127
moscow,10,Domodedovo,2026-06-01 13:00:00,124
moscow,10,Domodedovo,2026-06-01 14:00:00,123
moscow,10,Domodedovo,2026-06-01 15:00:00,118
moscow,10,Domodedovo,2026-06-01 16:00:00,118
moscow,10,Domodedovo,2026-06-01 17:00:00,126
moscow,10,Domodedovo,2026-06-01 18:00:00,123
moscow,10,Domodedovo,2026-06-01 19:00:00,131
moscow,10,Domodedovo,2026-06-01 20:00:00,136
moscow,10,Domodedovo,2026-06-01 21:00:00,142
moscow,10,Domodedovo,2026-06-01 22:00:00,148
moscow,10,Domodedovo,2026-06-01 23:00:00,158
moscow,10,Domodedovo,2026-06-02 00:00:00,152
moscow,10,Domodedovo,2026-06-02 01:00:00,164
moscow,10,Domodedovo,2026-06-02 02:00:00,154
moscow,10,Domodedovo,2026-06-02 03:00:00,168
moscow,10,Domodedovo,2026-06-02 04:00:00,156
moscow,10,Domodedovo,2026-06-02 05:00:00,169
moscow,10,Domodedovo,2026-06-02 06:00:00,156
moscow,10,Domodedovo,2026-06-02 07:00:00,158
moscow,10,Domodedovo,2026-06-02 08:00:00,152
moscow,10,Domodedovo,2026-06-02 09:00:00,141
moscow,10,Domodedovo,2026-06-02 10:00:00,137
moscow,10,Domodedovo,2026-06-02 11:00:00,130
moscow,10,Domodedovo,2026-06-02 12:00:00,132
moscow,10,Domodedovo,2026-06-02 13:00:00,124
moscow,10,Domodedovo,2026-06-02 14:00:00,121
moscow,10,Domodedovo,2026-06-02 15:00:00,125
moscow,10,Domodedovo,2026-06-02 16:00:00,121
moscow,10,Domodedovo,2026-06-02 17:00:00,125
moscow,10,Domodedovo,2026-06-02 18:00:00,130
moscow,10,Domodedovo,2026-06-02 19:00:00,131
moscow,10,Domodedovo,2026-06-02 20:00:00,137
moscow,10,Domodedovo,2026-06-02 21:00:00,149
moscow,10,Domodedovo,2026-06-02 22:00:00,148
moscow,10,Domodedovo,2026-06-02 23:00:00,152
moscow,10,Domodedovo,2026-06-03 00:00:00,159
moscow,10,Domodedovo,2026-06-03 01:00:00,164
moscow,10,Domodedovo,2026-06-03 02:00:00,161
moscow,10,Domodedovo,2026-06-03 03:00:00,166
moscow,10,Domodedovo,2026-06-03 04:00:00,165
moscow,10,Domodedovo,2026-06-03 05:00:00,156
moscow,10,Domodedovo,2026-06-03 06:00:00,165
moscow,10,Domodedovo,2026-06-03 07:00:00,160
moscow,10,Domodedovo,2026-06-03 08:00:00,147
moscow,10,Domodedovo,2026-06-03 09:00:00,140
moscow,10,Domodedovo,2026-06-03 10:00:00,140
moscow,10,Domodedovo,2026-06-03 11:00:00,129
moscow,10,Domodedovo,2026-06-03 12:00:00,135
moscow,10,Domodedovo,2026-06-03 13:00:00,125
moscow,10,Domodedovo,2026-06-03 14:00:00,131
moscow,10,Domodedovo,2026-06-03 15:00:00,122
moscow,10,Domodedovo,2026-06-03 16:00:00,125
moscow,10,Domodedovo,2026-06-03 17:00:00,132
moscow,10,Domodedovo,2026-06-03 18:00:00,129
moscow,10,Domodedovo,2026-06-03 19:00:00,136
moscow,10,Domodedovo,2026-06-03 20:00:00,144
moscow,10,Domodedovo,2026-06-03 21:00:00,143
moscow,10,Domodedovo,2026-06-03 22:00:00,146
moscow,10,Domodedovo,2026-06-03 23:00:00,150
moscow,10,Domodedovo,2026-06-04 00:00:00,163
moscow,10,Domodedovo,2026-06-04 01:00:00,165
moscow,10,Domodedovo,2026-06-04 02:00:00,169
moscow,10,Domodedovo,2026-06-04 03:00:00,165
moscow,10,Domodedovo,2026-06-04 04:00:00,160
moscow,10,Domodedovo,2026-06-04 05:00:00,155
moscow,10,Domodedovo,2026-06-04 06:00:00,170
moscow,10,Domodedovo,2026-06-04 07:00:00,158
moscow,10,Domodedovo,2026-06-04 08:00:00,151
moscow,10,Domodedovo,2026-06-04 09:00:00,147
moscow,10,Domodedovo,2026-06-04 10:00:00,135
moscow,10,Domodedovo,2026-06-04 11:00:00,133
moscow,10,Domodedovo,2026-06-04 12:00:00,138
moscow,10,Domodedovo,2026-06-04 13:00:00,131
moscow,10,Domodedovo,2026-06-04 14:00:00,124
moscow,10,Domodedovo,2026-06-04 15:00:00,121
moscow,10,Domodedovo,2026-06-04 16:00:00,125
moscow,10,Domodedovo,2026-06-04 17:00:00,127
moscow,10,Domodedovo,2026-06-04 18:00:00,139
moscow,10,Domodedovo,2026-06-04 19:00:00,135
moscow,10,Domodedovo,2026-06-04 20:00:00,137
moscow,10,Domodedovo,2026-06-04 21:00:00,146
moscow,10,Domodedovo,2026-06-04 22:00:00,152
moscow,10,Domodedovo,2026-06-04 23:00:00,152
moscow,10,Domodedovo,2026-06-05 00:00:00,163
moscow,10,Domodedovo,2026-06-05 01:00:00,169
moscow,10,Domodedovo,2026-06-05 02:00:00,167
moscow,10,Domodedovo,2026-06-05 03:00:00,165
moscow,10,Domodedovo,2026-06-05 04:00:00,165
moscow,10,Domodedovo,2026-06-05 05:00:00,159
moscow,10,Domodedovo,2026-06-05 06:00:00,161
moscow,10,Domodedovo,2026-06-05 07:00:00,158
moscow,10,Domodedovo,2026-06-05 08:00:00,149
moscow,10,Domodedovo,2026-06-05 09:00:00,154
moscow,10,Domodedovo,2026-06-05 10:00:00,145
moscow,10,Domodedovo,2026-06-05 11:00:00,131
moscow,10,Domodedovo,2026-06-05 12:00:00,127
moscow,10,Domodedovo,2026-06-05 13:00:00,126
moscow,10,Domodedovo,2026-06-05 14:00:00,133
moscow,10,Domodedovo,2026-06-05 15:00:00,130
moscow,10,Domodedovo,2026-06-05 16:00:00,134
moscow,10,Domodedovo,2026-06-05 17:00:00,130
moscow,10,Domodedovo,2026-06-05 18:00:00,132
moscow,10,Domodedovo,2026-06-05 19:00:00,133
moscow,10,Domodedovo,2026-06-05 20:00:00,144
moscow,10,Domodedovo,2026-06-05 21:00:00,147
moscow,10,Domodedovo,2026-06-05 22:00:00,152
moscow,10,Domodedovo,2026-06-05 23:00:00,163
moscow,10,Domodedovo,2026-06-06 00:00:00,145
moscow,10,Domodedovo,2026-06-06 01:00:00,153
moscow,10,Domodedovo,2026-06-06 02:00:00,144
moscow,10,Domodedovo,2026-06-06 03:00:00,160
moscow,10,Domodedovo,2026-06-06 04:00:00,148
moscow,10,Domodedovo,2026-06-06 05:00:00,150
moscow,10,Domodedovo,2026-06-06 06:00:00,148
moscow,10,Domodedovo,2026-06-06 07:00:00,140
moscow,10,Domodedovo,2026-06-06 08:00:00,141
moscow,10,Domodedovo,2026-06-06 09:00:00,137
moscow,10,Domodedovo,2026-06-06 10:00:00,127
moscow,10,Domodedovo,2026-06-06 11:00:00,123
moscow,10,Domodedovo,2026-06-06 12:00:00,122
moscow,10,Domodedovo,2026-06-06 13:00:00,119
moscow,10,Domodedovo,2026-06-06 14:00:00,123
moscow,10,Domodedovo,2026-06-06 15:00:00,120
moscow,10,Domodedovo,2026-06-06 16:00:00,118
moscow,10,Domodedovo,2026-06-06 17:00:00,122
moscow,10,Domodedovo,2026-06-06 18:00:00,115
moscow,10,Domodedovo,2026-06-06 19:00:00,124
moscow,10,Domodedovo,2026-06-06 20:00:00,150
moscow,10,Domodedovo,2026-06-06 21:00:00,159
moscow,10,Domodedovo,2026-06-06 22:00:00,161
moscow,10,Domodedovo,2026-06-06 23:00:00,171
moscow,10,Domodedovo,2026-06-07 00:00:00,150
moscow,10,Domodedovo,2026-06-07 01:00:00,148
moscow,10,Domodedovo,2026-06-07 02:00:00,150
moscow,10,Domodedovo,2026-06-07 03:00:00,153
moscow,10,Domodedovo,2026-06-07 04:00:00,149
moscow,10,Domodedovo,2026-06-07 05:00:00,155
moscow,10,Domodedovo,2026-06-07 06:00:00,143
moscow,10,Domodedovo,2026-06-07 07:00:00,144
moscow,10,Domodedovo,2026-06-07 08:00:00,142
moscow,10,Domodedovo,2026-06-07 09:00:00,134
moscow,10,Domodedovo,2026-06-07 10:00:00,129
moscow,10,Domodedovo,2026-06-07 11:00:00,127
moscow,10,Domodedovo,2026-06-07 12:00:00,126
moscow,10,Domodedovo,2026-06-07 13:00:00,119
moscow,10,Domodedovo,2026-06-07 14:00:00,116
moscow,10,Domodedovo,2026-06-07 15:00:00,123
moscow,10,Domodedovo,2026-06-07 16:00:00,121
moscow,10,Domodedovo,2026-06-07 17:00:00,125
moscow,10,Domodedovo,2026-06-07 18:00:00,127
moscow,10,Domodedovo,2026-06-07 19:00:00,135
moscow,10,Domodedovo,2026-06-07 20:00:00,154
moscow,10,Domodedovo,2026-06-07 21:00:00,154
moscow,10,Domodedovo,2026-06-07 22:00:00,163
moscow,10,Domodedovo,2026-06-07 23:00:00,165
moscow,10,Domodedovo,2026-06-08 00:00:00,164
moscow,10,Domodedovo,2026-06-08 01:00:00,164
moscow,10,Domodedovo,2026-06-08 02:00:00,170
moscow,10,Domodedovo,2026-06-08 03:00:00,173
moscow,10,Domodedovo,2026-06-08 04:00:00,170
moscow,10,Domodedovo,2026-06-08 05:00:00,165
moscow,10,Domodedovo,2026-06-08 06:00:00,160
moscow,10,Domodedovo,2026-06-08 07:00:00,169
moscow,10,Domodedovo,2026-06-08 08:00:00,157
moscow,10,Domodedovo,2026-06-08 09:00:00,148
moscow,10,Domodedovo,2026-06-08 10:00:00,147
moscow,10,Domodedovo,2026-06-08 11:00:00,149
moscow,10,Domodedovo,2026-06-08 12:00:00,139
moscow,10,Domodedovo,2026-06-08 13:00:00,124
moscow,10,Domodedovo,2026-06-08 14:00:00,141
moscow,10,Domodedovo,2026-06-08 15:00:00,125
moscow,10,Domodedovo,2026-06-08 16:00:00,131
moscow,10,Domodedovo,2026-06-08 17:00:00,130
moscow,10,Domodedovo,2026-06-08 18:00:00,135
moscow,10,Domodedovo,2026-06-08 19:00:00,142
moscow,10,Domodedovo,2026-06-08 20:00:00,139
moscow,10,Domodedovo,2026-06-08 21:00:00,151
moscow,10,Domodedovo,2026-06-08 22:00:00,161
moscow,10,Domodedovo,2026-06-08 23:00:00,159
moscow,10,Domodedovo,2026-06-09 00:00:00,162
moscow,10,Domodedovo,2026-06-09 01:00:00,170
moscow,10,Domodedovo,2026-06-09 02:00:00,171
moscow,10,Domodedovo,2026-06-09 03:00:00,171
moscow,10,Domodedovo,2026-06-09 04:00:00,168
moscow,10,Domodedovo,2026-06-09 05:00:00,172
moscow,10,Domodedovo,2026-06-09 06:00:00,169
moscow,10,Domodedovo,2026-06-09 07:00:00,159
moscow,10,Domodedovo,2026-06-09 08:00:00,154
moscow,10,Domodedovo,2026-06-09 09:00:00,153
moscow,10,Domodedovo,2026-06-09 10:00:00,144
moscow,10,Domodedovo,2026-06-09 11:00:00,143
moscow,10,Domodedovo,2026-06-09 12:00:00,143
moscow,10,Domodedovo,2026-06-09 13:00:00,135
moscow,10,Domodedovo,2026-06-09 14:00:00,129
moscow,10,Domodedovo,2026-06-09 15:00:00,134
moscow,10,Domodedovo,2026-06-09 16:00:00,132
moscow,10,Domodedovo,2026-06-09 17:00:00,135
moscow,11,Yasenevo,2026-04-10 18:00:00,28
moscow,11,Yasenevo,2026-04-10 19:00:00,27
moscow,11,Yasenevo,2026-04-10 20:00:00,24
moscow,11,Yasenevo,2026-04-10 21:00:00,21
moscow,11,Yasenevo,2026-04-10 22:00:00,23
moscow,11,Yasenevo,2026-04-10 23:00:00,20
moscow,11,Yasenevo,2026-04-11 00:00:00,15
moscow,11,Yasenevo,2026-04-11 01:00:00,14
moscow,11,Yasenevo,2026-04-11 02:00:00,12
moscow,11,Yasenevo,2026-04-11 03:00:00,16
moscow,11,Yasenevo,2026-04-11 04:00:00,15
moscow,11,Yasenevo,2026-04-11 05:00:00,16
moscow,11,Yasenevo,2026-04-11 06:00:00,19
moscow,11,Yasenevo,2026-04-11 07:00:00,20
moscow,11,Yasenevo,2026-04-11 08:00:00,25
moscow,11,Yasenevo,2026-04-11 09:00:00,23
moscow,11,Yasenevo,2026-04-11 10:00:00,20
moscow,11,Yasenevo,2026-04-11 11:00:00,17
moscow,11,Yasenevo,2026-04-11 12:00:00,14
moscow,11,Yasenevo,2026-04-11 13:00:00,11
moscow,11,Yasenevo,2026-04-11 14:00:00,13
moscow,11,Yasenevo,2026-04-11 15:00:00,16
moscow,11,Yasenevo,2026-04-11 16:00:00,18
moscow,11,Yasenevo,2026-04-11 17:00:00,22
moscow,11,Yasenevo,2026-04-11 18:00:00,24
moscow,11,Yasenevo,2026-04-11 19:00:00,21
moscow,11,Yasenevo,2026-04-11 20:00:00,29
moscow,11,Yasenevo,2026-04-11 21:00:00,21
moscow,11,Yasenevo,2026-04-11 22:00:00,20
moscow,11,Yasenevo,2026-04-11 23:00:00,19
moscow,11,Yasenevo,2026-04-12 00:00:00,17
moscow,11,Yasenevo,2026-04-12 01:00:00,15
moscow,11,Yasenevo,2026-04-12 02:00:00,15
moscow,11,Yasenevo,2026-04-12 03:00:00,11
moscow,11,Yasenevo,2026-04-12 04:00:00,14
moscow,11,Yasenevo,2026-04-12 05:00:00,19
moscow,11,Yasenevo,2026-04-12 06:00:00,16
moscow,11,Yasenevo,2026-04-12 07:00:00,25
moscow,11,Yasenevo,2026-04-12 08:00:00,24
moscow,11,Yasenevo,2026-04-12 09:00:00,21
moscow,11,Yasenevo,2026-04-12 10:00:00,18
moscow,11,Yasenevo,2026-04-12 11:00:00,21
moscow,11,Yasenevo,2026-04-12 12:00:00,19
moscow,11,Yasenevo,2026-04-12 13:00:00,15
moscow,11,Yasenevo,2026-04-12 14:00:00,16
moscow,11,Yasenevo,2026-04-12 15:00:00,16
moscow,11,Yasenevo,2026-04-12 16:00:00,20
moscow,11,Yasenevo,2026-04-12 17:00:00,20
moscow,11,Yasenevo,2026-04-12 18:00:00,22
moscow,11,Yasenevo,2026-04-12 19:00:00,25
moscow,11,Yasenevo,2026-04-12 20:00:00,26
moscow,11,Yasenevo,2026-04-12 21:00:00,21
moscow,11,Yasenevo,2026-04-12 22:00:00,18
moscow,11,Yasenevo,2026-04-12 23:00:00,20
moscow,11,Yasenevo,2026-04-13 00:00:00,17
moscow,11,Yasenevo,2026-04-13 01:00:00,19
moscow,11,Yasenevo,2026-04-13 02:00:00,15
moscow,11,Yasenevo,2026-04-13 03:00:00,20
moscow,11,Yasenevo,2026-04-13 04:00:00,18
moscow,11,Yasenevo,2026-04-13 05:00:00,22
moscow,11,Yasenevo,2026-04-13 06:00:00,24
moscow,11,Yasenevo,2026-04-13 07:00:00,32
moscow,11,Yasenevo,2026-04-13 08:00:00,30
moscow,11,Yasenevo,2026-04-13 09:00:00,32
moscow,11,Yasenevo,2026-04-13 10:00:00,26
moscow,11,Yasenevo,2026-04-13 11:00:00,25
moscow,11,Yasenevo,2026-04-13 12:00:00,20
moscow,11,Yasenevo,2026-04-13 13:00:00,20
moscow,11,Yasenevo,2026-04-13 14:00:00,23
moscow,11,Yasenevo,2026-04-13 15:00:00,24
moscow,11,Yasenevo,2026-04-13 16:00:00,26
moscow,11,Yasenevo,2026-04-13 17:00:00,27
moscow,11,Yasenevo,2026-04-13 18:00:00,28
moscow,11,Yasenevo,2026-04-13 19:00:00,30
moscow,11,Yasenevo,2026-04-13 20:00:00,28
moscow,11,Yasenevo,2026-04-13 21:00:00,21
moscow,11,Yasenevo,2026-04-13 22:00:00,19
moscow,11,Yasenevo,2026-04-13 23:00:00,17
moscow,11,Yasenevo,2026-04-14 00:00:00,20
moscow,11,Yasenevo,2026-04-14 01:00:00,17
moscow,11,Yasenevo,2026-04-14 02:00:00,20
moscow,11,Yasenevo,2026-04-14 03:00:00,20
moscow,11,Yasenevo,2026-04-14 04:00:00,19
moscow,11,Yasenevo,2026-04-14 05:00:00,26
moscow,11,Yasenevo,2026-04-14 06:00:00,23
moscow,11,Yasenevo,2026-04-14 07:00:00,32
moscow,11,Yasenevo,2026-04-14 08:00:00,31
moscow,11,Yasenevo,2026-04-14 09:00:00,25
moscow,11,Yasenevo,2026-04-14 10:00:00,29
moscow,11,Yasenevo,2026-04-14 11:00:00,24
moscow,11,Yasenevo,2026-04-14 12:00:00,20
moscow,11,Yasenevo,2026-04-14 13:00:00,18
moscow,11,Yasenevo,2026-04-14 14:00:00,18
moscow,11,Yasenevo,2026-04-14 15:00:00,28
moscow,11,Yasenevo,2026-04-14 16:00:00,24
moscow,11,Yasenevo,2026-04-14 17:00:00,26
moscow,11,Yasenevo,2026-04-14 18:00:00,30
moscow,11,Yasenevo,2026-04-14 19:00:00,25
moscow,11,Yasenevo,2026-04-14 20:00:00,24
moscow,11,Yasenevo,2026-04-14 21:00:00,25
moscow,11,Yasenevo,2026-04-14 22:00:00,22
moscow,11,Yasenevo,2026-04-14 23:00:00,19
moscow,11,Yasenevo,2026-04-15 00:00:00,19
moscow,11,Yasenevo,2026-04-15 01:00:00,18
moscow,11,Yasenevo,2026-04-15 02:00:00,19
moscow,11,Yasenevo,2026-04-15 03:00:00,18
moscow,11,Yasenevo,2026-04-15 04:00:00,20
moscow,11,Yasenevo,2026-04-15 05:00:00,22
moscow,11,Yasenevo,2026-04-15 06:00:00,25
moscow,11,Yasenevo,2026-04-15 07:00:00,31
moscow,11,Yasenevo,2026-04-15 08:00:00,32
moscow,11,Yasenevo,2026-04-15 09:00:00,27
moscow,11,Yasenevo,2026-04-15 10:00:00,24
moscow,11,Yasenevo,2026-04-15 11:00:00,23
moscow,11,Yasenevo,2026-04-15 12:00:00,25
moscow,11,Yasenevo,2026-04-15 13:00:00,19
moscow,11,Yasenevo,2026-04-15 14:00:00,21
moscow,11,Yasenevo,2026-04-15 15:00:00,24
moscow,11,Yasenevo,2026-04-15 16:00:00,26
moscow,11,Yasenevo,2026-04-15 17:00:00,28
moscow,11,Yasenevo,2026-04-15 18:00:00,32
moscow,11,Yasenevo,2026-04-15 19:00:00,30
moscow,11,Yasenevo,2026-04-15 20:00:00,28
moscow,11,Yasenevo,2026-04-15 21:00:00,25
moscow,11,Yasenevo,2026-04-15 22:00:00,23
moscow,11,Yasenevo,2026-04-15 23:00:00,23
moscow,11,Yasenevo,2026-04-16 00:00:00,22
moscow,11,Yasenevo,2026-04-16 01:00:00,24
moscow,11,Yasenevo,2026-04-16 02:00:00,22
moscow,11,Yasenevo,2026-04-16 03:00:00,19
moscow,11,Yasenevo,2026-04-16 04:00:00,23
moscow,11,Yasenevo,2026-04-16 05:00:00,25
moscow,11,Yasenevo,2026-04-16 06:00:00,31
moscow,11,Yasenevo,2026-04-16 07:00:00,28
moscow,11,Yasenevo,2026-04-16 08:00:00,32
moscow,11,Yasenevo,2026-04-16 09:00:00,28
moscow,11,Yasenevo,2026-04-16 10:00:00,28
moscow,11,Yasenevo,2026-04-16 11:00:00,23
moscow,11,Yasenevo,2026-04-16 12:00:00,23
moscow,11,Yasenevo,2026-04-16 13:00:00,18
moscow,11,Yasenevo,2026-04-16 14:00:00,24
moscow,11,Yasenevo,2026-04-16 15:00:00,24
moscow,11,Yasenevo,2026-04-16 16:00:00,27
moscow,11,Yasenevo,2026-04-16 17:00:00,33
moscow,11,Yasenevo,2026-04-16 18:00:00,29
moscow,11,Yasenevo,2026-04-16 19:00:00,30
moscow,11,Yasenevo,2026-04-16 20:00:00,27
moscow,11,Yasenevo,2026-04-16 21:00:00,24
moscow,11,Yasenevo,2026-04-16 22:00:00,26
moscow,11,Yasenevo,2026-04-16 23:00:00,21
moscow,11,Yasenevo,2026-04-17 00:00:00,19
moscow,11,Yasenevo,2026-04-17 01:00:00,24
moscow,11,Yasenevo,2026-04-17 02:00:00,20
moscow,11,Yasenevo,2026-04-17 03:00:00,18
moscow,11,Yasenevo,2026-04-17 04:00:00,20
moscow,11,Yasenevo,2026-04-17 05:00:00,22
moscow,11,Yasenevo,2026-04-17 06:00:00,24
moscow,11,Yasenevo,2026-04-17 07:00:00,30
moscow,11,Yasenevo,2026-04-17 08:00:00,32
moscow,11,Yasenevo,2026-04-17 09:00:00,33
moscow,11,Yasenevo,2026-04-17 10:00:00,29
moscow,11,Yasenevo,2026-04-17 11:00:00,25
moscow,11,Yasenevo,2026-04-17 12:00:00,20
moscow,11,Yasenevo,2026-04-17 13:00:00,23
moscow,11,Yasenevo,2026-04-17 14:00:00,25
moscow,11,Yasenevo,2026-04-17 15:00:00,25
moscow,11,Yasenevo,2026-04-17 16:00:00,28
moscow,11,Yasenevo,2026-04-17 17:00:00,27
moscow,11,Yasenevo,2026-04-17 18:00:00,33
moscow,11,Yasenevo,2026-04-17 19:00:00,33
moscow,11,Yasenevo,2026-04-17 20:00:00,28
moscow,11,Yasenevo,2026-04-17 21:00:00,23
moscow,11,Yasenevo,2026-04-17 22:00:00,22
moscow,11,Yasenevo,2026-04-17 23:00:00,20
moscow,11,Yasenevo,2026-04-18 00:00:00,17
moscow,11,Yasenevo,2026-04-18 01:00:00,19
moscow,11,Yasenevo,2026-04-18 02:00:00,18
moscow,11,Yasenevo,2026-04-18 03:00:00,20
moscow,11,Yasenevo,2026-04-18 04:00:00,20
moscow,11,Yasenevo,2026-04-18 05:00:00,19
moscow,11,Yasenevo,2026-04-18 06:00:00,22
moscow,11,Yasenevo,2026-04-18 07:00:00,24
moscow,11,Yasenevo,2026-04-18 08:00:00,26
moscow,11,Yasenevo,2026-04-18 09:00:00,29
moscow,11,Yasenevo,2026-04-18 10:00:00,27
moscow,11,Yasenevo,2026-04-18 11:00:00,22
moscow,11,Yasenevo,2026-04-18 12:00:00,19
moscow,11,Yasenevo,2026-04-18 13:00:00,16
moscow,11,Yasenevo,2026-04-18 14:00:00,20
moscow,11,Yasenevo,2026-04-18 15:00:00,19
moscow,11,Yasenevo,2026-04-18 16:00:00,26
moscow,11,Yasenevo,2026-04-18 17:00:00,22
moscow,11,Yasenevo,2026-04-18 18:00:00,27
moscow,11,Yasenevo,2026-04-18 19:00:00,23
moscow,11,Yasenevo,2026-04-18 20:00:00,30
moscow,11,Yasenevo,2026-04-18 21:00:00,28
moscow,11,Yasenevo,2026-04-18 22:00:00,27
moscow,11,Yasenevo,2026-04-18 23:00:00,23
moscow,11,Yasenevo,2026-04-19 00:00:00,20
moscow,11,Yasenevo,2026-04-19 01:00:00,17
moscow,11,Yasenevo,2026-04-19 02:00:00,19
moscow,11,Yasenevo,2026-04-19 03:00:00,21
moscow,11,Yasenevo,2026-04-19 04:00:00,20
moscow,11,Yasenevo,2026-04-19 05:00:00,20
moscow,11,Yasenevo,2026-04-19 06:00:00,23
moscow,11,Yasenevo,2026-04-19 07:00:00,28
moscow,11,Yasenevo,2026-04-19 08:00:00,25
moscow,11,Yasenevo,2026-04-19 09:00:00,24
moscow,11,Yasenevo,2026-04-19 10:00:00,25
moscow,11,Yasenevo,2026-04-19 11:00:00,20
moscow,11,Yasenevo,2026-04-19 12:00:00,17
moscow,11,Yasenevo,2026-04-19 13:00:00,22
moscow,11,Yasenevo,2026-04-19 14:00:00,18
moscow,11,Yasenevo,2026-04-19 15:00:00,21
moscow,11,Yasenevo,2026-04-19 16:00:00,22
moscow,11,Yasenevo,2026-04-19 17:00:00,25
moscow,11,Yasenevo,2026-04-19 18:00:00,25
moscow,11,Yasenevo,2026-04-19 19:00:00,27
moscow,11,Yasenevo,2026-04-19 20:00:00,30
moscow,11,Yasenevo,2026-04-19 21:00:00,29
moscow,11,Yasenevo,2026-04-19 22:00:00,24
moscow,11,Yasenevo,2026-04-19 23:00:00,28
moscow,11,Yasenevo,2026-04-20 00:00:00,18
moscow,11,Yasenevo,2026-04-20 01:00:00,19
moscow,11,Yasenevo,2026-04-20 02:00:00,26
moscow,11,Yasenevo,2026-04-20 03:00:00,23
moscow,11,Yasenevo,2026-04-20 04:00:00,24
moscow,11,Yasenevo,2026-04-20 05:00:00,27
moscow,11,Yasenevo,2026-04-20 06:00:00,30
moscow,11,Yasenevo,2026-04-20 07:00:00,33
moscow,11,Yasenevo,2026-04-20 08:00:00,31
moscow,11,Yasenevo,2026-04-20 09:00:00,34
moscow,11,Yasenevo,2026-04-20 10:00:00,30
moscow,11,Yasenevo,2026-04-20 11:00:00,29
moscow,11,Yasenevo,2026-04-20 12:00:00,27
moscow,11,Yasenevo,2026-04-20 13:00:00,24
moscow,11,Yasenevo,2026-04-20 14:00:00,22
moscow,11,Yasenevo,2026-04-20 15:00:00,30
moscow,11,Yasenevo,2026-04-20 16:00:00,27
moscow,11,Yasenevo,2026-04-20 17:00:00,32
moscow,11,Yasenevo,2026-04-20 18:00:00,32
moscow,11,Yasenevo,2026-04-20 19:00:00,30
moscow,11,Yasenevo,2026-04-20 20:00:00,30
moscow,11,Yasenevo,2026-04-20 21:00:00,27
moscow,11,Yasenevo,2026-04-20 22:00:00,25
moscow,11,Yasenevo,2026-04-20 23:00:00,21
moscow,11,Yasenevo,2026-04-21 00:00:00,22
moscow,11,Yasenevo,2026-04-21 01:00:00,21
moscow,11,Yasenevo,2026-04-21 02:00:00,22
moscow,11,Yasenevo,2026-04-21 03:00:00,23
moscow,11,Yasenevo,2026-04-21 04:00:00,28
moscow,11,Yasenevo,2026-04-21 05:00:00,26
moscow,11,Yasenevo,2026-04-21 06:00:00,25
moscow,11,Yasenevo,2026-04-21 07:00:00,35
moscow,11,Yasenevo,2026-04-21 08:00:00,35
moscow,11,Yasenevo,2026-04-21 09:00:00,32
moscow,11,Yasenevo,2026-04-21 10:00:00,29
moscow,11,Yasenevo,2026-04-21 11:00:00,24
moscow,11,Yasenevo,2026-04-21 12:00:00,28
moscow,11,Yasenevo,2026-04-21 13:00:00,24
moscow,11,Yasenevo,2026-04-21 14:00:00,21
moscow,11,Yasenevo,2026-04-21 15:00:00,27
moscow,11,Yasenevo,2026-04-21 16:00:00,32
moscow,11,Yasenevo,2026-04-21 17:00:00,32
moscow,11,Yasenevo,2026-04-21 18:00:00,31
moscow,11,Yasenevo,2026-04-21 19:00:00,30
moscow,11,Yasenevo,2026-04-21 20:00:00,28
moscow,11,Yasenevo,2026-04-21 21:00:00,30
moscow,11,Yasenevo,2026-04-21 22:00:00,24
moscow,11,Yasenevo,2026-04-21 23:00:00,20
moscow,11,Yasenevo,2026-04-22 00:00:00,24
moscow,11,Yasenevo,2026-04-22 01:00:00,23
moscow,11,Yasenevo,2026-04-22 02:00:00,22
moscow,11,Yasenevo,2026-04-22 03:00:00,21
moscow,11,Yasenevo,2026-04-22 04:00:00,22
moscow,11,Yasenevo,2026-04-22 05:00:00,29
moscow,11,Yasenevo,2026-04-22 06:00:00,30
moscow,11,Yasenevo,2026-04-22 07:00:00,34
moscow,11,Yasenevo,2026-04-22 08:00:00,35
moscow,11,Yasenevo,2026-04-22 09:00:00,34
moscow,11,Yasenevo,2026-04-22 10:00:00,29
moscow,11,Yasenevo,2026-04-22 11:00:00,26
moscow,11,Yasenevo,2026-04-22 12:00:00,27
moscow,11,Yasenevo,2026-04-22 13:00:00,27
moscow,11,Yasenevo,2026-04-22 14:00:00,23
moscow,11,Yasenevo,2026-04-22 15:00:00,27
moscow,11,Yasenevo,2026-04-22 16:00:00,32
moscow,11,Yasenevo,2026-04-22 17:00:00,36
moscow,11,Yasenevo,2026-04-22 18:00:00,37
moscow,11,Yasenevo,2026-04-22 19:00:00,31
moscow,11,Yasenevo,2026-04-22 20:00:00,33
moscow,11,Yasenevo,2026-04-22 21:00:00,27
moscow,11,Yasenevo,2026-04-22 22:00:00,27
moscow,11,Yasenevo,2026-04-22 23:00:00,25
moscow,11,Yasenevo,2026-04-23 00:00:00,21
moscow,11,Yasenevo,2026-04-23 01:00:00,25
moscow,11,Yasenevo,2026-04-23 02:00:00,26
moscow,11,Yasenevo,2026-04-23 03:00:00,24
moscow,11,Yasenevo,2026-04-23 04:00:00,25
moscow,11,Yasenevo,2026-04-23 05:00:00,24
moscow,11,Yasenevo,2026-04-23 06:00:00,32
moscow,11,Yasenevo,2026-04-23 07:00:00,34
moscow,11,Yasenevo,2026-04-23 08:00:00,33
moscow,11,Yasenevo,2026-04-23 09:00:00,33
moscow,11,Yasenevo,2026-04-23 10:00:00,31
moscow,11,Yasenevo,2026-04-23 11:00:00,26
moscow,11,Yasenevo,2026-04-23 12:00:00,25
moscow,11,Yasenevo,2026-04-23 13:00:00,21
moscow,11,Yasenevo,2026-04-23 14:00:00,28
moscow,11,Yasenevo,2026-04-23 15:00:00,28
moscow,11,Yasenevo,2026-04-23 16:00:00,28
moscow,11,Yasenevo,2026-04-23 17:00:00,28
moscow,11,Yasenevo,2026-04-23 18:00:00,36
moscow,11,Yasenevo,2026-04-23 19:00:00,34
moscow,11,Yasenevo,2026-04-23 20:00:00,31
moscow,11,Yasenevo,2026-04-23 21:00:00,30
moscow,11,Yasenevo,2026-04-23 22:00:00,27
moscow,11,Yasenevo,2026-04-23 23:00:00,25
moscow,11,Yasenevo,2026-04-24 00:00:00,24
moscow,11,Yasenevo,2026-04-24 01:00:00,23
moscow,11,Yasenevo,2026-04-24 02:00:00,25
moscow,11,Yasenevo,2026-04-24 03:00:00,27
moscow,11,Yasenevo,2026-04-24 04:00:00,25
moscow,11,Yasenevo,2026-04-24 05:00:00,31
moscow,11,Yasenevo,2026-04-24 06:00:00,32
moscow,11,Yasenevo,2026-04-24 07:00:00,35
moscow,11,Yasenevo,2026-04-24 08:00:00,40
moscow,11,Yasenevo,2026-04-24 09:00:00,37
moscow,11,Yasenevo,2026-04-24 10:00:00,34
moscow,11,Yasenevo,2026-04-24 11:00:00,26
moscow,11,Yasenevo,2026-04-24 12:00:00,30
moscow,11,Yasenevo,2026-04-24 13:00:00,25
moscow,11,Yasenevo,2026-04-24 14:00:00,26
moscow,11,Yasenevo,2026-04-24 15:00:00,24
moscow,11,Yasenevo,2026-04-24 16:00:00,32
moscow,11,Yasenevo,2026-04-24 17:00:00,31
moscow,11,Yasenevo,2026-04-24 18:00:00,35
moscow,11,Yasenevo,2026-04-24 19:00:00,31
moscow,11,Yasenevo,2026-04-24 20:00:00,35
moscow,11,Yasenevo,2026-04-24 21:00:00,29
moscow,11,Yasenevo,2026-04-24 22:00:00,31
moscow,11,Yasenevo,2026-04-24 23:00:00,23
moscow,11,Yasenevo,2026-04-25 00:00:00,24
moscow,11,Yasenevo,2026-04-25 01:00:00,18
moscow,11,Yasenevo,2026-04-25 02:00:00,22
moscow,11,Yasenevo,2026-04-25 03:00:00,20
moscow,11,Yasenevo,2026-04-25 04:00:00,22
moscow,11,Yasenevo,2026-04-25 05:00:00,23
moscow,11,Yasenevo,2026-04-25 06:00:00,25
moscow,11,Yasenevo,2026-04-25 07:00:00,27
moscow,11,Yasenevo,2026-04-25 08:00:00,30
moscow,11,Yasenevo,2026-04-25 09:00:00,30
moscow,11,Yasenevo,2026-04-25 10:00:00,29
moscow,11,Yasenevo,2026-04-25 11:00:00,25
moscow,11,Yasenevo,2026-04-25 12:00:00,25
moscow,11,Yasenevo,2026-04-25 13:00:00,19
moscow,11,Yasenevo,2026-04-25 14:00:00,22
moscow,11,Yasenevo,2026-04-25 15:00:00,26
moscow,11,Yasenevo,2026-04-25 16:00:00,28
moscow,11,Yasenevo,2026-04-25 17:00:00,27
moscow,11,Yasenevo,2026-04-25 18:00:00,31
moscow,11,Yasenevo,2026-04-25 19:00:00,28
moscow,11,Yasenevo,2026-04-25 20:00:00,32
moscow,11,Yasenevo,2026-04-25 21:00:00,32
moscow,11,Yasenevo,2026-04-25 22:00:00,28
moscow,11,Yasenevo,2026-04-25 23:00:00,26
moscow,11,Yasenevo,2026-04-26 00:00:00,21
moscow,11,Yasenevo,2026-04-26 01:00:00,20
moscow,11,Yasenevo,2026-04-26 02:00:00,21
moscow,11,Yasenevo,2026-04-26 03:00:00,24
moscow,11,Yasenevo,2026-04-26 04:00:00,24
moscow,11,Yasenevo,2026-04-26 05:00:00,27
moscow,11,Yasenevo,2026-04-26 06:00:00,28
moscow,11,Yasenevo,2026-04-26 07:00:00,29
moscow,11,Yasenevo,2026-04-26 08:00:00,28
moscow,11,Yasenevo,2026-04-26 09:00:00,28
moscow,11,Yasenevo,2026-04-26 10:00:00,26
moscow,11,Yasenevo,2026-04-26 11:00:00,23
moscow,11,Yasenevo,2026-04-26 12:00:00,25
moscow,11,Yasenevo,2026-04-26 13:00:00,25
moscow,11,Yasenevo,2026-04-26 14:00:00,28
moscow,11,Yasenevo,2026-04-26 15:00:00,24
moscow,11,Yasenevo,2026-04-26 16:00:00,31
moscow,11,Yasenevo,2026-04-26 17:00:00,33
moscow,11,Yasenevo,2026-04-26 18:00:00,30
moscow,11,Yasenevo,2026-04-26 19:00:00,30
moscow,11,Yasenevo,2026-04-26 20:00:00,36
moscow,11,Yasenevo,2026-04-26 21:00:00,31
moscow,11,Yasenevo,2026-04-26 22:00:00,29
moscow,11,Yasenevo,2026-04-26 23:00:00,26
moscow,11,Yasenevo,2026-04-27 00:00:00,21
moscow,11,Yasenevo,2026-04-27 01:00:00,26
moscow,11,Yasenevo,2026-04-27 02:00:00,24
moscow,11,Yasenevo,2026-04-27 03:00:00,24
moscow,11,Yasenevo,2026-04-27 04:00:00,28
moscow,11,Yasenevo,2026-04-27 05:00:00,27
moscow,11,Yasenevo,2026-04-27 06:00:00,34
moscow,11,Yasenevo,2026-04-27 07:00:00,37
moscow,11,Yasenevo,2026-04-27 08:00:00,36
moscow,11,Yasenevo,2026-04-27 09:00:00,36
moscow,11,Yasenevo,2026-04-27 10:00:00,30
moscow,11,Yasenevo,2026-04-27 11:00:00,31
moscow,11,Yasenevo,2026-04-27 12:00:00,28
moscow,11,Yasenevo,2026-04-27 13:00:00,28
moscow,11,Yasenevo,2026-04-27 14:00:00,29
moscow,11,Yasenevo,2026-04-27 15:00:00,29
moscow,11,Yasenevo,2026-04-27 16:00:00,30
moscow,11,Yasenevo,2026-04-27 17:00:00,37
moscow,11,Yasenevo,2026-04-27 18:00:00,37
moscow,11,Yasenevo,2026-04-27 19:00:00,34
moscow,11,Yasenevo,2026-04-27 20:00:00,33
moscow,11,Yasenevo,2026-04-27 21:00:00,32
moscow,11,Yasenevo,2026-04-27 22:00:00,30
moscow,11,Yasenevo,2026-04-27 23:00:00,25
moscow,11,Yasenevo,2026-04-28 00:00:00,23
moscow,11,Yasenevo,2026-04-28 01:00:00,24
moscow,11,Yasenevo,2026-04-28 02:00:00,26
moscow,11,Yasenevo,2026-04-28 03:00:00,30
moscow,11,Yasenevo,2026-04-28 04:00:00,26
moscow,11,Yasenevo,2026-04-28 05:00:00,29
moscow,11,Yasenevo,2026-04-28 06:00:00,32
moscow,11,Yasenevo,2026-04-28 07:00:00,35
moscow,11,Yasenevo,2026-04-28 08:00:00,38
moscow,11,Yasenevo,2026-04-28 09:00:00,34
moscow,11,Yasenevo,2026-04-28 10:00:00,35
moscow,11,Yasenevo,2026-04-28 11:00:00,30
moscow,11,Yasenevo,2026-04-28 12:00:00,33
moscow,11,Yasenevo,2026-04-28 13:00:00,25
moscow,11,Yasenevo,2026-04-28 14:00:00,32
moscow,11,Yasenevo,2026-04-28 15:00:00,33
moscow,11,Yasenevo,2026-04-28 16:00:00,32
moscow,11,Yasenevo,2026-04-28 17:00:00,35
moscow,11,Yasenevo,2026-04-28 18:00:00,35
moscow,11,Yasenevo,2026-04-28 19:00:00,34
moscow,11,Yasenevo,2026-04-28 20:00:00,33
moscow,11,Yasenevo,2026-04-28 21:00:00,31
moscow,11,Yasenevo,2026-04-28 22:00:00,25
moscow,11,Yasenevo,2026-04-28 23:00:00,32
moscow,11,Yasenevo,2026-04-29 00:00:00,26
moscow,11,Yasenevo,2026-04-29 01:00:00,27
moscow,11,Yasenevo,2026-04-29 02:00:00,26
moscow,11,Yasenevo,2026-04-29 03:00:00,27
moscow,11,Yasenevo,2026-04-29 04:00:00,28
moscow,11,Yasenevo,2026-04-29 05:00:00,31
moscow,11,Yasenevo,2026-04-29 06:00:00,34
moscow,11,Yasenevo,2026-04-29 07:00:00,38
moscow,11,Yasenevo,2026-04-29 08:00:00,39
moscow,11,Yasenevo,2026-04-29 09:00:00,38
moscow,11,Yasenevo,2026-04-29 10:00:00,34
moscow,11,Yasenevo,2026-04-29 11:00:00,31
moscow,11,Yasenevo,2026-04-29 12:00:00,28
moscow,11,Yasenevo,2026-04-29 13:00:00,30
moscow,11,Yasenevo,2026-04-29 14:00:00,30
moscow,11,Yasenevo,2026-04-29 15:00:00,31
moscow,11,Yasenevo,2026-04-29 16:00:00,33
moscow,11,Yasenevo,2026-04-29 17:00:00,36
moscow,11,Yasenevo,2026-04-29 18:00:00,37
moscow,11,Yasenevo,2026-04-29 19:00:00,36
moscow,11,Yasenevo,2026-04-29 20:00:00,33
moscow,11,Yasenevo,2026-04-29 21:00:00,33
moscow,11,Yasenevo,2026-04-29 22:00:00,31
moscow,11,Yasenevo,2026-04-29 23:00:00,31
moscow,11,Yasenevo,2026-04-30 00:00:00,26
moscow,11,Yasenevo,2026-04-30 01:00:00,29
moscow,11,Yasenevo,2026-04-30 02:00:00,24
moscow,11,Yasenevo,2026-04-30 03:00:00,30
moscow,11,Yasenevo,2026-04-30 04:00:00,26
moscow,11,Yasenevo,2026-04-30 05:00:00,29
moscow,11,Yasenevo,2026-04-30 06:00:00,35
moscow,11,Yasenevo,2026-04-30 07:00:00,36
moscow,11,Yasenevo,2026-04-30 08:00:00,37
moscow,11,Yasenevo,2026-04-30 09:00:00,36
moscow,11,Yasenevo,2026-04-30 10:00:00,36
moscow,11,Yasenevo,2026-04-30 11:00:00,29
moscow,11,Yasenevo,2026-04-30 12:00:00,29
moscow,11,Yasenevo,2026-04-30 13:00:00,28
moscow,11,Yasenevo,2026-04-30 14:00:00,31
moscow,11,Yasenevo,2026-04-30 15:00:00,33
moscow,11,Yasenevo,2026-04-30 16:00:00,31
moscow,11,Yasenevo,2026-04-30 17:00:00,39
moscow,11,Yasenevo,2026-04-30 18:00:00,36
moscow,11,Yasenevo,2026-04-30 19:00:00,37
moscow,11,Yasenevo,2026-04-30 20:00:00,32
moscow,11,Yasenevo,2026-04-30 21:00:00,32
moscow,11,Yasenevo,2026-04-30 22:00:00,35
moscow,11,Yasenevo,2026-04-30 23:00:00,28
moscow,11,Yasenevo,2026-05-01 00:00:00,27
moscow,11,Yasenevo,2026-05-01 01:00:00,27
moscow,11,Yasenevo,2026-05-01 02:00:00,25
moscow,11,Yasenevo,2026-05-01 03:00:00,31
moscow,11,Yasenevo,2026-05-01 04:00:00,30
moscow,11,Yasenevo,2026-05-01 05:00:00,29
moscow,11,Yasenevo,2026-05-01 06:00:00,33
moscow,11,Yasenevo,2026-05-01 07:00:00,38
moscow,11,Yasenevo,2026-05-01 08:00:00,41
moscow,11,Yasenevo,2026-05-01 09:00:00,36
moscow,11,Yasenevo,2026-05-01 10:00:00,37
moscow,11,Yasenevo,2026-05-01 11:00:00,31
moscow,11,Yasenevo,2026-05-01 12:00:00,28
moscow,11,Yasenevo,2026-05-01 13:00:00,28
moscow,11,Yasenevo,2026-05-01 14:00:00,34
moscow,11,Yasenevo,2026-05-01 15:00:00,29
moscow,11,Yasenevo,2026-05-01 16:00:00,33
moscow,11,Yasenevo,2026-05-01 17:00:00,39
moscow,11,Yasenevo,2026-05-01 18:00:00,39
moscow,11,Yasenevo,2026-05-01 19:00:00,36
moscow,11,Yasenevo,2026-05-01 20:00:00,37
moscow,11,Yasenevo,2026-05-01 21:00:00,34
moscow,11,Yasenevo,2026-05-01 22:00:00,31
moscow,11,Yasenevo,2026-05-01 23:00:00,28
moscow,11,Yasenevo,2026-05-02 00:00:00,24
moscow,11,Yasenevo,2026-05-02 01:00:00,26
moscow,11,Yasenevo,2026-05-02 02:00:00,23
moscow,11,Yasenevo,2026-05-02 03:00:00,28
moscow,11,Yasenevo,2026-05-02 04:00:00,30
moscow,11,Yasenevo,2026-05-02 05:00:00,28
moscow,11,Yasenevo,2026-05-02 06:00:00,31
moscow,11,Yasenevo,2026-05-02 07:00:00,36
moscow,11,Yasenevo,2026-05-02 08:00:00,38
moscow,11,Yasenevo,2026-05-02 09:00:00,36
moscow,11,Yasenevo,2026-05-02 10:00:00,27
moscow,11,Yasenevo,2026-05-02 11:00:00,28
moscow,11,Yasenevo,2026-05-02 12:00:00,28
moscow,11,Yasenevo,2026-05-02 13:00:00,25
moscow,11,Yasenevo,2026-05-02 14:00:00,30
moscow,11,Yasenevo,2026-05-02 15:00:00,32
moscow,11,Yasenevo,2026-05-02 16:00:00,29
moscow,11,Yasenevo,2026-05-02 17:00:00,32
moscow,11,Yasenevo,2026-05-02 18:00:00,32
moscow,11,Yasenevo,2026-05-02 19:00:00,32
moscow,11,Yasenevo,2026-05-02 20:00:00,37
moscow,11,Yasenevo,2026-05-02 21:00:00,36
moscow,11,Yasenevo,2026-05-02 22:00:00,30
moscow,11,Yasenevo,2026-05-02 23:00:00,25
moscow,11,Yasenevo,2026-05-03 00:00:00,22
moscow,11,Yasenevo,2026-05-03 01:00:00,24
moscow,11,Yasenevo,2026-05-03 02:00:00,24
moscow,11,Yasenevo,2026-05-03 03:00:00,26
moscow,11,Yasenevo,2026-05-03 04:00:00,25
moscow,11,Yasenevo,2026-05-03 05:00:00,26
moscow,11,Yasenevo,2026-05-03 06:00:00,29
moscow,11,Yasenevo,2026-05-03 07:00:00,31
moscow,11,Yasenevo,2026-05-03 08:00:00,34
moscow,11,Yasenevo,2026-05-03 09:00:00,33
moscow,11,Yasenevo,2026-05-03 10:00:00,33
moscow,11,Yasenevo,2026-05-03 11:00:00,27
moscow,11,Yasenevo,2026-05-03 12:00:00,26
moscow,11,Yasenevo,2026-05-03 13:00:00,26
moscow,11,Yasenevo,2026-05-03 14:00:00,29
moscow,11,Yasenevo,2026-05-03 15:00:00,29
moscow,11,Yasenevo,2026-05-03 16:00:00,33
moscow,11,Yasenevo,2026-05-03 17:00:00,31
moscow,11,Yasenevo,2026-05-03 18:00:00,34
moscow,11,Yasenevo,2026-05-03 19:00:00,32
moscow,11,Yasenevo,2026-05-03 20:00:00,35
moscow,11,Yasenevo,2026-05-03 21:00:00,35
moscow,11,Yasenevo,2026-05-03 22:00:00,36
moscow,11,Yasenevo,2026-05-03 23:00:00,30
moscow,11,Yasenevo,2026-05-04 00:00:00,29
moscow,11,Yasenevo,2026-05-04 01:00:00,27
moscow,11,Yasenevo,2026-05-04 02:00:00,27
moscow,11,Yasenevo,2026-05-04 03:00:00,28
moscow,11,Yasenevo,2026-05-04 04:00:00,30
moscow,11,Yasenevo,2026-05-04 05:00:00,32
moscow,11,Yasenevo,2026-05-04 06:00:00,36
moscow,11,Yasenevo,2026-05-04 07:00:00,36
moscow,11,Yasenevo,2026-05-04 08:00:00,40
moscow,11,Yasenevo,2026-05-04 09:00:00,41
moscow,11,Yasenevo,2026-05-04 10:00:00,34
moscow,11,Yasenevo,2026-05-04 11:00:00,33
moscow,11,Yasenevo,2026-05-04 12:00:00,32
moscow,11,Yasenevo,2026-05-04 13:00:00,29
moscow,11,Yasenevo,2026-05-04 14:00:00,32
moscow,11,Yasenevo,2026-05-04 15:00:00,31
moscow,11,Yasenevo,2026-05-04 16:00:00,38
moscow,11,Yasenevo,2026-05-04 17:00:00,40
moscow,11,Yasenevo,2026-05-04 18:00:00,40
moscow,11,Yasenevo,2026-05-04 19:00:00,41
moscow,11,Yasenevo,2026-05-04 20:00:00,36
moscow,11,Yasenevo,2026-05-04 21:00:00,32
moscow,11,Yasenevo,2026-05-04 22:00:00,34
moscow,11,Yasenevo,2026-05-04 23:00:00,34
moscow,11,Yasenevo,2026-05-05 00:00:00,29
moscow,11,Yasenevo,2026-05-05 01:00:00,30
moscow,11,Yasenevo,2026-05-05 02:00:00,32
moscow,11,Yasenevo,2026-05-05 03:00:00,30
moscow,11,Yasenevo,2026-05-05 04:00:00,33
moscow,11,Yasenevo,2026-05-05 05:00:00,35
moscow,11,Yasenevo,2026-05-05 06:00:00,36
moscow,11,Yasenevo,2026-05-05 07:00:00,41
moscow,11,Yasenevo,2026-05-05 08:00:00,41
moscow,11,Yasenevo,2026-05-05 09:00:00,38
moscow,11,Yasenevo,2026-05-05 10:00:00,35
moscow,11,Yasenevo,2026-05-05 11:00:00,33
moscow,11,Yasenevo,2026-05-05 12:00:00,34
moscow,11,Yasenevo,2026-05-05 13:00:00,33
moscow,11,Yasenevo,2026-05-05 14:00:00,34
moscow,11,Yasenevo,2026-05-05 15:00:00,35
moscow,11,Yasenevo,2026-05-05 16:00:00,38
moscow,11,Yasenevo,2026-05-05 17:00:00,40
moscow,11,Yasenevo,2026-05-05 18:00:00,41
moscow,11,Yasenevo,2026-05-05 19:00:00,40
moscow,11,Yasenevo,2026-05-05 20:00:00,34
moscow,11,Yasenevo,2026-05-05 21:00:00,33
moscow,11,Yasenevo,2026-05-05 22:00:00,30
moscow,11,Yasenevo,2026-05-05 23:00:00,33
moscow,11,Yasenevo,2026-05-06 00:00:00,34
moscow,11,Yasenevo,2026-05-06 01:00:00,26
moscow,11,Yasenevo,2026-05-06 02:00:00,34
moscow,11,Yasenevo,2026-05-06 03:00:00,31
moscow,11,Yasenevo,2026-05-06 04:00:00,34
moscow,11,Yasenevo,2026-05-06 05:00:00,35
moscow,11,Yasenevo,2026-05-06 06:00:00,40
moscow,11,Yasenevo,2026-05-06 07:00:00,41
moscow,11,Yasenevo,2026-05-06 08:00:00,39
moscow,11,Yasenevo,2026-05-06 09:00:00,40
moscow,11,Yasenevo,2026-05-06 10:00:00,39
moscow,11,Yasenevo,2026-05-06 11:00:00,34
moscow,11,Yasenevo,2026-05-06 12:00:00,34
moscow,11,Yasenevo,2026-05-06 13:00:00,32
moscow,11,Yasenevo,2026-05-06 14:00:00,32
moscow,11,Yasenevo,2026-05-06 15:00:00,33
moscow,11,Yasenevo,2026-05-06 16:00:00,37
moscow,11,Yasenevo,2026-05-06 17:00:00,40
moscow,11,Yasenevo,2026-05-06 18:00:00,37
moscow,11,Yasenevo,2026-05-06 19:00:00,38
moscow,11,Yasenevo,2026-05-06 20:00:00,34
moscow,11,Yasenevo,2026-05-06 21:00:00,34
moscow,11,Yasenevo,2026-05-06 22:00:00,35
moscow,11,Yasenevo,2026-05-06 23:00:00,29
moscow,11,Yasenevo,2026-05-07 00:00:00,33
moscow,11,Yasenevo,2026-05-07 01:00:00,37
moscow,11,Yasenevo,2026-05-07 02:00:00,34
moscow,11,Yasenevo,2026-05-07 03:00:00,32
moscow,11,Yasenevo,2026-05-07 04:00:00,34
moscow,11,Yasenevo,2026-05-07 05:00:00,32
moscow,11,Yasenevo,2026-05-07 06:00:00,35
moscow,11,Yasenevo,2026-05-07 07:00:00,41
moscow,11,Yasenevo,2026-05-07 08:00:00,43
moscow,11,Yasenevo,2026-05-07 09:00:00,43
moscow,11,Yasenevo,2026-05-07 10:00:00,37
moscow,11,Yasenevo,2026-05-07 11:00:00,35
moscow,11,Yasenevo,2026-05-07 12:00:00,33
moscow,11,Yasenevo,2026-05-07 13:00:00,32
moscow,11,Yasenevo,2026-05-07 14:00:00,33
moscow,11,Yasenevo,2026-05-07 15:00:00,34
moscow,11,Yasenevo,2026-05-07 16:00:00,39
moscow,11,Yasenevo,2026-05-07 17:00:00,41
moscow,11,Yasenevo,2026-05-07 18:00:00,41
moscow,11,Yasenevo,2026-05-07 19:00:00,42
moscow,11,Yasenevo,2026-05-07 20:00:00,40
moscow,11,Yasenevo,2026-05-07 21:00:00,37
moscow,11,Yasenevo,2026-05-07 22:00:00,31
moscow,11,Yasenevo,2026-05-07 23:00:00,32
moscow,11,Yasenevo,2026-05-08 00:00:00,30
moscow,11,Yasenevo,2026-05-08 01:00:00,32
moscow,11,Yasenevo,2026-05-08 02:00:00,30
moscow,11,Yasenevo,2026-05-08 03:00:00,35
moscow,11,Yasenevo,2026-05-08 04:00:00,35
moscow,11,Yasenevo,2026-05-08 05:00:00,38
moscow,11,Yasenevo,2026-05-08 06:00:00,41
moscow,11,Yasenevo,2026-05-08 07:00:00,41
moscow,11,Yasenevo,2026-05-08 08:00:00,42
moscow,11,Yasenevo,2026-05-08 09:00:00,45
moscow,11,Yasenevo,2026-05-08 10:00:00,38
moscow,11,Yasenevo,2026-05-08 11:00:00,33
moscow,11,Yasenevo,2026-05-08 12:00:00,36
moscow,11,Yasenevo,2026-05-08 13:00:00,33
moscow,11,Yasenevo,2026-05-08 14:00:00,37
moscow,11,Yasenevo,2026-05-08 15:00:00,36
moscow,11,Yasenevo,2026-05-08 16:00:00,39
moscow,11,Yasenevo,2026-05-08 17:00:00,44
moscow,11,Yasenevo,2026-05-08 18:00:00,39
moscow,11,Yasenevo,2026-05-08 19:00:00,40
moscow,11,Yasenevo,2026-05-08 20:00:00,37
moscow,11,Yasenevo,2026-05-08 21:00:00,31
moscow,11,Yasenevo,2026-05-08 22:00:00,36
moscow,11,Yasenevo,2026-05-08 23:00:00,31
moscow,11,Yasenevo,2026-05-09 00:00:00,31
moscow,11,Yasenevo,2026-05-09 01:00:00,30
moscow,11,Yasenevo,2026-05-09 02:00:00,30
moscow,11,Yasenevo,2026-05-09 03:00:00,28
moscow,11,Yasenevo,2026-05-09 04:00:00,29
moscow,11,Yasenevo,2026-05-09 05:00:00,32
moscow,11,Yasenevo,2026-05-09 06:00:00,36
moscow,11,Yasenevo,2026-05-09 07:00:00,37
moscow,11,Yasenevo,2026-05-09 08:00:00,37
moscow,11,Yasenevo,2026-05-09 09:00:00,35
moscow,11,Yasenevo,2026-05-09 10:00:00,35
moscow,11,Yasenevo,2026-05-09 11:00:00,31
moscow,11,Yasenevo,2026-05-09 12:00:00,30
moscow,11,Yasenevo,2026-05-09 13:00:00,30
moscow,11,Yasenevo,2026-05-09 14:00:00,30
moscow,11,Yasenevo,2026-05-09 15:00:00,33
moscow,11,Yasenevo,2026-05-09 16:00:00,36
moscow,11,Yasenevo,2026-05-09 17:00:00,40
moscow,11,Yasenevo,2026-05-09 18:00:00,39
moscow,11,Yasenevo,2026-05-09 19:00:00,40
moscow,11,Yasenevo,2026-05-09 20:00:00,39
moscow,11,Yasenevo,2026-05-09 21:00:00,35
moscow,11,Yasenevo,2026-05-09 22:00:00,36
moscow,11,Yasenevo,2026-05-09 23:00:00,36
moscow,11,Yasenevo,2026-05-10 00:00:00,31
moscow,11,Yasenevo,2026-05-10 01:00:00,32
moscow,11,Yasenevo,2026-05-10 02:00:00,24
moscow,11,Yasenevo,2026-05-10 03:00:00,32
moscow,11,Yasenevo,2026-05-10 04:00:00,31
moscow,11,Yasenevo,2026-05-10 05:00:00,29
moscow,11,Yasenevo,2026-05-10 06:00:00,36
moscow,11,Yasenevo,2026-05-10 07:00:00,38
moscow,11,Yasenevo,2026-05-10 08:00:00,39
moscow,11,Yasenevo,2026-05-10 09:00:00,39
moscow,11,Yasenevo,2026-05-10 10:00:00,36
moscow,11,Yasenevo,2026-05-10 11:00:00,30
moscow,11,Yasenevo,2026-05-10 12:00:00,31
moscow,11,Yasenevo,2026-05-10 13:00:00,27
moscow,11,Yasenevo,2026-05-10 14:00:00,33
moscow,11,Yasenevo,2026-05-10 15:00:00,36
moscow,11,Yasenevo,2026-05-10 16:00:00,33
moscow,11,Yasenevo,2026-05-10 17:00:00,36
moscow,11,Yasenevo,2026-05-10 18:00:00,36
moscow,11,Yasenevo,2026-05-10 19:00:00,36
moscow,11,Yasenevo,2026-05-10 20:00:00,42
moscow,11,Yasenevo,2026-05-10 21:00:00,38
moscow,11,Yasenevo,2026-05-10 22:00:00,38
moscow,11,Yasenevo,2026-05-10 23:00:00,37
moscow,11,Yasenevo,2026-05-11 00:00:00,36
moscow,11,Yasenevo,2026-05-11 01:00:00,31
moscow,11,Yasenevo,2026-05-11 02:00:00,36
moscow,11,Yasenevo,2026-05-11 03:00:00,37
moscow,11,Yasenevo,2026-05-11 04:00:00,38
moscow,11,Yasenevo,2026-05-11 05:00:00,37
moscow,11,Yasenevo,2026-05-11 06:00:00,39
moscow,11,Yasenevo,2026-05-11 07:00:00,41
moscow,11,Yasenevo,2026-05-11 08:00:00,42
moscow,11,Yasenevo,2026-05-11 09:00:00,43
moscow,11,Yasenevo,2026-05-11 10:00:00,42
moscow,11,Yasenevo,2026-05-11 11:00:00,40
moscow,11,Yasenevo,2026-05-11 12:00:00,34
moscow,11,Yasenevo,2026-05-11 13:00:00,35
moscow,11,Yasenevo,2026-05-11 14:00:00,35
moscow,11,Yasenevo,2026-05-11 15:00:00,36
moscow,11,Yasenevo,2026-05-11 16:00:00,42
moscow,11,Yasenevo,2026-05-11 17:00:00,43
moscow,11,Yasenevo,2026-05-11 18:00:00,44
moscow,11,Yasenevo,2026-05-11 19:00:00,43
moscow,11,Yasenevo,2026-05-11 20:00:00,41
moscow,11,Yasenevo,2026-05-11 21:00:00,39
moscow,11,Yasenevo,2026-05-11 22:00:00,34
moscow,11,Yasenevo,2026-05-11 23:00:00,36
moscow,11,Yasenevo,2026-05-12 00:00:00,34
moscow,11,Yasenevo,2026-05-12 01:00:00,33
moscow,11,Yasenevo,2026-05-12 02:00:00,34
moscow,11,Yasenevo,2026-05-12 03:00:00,35
moscow,11,Yasenevo,2026-05-12 04:00:00,38
moscow,11,Yasenevo,2026-05-12 05:00:00,35
moscow,11,Yasenevo,2026-05-12 06:00:00,43
moscow,11,Yasenevo,2026-05-12 07:00:00,44
moscow,11,Yasenevo,2026-05-12 08:00:00,44
moscow,11,Yasenevo,2026-05-12 09:00:00,43
moscow,11,Yasenevo,2026-05-12 10:00:00,39
moscow,11,Yasenevo,2026-05-12 11:00:00,34
moscow,11,Yasenevo,2026-05-12 12:00:00,37
moscow,11,Yasenevo,2026-05-12 13:00:00,39
moscow,11,Yasenevo,2026-05-12 14:00:00,33
moscow,11,Yasenevo,2026-05-12 15:00:00,36
moscow,11,Yasenevo,2026-05-12 16:00:00,42
moscow,11,Yasenevo,2026-05-12 17:00:00,43
moscow,11,Yasenevo,2026-05-12 18:00:00,46
moscow,11,Yasenevo,2026-05-12 19:00:00,43
moscow,11,Yasenevo,2026-05-12 20:00:00,40
moscow,11,Yasenevo,2026-05-12 21:00:00,38
moscow,11,Yasenevo,2026-05-12 22:00:00,31
moscow,11,Yasenevo,2026-05-12 23:00:00,32
moscow,11,Yasenevo,2026-05-13 00:00:00,36
moscow,11,Yasenevo,2026-05-13 01:00:00,37
moscow,11,Yasenevo,2026-05-13 02:00:00,37
moscow,11,Yasenevo,2026-05-13 03:00:00,36
moscow,11,Yasenevo,2026-05-13 04:00:00,31
moscow,11,Yasenevo,2026-05-13 05:00:00,37
moscow,11,Yasenevo,2026-05-13 06:00:00,44
moscow,11,Yasenevo,2026-05-13 07:00:00,48
moscow,11,Yasenevo,2026-05-13 08:00:00,48
moscow,11,Yasenevo,2026-05-13 09:00:00,44
moscow,11,Yasenevo,2026-05-13 10:00:00,39
moscow,11,Yasenevo,2026-05-13 11:00:00,38
moscow,11,Yasenevo,2026-05-13 12:00:00,36
moscow,11,Yasenevo,2026-05-13 13:00:00,39
moscow,11,Yasenevo,2026-05-13 14:00:00,37
moscow,11,Yasenevo,2026-05-13 15:00:00,39
moscow,11,Yasenevo,2026-05-13 16:00:00,41
moscow,11,Yasenevo,2026-05-13 17:00:00,45
moscow,11,Yasenevo,2026-05-13 18:00:00,46
moscow,11,Yasenevo,2026-05-13 19:00:00,42
moscow,11,Yasenevo,2026-05-13 20:00:00,39
moscow,11,Yasenevo,2026-05-13 21:00:00,41
moscow,11,Yasenevo,2026-05-13 22:00:00,33
moscow,11,Yasenevo,2026-05-13 23:00:00,39
moscow,11,Yasenevo,2026-05-14 00:00:00,31
moscow,11,Yasenevo,2026-05-14 01:00:00,34
moscow,11,Yasenevo,2026-05-14 02:00:00,37
moscow,11,Yasenevo,2026-05-14 03:00:00,35
moscow,11,Yasenevo,2026-05-14 04:00:00,34
moscow,11,Yasenevo,2026-05-14 05:00:00,39
moscow,11,Yasenevo,2026-05-14 06:00:00,42
moscow,11,Yasenevo,2026-05-14 07:00:00,45
moscow,11,Yasenevo,2026-05-14 08:00:00,45
moscow,11,Yasenevo,2026-05-14 09:00:00,45
moscow,11,Yasenevo,2026-05-14 10:00:00,41
moscow,11,Yasenevo,2026-05-14 11:00:00,44
moscow,11,Yasenevo,2026-05-14 12:00:00,36
moscow,11,Yasenevo,2026-05-14 13:00:00,36
moscow,11,Yasenevo,2026-05-14 14:00:00,36
moscow,11,Yasenevo,2026-05-14 15:00:00,43
moscow,11,Yasenevo,2026-05-14 16:00:00,39
moscow,11,Yasenevo,2026-05-14 17:00:00,45
moscow,11,Yasenevo,2026-05-14 18:00:00,45
moscow,11,Yasenevo,2026-05-14 19:00:00,41
moscow,11,Yasenevo,2026-05-14 20:00:00,40
moscow,11,Yasenevo,2026-05-14 21:00:00,40
moscow,11,Yasenevo,2026-05-14 22:00:00,35
moscow,11,Yasenevo,2026-05-14 23:00:00,36
moscow,11,Yasenevo,2026-05-15 00:00:00,39
moscow,11,Yasenevo,2026-05-15 01:00:00,36
moscow,11,Yasenevo,2026-05-15 02:00:00,33
moscow,11,Yasenevo,2026-05-15 03:00:00,34
moscow,11,Yasenevo,2026-05-15 04:00:00,36
moscow,11,Yasenevo,2026-05-15 05:00:00,38
moscow,11,Yasenevo,2026-05-15 06:00:00,43
moscow,11,Yasenevo,2026-05-15 07:00:00,46
moscow,11,Yasenevo,2026-05-15 08:00:00,50
moscow,11,Yasenevo,2026-05-15 09:00:00,46
moscow,11,Yasenevo,2026-05-15 10:00:00,40
moscow,11,Yasenevo,2026-05-15 11:00:00,42
moscow,11,Yasenevo,2026-05-15 12:00:00,40
moscow,11,Yasenevo,2026-05-15 13:00:00,37
moscow,11,Yasenevo,2026-05-15 14:00:00,37
moscow,11,Yasenevo,2026-05-15 15:00:00,41
moscow,11,Yasenevo,2026-05-15 16:00:00,42
moscow,11,Yasenevo,2026-05-15 17:00:00,41
moscow,11,Yasenevo,2026-05-15 18:00:00,47
moscow,11,Yasenevo,2026-05-15 19:00:00,47
moscow,11,Yasenevo,2026-05-15 20:00:00,45
moscow,11,Yasenevo,2026-05-15 21:00:00,38
moscow,11,Yasenevo,2026-05-15 22:00:00,38
moscow,11,Yasenevo,2026-05-15 23:00:00,37
moscow,11,Yasenevo,2026-05-16 00:00:00,33
moscow,11,Yasenevo,2026-05-16 01:00:00,33
moscow,11,Yasenevo,2026-05-16 02:00:00,33
moscow,11,Yasenevo,2026-05-16 03:00:00,34
moscow,11,Yasenevo,2026-05-16 04:00:00,35
moscow,11,Yasenevo,2026-05-16 05:00:00,38
moscow,11,Yasenevo,2026-05-16 06:00:00,37
moscow,11,Yasenevo,2026-05-16 07:00:00,40
moscow,11,Yasenevo,2026-05-16 08:00:00,41
moscow,11,Yasenevo,2026-05-16 09:00:00,40
moscow,11,Yasenevo,2026-05-16 10:00:00,35
moscow,11,Yasenevo,2026-05-16 11:00:00,36
moscow,11,Yasenevo,2026-05-16 12:00:00,35
moscow,11,Yasenevo,2026-05-16 13:00:00,33
moscow,11,Yasenevo,2026-05-16 14:00:00,34
moscow,11,Yasenevo,2026-05-16 15:00:00,37
moscow,11,Yasenevo,2026-05-16 16:00:00,41
moscow,11,Yasenevo,2026-05-16 17:00:00,39
moscow,11,Yasenevo,2026-05-16 18:00:00,39
moscow,11,Yasenevo,2026-05-16 19:00:00,40
moscow,11,Yasenevo,2026-05-16 20:00:00,49
moscow,11,Yasenevo,2026-05-16 21:00:00,40
moscow,11,Yasenevo,2026-05-16 22:00:00,41
moscow,11,Yasenevo,2026-05-16 23:00:00,41
moscow,11,Yasenevo,2026-05-17 00:00:00,28
moscow,11,Yasenevo,2026-05-17 01:00:00,34
moscow,11,Yasenevo,2026-05-17 02:00:00,35
moscow,11,Yasenevo,2026-05-17 03:00:00,33
moscow,11,Yasenevo,2026-05-17 04:00:00,33
moscow,11,Yasenevo,2026-05-17 05:00:00,35
moscow,11,Yasenevo,2026-05-17 06:00:00,38
moscow,11,Yasenevo,2026-05-17 07:00:00,41
moscow,11,Yasenevo,2026-05-17 08:00:00,41
moscow,11,Yasenevo,2026-05-17 09:00:00,41
moscow,11,Yasenevo,2026-05-17 10:00:00,41
moscow,11,Yasenevo,2026-05-17 11:00:00,34
moscow,11,Yasenevo,2026-05-17 12:00:00,31
moscow,11,Yasenevo,2026-05-17 13:00:00,37
moscow,11,Yasenevo,2026-05-17 14:00:00,35
moscow,11,Yasenevo,2026-05-17 15:00:00,36
moscow,11,Yasenevo,2026-05-17 16:00:00,39
moscow,11,Yasenevo,2026-05-17 17:00:00,41
moscow,11,Yasenevo,2026-05-17 18:00:00,40
moscow,11,Yasenevo,2026-05-17 19:00:00,42
moscow,11,Yasenevo,2026-05-17 20:00:00,43
moscow,11,Yasenevo,2026-05-17 21:00:00,42
moscow,11,Yasenevo,2026-05-17 22:00:00,36
moscow,11,Yasenevo,2026-05-17 23:00:00,41
moscow,11,Yasenevo,2026-05-18 00:00:00,37
moscow,11,Yasenevo,2026-05-18 01:00:00,38
moscow,11,Yasenevo,2026-05-18 02:00:00,38
moscow,11,Yasenevo,2026-05-18 03:00:00,39
moscow,11,Yasenevo,2026-05-18 04:00:00,39
moscow,11,Yasenevo,2026-05-18 05:00:00,42
moscow,11,Yasenevo,2026-05-18 06:00:00,42
moscow,11,Yasenevo,2026-05-18 07:00:00,45
moscow,11,Yasenevo,2026-05-18 08:00:00,48
moscow,11,Yasenevo,2026-05-18 09:00:00,46
moscow,11,Yasenevo,2026-05-18 10:00:00,47
moscow,11,Yasenevo,2026-05-18 11:00:00,42
moscow,11,Yasenevo,2026-05-18 12:00:00,37
moscow,11,Yasenevo,2026-05-18 13:00:00,38
moscow,11,Yasenevo,2026-05-18 14:00:00,40
moscow,11,Yasenevo,2026-05-18 15:00:00,41
moscow,11,Yasenevo,2026-05-18 16:00:00,45
moscow,11,Yasenevo,2026-05-18 17:00:00,47
moscow,11,Yasenevo,2026-05-18 18:00:00,45
moscow,11,Yasenevo,2026-05-18 19:00:00,42
moscow,11,Yasenevo,2026-05-18 20:00:00,43
moscow,11,Yasenevo,2026-05-18 21:00:00,42
moscow,11,Yasenevo,2026-05-18 22:00:00,38
moscow,11,Yasenevo,2026-05-18 23:00:00,40
moscow,11,Yasenevo,2026-05-19 00:00:00,38
moscow,11,Yasenevo,2026-05-19 01:00:00,40
moscow,11,Yasenevo,2026-05-19 02:00:00,40
moscow,11,Yasenevo,2026-05-19 03:00:00,40
moscow,11,Yasenevo,2026-05-19 04:00:00,37
moscow,11,Yasenevo,2026-05-19 05:00:00,41
moscow,11,Yasenevo,2026-05-19 06:00:00,47
moscow,11,Yasenevo,2026-05-19 07:00:00,48
moscow,11,Yasenevo,2026-05-19 08:00:00,50
moscow,11,Yasenevo,2026-05-19 09:00:00,45
moscow,11,Yasenevo,2026-05-19 10:00:00,48
moscow,11,Yasenevo,2026-05-19 11:00:00,40
moscow,11,Yasenevo,2026-05-19 12:00:00,35
moscow,11,Yasenevo,2026-05-19 13:00:00,38
moscow,11,Yasenevo,2026-05-19 14:00:00,35
moscow,11,Yasenevo,2026-05-19 15:00:00,40
moscow,11,Yasenevo,2026-05-19 16:00:00,50
moscow,11,Yasenevo,2026-05-19 17:00:00,46
moscow,11,Yasenevo,2026-05-19 18:00:00,45
moscow,11,Yasenevo,2026-05-19 19:00:00,47
moscow,11,Yasenevo,2026-05-19 20:00:00,43
moscow,11,Yasenevo,2026-05-19 21:00:00,44
moscow,11,Yasenevo,2026-05-19 22:00:00,38
moscow,11,Yasenevo,2026-05-19 23:00:00,39
moscow,11,Yasenevo,2026-05-20 00:00:00,36
moscow,11,Yasenevo,2026-05-20 01:00:00,43
moscow,11,Yasenevo,2026-05-20 02:00:00,39
moscow,11,Yasenevo,2026-05-20 03:00:00,38
moscow,11,Yasenevo,2026-05-20 04:00:00,39
moscow,11,Yasenevo,2026-05-20 05:00:00,41
moscow,11,Yasenevo,2026-05-20 06:00:00,44
moscow,11,Yasenevo,2026-05-20 07:00:00,47
moscow,11,Yasenevo,2026-05-20 08:00:00,53
moscow,11,Yasenevo,2026-05-20 09:00:00,47
moscow,11,Yasenevo,2026-05-20 10:00:00,41
moscow,11,Yasenevo,2026-05-20 11:00:00,40
moscow,11,Yasenevo,2026-05-20 12:00:00,42
moscow,11,Yasenevo,2026-05-20 13:00:00,39
moscow,11,Yasenevo,2026-05-20 14:00:00,40
moscow,11,Yasenevo,2026-05-20 15:00:00,45
moscow,11,Yasenevo,2026-05-20 16:00:00,44
moscow,11,Yasenevo,2026-05-20 17:00:00,49
moscow,11,Yasenevo,2026-05-20 18:00:00,47
moscow,11,Yasenevo,2026-05-20 19:00:00,49
moscow,11,Yasenevo,2026-05-20 20:00:00,44
moscow,11,Yasenevo,2026-05-20 21:00:00,42
moscow,11,Yasenevo,2026-05-20 22:00:00,42
moscow,11,Yasenevo,2026-05-20 23:00:00,41
moscow,11,Yasenevo,2026-05-21 00:00:00,38
moscow,11,Yasenevo,2026-05-21 01:00:00,38
moscow,11,Yasenevo,2026-05-21 02:00:00,42
moscow,11,Yasenevo,2026-05-21 03:00:00,40
moscow,11,Yasenevo,2026-05-21 04:00:00,39
moscow,11,Yasenevo,2026-05-21 05:00:00,41
moscow,11,Yasenevo,2026-05-21 06:00:00,48
moscow,11,Yasenevo,2026-05-21 07:00:00,49
moscow,11,Yasenevo,2026-05-21 08:00:00,50
moscow,11,Yasenevo,2026-05-21 09:00:00,49
moscow,11,Yasenevo,2026-05-21 10:00:00,46
moscow,11,Yasenevo,2026-05-21 11:00:00,42
moscow,11,Yasenevo,2026-05-21 12:00:00,43
moscow,11,Yasenevo,2026-05-21 13:00:00,43
moscow,11,Yasenevo,2026-05-21 14:00:00,42
moscow,11,Yasenevo,2026-05-21 15:00:00,46
moscow,11,Yasenevo,2026-05-21 16:00:00,46
moscow,11,Yasenevo,2026-05-21 17:00:00,49
moscow,11,Yasenevo,2026-05-21 18:00:00,51
moscow,11,Yasenevo,2026-05-21 19:00:00,50
moscow,11,Yasenevo,2026-05-21 20:00:00,47
moscow,11,Yasenevo,2026-05-21 21:00:00,44
moscow,11,Yasenevo,2026-05-21 22:00:00,45
moscow,11,Yasenevo,2026-05-21 23:00:00,38
moscow,11,Yasenevo,2026-05-22 00:00:00,39
moscow,11,Yasenevo,2026-05-22 01:00:00,39
moscow,11,Yasenevo,2026-05-22 02:00:00,39
moscow,11,Yasenevo,2026-05-22 03:00:00,36
moscow,11,Yasenevo,2026-05-22 04:00:00,44
moscow,11,Yasenevo,2026-05-22 05:00:00,41
moscow,11,Yasenevo,2026-05-22 06:00:00,46
moscow,11,Yasenevo,2026-05-22 07:00:00,46
moscow,11,Yasenevo,2026-05-22 08:00:00,52
moscow,11,Yasenevo,2026-05-22 09:00:00,48
moscow,11,Yasenevo,2026-05-22 10:00:00,44
moscow,11,Yasenevo,2026-05-22 11:00:00,43
moscow,11,Yasenevo,2026-05-22 12:00:00,40
moscow,11,Yasenevo,2026-05-22 13:00:00,39
moscow,11,Yasenevo,2026-05-22 14:00:00,42
moscow,11,Yasenevo,2026-05-22 15:00:00,45
moscow,11,Yasenevo,2026-05-22 16:00:00,45
moscow,11,Yasenevo,2026-05-22 17:00:00,47
moscow,11,Yasenevo,2026-05-22 18:00:00,50
moscow,11,Yasenevo,2026-05-22 19:00:00,50
moscow,11,Yasenevo,2026-05-22 20:00:00,49
moscow,11,Yasenevo,2026-05-22 21:00:00,41
moscow,11,Yasenevo,2026-05-22 22:00:00,41
moscow,11,Yasenevo,2026-05-22 23:00:00,42
moscow,11,Yasenevo,2026-05-23 00:00:00,40
moscow,11,Yasenevo,2026-05-23 01:00:00,35
moscow,11,Yasenevo,2026-05-23 02:00:00,35
moscow,11,Yasenevo,2026-05-23 03:00:00,38
moscow,11,Yasenevo,2026-05-23 04:00:00,37
moscow,11,Yasenevo,2026-05-23 05:00:00,38
moscow,11,Yasenevo,2026-05-23 06:00:00,42
moscow,11,Yasenevo,2026-05-23 07:00:00,48
moscow,11,Yasenevo,2026-05-23 08:00:00,43
moscow,11,Yasenevo,2026-05-23 09:00:00,48
moscow,11,Yasenevo,2026-05-23 10:00:00,41
moscow,11,Yasenevo,2026-05-23 11:00:00,40
moscow,11,Yasenevo,2026-05-23 12:00:00,41
moscow,11,Yasenevo,2026-05-23 13:00:00,38
moscow,11,Yasenevo,2026-05-23 14:00:00,38
moscow,11,Yasenevo,2026-05-23 15:00:00,41
moscow,11,Yasenevo,2026-05-23 16:00:00,42
moscow,11,Yasenevo,2026-05-23 17:00:00,45
moscow,11,Yasenevo,2026-05-23 18:00:00,44
moscow,11,Yasenevo,2026-05-23 19:00:00,46
moscow,11,Yasenevo,2026-05-23 20:00:00,46
moscow,11,Yasenevo,2026-05-23 21:00:00,44
moscow,11,Yasenevo,2026-05-23 22:00:00,41
moscow,11,Yasenevo,2026-05-23 23:00:00,42
moscow,11,Yasenevo,2026-05-24 00:00:00,34
moscow,11,Yasenevo,2026-05-24 01:00:00,36
moscow,11,Yasenevo,2026-05-24 02:00:00,35
moscow,11,Yasenevo,2026-05-24 03:00:00,40
moscow,11,Yasenevo,2026-05-24 04:00:00,36
moscow,11,Yasenevo,2026-05-24 05:00:00,37
moscow,11,Yasenevo,2026-05-24 06:00:00,43
moscow,11,Yasenevo,2026-05-24 07:00:00,48
moscow,11,Yasenevo,2026-05-24 08:00:00,46
moscow,11,Yasenevo,2026-05-24 09:00:00,45
moscow,11,Yasenevo,2026-05-24 10:00:00,45
moscow,11,Yasenevo,2026-05-24 11:00:00,42
moscow,11,Yasenevo,2026-05-24 12:00:00,39
moscow,11,Yasenevo,2026-05-24 13:00:00,37
moscow,11,Yasenevo,2026-05-24 14:00:00,40
moscow,11,Yasenevo,2026-05-24 15:00:00,38
moscow,11,Yasenevo,2026-05-24 16:00:00,41
moscow,11,Yasenevo,2026-05-24 17:00:00,47
moscow,11,Yasenevo,2026-05-24 18:00:00,48
moscow,11,Yasenevo,2026-05-24 19:00:00,45
moscow,11,Yasenevo,2026-05-24 20:00:00,45
moscow,11,Yasenevo,2026-05-24 21:00:00,44
moscow,11,Yasenevo,2026-05-24 22:00:00,43
moscow,11,Yasenevo,2026-05-24 23:00:00,42
moscow,11,Yasenevo,2026-05-25 00:00:00,38
moscow,11,Yasenevo,2026-05-25 01:00:00,40
moscow,11,Yasenevo,2026-05-25 02:00:00,45
moscow,11,Yasenevo,2026-05-25 03:00:00,42
moscow,11,Yasenevo,2026-05-25 04:00:00,43
moscow,11,Yasenevo,2026-05-25 05:00:00,43
moscow,11,Yasenevo,2026-05-25 06:00:00,44
moscow,11,Yasenevo,2026-05-25 07:00:00,48
moscow,11,Yasenevo,2026-05-25 08:00:00,49
moscow,11,Yasenevo,2026-05-25 09:00:00,51
moscow,11,Yasenevo,2026-05-25 10:00:00,49
moscow,11,Yasenevo,2026-05-25 11:00:00,43
moscow,11,Yasenevo,2026-05-25 12:00:00,43
moscow,11,Yasenevo,2026-05-25 13:00:00,45
moscow,11,Yasenevo,2026-05-25 14:00:00,47
moscow,11,Yasenevo,2026-05-25 15:00:00,47
moscow,11,Yasenevo,2026-05-25 16:00:00,47
moscow,11,Yasenevo,2026-05-25 17:00:00,52
moscow,11,Yasenevo,2026-05-25 18:00:00,54
moscow,11,Yasenevo,2026-05-25 19:00:00,46
moscow,11,Yasenevo,2026-05-25 20:00:00,51
moscow,11,Yasenevo,2026-05-25 21:00:00,44
moscow,11,Yasenevo,2026-05-25 22:00:00,42
moscow,11,Yasenevo,2026-05-25 23:00:00,41
moscow,11,Yasenevo,2026-05-26 00:00:00,42
moscow,11,Yasenevo,2026-05-26 01:00:00,39
moscow,11,Yasenevo,2026-05-26 02:00:00,41
moscow,11,Yasenevo,2026-05-26 03:00:00,43
moscow,11,Yasenevo,2026-05-26 04:00:00,43
moscow,11,Yasenevo,2026-05-26 05:00:00,46
moscow,11,Yasenevo,2026-05-26 06:00:00,48
moscow,11,Yasenevo,2026-05-26 07:00:00,53
moscow,11,Yasenevo,2026-05-26 08:00:00,55
moscow,11,Yasenevo,2026-05-26 09:00:00,53
moscow,11,Yasenevo,2026-05-26 10:00:00,49
moscow,11,Yasenevo,2026-05-26 11:00:00,47
moscow,11,Yasenevo,2026-05-26 12:00:00,45
moscow,11,Yasenevo,2026-05-26 13:00:00,48
moscow,11,Yasenevo,2026-05-26 14:00:00,46
moscow,11,Yasenevo,2026-05-26 15:00:00,45
moscow,11,Yasenevo,2026-05-26 16:00:00,47
moscow,11,Yasenevo,2026-05-26 17:00:00,50
moscow,11,Yasenevo,2026-05-26 18:00:00,51
moscow,11,Yasenevo,2026-05-26 19:00:00,52
moscow,11,Yasenevo,2026-05-26 20:00:00,47
moscow,11,Yasenevo,2026-05-26 21:00:00,48
moscow,11,Yasenevo,2026-05-26 22:00:00,41
moscow,11,Yasenevo,2026-05-26 23:00:00,39
moscow,11,Yasenevo,2026-05-27 00:00:00,42
moscow,11,Yasenevo,2026-05-27 01:00:00,40
moscow,11,Yasenevo,2026-05-27 02:00:00,40
moscow,11,Yasenevo,2026-05-27 03:00:00,41
moscow,11,Yasenevo,2026-05-27 04:00:00,42
moscow,11,Yasenevo,2026-05-27 05:00:00,46
moscow,11,Yasenevo,2026-05-27 06:00:00,48
moscow,11,Yasenevo,2026-05-27 07:00:00,51
moscow,11,Yasenevo,2026-05-27 08:00:00,53
moscow,11,Yasenevo,2026-05-27 09:00:00,54
moscow,11,Yasenevo,2026-05-27 10:00:00,52
moscow,11,Yasenevo,2026-05-27 11:00:00,46
moscow,11,Yasenevo,2026-05-27 12:00:00,44
moscow,11,Yasenevo,2026-05-27 13:00:00,43
moscow,11,Yasenevo,2026-05-27 14:00:00,45
moscow,11,Yasenevo,2026-05-27 15:00:00,47
moscow,11,Yasenevo,2026-05-27 16:00:00,52
moscow,11,Yasenevo,2026-05-27 17:00:00,48
moscow,11,Yasenevo,2026-05-27 18:00:00,52
moscow,11,Yasenevo,2026-05-27 19:00:00,52
moscow,11,Yasenevo,2026-05-27 20:00:00,49
moscow,11,Yasenevo,2026-05-27 21:00:00,44
moscow,11,Yasenevo,2026-05-27 22:00:00,41
moscow,11,Yasenevo,2026-05-27 23:00:00,44
moscow,11,Yasenevo,2026-05-28 00:00:00,41
moscow,11,Yasenevo,2026-05-28 01:00:00,39
moscow,11,Yasenevo,2026-05-28 02:00:00,44
moscow,11,Yasenevo,2026-05-28 03:00:00,44
moscow,11,Yasenevo,2026-05-28 04:00:00,44
moscow,11,Yasenevo,2026-05-28 05:00:00,44
moscow,11,Yasenevo,2026-05-28 06:00:00,49
moscow,11,Yasenevo,2026-05-28 07:00:00,55
moscow,11,Yasenevo,2026-05-28 08:00:00,51
moscow,11,Yasenevo,2026-05-28 09:00:00,49
moscow,11,Yasenevo,2026-05-28 10:00:00,48
moscow,11,Yasenevo,2026-05-28 11:00:00,46
moscow,11,Yasenevo,2026-05-28 12:00:00,43
moscow,11,Yasenevo,2026-05-28 13:00:00,45
moscow,11,Yasenevo,2026-05-28 14:00:00,47
moscow,11,Yasenevo,2026-05-28 15:00:00,47
moscow,11,Yasenevo,2026-05-28 16:00:00,51
moscow,11,Yasenevo,2026-05-28 17:00:00,52
moscow,11,Yasenevo,2026-05-28 18:00:00,53
moscow,11,Yasenevo,2026-05-28 19:00:00,49
moscow,11,Yasenevo,2026-05-28 20:00:00,47
moscow,11,Yasenevo,2026-05-28 21:00:00,44
moscow,11,Yasenevo,2026-05-28 22:00:00,44
moscow,11,Yasenevo,2026-05-28 23:00:00,44
moscow,11,Yasenevo,2026-05-29 00:00:00,40
moscow,11,Yasenevo,2026-05-29 01:00:00,43
moscow,11,Yasenevo,2026-05-29 02:00:00,41
moscow,11,Yasenevo,2026-05-29 03:00:00,41
moscow,11,Yasenevo,2026-05-29 04:00:00,43
moscow,11,Yasenevo,2026-05-29 05:00:00,44
moscow,11,Yasenevo,2026-05-29 06:00:00,51
moscow,11,Yasenevo,2026-05-29 07:00:00,53
moscow,11,Yasenevo,2026-05-29 08:00:00,56
moscow,11,Yasenevo,2026-05-29 09:00:00,52
moscow,11,Yasenevo,2026-05-29 10:00:00,49
moscow,11,Yasenevo,2026-05-29 11:00:00,51
moscow,11,Yasenevo,2026-05-29 12:00:00,42
moscow,11,Yasenevo,2026-05-29 13:00:00,47
moscow,11,Yasenevo,2026-05-29 14:00:00,49
moscow,11,Yasenevo,2026-05-29 15:00:00,49
moscow,11,Yasenevo,2026-05-29 16:00:00,49
moscow,11,Yasenevo,2026-05-29 17:00:00,55
moscow,11,Yasenevo,2026-05-29 18:00:00,53
moscow,11,Yasenevo,2026-05-29 19:00:00,51
moscow,11,Yasenevo,2026-05-29 20:00:00,49
moscow,11,Yasenevo,2026-05-29 21:00:00,46
moscow,11,Yasenevo,2026-05-29 22:00:00,43
moscow,11,Yasenevo,2026-05-29 23:00:00,46
moscow,11,Yasenevo,2026-05-30 00:00:00,39
moscow,11,Yasenevo,2026-05-30 01:00:00,40
moscow,11,Yasenevo,2026-05-30 02:00:00,37
moscow,11,Yasenevo,2026-05-30 03:00:00,41
moscow,11,Yasenevo,2026-05-30 04:00:00,39
moscow,11,Yasenevo,2026-05-30 05:00:00,41
moscow,11,Yasenevo,2026-05-30 06:00:00,46
moscow,11,Yasenevo,2026-05-30 07:00:00,50
moscow,11,Yasenevo,2026-05-30 08:00:00,50
moscow,11,Yasenevo,2026-05-30 09:00:00,49
moscow,11,Yasenevo,2026-05-30 10:00:00,46
moscow,11,Yasenevo,2026-05-30 11:00:00,43
moscow,11,Yasenevo,2026-05-30 12:00:00,43
moscow,11,Yasenevo,2026-05-30 13:00:00,40
moscow,11,Yasenevo,2026-05-30 14:00:00,44
moscow,11,Yasenevo,2026-05-30 15:00:00,46
moscow,11,Yasenevo,2026-05-30 16:00:00,44
moscow,11,Yasenevo,2026-05-30 17:00:00,46
moscow,11,Yasenevo,2026-05-30 18:00:00,47
moscow,11,Yasenevo,2026-05-30 19:00:00,45
moscow,11,Yasenevo,2026-05-30 20:00:00,51
moscow,11,Yasenevo,2026-05-30 21:00:00,52
moscow,11,Yasenevo,2026-05-30 22:00:00,45
moscow,11,Yasenevo,2026-05-30 23:00:00,48
moscow,11,Yasenevo,2026-05-31 00:00:00,40
moscow,11,Yasenevo,2026-05-31 01:00:00,45
moscow,11,Yasenevo,2026-05-31 02:00:00,40
moscow,11,Yasenevo,2026-05-31 03:00:00,41
moscow,11,Yasenevo,2026-05-31 04:00:00,40
moscow,11,Yasenevo,2026-05-31 05:00:00,42
moscow,11,Yasenevo,2026-05-31 06:00:00,49
moscow,11,Yasenevo,2026-05-31 07:00:00,50
moscow,11,Yasenevo,2026-05-31 08:00:00,52
moscow,11,Yasenevo,2026-05-31 09:00:00,46
moscow,11,Yasenevo,2026-05-31 10:00:00,48
moscow,11,Yasenevo,2026-05-31 11:00:00,42
moscow,11,Yasenevo,2026-05-31 12:00:00,40
moscow,11,Yasenevo,2026-05-31 13:00:00,42
moscow,11,Yasenevo,2026-05-31 14:00:00,43
moscow,11,Yasenevo,2026-05-31 15:00:00,44
moscow,11,Yasenevo,2026-05-31 16:00:00,48
moscow,11,Yasenevo,2026-05-31 17:00:00,50
moscow,11,Yasenevo,2026-05-31 18:00:00,52
moscow,11,Yasenevo,2026-05-31 19:00:00,46
moscow,11,Yasenevo,2026-05-31 20:00:00,56
moscow,11,Yasenevo,2026-05-31 21:00:00,54
moscow,11,Yasenevo,2026-05-31 22:00:00,47
moscow,11,Yasenevo,2026-05-31 23:00:00,43
moscow,11,Yasenevo,2026-06-01 00:00:00,42
moscow,11,Yasenevo,2026-06-01 01:00:00,44
moscow,11,Yasenevo,2026-06-01 02:00:00,49
moscow,11,Yasenevo,2026-06-01 03:00:00,45
moscow,11,Yasenevo,2026-06-01 04:00:00,45
moscow,11,Yasenevo,2026-06-01 05:00:00,47
moscow,11,Yasenevo,2026-06-01 06:00:00,49
moscow,11,Yasenevo,2026-06-01 07:00:00,56
moscow,11,Yasenevo,2026-06-01 08:00:00,56
moscow,11,Yasenevo,2026-06-01 09:00:00,59
moscow,11,Yasenevo,2026-06-01 10:00:00,53
moscow,11,Yasenevo,2026-06-01 11:00:00,50
moscow,11,Yasenevo,2026-06-01 12:00:00,46
moscow,11,Yasenevo,2026-06-01 13:00:00,44
moscow,11,Yasenevo,2026-06-01 14:00:00,45
moscow,11,Yasenevo,2026-06-01 15:00:00,46
moscow,11,Yasenevo,2026-06-01 16:00:00,53
moscow,11,Yasenevo,2026-06-01 17:00:00,53
moscow,11,Yasenevo,2026-06-01 18:00:00,57
moscow,11,Yasenevo,2026-06-01 19:00:00,54
moscow,11,Yasenevo,2026-06-01 20:00:00,51
moscow,11,Yasenevo,2026-06-01 21:00:00,47
moscow,11,Yasenevo,2026-06-01 22:00:00,47
moscow,11,Yasenevo,2026-06-01 23:00:00,45
moscow,11,Yasenevo,2026-06-02 00:00:00,47
moscow,11,Yasenevo,2026-06-02 01:00:00,44
moscow,11,Yasenevo,2026-06-02 02:00:00,47
moscow,11,Yasenevo,2026-06-02 03:00:00,49
moscow,11,Yasenevo,2026-06-02 04:00:00,47
moscow,11,Yasenevo,2026-06-02 05:00:00,50
moscow,11,Yasenevo,2026-06-02 06:00:00,53
moscow,11,Yasenevo,2026-06-02 07:00:00,59
moscow,11,Yasenevo,2026-06-02 08:00:00,57
moscow,11,Yasenevo,2026-06-02 09:00:00,57
moscow,11,Yasenevo,2026-06-02 10:00:00,52
moscow,11,Yasenevo,2026-06-02 11:00:00,47
moscow,11,Yasenevo,2026-06-02 12:00:00,45
moscow,11,Yasenevo,2026-06-02 13:00:00,49
moscow,11,Yasenevo,2026-06-02 14:00:00,45
moscow,11,Yasenevo,2026-06-02 15:00:00,51
moscow,11,Yasenevo,2026-06-02 16:00:00,53
moscow,11,Yasenevo,2026-06-02 17:00:00,56
moscow,11,Yasenevo,2026-06-02 18:00:00,55
moscow,11,Yasenevo,2026-06-02 19:00:00,53
moscow,11,Yasenevo,2026-06-02 20:00:00,53
moscow,11,Yasenevo,2026-06-02 21:00:00,49
moscow,11,Yasenevo,2026-06-02 22:00:00,45
moscow,11,Yasenevo,2026-06-02 23:00:00,50
moscow,11,Yasenevo,2026-06-03 00:00:00,44
moscow,11,Yasenevo,2026-06-03 01:00:00,44
moscow,11,Yasenevo,2026-06-03 02:00:00,45
moscow,11,Yasenevo,2026-06-03 03:00:00,49
moscow,11,Yasenevo,2026-06-03 04:00:00,43
moscow,11,Yasenevo,2026-06-03 05:00:00,52
moscow,11,Yasenevo,2026-06-03 06:00:00,51
moscow,11,Yasenevo,2026-06-03 07:00:00,56
moscow,11,Yasenevo,2026-06-03 08:00:00,56
moscow,11,Yasenevo,2026-06-03 09:00:00,60
moscow,11,Yasenevo,2026-06-03 10:00:00,53
moscow,11,Yasenevo,2026-06-03 11:00:00,48
moscow,11,Yasenevo,2026-06-03 12:00:00,47
moscow,11,Yasenevo,2026-06-03 13:00:00,47
moscow,11,Yasenevo,2026-06-03 14:00:00,48
moscow,11,Yasenevo,2026-06-03 15:00:00,51
moscow,11,Yasenevo,2026-06-03 16:00:00,53
moscow,11,Yasenevo,2026-06-03 17:00:00,52
moscow,11,Yasenevo,2026-06-03 18:00:00,55
moscow,11,Yasenevo,2026-06-03 19:00:00,56
moscow,11,Yasenevo,2026-06-03 20:00:00,51
moscow,11,Yasenevo,2026-06-03 21:00:00,51
moscow,11,Yasenevo,2026-06-03 22:00:00,48
moscow,11,Yasenevo,2026-06-03 23:00:00,46
moscow,11,Yasenevo,2026-06-04 00:00:00,49
moscow,11,Yasenevo,2026-06-04 01:00:00,43
moscow,11,Yasenevo,2026-06-04 02:00:00,45
moscow,11,Yasenevo,2026-06-04 03:00:00,49
moscow,11,Yasenevo,2026-06-04 04:00:00,51
moscow,11,Yasenevo,2026-06-04 05:00:00,55
moscow,11,Yasenevo,2026-06-04 06:00:00,53
moscow,11,Yasenevo,2026-06-04 07:00:00,57
moscow,11,Yasenevo,2026-06-04 08:00:00,59
moscow,11,Yasenevo,2026-06-04 09:00:00,59
moscow,11,Yasenevo,2026-06-04 10:00:00,54
moscow,11,Yasenevo,2026-06-04 11:00:00,52
moscow,11,Yasenevo,2026-06-04 12:00:00,49
moscow,11,Yasenevo,2026-06-04 13:00:00,49
moscow,11,Yasenevo,2026-06-04 14:00:00,47
moscow,11,Yasenevo,2026-06-04 15:00:00,50
moscow,11,Yasenevo,2026-06-04 16:00:00,52
moscow,11,Yasenevo,2026-06-04 17:00:00,53
moscow,11,Yasenevo,2026-06-04 18:00:00,53
moscow,11,Yasenevo,2026-06-04 19:00:00,55
moscow,11,Yasenevo,2026-06-04 20:00:00,53
moscow,11,Yasenevo,2026-06-04 21:00:00,51
moscow,11,Yasenevo,2026-06-04 22:00:00,49
moscow,11,Yasenevo,2026-06-04 23:00:00,47
moscow,11,Yasenevo,2026-06-05 00:00:00,46
moscow,11,Yasenevo,2026-06-05 01:00:00,45
moscow,11,Yasenevo,2026-06-05 02:00:00,49
moscow,11,Yasenevo,2026-06-05 03:00:00,47
moscow,11,Yasenevo,2026-06-05 04:00:00,47
moscow,11,Yasenevo,2026-06-05 05:00:00,50
moscow,11,Yasenevo,2026-06-05 06:00:00,52
moscow,11,Yasenevo,2026-06-05 07:00:00,56
moscow,11,Yasenevo,2026-06-05 08:00:00,57
moscow,11,Yasenevo,2026-06-05 09:00:00,56
moscow,11,Yasenevo,2026-06-05 10:00:00,55
moscow,11,Yasenevo,2026-06-05 11:00:00,51
moscow,11,Yasenevo,2026-06-05 12:00:00,52
moscow,11,Yasenevo,2026-06-05 13:00:00,51
moscow,11,Yasenevo,2026-06-05 14:00:00,53
moscow,11,Yasenevo,2026-06-05 15:00:00,52
moscow,11,Yasenevo,2026-06-05 16:00:00,55
moscow,11,Yasenevo,2026-06-05 17:00:00,55
moscow,11,Yasenevo,2026-06-05 18:00:00,59
moscow,11,Yasenevo,2026-06-05 19:00:00,55
moscow,11,Yasenevo,2026-06-05 20:00:00,51
moscow,11,Yasenevo,2026-06-05 21:00:00,54
moscow,11,Yasenevo,2026-06-05 22:00:00,46
moscow,11,Yasenevo,2026-06-05 23:00:00,49
moscow,11,Yasenevo,2026-06-06 00:00:00,42
moscow,11,Yasenevo,2026-06-06 01:00:00,46
moscow,11,Yasenevo,2026-06-06 02:00:00,47
moscow,11,Yasenevo,2026-06-06 03:00:00,45
moscow,11,Yasenevo,2026-06-06 04:00:00,48
moscow,11,Yasenevo,2026-06-06 05:00:00,47
moscow,11,Yasenevo,2026-06-06 06:00:00,54
moscow,11,Yasenevo,2026-06-06 07:00:00,54
moscow,11,Yasenevo,2026-06-06 08:00:00,51
moscow,11,Yasenevo,2026-06-06 09:00:00,52
moscow,11,Yasenevo,2026-06-06 10:00:00,49
moscow,11,Yasenevo,2026-06-06 11:00:00,47
moscow,11,Yasenevo,2026-06-06 12:00:00,42
moscow,11,Yasenevo,2026-06-06 13:00:00,46
moscow,11,Yasenevo,2026-06-06 14:00:00,43
moscow,11,Yasenevo,2026-06-06 15:00:00,42
moscow,11,Yasenevo,2026-06-06 16:00:00,49
moscow,11,Yasenevo,2026-06-06 17:00:00,50
moscow,11,Yasenevo,2026-06-06 18:00:00,51
moscow,11,Yasenevo,2026-06-06 19:00:00,45
moscow,11,Yasenevo,2026-06-06 20:00:00,54
moscow,11,Yasenevo,2026-06-06 21:00:00,53
moscow,11,Yasenevo,2026-06-06 22:00:00,50
moscow,11,Yasenevo,2026-06-06 23:00:00,50
moscow,11,Yasenevo,2026-06-07 00:00:00,47
moscow,11,Yasenevo,2026-06-07 01:00:00,46
moscow,11,Yasenevo,2026-06-07 02:00:00,47
moscow,11,Yasenevo,2026-06-07 03:00:00,47
moscow,11,Yasenevo,2026-06-07 04:00:00,44
moscow,11,Yasenevo,2026-06-07 05:00:00,48
moscow,11,Yasenevo,2026-06-07 06:00:00,52
moscow,11,Yasenevo,2026-06-07 07:00:00,52
moscow,11,Yasenevo,2026-06-07 08:00:00,52
moscow,11,Yasenevo,2026-06-07 09:00:00,54
moscow,11,Yasenevo,2026-06-07 10:00:00,47
moscow,11,Yasenevo,2026-06-07 11:00:00,45
moscow,11,Yasenevo,2026-06-07 12:00:00,45
moscow,11,Yasenevo,2026-06-07 13:00:00,47
moscow,11,Yasenevo,2026-06-07 14:00:00,47
moscow,11,Yasenevo,2026-06-07 15:00:00,50
moscow,11,Yasenevo,2026-06-07 16:00:00,48
moscow,11,Yasenevo,2026-06-07 17:00:00,50
moscow,11,Yasenevo,2026-06-07 18:00:00,54
moscow,11,Yasenevo,2026-06-07 19:00:00,50
moscow,11,Yasenevo,2026-06-07 20:00:00,55
moscow,11,Yasenevo,2026-06-07 21:00:00,50
moscow,11,Yasenevo,2026-06-07 22:00:00,52
moscow,11,Yasenevo,2026-06-07 23:00:00,53
moscow,11,Yasenevo,2026-06-08 00:00:00,46
moscow,11,Yasenevo,2026-06-08 01:00:00,50
moscow,11,Yasenevo,2026-06-08 02:00:00,48
moscow,11,Yasenevo,2026-06-08 03:00:00,45
moscow,11,Yasenevo,2026-06-08 04:00:00,48
moscow,11,Yasenevo,2026-06-08 05:00:00,50
moscow,11,Yasenevo,2026-06-08 06:00:00,55
moscow,11,Yasenevo,2026-06-08 07:00:00,59
moscow,11,Yasenevo,2026-06-08 08:00:00,64
moscow,11,Yasenevo,2026-06-08 09:00:00,56
moscow,11,Yasenevo,2026-06-08 10:00:00,54
moscow,11,Yasenevo,2026-06-08 11:00:00,50
moscow,11,Yasenevo,2026-06-08 12:00:00,48
moscow,11,Yasenevo,2026-06-08 13:00:00,50
moscow,11,Yasenevo,2026-06-08 14:00:00,51
moscow,11,Yasenevo,2026-06-08 15:00:00,49
moscow,11,Yasenevo,2026-06-08 16:00:00,55
moscow,11,Yasenevo,2026-06-08 17:00:00,55
moscow,11,Yasenevo,2026-06-08 18:00:00,59
moscow,11,Yasenevo,2026-06-08 19:00:00,60
moscow,11,Yasenevo,2026-06-08 20:00:00,56
moscow,11,Yasenevo,2026-06-08 21:00:00,53
moscow,11,Yasenevo,2026-06-08 22:00:00,49
moscow,11,Yasenevo,2026-06-08 23:00:00,49
moscow,11,Yasenevo,2026-06-09 00:00:00,50
moscow,11,Yasenevo,2026-06-09 01:00:00,50
moscow,11,Yasenevo,2026-06-09 02:00:00,49
moscow,11,Yasenevo,2026-06-09 03:00:00,50
moscow,11,Yasenevo,2026-06-09 04:00:00,48
moscow,11,Yasenevo,2026-06-09 05:00:00,51
moscow,11,Yasenevo,2026-06-09 06:00:00,57
moscow,11,Yasenevo,2026-06-09 07:00:00,61
moscow,11,Yasenevo,2026-06-09 08:00:00,61
moscow,11,Yasenevo,2026-06-09 09:00:00,62
moscow,11,Yasenevo,2026-06-09 10:00:00,57
moscow,11,Yasenevo,2026-06-09 11:00:00,52
moscow,11,Yasenevo,2026-06-09 12:00:00,48
moscow,11,Yasenevo,2026-06-09 13:00:00,53
moscow,11,Yasenevo,2026-06-09 14:00:00,53
moscow,11,Yasenevo,2026-06-09 15:00:00,57
moscow,11,Yasenevo,2026-06-09 16:00:00,60
moscow,11,Yasenevo,2026-06-09 17:00:00,56
moscow,12,Kuzminki,2026-04-10 18:00:00,29
moscow,12,Kuzminki,2026-04-10 19:00:00,25
moscow,12,Kuzminki,2026-04-10 20:00:00,29
moscow,12,Kuzminki,2026-04-10 21:00:00,26
moscow,12,Kuzminki,2026-04-10 22:00:00,22
moscow,12,Kuzminki,2026-04-10 23:00:00,18
moscow,12,Kuzminki,2026-04-11 00:00:00,16
moscow,12,Kuzminki,2026-04-11 01:00:00,16
moscow,12,Kuzminki,2026-04-11 02:00:00,18
moscow,12,Kuzminki,2026-04-11 03:00:00,17
moscow,12,Kuzminki,2026-04-11 04:00:00,19
moscow,12,Kuzminki,2026-04-11 05:00:00,19
moscow,12,Kuzminki,2026-04-11 06:00:00,25
moscow,12,Kuzminki,2026-04-11 07:00:00,27
moscow,12,Kuzminki,2026-04-11 08:00:00,24
moscow,12,Kuzminki,2026-04-11 09:00:00,28
moscow,12,Kuzminki,2026-04-11 10:00:00,25
moscow,12,Kuzminki,2026-04-11 11:00:00,21
moscow,12,Kuzminki,2026-04-11 12:00:00,18
moscow,12,Kuzminki,2026-04-11 13:00:00,21
moscow,12,Kuzminki,2026-04-11 14:00:00,15
moscow,12,Kuzminki,2026-04-11 15:00:00,23
moscow,12,Kuzminki,2026-04-11 16:00:00,22
moscow,12,Kuzminki,2026-04-11 17:00:00,27
moscow,12,Kuzminki,2026-04-11 18:00:00,26
moscow,12,Kuzminki,2026-04-11 19:00:00,22
moscow,12,Kuzminki,2026-04-11 20:00:00,29
moscow,12,Kuzminki,2026-04-11 21:00:00,29
moscow,12,Kuzminki,2026-04-11 22:00:00,24
moscow,12,Kuzminki,2026-04-11 23:00:00,21
moscow,12,Kuzminki,2026-04-12 00:00:00,15
moscow,12,Kuzminki,2026-04-12 01:00:00,18
moscow,12,Kuzminki,2026-04-12 02:00:00,20
moscow,12,Kuzminki,2026-04-12 03:00:00,13
moscow,12,Kuzminki,2026-04-12 04:00:00,24
moscow,12,Kuzminki,2026-04-12 05:00:00,21
moscow,12,Kuzminki,2026-04-12 06:00:00,24
moscow,12,Kuzminki,2026-04-12 07:00:00,25
moscow,12,Kuzminki,2026-04-12 08:00:00,27
moscow,12,Kuzminki,2026-04-12 09:00:00,26
moscow,12,Kuzminki,2026-04-12 10:00:00,21
moscow,12,Kuzminki,2026-04-12 11:00:00,19
moscow,12,Kuzminki,2026-04-12 12:00:00,21
moscow,12,Kuzminki,2026-04-12 13:00:00,15
moscow,12,Kuzminki,2026-04-12 14:00:00,20
moscow,12,Kuzminki,2026-04-12 15:00:00,20
moscow,12,Kuzminki,2026-04-12 16:00:00,21
moscow,12,Kuzminki,2026-04-12 17:00:00,29
moscow,12,Kuzminki,2026-04-12 18:00:00,24
moscow,12,Kuzminki,2026-04-12 19:00:00,23
moscow,12,Kuzminki,2026-04-12 20:00:00,30
moscow,12,Kuzminki,2026-04-12 21:00:00,26
moscow,12,Kuzminki,2026-04-12 22:00:00,25
moscow,12,Kuzminki,2026-04-12 23:00:00,24
moscow,12,Kuzminki,2026-04-13 00:00:00,22
moscow,12,Kuzminki,2026-04-13 01:00:00,21
moscow,12,Kuzminki,2026-04-13 02:00:00,20
moscow,12,Kuzminki,2026-04-13 03:00:00,23
moscow,12,Kuzminki,2026-04-13 04:00:00,23
moscow,12,Kuzminki,2026-04-13 05:00:00,25
moscow,12,Kuzminki,2026-04-13 06:00:00,32
moscow,12,Kuzminki,2026-04-13 07:00:00,33
moscow,12,Kuzminki,2026-04-13 08:00:00,37
moscow,12,Kuzminki,2026-04-13 09:00:00,35
moscow,12,Kuzminki,2026-04-13 10:00:00,32
moscow,12,Kuzminki,2026-04-13 11:00:00,27
moscow,12,Kuzminki,2026-04-13 12:00:00,23
moscow,12,Kuzminki,2026-04-13 13:00:00,23
moscow,12,Kuzminki,2026-04-13 14:00:00,23
moscow,12,Kuzminki,2026-04-13 15:00:00,22
moscow,12,Kuzminki,2026-04-13 16:00:00,31
moscow,12,Kuzminki,2026-04-13 17:00:00,33
moscow,12,Kuzminki,2026-04-13 18:00:00,35
moscow,12,Kuzminki,2026-04-13 19:00:00,32
moscow,12,Kuzminki,2026-04-13 20:00:00,31
moscow,12,Kuzminki,2026-04-13 21:00:00,23
moscow,12,Kuzminki,2026-04-13 22:00:00,21
moscow,12,Kuzminki,2026-04-13 23:00:00,17
moscow,12,Kuzminki,2026-04-14 00:00:00,22
moscow,12,Kuzminki,2026-04-14 01:00:00,20
moscow,12,Kuzminki,2026-04-14 02:00:00,20
moscow,12,Kuzminki,2026-04-14 03:00:00,23
moscow,12,Kuzminki,2026-04-14 04:00:00,23
moscow,12,Kuzminki,2026-04-14 05:00:00,23
moscow,12,Kuzminki,2026-04-14 06:00:00,35
moscow,12,Kuzminki,2026-04-14 07:00:00,33
moscow,12,Kuzminki,2026-04-14 08:00:00,33
moscow,12,Kuzminki,2026-04-14 09:00:00,32
moscow,12,Kuzminki,2026-04-14 10:00:00,30
moscow,12,Kuzminki,2026-04-14 11:00:00,26
moscow,12,Kuzminki,2026-04-14 12:00:00,27
moscow,12,Kuzminki,2026-04-14 13:00:00,23
moscow,12,Kuzminki,2026-04-14 14:00:00,28
moscow,12,Kuzminki,2026-04-14 15:00:00,26
moscow,12,Kuzminki,2026-04-14 16:00:00,31
moscow,12,Kuzminki,2026-04-14 17:00:00,35
moscow,12,Kuzminki,2026-04-14 18:00:00,36
moscow,12,Kuzminki,2026-04-14 19:00:00,35
moscow,12,Kuzminki,2026-04-14 20:00:00,29
moscow,12,Kuzminki,2026-04-14 21:00:00,27
moscow,12,Kuzminki,2026-04-14 22:00:00,19
moscow,12,Kuzminki,2026-04-14 23:00:00,22
moscow,12,Kuzminki,2026-04-15 00:00:00,25
moscow,12,Kuzminki,2026-04-15 01:00:00,24
moscow,12,Kuzminki,2026-04-15 02:00:00,22
moscow,12,Kuzminki,2026-04-15 03:00:00,26
moscow,12,Kuzminki,2026-04-15 04:00:00,23
moscow,12,Kuzminki,2026-04-15 05:00:00,25
moscow,12,Kuzminki,2026-04-15 06:00:00,30
moscow,12,Kuzminki,2026-04-15 07:00:00,32
moscow,12,Kuzminki,2026-04-15 08:00:00,37
moscow,12,Kuzminki,2026-04-15 09:00:00,35
moscow,12,Kuzminki,2026-04-15 10:00:00,32
moscow,12,Kuzminki,2026-04-15 11:00:00,26
moscow,12,Kuzminki,2026-04-15 12:00:00,24
moscow,12,Kuzminki,2026-04-15 13:00:00,20
moscow,12,Kuzminki,2026-04-15 14:00:00,26
moscow,12,Kuzminki,2026-04-15 15:00:00,28
moscow,12,Kuzminki,2026-04-15 16:00:00,28
moscow,12,Kuzminki,2026-04-15 17:00:00,33
moscow,12,Kuzminki,2026-04-15 18:00:00,34
moscow,12,Kuzminki,2026-04-15 19:00:00,37
moscow,12,Kuzminki,2026-04-15 20:00:00,28
moscow,12,Kuzminki,2026-04-15 21:00:00,28
moscow,12,Kuzminki,2026-04-15 22:00:00,23
moscow,12,Kuzminki,2026-04-15 23:00:00,22
moscow,12,Kuzminki,2026-04-16 00:00:00,24
moscow,12,Kuzminki,2026-04-16 01:00:00,23
moscow,12,Kuzminki,2026-04-16 02:00:00,23
moscow,12,Kuzminki,2026-04-16 03:00:00,24
moscow,12,Kuzminki,2026-04-16 04:00:00,24
moscow,12,Kuzminki,2026-04-16 05:00:00,29
moscow,12,Kuzminki,2026-04-16 06:00:00,31
moscow,12,Kuzminki,2026-04-16 07:00:00,35
moscow,12,Kuzminki,2026-04-16 08:00:00,37
moscow,12,Kuzminki,2026-04-16 09:00:00,35
moscow,12,Kuzminki,2026-04-16 10:00:00,32
moscow,12,Kuzminki,2026-04-16 11:00:00,28
moscow,12,Kuzminki,2026-04-16 12:00:00,26
moscow,12,Kuzminki,2026-04-16 13:00:00,24
moscow,12,Kuzminki,2026-04-16 14:00:00,24
moscow,12,Kuzminki,2026-04-16 15:00:00,25
moscow,12,Kuzminki,2026-04-16 16:00:00,28
moscow,12,Kuzminki,2026-04-16 17:00:00,38
moscow,12,Kuzminki,2026-04-16 18:00:00,31
moscow,12,Kuzminki,2026-04-16 19:00:00,36
moscow,12,Kuzminki,2026-04-16 20:00:00,30
moscow,12,Kuzminki,2026-04-16 21:00:00,30
moscow,12,Kuzminki,2026-04-16 22:00:00,21
moscow,12,Kuzminki,2026-04-16 23:00:00,24
moscow,12,Kuzminki,2026-04-17 00:00:00,27
moscow,12,Kuzminki,2026-04-17 01:00:00,25
moscow,12,Kuzminki,2026-04-17 02:00:00,23
moscow,12,Kuzminki,2026-04-17 03:00:00,20
moscow,12,Kuzminki,2026-04-17 04:00:00,23
moscow,12,Kuzminki,2026-04-17 05:00:00,31
moscow,12,Kuzminki,2026-04-17 06:00:00,31
moscow,12,Kuzminki,2026-04-17 07:00:00,35
moscow,12,Kuzminki,2026-04-17 08:00:00,38
moscow,12,Kuzminki,2026-04-17 09:00:00,33
moscow,12,Kuzminki,2026-04-17 10:00:00,33
moscow,12,Kuzminki,2026-04-17 11:00:00,27
moscow,12,Kuzminki,2026-04-17 12:00:00,26
moscow,12,Kuzminki,2026-04-17 13:00:00,24
moscow,12,Kuzminki,2026-04-17 14:00:00,23
moscow,12,Kuzminki,2026-04-17 15:00:00,28
moscow,12,Kuzminki,2026-04-17 16:00:00,33
moscow,12,Kuzminki,2026-04-17 17:00:00,35
moscow,12,Kuzminki,2026-04-17 18:00:00,36
moscow,12,Kuzminki,2026-04-17 19:00:00,36
moscow,12,Kuzminki,2026-04-17 20:00:00,31
moscow,12,Kuzminki,2026-04-17 21:00:00,29
moscow,12,Kuzminki,2026-04-17 22:00:00,25
moscow,12,Kuzminki,2026-04-17 23:00:00,27
moscow,12,Kuzminki,2026-04-18 00:00:00,21
moscow,12,Kuzminki,2026-04-18 01:00:00,19
moscow,12,Kuzminki,2026-04-18 02:00:00,18
moscow,12,Kuzminki,2026-04-18 03:00:00,23
moscow,12,Kuzminki,2026-04-18 04:00:00,20
moscow,12,Kuzminki,2026-04-18 05:00:00,24
moscow,12,Kuzminki,2026-04-18 06:00:00,32
moscow,12,Kuzminki,2026-04-18 07:00:00,31
moscow,12,Kuzminki,2026-04-18 08:00:00,34
moscow,12,Kuzminki,2026-04-18 09:00:00,29
moscow,12,Kuzminki,2026-04-18 10:00:00,29
moscow,12,Kuzminki,2026-04-18 11:00:00,24
moscow,12,Kuzminki,2026-04-18 12:00:00,23
moscow,12,Kuzminki,2026-04-18 13:00:00,26
moscow,12,Kuzminki,2026-04-18 14:00:00,22
moscow,12,Kuzminki,2026-04-18 15:00:00,24
moscow,12,Kuzminki,2026-04-18 16:00:00,25
moscow,12,Kuzminki,2026-04-18 17:00:00,31
moscow,12,Kuzminki,2026-04-18 18:00:00,29
moscow,12,Kuzminki,2026-04-18 19:00:00,31
moscow,12,Kuzminki,2026-04-18 20:00:00,31
moscow,12,Kuzminki,2026-04-18 21:00:00,32
moscow,12,Kuzminki,2026-04-18 22:00:00,27
moscow,12,Kuzminki,2026-04-18 23:00:00,28
moscow,12,Kuzminki,2026-04-19 00:00:00,21
moscow,12,Kuzminki,2026-04-19 01:00:00,20
moscow,12,Kuzminki,2026-04-19 02:00:00,20
moscow,12,Kuzminki,2026-04-19 03:00:00,20
moscow,12,Kuzminki,2026-04-19 04:00:00,24
moscow,12,Kuzminki,2026-04-19 05:00:00,22
moscow,12,Kuzminki,2026-04-19 06:00:00,27
moscow,12,Kuzminki,2026-04-19 07:00:00,31
moscow,12,Kuzminki,2026-04-19 08:00:00,35
moscow,12,Kuzminki,2026-04-19 09:00:00,30
moscow,12,Kuzminki,2026-04-19 10:00:00,27
moscow,12,Kuzminki,2026-04-19 11:00:00,25
moscow,12,Kuzminki,2026-04-19 12:00:00,19
moscow,12,Kuzminki,2026-04-19 13:00:00,20
moscow,12,Kuzminki,2026-04-19 14:00:00,22
moscow,12,Kuzminki,2026-04-19 15:00:00,24
moscow,12,Kuzminki,2026-04-19 16:00:00,24
moscow,12,Kuzminki,2026-04-19 17:00:00,32
moscow,12,Kuzminki,2026-04-19 18:00:00,31
moscow,12,Kuzminki,2026-04-19 19:00:00,30
moscow,12,Kuzminki,2026-04-19 20:00:00,34
moscow,12,Kuzminki,2026-04-19 21:00:00,32
moscow,12,Kuzminki,2026-04-19 22:00:00,30
moscow,12,Kuzminki,2026-04-19 23:00:00,27
moscow,12,Kuzminki,2026-04-20 00:00:00,27
moscow,12,Kuzminki,2026-04-20 01:00:00,24
moscow,12,Kuzminki,2026-04-20 02:00:00,26
moscow,12,Kuzminki,2026-04-20 03:00:00,28
moscow,12,Kuzminki,2026-04-20 04:00:00,30
moscow,12,Kuzminki,2026-04-20 05:00:00,33
moscow,12,Kuzminki,2026-04-20 06:00:00,34
moscow,12,Kuzminki,2026-04-20 07:00:00,37
moscow,12,Kuzminki,2026-04-20 08:00:00,38
moscow,12,Kuzminki,2026-04-20 09:00:00,34
moscow,12,Kuzminki,2026-04-20 10:00:00,31
moscow,12,Kuzminki,2026-04-20 11:00:00,30
moscow,12,Kuzminki,2026-04-20 12:00:00,28
moscow,12,Kuzminki,2026-04-20 13:00:00,30
moscow,12,Kuzminki,2026-04-20 14:00:00,31
moscow,12,Kuzminki,2026-04-20 15:00:00,29
moscow,12,Kuzminki,2026-04-20 16:00:00,35
moscow,12,Kuzminki,2026-04-20 17:00:00,36
moscow,12,Kuzminki,2026-04-20 18:00:00,39
moscow,12,Kuzminki,2026-04-20 19:00:00,38
moscow,12,Kuzminki,2026-04-20 20:00:00,36
moscow,12,Kuzminki,2026-04-20 21:00:00,30
moscow,12,Kuzminki,2026-04-20 22:00:00,30
moscow,12,Kuzminki,2026-04-20 23:00:00,23
moscow,12,Kuzminki,2026-04-21 00:00:00,29
moscow,12,Kuzminki,2026-04-21 01:00:00,26
moscow,12,Kuzminki,2026-04-21 02:00:00,26
moscow,12,Kuzminki,2026-04-21 03:00:00,23
moscow,12,Kuzminki,2026-04-21 04:00:00,27
moscow,12,Kuzminki,2026-04-21 05:00:00,33
moscow,12,Kuzminki,2026-04-21 06:00:00,33
moscow,12,Kuzminki,2026-04-21 07:00:00,39
moscow,12,Kuzminki,2026-04-21 08:00:00,40
moscow,12,Kuzminki,2026-04-21 09:00:00,40
moscow,12,Kuzminki,2026-04-21 10:00:00,35
moscow,12,Kuzminki,2026-04-21 11:00:00,29
moscow,12,Kuzminki,2026-04-21 12:00:00,28
moscow,12,Kuzminki,2026-04-21 13:00:00,31
moscow,12,Kuzminki,2026-04-21 14:00:00,30
moscow,12,Kuzminki,2026-04-21 15:00:00,31
moscow,12,Kuzminki,2026-04-21 16:00:00,39
moscow,12,Kuzminki,2026-04-21 17:00:00,39
moscow,12,Kuzminki,2026-04-21 18:00:00,40
moscow,12,Kuzminki,2026-04-21 19:00:00,38
moscow,12,Kuzminki,2026-04-21 20:00:00,36
moscow,12,Kuzminki,2026-04-21 21:00:00,33
moscow,12,Kuzminki,2026-04-21 22:00:00,24
moscow,12,Kuzminki,2026-04-21 23:00:00,28
moscow,12,Kuzminki,2026-04-22 00:00:00,27
moscow,12,Kuzminki,2026-04-22 01:00:00,26
moscow,12,Kuzminki,2026-04-22 02:00:00,27
moscow,12,Kuzminki,2026-04-22 03:00:00,24
moscow,12,Kuzminki,2026-04-22 04:00:00,25
moscow,12,Kuzminki,2026-04-22 05:00:00,34
moscow,12,Kuzminki,2026-04-22 06:00:00,36
moscow,12,Kuzminki,2026-04-22 07:00:00,34
moscow,12,Kuzminki,2026-04-22 08:00:00,39
moscow,12,Kuzminki,2026-04-22 09:00:00,40
moscow,12,Kuzminki,2026-04-22 10:00:00,34
moscow,12,Kuzminki,2026-04-22 11:00:00,34
moscow,12,Kuzminki,2026-04-22 12:00:00,31
moscow,12,Kuzminki,2026-04-22 13:00:00,26
moscow,12,Kuzminki,2026-04-22 14:00:00,29
moscow,12,Kuzminki,2026-04-22 15:00:00,31
moscow,12,Kuzminki,2026-04-22 16:00:00,32
moscow,12,Kuzminki,2026-04-22 17:00:00,35
moscow,12,Kuzminki,2026-04-22 18:00:00,37
moscow,12,Kuzminki,2026-04-22 19:00:00,37
moscow,12,Kuzminki,2026-04-22 20:00:00,36
moscow,12,Kuzminki,2026-04-22 21:00:00,34
moscow,12,Kuzminki,2026-04-22 22:00:00,30
moscow,12,Kuzminki,2026-04-22 23:00:00,29
moscow,12,Kuzminki,2026-04-23 00:00:00,27
moscow,12,Kuzminki,2026-04-23 01:00:00,29
moscow,12,Kuzminki,2026-04-23 02:00:00,27
moscow,12,Kuzminki,2026-04-23 03:00:00,27
moscow,12,Kuzminki,2026-04-23 04:00:00,33
moscow,12,Kuzminki,2026-04-23 05:00:00,27
moscow,12,Kuzminki,2026-04-23 06:00:00,32
moscow,12,Kuzminki,2026-04-23 07:00:00,40
moscow,12,Kuzminki,2026-04-23 08:00:00,40
moscow,12,Kuzminki,2026-04-23 09:00:00,36
moscow,12,Kuzminki,2026-04-23 10:00:00,33
moscow,12,Kuzminki,2026-04-23 11:00:00,30
moscow,12,Kuzminki,2026-04-23 12:00:00,31
moscow,12,Kuzminki,2026-04-23 13:00:00,32
moscow,12,Kuzminki,2026-04-23 14:00:00,33
moscow,12,Kuzminki,2026-04-23 15:00:00,29
moscow,12,Kuzminki,2026-04-23 16:00:00,33
moscow,12,Kuzminki,2026-04-23 17:00:00,36
moscow,12,Kuzminki,2026-04-23 18:00:00,42
moscow,12,Kuzminki,2026-04-23 19:00:00,39
moscow,12,Kuzminki,2026-04-23 20:00:00,36
moscow,12,Kuzminki,2026-04-23 21:00:00,33
moscow,12,Kuzminki,2026-04-23 22:00:00,30
moscow,12,Kuzminki,2026-04-23 23:00:00,26
moscow,12,Kuzminki,2026-04-24 00:00:00,29
moscow,12,Kuzminki,2026-04-24 01:00:00,28
moscow,12,Kuzminki,2026-04-24 02:00:00,26
moscow,12,Kuzminki,2026-04-24 03:00:00,30
moscow,12,Kuzminki,2026-04-24 04:00:00,29
moscow,12,Kuzminki,2026-04-24 05:00:00,33
moscow,12,Kuzminki,2026-04-24 06:00:00,36
moscow,12,Kuzminki,2026-04-24 07:00:00,42
moscow,12,Kuzminki,2026-04-24 08:00:00,42
moscow,12,Kuzminki,2026-04-24 09:00:00,38
moscow,12,Kuzminki,2026-04-24 10:00:00,37
moscow,12,Kuzminki,2026-04-24 11:00:00,33
moscow,12,Kuzminki,2026-04-24 12:00:00,31
moscow,12,Kuzminki,2026-04-24 13:00:00,32
moscow,12,Kuzminki,2026-04-24 14:00:00,29
moscow,12,Kuzminki,2026-04-24 15:00:00,34
moscow,12,Kuzminki,2026-04-24 16:00:00,33
moscow,12,Kuzminki,2026-04-24 17:00:00,39
moscow,12,Kuzminki,2026-04-24 18:00:00,40
moscow,12,Kuzminki,2026-04-24 19:00:00,42
moscow,12,Kuzminki,2026-04-24 20:00:00,36
moscow,12,Kuzminki,2026-04-24 21:00:00,34
moscow,12,Kuzminki,2026-04-24 22:00:00,27
moscow,12,Kuzminki,2026-04-24 23:00:00,28
moscow,12,Kuzminki,2026-04-25 00:00:00,23
moscow,12,Kuzminki,2026-04-25 01:00:00,30
moscow,12,Kuzminki,2026-04-25 02:00:00,24
moscow,12,Kuzminki,2026-04-25 03:00:00,26
moscow,12,Kuzminki,2026-04-25 04:00:00,27
moscow,12,Kuzminki,2026-04-25 05:00:00,25
moscow,12,Kuzminki,2026-04-25 06:00:00,30
moscow,12,Kuzminki,2026-04-25 07:00:00,35
moscow,12,Kuzminki,2026-04-25 08:00:00,36
moscow,12,Kuzminki,2026-04-25 09:00:00,30
moscow,12,Kuzminki,2026-04-25 10:00:00,30
moscow,12,Kuzminki,2026-04-25 11:00:00,30
moscow,12,Kuzminki,2026-04-25 12:00:00,28
moscow,12,Kuzminki,2026-04-25 13:00:00,29
moscow,12,Kuzminki,2026-04-25 14:00:00,25
moscow,12,Kuzminki,2026-04-25 15:00:00,31
moscow,12,Kuzminki,2026-04-25 16:00:00,31
moscow,12,Kuzminki,2026-04-25 17:00:00,37
moscow,12,Kuzminki,2026-04-25 18:00:00,35
moscow,12,Kuzminki,2026-04-25 19:00:00,30
moscow,12,Kuzminki,2026-04-25 20:00:00,41
moscow,12,Kuzminki,2026-04-25 21:00:00,35
moscow,12,Kuzminki,2026-04-25 22:00:00,32
moscow,12,Kuzminki,2026-04-25 23:00:00,28
moscow,12,Kuzminki,2026-04-26 00:00:00,29
moscow,12,Kuzminki,2026-04-26 01:00:00,25
moscow,12,Kuzminki,2026-04-26 02:00:00,29
moscow,12,Kuzminki,2026-04-26 03:00:00,25
moscow,12,Kuzminki,2026-04-26 04:00:00,25
moscow,12,Kuzminki,2026-04-26 05:00:00,32
moscow,12,Kuzminki,2026-04-26 06:00:00,32
moscow,12,Kuzminki,2026-04-26 07:00:00,35
moscow,12,Kuzminki,2026-04-26 08:00:00,34
moscow,12,Kuzminki,2026-04-26 09:00:00,34
moscow,12,Kuzminki,2026-04-26 10:00:00,33
moscow,12,Kuzminki,2026-04-26 11:00:00,26
moscow,12,Kuzminki,2026-04-26 12:00:00,26
moscow,12,Kuzminki,2026-04-26 13:00:00,26
moscow,12,Kuzminki,2026-04-26 14:00:00,28
moscow,12,Kuzminki,2026-04-26 15:00:00,32
moscow,12,Kuzminki,2026-04-26 16:00:00,31
moscow,12,Kuzminki,2026-04-26 17:00:00,33
moscow,12,Kuzminki,2026-04-26 18:00:00,41
moscow,12,Kuzminki,2026-04-26 19:00:00,33
moscow,12,Kuzminki,2026-04-26 20:00:00,39
moscow,12,Kuzminki,2026-04-26 21:00:00,36
moscow,12,Kuzminki,2026-04-26 22:00:00,33
moscow,12,Kuzminki,2026-04-26 23:00:00,32
moscow,12,Kuzminki,2026-04-27 00:00:00,32
moscow,12,Kuzminki,2026-04-27 01:00:00,31
moscow,12,Kuzminki,2026-04-27 02:00:00,32
moscow,12,Kuzminki,2026-04-27 03:00:00,33
moscow,12,Kuzminki,2026-04-27 04:00:00,32
moscow,12,Kuzminki,2026-04-27 05:00:00,35
moscow,12,Kuzminki,2026-04-27 06:00:00,40
moscow,12,Kuzminki,2026-04-27 07:00:00,40
moscow,12,Kuzminki,2026-04-27 08:00:00,48
moscow,12,Kuzminki,2026-04-27 09:00:00,41
moscow,12,Kuzminki,2026-04-27 10:00:00,37
moscow,12,Kuzminki,2026-04-27 11:00:00,32
moscow,12,Kuzminki,2026-04-27 12:00:00,30
moscow,12,Kuzminki,2026-04-27 13:00:00,34
moscow,12,Kuzminki,2026-04-27 14:00:00,37
moscow,12,Kuzminki,2026-04-27 15:00:00,34
moscow,12,Kuzminki,2026-04-27 16:00:00,39
moscow,12,Kuzminki,2026-04-27 17:00:00,41
moscow,12,Kuzminki,2026-04-27 18:00:00,44
moscow,12,Kuzminki,2026-04-27 19:00:00,45
moscow,12,Kuzminki,2026-04-27 20:00:00,41
moscow,12,Kuzminki,2026-04-27 21:00:00,34
moscow,12,Kuzminki,2026-04-27 22:00:00,34
moscow,12,Kuzminki,2026-04-27 23:00:00,32
moscow,12,Kuzminki,2026-04-28 00:00:00,31
moscow,12,Kuzminki,2026-04-28 01:00:00,28
moscow,12,Kuzminki,2026-04-28 02:00:00,29
moscow,12,Kuzminki,2026-04-28 03:00:00,34
moscow,12,Kuzminki,2026-04-28 04:00:00,35
moscow,12,Kuzminki,2026-04-28 05:00:00,35
moscow,12,Kuzminki,2026-04-28 06:00:00,39
moscow,12,Kuzminki,2026-04-28 07:00:00,45
moscow,12,Kuzminki,2026-04-28 08:00:00,41
moscow,12,Kuzminki,2026-04-28 09:00:00,41
moscow,12,Kuzminki,2026-04-28 10:00:00,43
moscow,12,Kuzminki,2026-04-28 11:00:00,36
moscow,12,Kuzminki,2026-04-28 12:00:00,31
moscow,12,Kuzminki,2026-04-28 13:00:00,32
moscow,12,Kuzminki,2026-04-28 14:00:00,35
moscow,12,Kuzminki,2026-04-28 15:00:00,31
moscow,12,Kuzminki,2026-04-28 16:00:00,39
moscow,12,Kuzminki,2026-04-28 17:00:00,41
moscow,12,Kuzminki,2026-04-28 18:00:00,39
moscow,12,Kuzminki,2026-04-28 19:00:00,42
moscow,12,Kuzminki,2026-04-28 20:00:00,38
moscow,12,Kuzminki,2026-04-28 21:00:00,36
moscow,12,Kuzminki,2026-04-28 22:00:00,32
moscow,12,Kuzminki,2026-04-28 23:00:00,30
moscow,12,Kuzminki,2026-04-29 00:00:00,28
moscow,12,Kuzminki,2026-04-29 01:00:00,30
moscow,12,Kuzminki,2026-04-29 02:00:00,33
moscow,12,Kuzminki,2026-04-29 03:00:00,32
moscow,12,Kuzminki,2026-04-29 04:00:00,33
moscow,12,Kuzminki,2026-04-29 05:00:00,34
moscow,12,Kuzminki,2026-04-29 06:00:00,39
moscow,12,Kuzminki,2026-04-29 07:00:00,44
moscow,12,Kuzminki,2026-04-29 08:00:00,46
moscow,12,Kuzminki,2026-04-29 09:00:00,42
moscow,12,Kuzminki,2026-04-29 10:00:00,34
moscow,12,Kuzminki,2026-04-29 11:00:00,34
moscow,12,Kuzminki,2026-04-29 12:00:00,32
moscow,12,Kuzminki,2026-04-29 13:00:00,31
moscow,12,Kuzminki,2026-04-29 14:00:00,33
moscow,12,Kuzminki,2026-04-29 15:00:00,38
moscow,12,Kuzminki,2026-04-29 16:00:00,39
moscow,12,Kuzminki,2026-04-29 17:00:00,44
moscow,12,Kuzminki,2026-04-29 18:00:00,40
moscow,12,Kuzminki,2026-04-29 19:00:00,42
moscow,12,Kuzminki,2026-04-29 20:00:00,36
moscow,12,Kuzminki,2026-04-29 21:00:00,35
moscow,12,Kuzminki,2026-04-29 22:00:00,32
moscow,12,Kuzminki,2026-04-29 23:00:00,35
moscow,12,Kuzminki,2026-04-30 00:00:00,33
moscow,12,Kuzminki,2026-04-30 01:00:00,34
moscow,12,Kuzminki,2026-04-30 02:00:00,31
moscow,12,Kuzminki,2026-04-30 03:00:00,30
moscow,12,Kuzminki,2026-04-30 04:00:00,32
moscow,12,Kuzminki,2026-04-30 05:00:00,37
moscow,12,Kuzminki,2026-04-30 06:00:00,44
moscow,12,Kuzminki,2026-04-30 07:00:00,44
moscow,12,Kuzminki,2026-04-30 08:00:00,44
moscow,12,Kuzminki,2026-04-30 09:00:00,43
moscow,12,Kuzminki,2026-04-30 10:00:00,40
moscow,12,Kuzminki,2026-04-30 11:00:00,40
moscow,12,Kuzminki,2026-04-30 12:00:00,37
moscow,12,Kuzminki,2026-04-30 13:00:00,34
moscow,12,Kuzminki,2026-04-30 14:00:00,35
moscow,12,Kuzminki,2026-04-30 15:00:00,37
moscow,12,Kuzminki,2026-04-30 16:00:00,41
moscow,12,Kuzminki,2026-04-30 17:00:00,42
moscow,12,Kuzminki,2026-04-30 18:00:00,42
moscow,12,Kuzminki,2026-04-30 19:00:00,45
moscow,12,Kuzminki,2026-04-30 20:00:00,40
moscow,12,Kuzminki,2026-04-30 21:00:00,39
moscow,12,Kuzminki,2026-04-30 22:00:00,38
moscow,12,Kuzminki,2026-04-30 23:00:00,34
moscow,12,Kuzminki,2026-05-01 00:00:00,33
moscow,12,Kuzminki,2026-05-01 01:00:00,39
moscow,12,Kuzminki,2026-05-01 02:00:00,33
moscow,12,Kuzminki,2026-05-01 03:00:00,31
moscow,12,Kuzminki,2026-05-01 04:00:00,34
moscow,12,Kuzminki,2026-05-01 05:00:00,40
moscow,12,Kuzminki,2026-05-01 06:00:00,38
moscow,12,Kuzminki,2026-05-01 07:00:00,43
moscow,12,Kuzminki,2026-05-01 08:00:00,48
moscow,12,Kuzminki,2026-05-01 09:00:00,44
moscow,12,Kuzminki,2026-05-01 10:00:00,40
moscow,12,Kuzminki,2026-05-01 11:00:00,39
moscow,12,Kuzminki,2026-05-01 12:00:00,33
moscow,12,Kuzminki,2026-05-01 13:00:00,31
moscow,12,Kuzminki,2026-05-01 14:00:00,32
moscow,12,Kuzminki,2026-05-01 15:00:00,39
moscow,12,Kuzminki,2026-05-01 16:00:00,41
moscow,12,Kuzminki,2026-05-01 17:00:00,42
moscow,12,Kuzminki,2026-05-01 18:00:00,42
moscow,12,Kuzminki,2026-05-01 19:00:00,43
moscow,12,Kuzminki,2026-05-01 20:00:00,43
moscow,12,Kuzminki,2026-05-01 21:00:00,36
moscow,12,Kuzminki,2026-05-01 22:00:00,34
moscow,12,Kuzminki,2026-05-01 23:00:00,31
moscow,12,Kuzminki,2026-05-02 00:00:00,29
moscow,12,Kuzminki,2026-05-02 01:00:00,30
moscow,12,Kuzminki,2026-05-02 02:00:00,34
moscow,12,Kuzminki,2026-05-02 03:00:00,30
moscow,12,Kuzminki,2026-05-02 04:00:00,31
moscow,12,Kuzminki,2026-05-02 05:00:00,34
moscow,12,Kuzminki,2026-05-02 06:00:00,37
moscow,12,Kuzminki,2026-05-02 07:00:00,38
moscow,12,Kuzminki,2026-05-02 08:00:00,45
moscow,12,Kuzminki,2026-05-02 09:00:00,39
moscow,12,Kuzminki,2026-05-02 10:00:00,36
moscow,12,Kuzminki,2026-05-02 11:00:00,34
moscow,12,Kuzminki,2026-05-02 12:00:00,32
moscow,12,Kuzminki,2026-05-02 13:00:00,34
moscow,12,Kuzminki,2026-05-02 14:00:00,30
moscow,12,Kuzminki,2026-05-02 15:00:00,35
moscow,12,Kuzminki,2026-05-02 16:00:00,36
moscow,12,Kuzminki,2026-05-02 17:00:00,40
moscow,12,Kuzminki,2026-05-02 18:00:00,39
moscow,12,Kuzminki,2026-05-02 19:00:00,37
moscow,12,Kuzminki,2026-05-02 20:00:00,45
moscow,12,Kuzminki,2026-05-02 21:00:00,41
moscow,12,Kuzminki,2026-05-02 22:00:00,36
moscow,12,Kuzminki,2026-05-02 23:00:00,38
moscow,12,Kuzminki,2026-05-03 00:00:00,31
moscow,12,Kuzminki,2026-05-03 01:00:00,30
moscow,12,Kuzminki,2026-05-03 02:00:00,29
moscow,12,Kuzminki,2026-05-03 03:00:00,31
moscow,12,Kuzminki,2026-05-03 04:00:00,33
moscow,12,Kuzminki,2026-05-03 05:00:00,30
moscow,12,Kuzminki,2026-05-03 06:00:00,37
moscow,12,Kuzminki,2026-05-03 07:00:00,41
moscow,12,Kuzminki,2026-05-03 08:00:00,36
moscow,12,Kuzminki,2026-05-03 09:00:00,40
moscow,12,Kuzminki,2026-05-03 10:00:00,38
moscow,12,Kuzminki,2026-05-03 11:00:00,35
moscow,12,Kuzminki,2026-05-03 12:00:00,33
moscow,12,Kuzminki,2026-05-03 13:00:00,31
moscow,12,Kuzminki,2026-05-03 14:00:00,30
moscow,12,Kuzminki,2026-05-03 15:00:00,30
moscow,12,Kuzminki,2026-05-03 16:00:00,39
moscow,12,Kuzminki,2026-05-03 17:00:00,40
moscow,12,Kuzminki,2026-05-03 18:00:00,42
moscow,12,Kuzminki,2026-05-03 19:00:00,37
moscow,12,Kuzminki,2026-05-03 20:00:00,46
moscow,12,Kuzminki,2026-05-03 21:00:00,38
moscow,12,Kuzminki,2026-05-03 22:00:00,36
moscow,12,Kuzminki,2026-05-03 23:00:00,37
moscow,12,Kuzminki,2026-05-04 00:00:00,36
moscow,12,Kuzminki,2026-05-04 01:00:00,38
moscow,12,Kuzminki,2026-05-04 02:00:00,34
moscow,12,Kuzminki,2026-05-04 03:00:00,33
moscow,12,Kuzminki,2026-05-04 04:00:00,34
moscow,12,Kuzminki,2026-05-04 05:00:00,37
moscow,12,Kuzminki,2026-05-04 06:00:00,47
moscow,12,Kuzminki,2026-05-04 07:00:00,48
moscow,12,Kuzminki,2026-05-04 08:00:00,50
moscow,12,Kuzminki,2026-05-04 09:00:00,46
moscow,12,Kuzminki,2026-05-04 10:00:00,43
moscow,12,Kuzminki,2026-05-04 11:00:00,40
moscow,12,Kuzminki,2026-05-04 12:00:00,36
moscow,12,Kuzminki,2026-05-04 13:00:00,35
moscow,12,Kuzminki,2026-05-04 14:00:00,36
moscow,12,Kuzminki,2026-05-04 15:00:00,38
moscow,12,Kuzminki,2026-05-04 16:00:00,43
moscow,12,Kuzminki,2026-05-04 17:00:00,44
moscow,12,Kuzminki,2026-05-04 18:00:00,47
moscow,12,Kuzminki,2026-05-04 19:00:00,46
moscow,12,Kuzminki,2026-05-04 20:00:00,42
moscow,12,Kuzminki,2026-05-04 21:00:00,38
moscow,12,Kuzminki,2026-05-04 22:00:00,37
moscow,12,Kuzminki,2026-05-04 23:00:00,34
moscow,12,Kuzminki,2026-05-05 00:00:00,35
moscow,12,Kuzminki,2026-05-05 01:00:00,37
moscow,12,Kuzminki,2026-05-05 02:00:00,33
moscow,12,Kuzminki,2026-05-05 03:00:00,40
moscow,12,Kuzminki,2026-05-05 04:00:00,37
moscow,12,Kuzminki,2026-05-05 05:00:00,40
moscow,12,Kuzminki,2026-05-05 06:00:00,42
moscow,12,Kuzminki,2026-05-05 07:00:00,49
moscow,12,Kuzminki,2026-05-05 08:00:00,48
moscow,12,Kuzminki,2026-05-05 09:00:00,46
moscow,12,Kuzminki,2026-05-05 10:00:00,42
moscow,12,Kuzminki,2026-05-05 11:00:00,39
moscow,12,Kuzminki,2026-05-05 12:00:00,38
moscow,12,Kuzminki,2026-05-05 13:00:00,37
moscow,12,Kuzminki,2026-05-05 14:00:00,38
moscow,12,Kuzminki,2026-05-05 15:00:00,39
moscow,12,Kuzminki,2026-05-05 16:00:00,42
moscow,12,Kuzminki,2026-05-05 17:00:00,45
moscow,12,Kuzminki,2026-05-05 18:00:00,48
moscow,12,Kuzminki,2026-05-05 19:00:00,47
moscow,12,Kuzminki,2026-05-05 20:00:00,45
moscow,12,Kuzminki,2026-05-05 21:00:00,40
moscow,12,Kuzminki,2026-05-05 22:00:00,38
moscow,12,Kuzminki,2026-05-05 23:00:00,36
moscow,12,Kuzminki,2026-05-06 00:00:00,32
moscow,12,Kuzminki,2026-05-06 01:00:00,35
moscow,12,Kuzminki,2026-05-06 02:00:00,35
moscow,12,Kuzminki,2026-05-06 03:00:00,34
moscow,12,Kuzminki,2026-05-06 04:00:00,36
moscow,12,Kuzminki,2026-05-06 05:00:00,40
moscow,12,Kuzminki,2026-05-06 06:00:00,41
moscow,12,Kuzminki,2026-05-06 07:00:00,46
moscow,12,Kuzminki,2026-05-06 08:00:00,52
moscow,12,Kuzminki,2026-05-06 09:00:00,44
moscow,12,Kuzminki,2026-05-06 10:00:00,43
moscow,12,Kuzminki,2026-05-06 11:00:00,38
moscow,12,Kuzminki,2026-05-06 12:00:00,36
moscow,12,Kuzminki,2026-05-06 13:00:00,37
moscow,12,Kuzminki,2026-05-06 14:00:00,36
moscow,12,Kuzminki,2026-05-06 15:00:00,42
moscow,12,Kuzminki,2026-05-06 16:00:00,47
moscow,12,Kuzminki,2026-05-06 17:00:00,48
moscow,12,Kuzminki,2026-05-06 18:00:00,50
moscow,12,Kuzminki,2026-05-06 19:00:00,44
moscow,12,Kuzminki,2026-05-06 20:00:00,43
moscow,12,Kuzminki,2026-05-06 21:00:00,42
moscow,12,Kuzminki,2026-05-06 22:00:00,40
moscow,12,Kuzminki,2026-05-06 23:00:00,40
moscow,12,Kuzminki,2026-05-07 00:00:00,38
moscow,12,Kuzminki,2026-05-07 01:00:00,38
moscow,12,Kuzminki,2026-05-07 02:00:00,42
moscow,12,Kuzminki,2026-05-07 03:00:00,37
moscow,12,Kuzminki,2026-05-07 04:00:00,38
moscow,12,Kuzminki,2026-05-07 05:00:00,41
moscow,12,Kuzminki,2026-05-07 06:00:00,43
moscow,12,Kuzminki,2026-05-07 07:00:00,48
moscow,12,Kuzminki,2026-05-07 08:00:00,46
moscow,12,Kuzminki,2026-05-07 09:00:00,47
moscow,12,Kuzminki,2026-05-07 10:00:00,44
moscow,12,Kuzminki,2026-05-07 11:00:00,43
moscow,12,Kuzminki,2026-05-07 12:00:00,41
moscow,12,Kuzminki,2026-05-07 13:00:00,36
moscow,12,Kuzminki,2026-05-07 14:00:00,43
moscow,12,Kuzminki,2026-05-07 15:00:00,42
moscow,12,Kuzminki,2026-05-07 16:00:00,45
moscow,12,Kuzminki,2026-05-07 17:00:00,44
moscow,12,Kuzminki,2026-05-07 18:00:00,47
moscow,12,Kuzminki,2026-05-07 19:00:00,49
moscow,12,Kuzminki,2026-05-07 20:00:00,45
moscow,12,Kuzminki,2026-05-07 21:00:00,41
moscow,12,Kuzminki,2026-05-07 22:00:00,39
moscow,12,Kuzminki,2026-05-07 23:00:00,34
moscow,12,Kuzminki,2026-05-08 00:00:00,37
moscow,12,Kuzminki,2026-05-08 01:00:00,40
moscow,12,Kuzminki,2026-05-08 02:00:00,39
moscow,12,Kuzminki,2026-05-08 03:00:00,37
moscow,12,Kuzminki,2026-05-08 04:00:00,42
moscow,12,Kuzminki,2026-05-08 05:00:00,39
moscow,12,Kuzminki,2026-05-08 06:00:00,43
moscow,12,Kuzminki,2026-05-08 07:00:00,52
moscow,12,Kuzminki,2026-05-08 08:00:00,51
moscow,12,Kuzminki,2026-05-08 09:00:00,48
moscow,12,Kuzminki,2026-05-08 10:00:00,45
moscow,12,Kuzminki,2026-05-08 11:00:00,40
moscow,12,Kuzminki,2026-05-08 12:00:00,40
moscow,12,Kuzminki,2026-05-08 13:00:00,39
moscow,12,Kuzminki,2026-05-08 14:00:00,40
moscow,12,Kuzminki,2026-05-08 15:00:00,40
moscow,12,Kuzminki,2026-05-08 16:00:00,46
moscow,12,Kuzminki,2026-05-08 17:00:00,47
moscow,12,Kuzminki,2026-05-08 18:00:00,47
moscow,12,Kuzminki,2026-05-08 19:00:00,50
moscow,12,Kuzminki,2026-05-08 20:00:00,49
moscow,12,Kuzminki,2026-05-08 21:00:00,46
moscow,12,Kuzminki,2026-05-08 22:00:00,41
moscow,12,Kuzminki,2026-05-08 23:00:00,37
moscow,12,Kuzminki,2026-05-09 00:00:00,34
moscow,12,Kuzminki,2026-05-09 01:00:00,35
moscow,12,Kuzminki,2026-05-09 02:00:00,33
moscow,12,Kuzminki,2026-05-09 03:00:00,37
moscow,12,Kuzminki,2026-05-09 04:00:00,31
moscow,12,Kuzminki,2026-05-09 05:00:00,37
moscow,12,Kuzminki,2026-05-09 06:00:00,42
moscow,12,Kuzminki,2026-05-09 07:00:00,41
moscow,12,Kuzminki,2026-05-09 08:00:00,44
moscow,12,Kuzminki,2026-05-09 09:00:00,44
moscow,12,Kuzminki,2026-05-09 10:00:00,43
moscow,12,Kuzminki,2026-05-09 11:00:00,35
moscow,12,Kuzminki,2026-05-09 12:00:00,33
moscow,12,Kuzminki,2026-05-09 13:00:00,33
moscow,12,Kuzminki,2026-05-09 14:00:00,33
moscow,12,Kuzminki,2026-05-09 15:00:00,35
moscow,12,Kuzminki,2026-05-09 16:00:00,38
moscow,12,Kuzminki,2026-05-09 17:00:00,45
moscow,12,Kuzminki,2026-05-09 18:00:00,43
moscow,12,Kuzminki,2026-05-09 19:00:00,43
moscow,12,Kuzminki,2026-05-09 20:00:00,46
moscow,12,Kuzminki,2026-05-09 21:00:00,46
moscow,12,Kuzminki,2026-05-09 22:00:00,46
moscow,12,Kuzminki,2026-05-09 23:00:00,38
moscow,12,Kuzminki,2026-05-10 00:00:00,38
moscow,12,Kuzminki,2026-05-10 01:00:00,35
moscow,12,Kuzminki,2026-05-10 02:00:00,35
moscow,12,Kuzminki,2026-05-10 03:00:00,36
moscow,12,Kuzminki,2026-05-10 04:00:00,37
moscow,12,Kuzminki,2026-05-10 05:00:00,42
moscow,12,Kuzminki,2026-05-10 06:00:00,42
moscow,12,Kuzminki,2026-05-10 07:00:00,45
moscow,12,Kuzminki,2026-05-10 08:00:00,44
moscow,12,Kuzminki,2026-05-10 09:00:00,45
moscow,12,Kuzminki,2026-05-10 10:00:00,39
moscow,12,Kuzminki,2026-05-10 11:00:00,38
moscow,12,Kuzminki,2026-05-10 12:00:00,42
moscow,12,Kuzminki,2026-05-10 13:00:00,31
moscow,12,Kuzminki,2026-05-10 14:00:00,37
moscow,12,Kuzminki,2026-05-10 15:00:00,39
moscow,12,Kuzminki,2026-05-10 16:00:00,40
moscow,12,Kuzminki,2026-05-10 17:00:00,43
moscow,12,Kuzminki,2026-05-10 18:00:00,44
moscow,12,Kuzminki,2026-05-10 19:00:00,43
moscow,12,Kuzminki,2026-05-10 20:00:00,49
moscow,12,Kuzminki,2026-05-10 21:00:00,44
moscow,12,Kuzminki,2026-05-10 22:00:00,46
moscow,12,Kuzminki,2026-05-10 23:00:00,40
moscow,12,Kuzminki,2026-05-11 00:00:00,40
moscow,12,Kuzminki,2026-05-11 01:00:00,38
moscow,12,Kuzminki,2026-05-11 02:00:00,41
moscow,12,Kuzminki,2026-05-11 03:00:00,41
moscow,12,Kuzminki,2026-05-11 04:00:00,41
moscow,12,Kuzminki,2026-05-11 05:00:00,41
moscow,12,Kuzminki,2026-05-11 06:00:00,45
moscow,12,Kuzminki,2026-05-11 07:00:00,54
moscow,12,Kuzminki,2026-05-11 08:00:00,51
moscow,12,Kuzminki,2026-05-11 09:00:00,52
moscow,12,Kuzminki,2026-05-11 10:00:00,45
moscow,12,Kuzminki,2026-05-11 11:00:00,45
moscow,12,Kuzminki,2026-05-11 12:00:00,40
moscow,12,Kuzminki,2026-05-11 13:00:00,38
moscow,12,Kuzminki,2026-05-11 14:00:00,40
moscow,12,Kuzminki,2026-05-11 15:00:00,43
moscow,12,Kuzminki,2026-05-11 16:00:00,48
moscow,12,Kuzminki,2026-05-11 17:00:00,50
moscow,12,Kuzminki,2026-05-11 18:00:00,49
moscow,12,Kuzminki,2026-05-11 19:00:00,50
moscow,12,Kuzminki,2026-05-11 20:00:00,45
moscow,12,Kuzminki,2026-05-11 21:00:00,45
moscow,12,Kuzminki,2026-05-11 22:00:00,43
moscow,12,Kuzminki,2026-05-11 23:00:00,40
moscow,12,Kuzminki,2026-05-12 00:00:00,40
moscow,12,Kuzminki,2026-05-12 01:00:00,43
moscow,12,Kuzminki,2026-05-12 02:00:00,39
moscow,12,Kuzminki,2026-05-12 03:00:00,38
moscow,12,Kuzminki,2026-05-12 04:00:00,42
moscow,12,Kuzminki,2026-05-12 05:00:00,42
moscow,12,Kuzminki,2026-05-12 06:00:00,47
moscow,12,Kuzminki,2026-05-12 07:00:00,50
moscow,12,Kuzminki,2026-05-12 08:00:00,51
moscow,12,Kuzminki,2026-05-12 09:00:00,51
moscow,12,Kuzminki,2026-05-12 10:00:00,49
moscow,12,Kuzminki,2026-05-12 11:00:00,46
moscow,12,Kuzminki,2026-05-12 12:00:00,43
moscow,12,Kuzminki,2026-05-12 13:00:00,42
moscow,12,Kuzminki,2026-05-12 14:00:00,42
moscow,12,Kuzminki,2026-05-12 15:00:00,40
moscow,12,Kuzminki,2026-05-12 16:00:00,48
moscow,12,Kuzminki,2026-05-12 17:00:00,46
moscow,12,Kuzminki,2026-05-12 18:00:00,48
moscow,12,Kuzminki,2026-05-12 19:00:00,50
moscow,12,Kuzminki,2026-05-12 20:00:00,48
moscow,12,Kuzminki,2026-05-12 21:00:00,43
moscow,12,Kuzminki,2026-05-12 22:00:00,45
moscow,12,Kuzminki,2026-05-12 23:00:00,41
moscow,12,Kuzminki,2026-05-13 00:00:00,40
moscow,12,Kuzminki,2026-05-13 01:00:00,43
moscow,12,Kuzminki,2026-05-13 02:00:00,43
moscow,12,Kuzminki,2026-05-13 03:00:00,42
moscow,12,Kuzminki,2026-05-13 04:00:00,40
moscow,12,Kuzminki,2026-05-13 05:00:00,43
moscow,12,Kuzminki,2026-05-13 06:00:00,45
moscow,12,Kuzminki,2026-05-13 07:00:00,52
moscow,12,Kuzminki,2026-05-13 08:00:00,51
moscow,12,Kuzminki,2026-05-13 09:00:00,51
moscow,12,Kuzminki,2026-05-13 10:00:00,49
moscow,12,Kuzminki,2026-05-13 11:00:00,41
moscow,12,Kuzminki,2026-05-13 12:00:00,40
moscow,12,Kuzminki,2026-05-13 13:00:00,41
moscow,12,Kuzminki,2026-05-13 14:00:00,43
moscow,12,Kuzminki,2026-05-13 15:00:00,44
moscow,12,Kuzminki,2026-05-13 16:00:00,48
moscow,12,Kuzminki,2026-05-13 17:00:00,50
moscow,12,Kuzminki,2026-05-13 18:00:00,49
moscow,12,Kuzminki,2026-05-13 19:00:00,50
moscow,12,Kuzminki,2026-05-13 20:00:00,48
moscow,12,Kuzminki,2026-05-13 21:00:00,44
moscow,12,Kuzminki,2026-05-13 22:00:00,43
moscow,12,Kuzminki,2026-05-13 23:00:00,42
moscow,12,Kuzminki,2026-05-14 00:00:00,42
moscow,12,Kuzminki,2026-05-14 01:00:00,40
moscow,12,Kuzminki,2026-05-14 02:00:00,38
moscow,12,Kuzminki,2026-05-14 03:00:00,44
moscow,12,Kuzminki,2026-05-14 04:00:00,43
moscow,12,Kuzminki,2026-05-14 05:00:00,43
moscow,12,Kuzminki,2026-05-14 06:00:00,49
moscow,12,Kuzminki,2026-05-14 07:00:00,55
moscow,12,Kuzminki,2026-05-14 08:00:00,57
moscow,12,Kuzminki,2026-05-14 09:00:00,53
moscow,12,Kuzminki,2026-05-14 10:00:00,51
moscow,12,Kuzminki,2026-05-14 11:00:00,43
moscow,12,Kuzminki,2026-05-14 12:00:00,43
moscow,12,Kuzminki,2026-05-14 13:00:00,42
moscow,12,Kuzminki,2026-05-14 14:00:00,44
moscow,12,Kuzminki,2026-05-14 15:00:00,49
moscow,12,Kuzminki,2026-05-14 16:00:00,49
moscow,12,Kuzminki,2026-05-14 17:00:00,50
moscow,12,Kuzminki,2026-05-14 18:00:00,50
moscow,12,Kuzminki,2026-05-14 19:00:00,55
moscow,12,Kuzminki,2026-05-14 20:00:00,50
moscow,12,Kuzminki,2026-05-14 21:00:00,47
moscow,12,Kuzminki,2026-05-14 22:00:00,42
moscow,12,Kuzminki,2026-05-14 23:00:00,42
moscow,12,Kuzminki,2026-05-15 00:00:00,39
moscow,12,Kuzminki,2026-05-15 01:00:00,42
moscow,12,Kuzminki,2026-05-15 02:00:00,39
moscow,12,Kuzminki,2026-05-15 03:00:00,41
moscow,12,Kuzminki,2026-05-15 04:00:00,42
moscow,12,Kuzminki,2026-05-15 05:00:00,39
moscow,12,Kuzminki,2026-05-15 06:00:00,49
moscow,12,Kuzminki,2026-05-15 07:00:00,51
moscow,12,Kuzminki,2026-05-15 08:00:00,54
moscow,12,Kuzminki,2026-05-15 09:00:00,53
moscow,12,Kuzminki,2026-05-15 10:00:00,53
moscow,12,Kuzminki,2026-05-15 11:00:00,46
moscow,12,Kuzminki,2026-05-15 12:00:00,44
moscow,12,Kuzminki,2026-05-15 13:00:00,44
moscow,12,Kuzminki,2026-05-15 14:00:00,46
moscow,12,Kuzminki,2026-05-15 15:00:00,47
moscow,12,Kuzminki,2026-05-15 16:00:00,50
moscow,12,Kuzminki,2026-05-15 17:00:00,54
moscow,12,Kuzminki,2026-05-15 18:00:00,49
moscow,12,Kuzminki,2026-05-15 19:00:00,56
moscow,12,Kuzminki,2026-05-15 20:00:00,53
moscow,12,Kuzminki,2026-05-15 21:00:00,47
moscow,12,Kuzminki,2026-05-15 22:00:00,41
moscow,12,Kuzminki,2026-05-15 23:00:00,45
moscow,12,Kuzminki,2026-05-16 00:00:00,37
moscow,12,Kuzminki,2026-05-16 01:00:00,39
moscow,12,Kuzminki,2026-05-16 02:00:00,36
moscow,12,Kuzminki,2026-05-16 03:00:00,43
moscow,12,Kuzminki,2026-05-16 04:00:00,37
moscow,12,Kuzminki,2026-05-16 05:00:00,42
moscow,12,Kuzminki,2026-05-16 06:00:00,40
moscow,12,Kuzminki,2026-05-16 07:00:00,47
moscow,12,Kuzminki,2026-05-16 08:00:00,48
moscow,12,Kuzminki,2026-05-16 09:00:00,50
moscow,12,Kuzminki,2026-05-16 10:00:00,44
moscow,12,Kuzminki,2026-05-16 11:00:00,44
moscow,12,Kuzminki,2026-05-16 12:00:00,38
moscow,12,Kuzminki,2026-05-16 13:00:00,39
moscow,12,Kuzminki,2026-05-16 14:00:00,40
moscow,12,Kuzminki,2026-05-16 15:00:00,43
moscow,12,Kuzminki,2026-05-16 16:00:00,45
moscow,12,Kuzminki,2026-05-16 17:00:00,48
moscow,12,Kuzminki,2026-05-16 18:00:00,48
moscow,12,Kuzminki,2026-05-16 19:00:00,48
moscow,12,Kuzminki,2026-05-16 20:00:00,50
moscow,12,Kuzminki,2026-05-16 21:00:00,50
moscow,12,Kuzminki,2026-05-16 22:00:00,49
moscow,12,Kuzminki,2026-05-16 23:00:00,41
moscow,12,Kuzminki,2026-05-17 00:00:00,40
moscow,12,Kuzminki,2026-05-17 01:00:00,40
moscow,12,Kuzminki,2026-05-17 02:00:00,42
moscow,12,Kuzminki,2026-05-17 03:00:00,41
moscow,12,Kuzminki,2026-05-17 04:00:00,40
moscow,12,Kuzminki,2026-05-17 05:00:00,43
moscow,12,Kuzminki,2026-05-17 06:00:00,44
moscow,12,Kuzminki,2026-05-17 07:00:00,47
moscow,12,Kuzminki,2026-05-17 08:00:00,47
moscow,12,Kuzminki,2026-05-17 09:00:00,51
moscow,12,Kuzminki,2026-05-17 10:00:00,46
moscow,12,Kuzminki,2026-05-17 11:00:00,40
moscow,12,Kuzminki,2026-05-17 12:00:00,41
moscow,12,Kuzminki,2026-05-17 13:00:00,42
moscow,12,Kuzminki,2026-05-17 14:00:00,43
moscow,12,Kuzminki,2026-05-17 15:00:00,41
moscow,12,Kuzminki,2026-05-17 16:00:00,39
moscow,12,Kuzminki,2026-05-17 17:00:00,48
moscow,12,Kuzminki,2026-05-17 18:00:00,47
moscow,12,Kuzminki,2026-05-17 19:00:00,49
moscow,12,Kuzminki,2026-05-17 20:00:00,55
moscow,12,Kuzminki,2026-05-17 21:00:00,52
moscow,12,Kuzminki,2026-05-17 22:00:00,50
moscow,12,Kuzminki,2026-05-17 23:00:00,48
moscow,12,Kuzminki,2026-05-18 00:00:00,47
moscow,12,Kuzminki,2026-05-18 01:00:00,46
moscow,12,Kuzminki,2026-05-18 02:00:00,46
moscow,12,Kuzminki,2026-05-18 03:00:00,44
moscow,12,Kuzminki,2026-05-18 04:00:00,42
moscow,12,Kuzminki,2026-05-18 05:00:00,53
moscow,12,Kuzminki,2026-05-18 06:00:00,51
moscow,12,Kuzminki,2026-05-18 07:00:00,57
moscow,12,Kuzminki,2026-05-18 08:00:00,55
moscow,12,Kuzminki,2026-05-18 09:00:00,57
moscow,12,Kuzminki,2026-05-18 10:00:00,46
moscow,12,Kuzminki,2026-05-18 11:00:00,47
moscow,12,Kuzminki,2026-05-18 12:00:00,45
moscow,12,Kuzminki,2026-05-18 13:00:00,46
moscow,12,Kuzminki,2026-05-18 14:00:00,48
moscow,12,Kuzminki,2026-05-18 15:00:00,46
moscow,12,Kuzminki,2026-05-18 16:00:00,53
moscow,12,Kuzminki,2026-05-18 17:00:00,57
moscow,12,Kuzminki,2026-05-18 18:00:00,60
moscow,12,Kuzminki,2026-05-18 19:00:00,56
moscow,12,Kuzminki,2026-05-18 20:00:00,50
moscow,12,Kuzminki,2026-05-18 21:00:00,46
moscow,12,Kuzminki,2026-05-18 22:00:00,49
moscow,12,Kuzminki,2026-05-18 23:00:00,46
moscow,12,Kuzminki,2026-05-19 00:00:00,44
moscow,12,Kuzminki,2026-05-19 01:00:00,41
moscow,12,Kuzminki,2026-05-19 02:00:00,42
moscow,12,Kuzminki,2026-05-19 03:00:00,46
moscow,12,Kuzminki,2026-05-19 04:00:00,46
moscow,12,Kuzminki,2026-05-19 05:00:00,44
moscow,12,Kuzminki,2026-05-19 06:00:00,53
moscow,12,Kuzminki,2026-05-19 07:00:00,52
moscow,12,Kuzminki,2026-05-19 08:00:00,60
moscow,12,Kuzminki,2026-05-19 09:00:00,56
moscow,12,Kuzminki,2026-05-19 10:00:00,51
moscow,12,Kuzminki,2026-05-19 11:00:00,50
moscow,12,Kuzminki,2026-05-19 12:00:00,47
moscow,12,Kuzminki,2026-05-19 13:00:00,48
moscow,12,Kuzminki,2026-05-19 14:00:00,47
moscow,12,Kuzminki,2026-05-19 15:00:00,49
moscow,12,Kuzminki,2026-05-19 16:00:00,51
moscow,12,Kuzminki,2026-05-19 17:00:00,55
moscow,12,Kuzminki,2026-05-19 18:00:00,59
moscow,12,Kuzminki,2026-05-19 19:00:00,54
moscow,12,Kuzminki,2026-05-19 20:00:00,53
moscow,12,Kuzminki,2026-05-19 21:00:00,47
moscow,12,Kuzminki,2026-05-19 22:00:00,42
moscow,12,Kuzminki,2026-05-19 23:00:00,45
moscow,12,Kuzminki,2026-05-20 00:00:00,45
moscow,12,Kuzminki,2026-05-20 01:00:00,44
moscow,12,Kuzminki,2026-05-20 02:00:00,42
moscow,12,Kuzminki,2026-05-20 03:00:00,46
moscow,12,Kuzminki,2026-05-20 04:00:00,47
moscow,12,Kuzminki,2026-05-20 05:00:00,47
moscow,12,Kuzminki,2026-05-20 06:00:00,50
moscow,12,Kuzminki,2026-05-20 07:00:00,56
moscow,12,Kuzminki,2026-05-20 08:00:00,59
moscow,12,Kuzminki,2026-05-20 09:00:00,57
moscow,12,Kuzminki,2026-05-20 10:00:00,51
moscow,12,Kuzminki,2026-05-20 11:00:00,49
moscow,12,Kuzminki,2026-05-20 12:00:00,48
moscow,12,Kuzminki,2026-05-20 13:00:00,44
moscow,12,Kuzminki,2026-05-20 14:00:00,47
moscow,12,Kuzminki,2026-05-20 15:00:00,52
moscow,12,Kuzminki,2026-05-20 16:00:00,50
moscow,12,Kuzminki,2026-05-20 17:00:00,58
moscow,12,Kuzminki,2026-05-20 18:00:00,60
moscow,12,Kuzminki,2026-05-20 19:00:00,55
moscow,12,Kuzminki,2026-05-20 20:00:00,52
moscow,12,Kuzminki,2026-05-20 21:00:00,51
moscow,12,Kuzminki,2026-05-20 22:00:00,47
moscow,12,Kuzminki,2026-05-20 23:00:00,41
moscow,12,Kuzminki,2026-05-21 00:00:00,45
moscow,12,Kuzminki,2026-05-21 01:00:00,46
moscow,12,Kuzminki,2026-05-21 02:00:00,47
moscow,12,Kuzminki,2026-05-21 03:00:00,44
moscow,12,Kuzminki,2026-05-21 04:00:00,46
moscow,12,Kuzminki,2026-05-21 05:00:00,51
moscow,12,Kuzminki,2026-05-21 06:00:00,53
moscow,12,Kuzminki,2026-05-21 07:00:00,54
moscow,12,Kuzminki,2026-05-21 08:00:00,61
moscow,12,Kuzminki,2026-05-21 09:00:00,56
moscow,12,Kuzminki,2026-05-21 10:00:00,55
moscow,12,Kuzminki,2026-05-21 11:00:00,47
moscow,12,Kuzminki,2026-05-21 12:00:00,47
moscow,12,Kuzminki,2026-05-21 13:00:00,48
moscow,12,Kuzminki,2026-05-21 14:00:00,48
moscow,12,Kuzminki,2026-05-21 15:00:00,48
moscow,12,Kuzminki,2026-05-21 16:00:00,48
moscow,12,Kuzminki,2026-05-21 17:00:00,59
moscow,12,Kuzminki,2026-05-21 18:00:00,58
moscow,12,Kuzminki,2026-05-21 19:00:00,58
moscow,12,Kuzminki,2026-05-21 20:00:00,55
moscow,12,Kuzminki,2026-05-21 21:00:00,51
moscow,12,Kuzminki,2026-05-21 22:00:00,47
moscow,12,Kuzminki,2026-05-21 23:00:00,47
moscow,12,Kuzminki,2026-05-22 00:00:00,49
moscow,12,Kuzminki,2026-05-22 01:00:00,46
moscow,12,Kuzminki,2026-05-22 02:00:00,50
moscow,12,Kuzminki,2026-05-22 03:00:00,43
moscow,12,Kuzminki,2026-05-22 04:00:00,44
moscow,12,Kuzminki,2026-05-22 05:00:00,52
moscow,12,Kuzminki,2026-05-22 06:00:00,52
moscow,12,Kuzminki,2026-05-22 07:00:00,62
moscow,12,Kuzminki,2026-05-22 08:00:00,62
moscow,12,Kuzminki,2026-05-22 09:00:00,61
moscow,12,Kuzminki,2026-05-22 10:00:00,56
moscow,12,Kuzminki,2026-05-22 11:00:00,48
moscow,12,Kuzminki,2026-05-22 12:00:00,45
moscow,12,Kuzminki,2026-05-22 13:00:00,50
moscow,12,Kuzminki,2026-05-22 14:00:00,45
moscow,12,Kuzminki,2026-05-22 15:00:00,54
moscow,12,Kuzminki,2026-05-22 16:00:00,55
moscow,12,Kuzminki,2026-05-22 17:00:00,57
moscow,12,Kuzminki,2026-05-22 18:00:00,59
moscow,12,Kuzminki,2026-05-22 19:00:00,58
moscow,12,Kuzminki,2026-05-22 20:00:00,53
moscow,12,Kuzminki,2026-05-22 21:00:00,54
moscow,12,Kuzminki,2026-05-22 22:00:00,51
moscow,12,Kuzminki,2026-05-22 23:00:00,47
moscow,12,Kuzminki,2026-05-23 00:00:00,41
moscow,12,Kuzminki,2026-05-23 01:00:00,45
moscow,12,Kuzminki,2026-05-23 02:00:00,39
moscow,12,Kuzminki,2026-05-23 03:00:00,44
moscow,12,Kuzminki,2026-05-23 04:00:00,45
moscow,12,Kuzminki,2026-05-23 05:00:00,44
moscow,12,Kuzminki,2026-05-23 06:00:00,51
moscow,12,Kuzminki,2026-05-23 07:00:00,52
moscow,12,Kuzminki,2026-05-23 08:00:00,52
moscow,12,Kuzminki,2026-05-23 09:00:00,54
moscow,12,Kuzminki,2026-05-23 10:00:00,47
moscow,12,Kuzminki,2026-05-23 11:00:00,48
moscow,12,Kuzminki,2026-05-23 12:00:00,40
moscow,12,Kuzminki,2026-05-23 13:00:00,44
moscow,12,Kuzminki,2026-05-23 14:00:00,45
moscow,12,Kuzminki,2026-05-23 15:00:00,45
moscow,12,Kuzminki,2026-05-23 16:00:00,50
moscow,12,Kuzminki,2026-05-23 17:00:00,51
moscow,12,Kuzminki,2026-05-23 18:00:00,54
moscow,12,Kuzminki,2026-05-23 19:00:00,52
moscow,12,Kuzminki,2026-05-23 20:00:00,58
moscow,12,Kuzminki,2026-05-23 21:00:00,54
moscow,12,Kuzminki,2026-05-23 22:00:00,50
moscow,12,Kuzminki,2026-05-23 23:00:00,48
moscow,12,Kuzminki,2026-05-24 00:00:00,44
moscow,12,Kuzminki,2026-05-24 01:00:00,43
moscow,12,Kuzminki,2026-05-24 02:00:00,46
moscow,12,Kuzminki,2026-05-24 03:00:00,44
moscow,12,Kuzminki,2026-05-24 04:00:00,45
moscow,12,Kuzminki,2026-05-24 05:00:00,44
moscow,12,Kuzminki,2026-05-24 06:00:00,52
moscow,12,Kuzminki,2026-05-24 07:00:00,51
moscow,12,Kuzminki,2026-05-24 08:00:00,52
moscow,12,Kuzminki,2026-05-24 09:00:00,56
moscow,12,Kuzminki,2026-05-24 10:00:00,51
moscow,12,Kuzminki,2026-05-24 11:00:00,49
moscow,12,Kuzminki,2026-05-24 12:00:00,46
moscow,12,Kuzminki,2026-05-24 13:00:00,44
moscow,12,Kuzminki,2026-05-24 14:00:00,45
moscow,12,Kuzminki,2026-05-24 15:00:00,49
moscow,12,Kuzminki,2026-05-24 16:00:00,52
moscow,12,Kuzminki,2026-05-24 17:00:00,52
moscow,12,Kuzminki,2026-05-24 18:00:00,57
moscow,12,Kuzminki,2026-05-24 19:00:00,52
moscow,12,Kuzminki,2026-05-24 20:00:00,55
moscow,12,Kuzminki,2026-05-24 21:00:00,50
moscow,12,Kuzminki,2026-05-24 22:00:00,48
moscow,12,Kuzminki,2026-05-24 23:00:00,49
moscow,12,Kuzminki,2026-05-25 00:00:00,47
moscow,12,Kuzminki,2026-05-25 01:00:00,49
moscow,12,Kuzminki,2026-05-25 02:00:00,48
moscow,12,Kuzminki,2026-05-25 03:00:00,50
moscow,12,Kuzminki,2026-05-25 04:00:00,50
moscow,12,Kuzminki,2026-05-25 05:00:00,52
moscow,12,Kuzminki,2026-05-25 06:00:00,55
moscow,12,Kuzminki,2026-05-25 07:00:00,62
moscow,12,Kuzminki,2026-05-25 08:00:00,58
moscow,12,Kuzminki,2026-05-25 09:00:00,60
moscow,12,Kuzminki,2026-05-25 10:00:00,55
moscow,12,Kuzminki,2026-05-25 11:00:00,54
moscow,12,Kuzminki,2026-05-25 12:00:00,50
moscow,12,Kuzminki,2026-05-25 13:00:00,49
moscow,12,Kuzminki,2026-05-25 14:00:00,50
moscow,12,Kuzminki,2026-05-25 15:00:00,55
moscow,12,Kuzminki,2026-05-25 16:00:00,56
moscow,12,Kuzminki,2026-05-25 17:00:00,63
moscow,12,Kuzminki,2026-05-25 18:00:00,60
moscow,12,Kuzminki,2026-05-25 19:00:00,59
moscow,12,Kuzminki,2026-05-25 20:00:00,55
moscow,12,Kuzminki,2026-05-25 21:00:00,54
moscow,12,Kuzminki,2026-05-25 22:00:00,49
moscow,12,Kuzminki,2026-05-25 23:00:00,49
moscow,12,Kuzminki,2026-05-26 00:00:00,48
moscow,12,Kuzminki,2026-05-26 01:00:00,49
moscow,12,Kuzminki,2026-05-26 02:00:00,49
moscow,12,Kuzminki,2026-05-26 03:00:00,50
moscow,12,Kuzminki,2026-05-26 04:00:00,50
moscow,12,Kuzminki,2026-05-26 05:00:00,56
moscow,12,Kuzminki,2026-05-26 06:00:00,57
moscow,12,Kuzminki,2026-05-26 07:00:00,65
moscow,12,Kuzminki,2026-05-26 08:00:00,62
moscow,12,Kuzminki,2026-05-26 09:00:00,62
moscow,12,Kuzminki,2026-05-26 10:00:00,55
moscow,12,Kuzminki,2026-05-26 11:00:00,56
moscow,12,Kuzminki,2026-05-26 12:00:00,49
moscow,12,Kuzminki,2026-05-26 13:00:00,51
moscow,12,Kuzminki,2026-05-26 14:00:00,50
moscow,12,Kuzminki,2026-05-26 15:00:00,54
moscow,12,Kuzminki,2026-05-26 16:00:00,56
moscow,12,Kuzminki,2026-05-26 17:00:00,58
moscow,12,Kuzminki,2026-05-26 18:00:00,60
moscow,12,Kuzminki,2026-05-26 19:00:00,62
moscow,12,Kuzminki,2026-05-26 20:00:00,57
moscow,12,Kuzminki,2026-05-26 21:00:00,51
moscow,12,Kuzminki,2026-05-26 22:00:00,53
moscow,12,Kuzminki,2026-05-26 23:00:00,48
moscow,12,Kuzminki,2026-05-27 00:00:00,50
moscow,12,Kuzminki,2026-05-27 01:00:00,50
moscow,12,Kuzminki,2026-05-27 02:00:00,50
moscow,12,Kuzminki,2026-05-27 03:00:00,53
moscow,12,Kuzminki,2026-05-27 04:00:00,49
moscow,12,Kuzminki,2026-05-27 05:00:00,54
moscow,12,Kuzminki,2026-05-27 06:00:00,60
moscow,12,Kuzminki,2026-05-27 07:00:00,59
moscow,12,Kuzminki,2026-05-27 08:00:00,61
moscow,12,Kuzminki,2026-05-27 09:00:00,60
moscow,12,Kuzminki,2026-05-27 10:00:00,58
moscow,12,Kuzminki,2026-05-27 11:00:00,51
moscow,12,Kuzminki,2026-05-27 12:00:00,52
moscow,12,Kuzminki,2026-05-27 13:00:00,48
moscow,12,Kuzminki,2026-05-27 14:00:00,54
moscow,12,Kuzminki,2026-05-27 15:00:00,55
moscow,12,Kuzminki,2026-05-27 16:00:00,61
moscow,12,Kuzminki,2026-05-27 17:00:00,61
moscow,12,Kuzminki,2026-05-27 18:00:00,60
moscow,12,Kuzminki,2026-05-27 19:00:00,58
moscow,12,Kuzminki,2026-05-27 20:00:00,58
moscow,12,Kuzminki,2026-05-27 21:00:00,54
moscow,12,Kuzminki,2026-05-27 22:00:00,54
moscow,12,Kuzminki,2026-05-27 23:00:00,48
moscow,12,Kuzminki,2026-05-28 00:00:00,54
moscow,12,Kuzminki,2026-05-28 01:00:00,52
moscow,12,Kuzminki,2026-05-28 02:00:00,49
moscow,12,Kuzminki,2026-05-28 03:00:00,54
moscow,12,Kuzminki,2026-05-28 04:00:00,50
moscow,12,Kuzminki,2026-05-28 05:00:00,54
moscow,12,Kuzminki,2026-05-28 06:00:00,55
moscow,12,Kuzminki,2026-05-28 07:00:00,65
moscow,12,Kuzminki,2026-05-28 08:00:00,60
moscow,12,Kuzminki,2026-05-28 09:00:00,58
moscow,12,Kuzminki,2026-05-28 10:00:00,56
moscow,12,Kuzminki,2026-05-28 11:00:00,57
moscow,12,Kuzminki,2026-05-28 12:00:00,54
moscow,12,Kuzminki,2026-05-28 13:00:00,51
moscow,12,Kuzminki,2026-05-28 14:00:00,54
moscow,12,Kuzminki,2026-05-28 15:00:00,54
moscow,12,Kuzminki,2026-05-28 16:00:00,59
moscow,12,Kuzminki,2026-05-28 17:00:00,64
moscow,12,Kuzminki,2026-05-28 18:00:00,61
moscow,12,Kuzminki,2026-05-28 19:00:00,59
moscow,12,Kuzminki,2026-05-28 20:00:00,59
moscow,12,Kuzminki,2026-05-28 21:00:00,56
moscow,12,Kuzminki,2026-05-28 22:00:00,52
moscow,12,Kuzminki,2026-05-28 23:00:00,53
moscow,12,Kuzminki,2026-05-29 00:00:00,50
moscow,12,Kuzminki,2026-05-29 01:00:00,50
moscow,12,Kuzminki,2026-05-29 02:00:00,51
moscow,12,Kuzminki,2026-05-29 03:00:00,51
moscow,12,Kuzminki,2026-05-29 04:00:00,55
moscow,12,Kuzminki,2026-05-29 05:00:00,55
moscow,12,Kuzminki,2026-05-29 06:00:00,58
moscow,12,Kuzminki,2026-05-29 07:00:00,63
moscow,12,Kuzminki,2026-05-29 08:00:00,65
moscow,12,Kuzminki,2026-05-29 09:00:00,63
moscow,12,Kuzminki,2026-05-29 10:00:00,60
moscow,12,Kuzminki,2026-05-29 11:00:00,52
moscow,12,Kuzminki,2026-05-29 12:00:00,47
moscow,12,Kuzminki,2026-05-29 13:00:00,54
moscow,12,Kuzminki,2026-05-29 14:00:00,54
moscow,12,Kuzminki,2026-05-29 15:00:00,55
moscow,12,Kuzminki,2026-05-29 16:00:00,60
moscow,12,Kuzminki,2026-05-29 17:00:00,65
moscow,12,Kuzminki,2026-05-29 18:00:00,65
moscow,12,Kuzminki,2026-05-29 19:00:00,63
moscow,12,Kuzminki,2026-05-29 20:00:00,57
moscow,12,Kuzminki,2026-05-29 21:00:00,54
moscow,12,Kuzminki,2026-05-29 22:00:00,48
moscow,12,Kuzminki,2026-05-29 23:00:00,52
moscow,12,Kuzminki,2026-05-30 00:00:00,49
moscow,12,Kuzminki,2026-05-30 01:00:00,49
moscow,12,Kuzminki,2026-05-30 02:00:00,48
moscow,12,Kuzminki,2026-05-30 03:00:00,47
moscow,12,Kuzminki,2026-05-30 04:00:00,47
moscow,12,Kuzminki,2026-05-30 05:00:00,49
moscow,12,Kuzminki,2026-05-30 06:00:00,53
moscow,12,Kuzminki,2026-05-30 07:00:00,54
moscow,12,Kuzminki,2026-05-30 08:00:00,61
moscow,12,Kuzminki,2026-05-30 09:00:00,54
moscow,12,Kuzminki,2026-05-30 10:00:00,53
moscow,12,Kuzminki,2026-05-30 11:00:00,47
moscow,12,Kuzminki,2026-05-30 12:00:00,49
moscow,12,Kuzminki,2026-05-30 13:00:00,48
moscow,12,Kuzminki,2026-05-30 14:00:00,48
moscow,12,Kuzminki,2026-05-30 15:00:00,49
moscow,12,Kuzminki,2026-05-30 16:00:00,53
moscow,12,Kuzminki,2026-05-30 17:00:00,55
moscow,12,Kuzminki,2026-05-30 18:00:00,56
moscow,12,Kuzminki,2026-05-30 19:00:00,60
moscow,12,Kuzminki,2026-05-30 20:00:00,61
moscow,12,Kuzminki,2026-05-30 21:00:00,59
moscow,12,Kuzminki,2026-05-30 22:00:00,54
moscow,12,Kuzminki,2026-05-30 23:00:00,52
moscow,12,Kuzminki,2026-05-31 00:00:00,48
moscow,12,Kuzminki,2026-05-31 01:00:00,53
moscow,12,Kuzminki,2026-05-31 02:00:00,47
moscow,12,Kuzminki,2026-05-31 03:00:00,49
moscow,12,Kuzminki,2026-05-31 04:00:00,47
moscow,12,Kuzminki,2026-05-31 05:00:00,46
moscow,12,Kuzminki,2026-05-31 06:00:00,52
moscow,12,Kuzminki,2026-05-31 07:00:00,62
moscow,12,Kuzminki,2026-05-31 08:00:00,59
moscow,12,Kuzminki,2026-05-31 09:00:00,60
moscow,12,Kuzminki,2026-05-31 10:00:00,53
moscow,12,Kuzminki,2026-05-31 11:00:00,46
moscow,12,Kuzminki,2026-05-31 12:00:00,47
moscow,12,Kuzminki,2026-05-31 13:00:00,50
moscow,12,Kuzminki,2026-05-31 14:00:00,50
moscow,12,Kuzminki,2026-05-31 15:00:00,52
moscow,12,Kuzminki,2026-05-31 16:00:00,53
moscow,12,Kuzminki,2026-05-31 17:00:00,58
moscow,12,Kuzminki,2026-05-31 18:00:00,56
moscow,12,Kuzminki,2026-05-31 19:00:00,57
moscow,12,Kuzminki,2026-05-31 20:00:00,62
moscow,12,Kuzminki,2026-05-31 21:00:00,58
moscow,12,Kuzminki,2026-05-31 22:00:00,54
moscow,12,Kuzminki,2026-05-31 23:00:00,53
moscow,12,Kuzminki,2026-06-01 00:00:00,56
moscow,12,Kuzminki,2026-06-01 01:00:00,54
moscow,12,Kuzminki,2026-06-01 02:00:00,54
moscow,12,Kuzminki,2026-06-01 03:00:00,51
moscow,12,Kuzminki,2026-06-01 04:00:00,51
moscow,12,Kuzminki,2026-06-01 05:00:00,59
moscow,12,Kuzminki,2026-06-01 06:00:00,62
moscow,12,Kuzminki,2026-06-01 07:00:00,64
moscow,12,Kuzminki,2026-06-01 08:00:00,65
moscow,12,Kuzminki,2026-06-01 09:00:00,61
moscow,12,Kuzminki,2026-06-01 10:00:00,62
moscow,12,Kuzminki,2026-06-01 11:00:00,59
moscow,12,Kuzminki,2026-06-01 12:00:00,53
moscow,12,Kuzminki,2026-06-01 13:00:00,52
moscow,12,Kuzminki,2026-06-01 14:00:00,57
moscow,12,Kuzminki,2026-06-01 15:00:00,56
moscow,12,Kuzminki,2026-06-01 16:00:00,64
moscow,12,Kuzminki,2026-06-01 17:00:00,63
moscow,12,Kuzminki,2026-06-01 18:00:00,63
moscow,12,Kuzminki,2026-06-01 19:00:00,63
moscow,12,Kuzminki,2026-06-01 20:00:00,59
moscow,12,Kuzminki,2026-06-01 21:00:00,59
moscow,12,Kuzminki,2026-06-01 22:00:00,56
moscow,12,Kuzminki,2026-06-01 23:00:00,55
moscow,12,Kuzminki,2026-06-02 00:00:00,53
moscow,12,Kuzminki,2026-06-02 01:00:00,52
moscow,12,Kuzminki,2026-06-02 02:00:00,53
moscow,12,Kuzminki,2026-06-02 03:00:00,52
moscow,12,Kuzminki,2026-06-02 04:00:00,57
moscow,12,Kuzminki,2026-06-02 05:00:00,59
moscow,12,Kuzminki,2026-06-02 06:00:00,61
moscow,12,Kuzminki,2026-06-02 07:00:00,63
moscow,12,Kuzminki,2026-06-02 08:00:00,69
moscow,12,Kuzminki,2026-06-02 09:00:00,65
moscow,12,Kuzminki,2026-06-02 10:00:00,61
moscow,12,Kuzminki,2026-06-02 11:00:00,60
moscow,12,Kuzminki,2026-06-02 12:00:00,54
moscow,12,Kuzminki,2026-06-02 13:00:00,54
moscow,12,Kuzminki,2026-06-02 14:00:00,55
moscow,12,Kuzminki,2026-06-02 15:00:00,55
moscow,12,Kuzminki,2026-06-02 16:00:00,61
moscow,12,Kuzminki,2026-06-02 17:00:00,62
moscow,12,Kuzminki,2026-06-02 18:00:00,64
moscow,12,Kuzminki,2026-06-02 19:00:00,62
moscow,12,Kuzminki,2026-06-02 20:00:00,60
moscow,12,Kuzminki,2026-06-02 21:00:00,56
moscow,12,Kuzminki,2026-06-02 22:00:00,56
moscow,12,Kuzminki,2026-06-02 23:00:00,53
moscow,12,Kuzminki,2026-06-03 00:00:00,53
moscow,12,Kuzminki,2026-06-03 01:00:00,58
moscow,12,Kuzminki,2026-06-03 02:00:00,53
moscow,12,Kuzminki,2026-06-03 03:00:00,55
moscow,12,Kuzminki,2026-06-03 04:00:00,57
moscow,12,Kuzminki,2026-06-03 05:00:00,58
moscow,12,Kuzminki,2026-06-03 06:00:00,62
moscow,12,Kuzminki,2026-06-03 07:00:00,65
moscow,12,Kuzminki,2026-06-03 08:00:00,67
moscow,12,Kuzminki,2026-06-03 09:00:00,64
moscow,12,Kuzminki,2026-06-03 10:00:00,60
moscow,12,Kuzminki,2026-06-03 11:00:00,58
moscow,12,Kuzminki,2026-06-03 12:00:00,52
moscow,12,Kuzminki,2026-06-03 13:00:00,58
moscow,12,Kuzminki,2026-06-03 14:00:00,60
moscow,12,Kuzminki,2026-06-03 15:00:00,59
moscow,12,Kuzminki,2026-06-03 16:00:00,63
moscow,12,Kuzminki,2026-06-03 17:00:00,66
moscow,12,Kuzminki,2026-06-03 18:00:00,63
moscow,12,Kuzminki,2026-06-03 19:00:00,66
moscow,12,Kuzminki,2026-06-03 20:00:00,61
moscow,12,Kuzminki,2026-06-03 21:00:00,63
moscow,12,Kuzminki,2026-06-03 22:00:00,55
moscow,12,Kuzminki,2026-06-03 23:00:00,56
moscow,12,Kuzminki,2026-06-04 00:00:00,54
moscow,12,Kuzminki,2026-06-04 01:00:00,58
moscow,12,Kuzminki,2026-06-04 02:00:00,53
moscow,12,Kuzminki,2026-06-04 03:00:00,57
moscow,12,Kuzminki,2026-06-04 04:00:00,57
moscow,12,Kuzminki,2026-06-04 05:00:00,59
moscow,12,Kuzminki,2026-06-04 06:00:00,62
moscow,12,Kuzminki,2026-06-04 07:00:00,64
moscow,12,Kuzminki,2026-06-04 08:00:00,62
moscow,12,Kuzminki,2026-06-04 09:00:00,68
moscow,12,Kuzminki,2026-06-04 10:00:00,61
moscow,12,Kuzminki,2026-06-04 11:00:00,61
moscow,12,Kuzminki,2026-06-04 12:00:00,57
moscow,12,Kuzminki,2026-06-04 13:00:00,58
moscow,12,Kuzminki,2026-06-04 14:00:00,58
moscow,12,Kuzminki,2026-06-04 15:00:00,54
moscow,12,Kuzminki,2026-06-04 16:00:00,63
moscow,12,Kuzminki,2026-06-04 17:00:00,64
moscow,12,Kuzminki,2026-06-04 18:00:00,68
moscow,12,Kuzminki,2026-06-04 19:00:00,66
moscow,12,Kuzminki,2026-06-04 20:00:00,63
moscow,12,Kuzminki,2026-06-04 21:00:00,58
moscow,12,Kuzminki,2026-06-04 22:00:00,55
moscow,12,Kuzminki,2026-06-04 23:00:00,54
moscow,12,Kuzminki,2026-06-05 00:00:00,51
moscow,12,Kuzminki,2026-06-05 01:00:00,53
moscow,12,Kuzminki,2026-06-05 02:00:00,52
moscow,12,Kuzminki,2026-06-05 03:00:00,52
moscow,12,Kuzminki,2026-06-05 04:00:00,57
moscow,12,Kuzminki,2026-06-05 05:00:00,60
moscow,12,Kuzminki,2026-06-05 06:00:00,63
moscow,12,Kuzminki,2026-06-05 07:00:00,65
moscow,12,Kuzminki,2026-06-05 08:00:00,66
moscow,12,Kuzminki,2026-06-05 09:00:00,66
moscow,12,Kuzminki,2026-06-05 10:00:00,61
moscow,12,Kuzminki,2026-06-05 11:00:00,59
moscow,12,Kuzminki,2026-06-05 12:00:00,54
moscow,12,Kuzminki,2026-06-05 13:00:00,58
moscow,12,Kuzminki,2026-06-05 14:00:00,56
moscow,12,Kuzminki,2026-06-05 15:00:00,60
moscow,12,Kuzminki,2026-06-05 16:00:00,64
moscow,12,Kuzminki,2026-06-05 17:00:00,66
moscow,12,Kuzminki,2026-06-05 18:00:00,68
moscow,12,Kuzminki,2026-06-05 19:00:00,61
moscow,12,Kuzminki,2026-06-05 20:00:00,62
moscow,12,Kuzminki,2026-06-05 21:00:00,62
moscow,12,Kuzminki,2026-06-05 22:00:00,58
moscow,12,Kuzminki,2026-06-05 23:00:00,59
moscow,12,Kuzminki,2026-06-06 00:00:00,55
moscow,12,Kuzminki,2026-06-06 01:00:00,52
moscow,12,Kuzminki,2026-06-06 02:00:00,51
moscow,12,Kuzminki,2026-06-06 03:00:00,50
moscow,12,Kuzminki,2026-06-06 04:00:00,52
moscow,12,Kuzminki,2026-06-06 05:00:00,54
moscow,12,Kuzminki,2026-06-06 06:00:00,57
moscow,12,Kuzminki,2026-06-06 07:00:00,59
moscow,12,Kuzminki,2026-06-06 08:00:00,63
moscow,12,Kuzminki,2026-06-06 09:00:00,64
moscow,12,Kuzminki,2026-06-06 10:00:00,60
moscow,12,Kuzminki,2026-06-06 11:00:00,54
moscow,12,Kuzminki,2026-06-06 12:00:00,55
moscow,12,Kuzminki,2026-06-06 13:00:00,53
moscow,12,Kuzminki,2026-06-06 14:00:00,53
moscow,12,Kuzminki,2026-06-06 15:00:00,55
moscow,12,Kuzminki,2026-06-06 16:00:00,57
moscow,12,Kuzminki,2026-06-06 17:00:00,61
moscow,12,Kuzminki,2026-06-06 18:00:00,61
moscow,12,Kuzminki,2026-06-06 19:00:00,59
moscow,12,Kuzminki,2026-06-06 20:00:00,64
moscow,12,Kuzminki,2026-06-06 21:00:00,63
moscow,12,Kuzminki,2026-06-06 22:00:00,60
moscow,12,Kuzminki,2026-06-06 23:00:00,57
moscow,12,Kuzminki,2026-06-07 00:00:00,50
moscow,12,Kuzminki,2026-06-07 01:00:00,55
moscow,12,Kuzminki,2026-06-07 02:00:00,54
moscow,12,Kuzminki,2026-06-07 03:00:00,48
moscow,12,Kuzminki,2026-06-07 04:00:00,56
moscow,12,Kuzminki,2026-06-07 05:00:00,55
moscow,12,Kuzminki,2026-06-07 06:00:00,59
moscow,12,Kuzminki,2026-06-07 07:00:00,64
moscow,12,Kuzminki,2026-06-07 08:00:00,66
moscow,12,Kuzminki,2026-06-07 09:00:00,63
moscow,12,Kuzminki,2026-06-07 10:00:00,59
moscow,12,Kuzminki,2026-06-07 11:00:00,53
moscow,12,Kuzminki,2026-06-07 12:00:00,50
moscow,12,Kuzminki,2026-06-07 13:00:00,55
moscow,12,Kuzminki,2026-06-07 14:00:00,57
moscow,12,Kuzminki,2026-06-07 15:00:00,54
moscow,12,Kuzminki,2026-06-07 16:00:00,58
moscow,12,Kuzminki,2026-06-07 17:00:00,60
moscow,12,Kuzminki,2026-06-07 18:00:00,60
moscow,12,Kuzminki,2026-06-07 19:00:00,63
moscow,12,Kuzminki,2026-06-07 20:00:00,67
moscow,12,Kuzminki,2026-06-07 21:00:00,62
moscow,12,Kuzminki,2026-06-07 22:00:00,65
moscow,12,Kuzminki,2026-06-07 23:00:00,56
moscow,12,Kuzminki,2026-06-08 00:00:00,58
moscow,12,Kuzminki,2026-06-08 01:00:00,54
moscow,12,Kuzminki,2026-06-08 02:00:00,56
moscow,12,Kuzminki,2026-06-08 03:00:00,57
moscow,12,Kuzminki,2026-06-08 04:00:00,60
moscow,12,Kuzminki,2026-06-08 05:00:00,60
moscow,12,Kuzminki,2026-06-08 06:00:00,64
moscow,12,Kuzminki,2026-06-08 07:00:00,68
moscow,12,Kuzminki,2026-06-08 08:00:00,68
moscow,12,Kuzminki,2026-06-08 09:00:00,69
moscow,12,Kuzminki,2026-06-08 10:00:00,65
moscow,12,Kuzminki,2026-06-08 11:00:00,62
moscow,12,Kuzminki,2026-06-08 12:00:00,58
moscow,12,Kuzminki,2026-06-08 13:00:00,58
moscow,12,Kuzminki,2026-06-08 14:00:00,61
moscow,12,Kuzminki,2026-06-08 15:00:00,63
moscow,12,Kuzminki,2026-06-08 16:00:00,67
moscow,12,Kuzminki,2026-06-08 17:00:00,68
moscow,12,Kuzminki,2026-06-08 18:00:00,71
moscow,12,Kuzminki,2026-06-08 19:00:00,67
moscow,12,Kuzminki,2026-06-08 20:00:00,64
moscow,12,Kuzminki,2026-06-08 21:00:00,64
moscow,12,Kuzminki,2026-06-08 22:00:00,61
moscow,12,Kuzminki,2026-06-08 23:00:00,57
moscow,12,Kuzminki,2026-06-09 00:00:00,55
moscow,12,Kuzminki,2026-06-09 01:00:00,57
moscow,12,Kuzminki,2026-06-09 02:00:00,56
moscow,12,Kuzminki,2026-06-09 03:00:00,61
moscow,12,Kuzminki,2026-06-09 04:00:00,60
moscow,12,Kuzminki,2026-06-09 05:00:00,60
moscow,12,Kuzminki,2026-06-09 06:00:00,63
moscow,12,Kuzminki,2026-06-09 07:00:00,67
moscow,12,Kuzminki,2026-06-09 08:00:00,69
moscow,12,Kuzminki,2026-06-09 09:00:00,69
moscow,12,Kuzminki,2026-06-09 10:00:00,67
moscow,12,Kuzminki,2026-06-09 11:00:00,60
moscow,12,Kuzminki,2026-06-09 12:00:00,64
moscow,12,Kuzminki,2026-06-09 13:00:00,57
moscow,12,Kuzminki,2026-06-09 14:00:00,57
moscow,12,Kuzminki,2026-06-09 15:00:00,65
moscow,12,Kuzminki,2026-06-09 16:00:00,68
moscow,12,Kuzminki,2026-06-09 17:00:00,68
