timestamp,zone_id,zone_name,forecast_demand,step_hour
2026-06-09 18:00:00,2,Arbat,99.54225158691406,1
2026-06-09 18:00:00,10,Domodedovo,135.72682189941406,1
2026-06-09 18:00:00,6,Khamovniki,108.85738372802734,1
2026-06-09 18:00:00,12,Kuzminki,66.9979248046875,1
2026-06-09 18:00:00,3,Moscow City,178.29031372070312,1
2026-06-09 18:00:00,8,Sheremetyevo,153.07952880859375,1
2026-06-09 18:00:00,4,Sokolniki,71.28466033935547,1
2026-06-09 18:00:00,5,Tagansky,88.02500915527344,1
2026-06-09 18:00:00,1,Tverskoy,138.8362579345703,1
2026-06-09 18:00:00,7,VDNH,74.43196868896484,1
2026-06-09 18:00:00,9,Vnukovo,109.14292907714844,1
2026-06-09 18:00:00,11,Yasenevo,55.079833984375,1
2026-06-09 19:00:00,2,Arbat,101.20726013183594,2
2026-06-09 19:00:00,10,Domodedovo,138.96253967285156,2
2026-06-09 19:00:00,6,Khamovniki,106.00279235839844,2
2026-06-09 19:00:00,12,Kuzminki,65.20914459228516,2
2026-06-09 19:00:00,3,Moscow City,170.25279235839844,2
2026-06-09 19:00:00,8,Sheremetyevo,156.07623291015625,2
2026-06-09 19:00:00,4,Sokolniki,68.8074951171875,2
2026-06-09 19:00:00,5,Tagansky,85.79356384277344,2
2026-06-09 19:00:00,1,Tverskoy,141.55294799804688,2
2026-06-09 19:00:00,7,VDNH,73.76555633544922,2
2026-06-09 19:00:00,9,Vnukovo,111.95335388183594,2
2026-06-09 19:00:00,11,Yasenevo,53.763771057128906,2
2026-06-09 20:00:00,2,Arbat,102.64238739013672,3
2026-06-09 20:00:00,10,Domodedovo,142.6679229736328,3
2026-06-09 20:00:00,6,Khamovniki,100.85598754882812,3
2026-06-09 20:00:00,12,Kuzminki,62.40681838989258,3
2026-06-09 20:00:00,3,Moscow City,158.33822631835938,3
2026-06-09 20:00:00,8,Sheremetyevo,159.72390747070312,3
2026-06-09 20:00:00,4,Sokolniki,65.2944107055664,3
2026-06-09 20:00:00,5,Tagansky,82.1701431274414,3
2026-06-09 20:00:00,1,Tverskoy,143.2904815673828,3
2026-06-09 20:00:00,7,VDNH,71.7089614868164,3
2026-06-09 20:00:00,9,Vnukovo,115.47937774658203,3
2026-06-09 20:00:00,11,Yasenevo,52.03623580932617,3
2026-06-09 21:00:00,2,Arbat,102.25856018066406,4
2026-06-09 21:00:00,10,Domodedovo,146.5555877685547,4
2026-06-09 21:00:00,6,Khamovniki,95.5829849243164,4
2026-06-09 21:00:00,12,Kuzminki,59.32776641845703,4
2026-06-09 21:00:00,3,Moscow City,146.90350341796875,4
2026-06-09 21:00:00,8,Sheremetyevo,163.59674072265625,4
2026-06-09 21:00:00,4,Sokolniki,61.73765182495117,4
2026-06-09 21:00:00,5,Tagansky,78.25421905517578,4
2026-06-09 21:00:00,1,Tverskoy,141.50440979003906,4
2026-06-09 21:00:00,7,VDNH,68.76869201660156,4
2026-06-09 21:00:00,9,Vnukovo,119.517822265625,4
2026-06-09 21:00:00,11,Yasenevo,49.93780517578125,4
2026-06-09 22:00:00,2,Arbat,100.0922622680664,5
2026-06-09 22:00:00,10,Domodedovo,150.3614959716797,5
2026-06-09 22:00:00,6,Khamovniki,91.1390380859375,5
2026-06-09 22:00:00,12,Kuzminki,56.366085052490234,5
2026-06-09 22:00:00,3,Moscow City,138.66831970214844,5
2026-06-09 22:00:00,8,Sheremetyevo,167.50228881835938,5
2026-06-09 22:00:00,4,Sokolniki,58.53200149536133,5
2026-06-09 22:00:00,5,Tagansky,74.96333312988281,5
2026-06-09 22:00:00,1,Tverskoy,137.2645263671875,5
2026-06-09 22:00:00,7,VDNH,65.62669372558594,5
2026-06-09 22:00:00,9,Vnukovo,123.79228210449219,5
2026-06-09 22:00:00,11,Yasenevo,47.930908203125,5
2026-06-09 23:00:00,2,Arbat,95.94976806640625,6
2026-06-09 23:00:00,10,Domodedovo,153.768310546875,6
2026-06-09 23:00:00,6,Khamovniki,87.96046447753906,6
2026-06-09 23:00:00,12,Kuzminki,54.033531188964844,6
2026-06-09 23:00:00,3,Moscow City,133.27603149414062,6
2026-06-09 23:00:00,8,Sheremetyevo,171.10079956054688,6
2026-06-09 23:00:00,4,Sokolniki,55.7861442565918,6
2026-06-09 23:00:00,5,Tagansky,72.51459503173828,6
2026-06-09 23:00:00,1,Tverskoy,130.23973083496094,6
2026-06-09 23:00:00,7,VDNH,63.016815185546875,6
2026-06-09 23:00:00,9,Vnukovo,127.66879272460938,6
2026-06-09 23:00:00,11,Yasenevo,46.36795425415039,6
2026-06-10 00:00:00,2,Arbat,91.88676452636719,7
2026-06-10 00:00:00,10,Domodedovo,156.8890380859375,7
2026-06-10 00:00:00,6,Khamovniki,86.3170166015625,7
2026-06-10 00:00:00,12,Kuzminki,52.739227294921875,7
2026-06-10 00:00:00,3,Moscow City,129.90284729003906,7
2026-06-10 00:00:00,8,Sheremetyevo,173.9165496826172,7
2026-06-10 00:00:00,4,Sokolniki,53.762359619140625,7
2026-06-10 00:00:00,5,Tagansky,70.81138610839844,7
2026-06-10 00:00:00,1,Tverskoy,123.22713470458984,7
2026-06-10 00:00:00,7,VDNH,61.603057861328125,7
2026-06-10 00:00:00,9,Vnukovo,130.85243225097656,7
2026-06-10 00:00:00,11,Yasenevo,45.15073013305664,7
2026-06-10 01:00:00,2,Arbat,88.44149017333984,8
2026-06-10 01:00:00,10,Domodedovo,159.0859375,8
2026-06-10 01:00:00,6,Khamovniki,85.7688980102539,8
2026-06-10 01:00:00,12,Kuzminki,52.49184036254883,8
2026-06-10 01:00:00,3,Moscow City,128.7726593017578,8
2026-06-10 01:00:00,8,Sheremetyevo,176.0563201904297,8
2026-06-10 01:00:00,4,Sokolniki,53.11867141723633,8
2026-06-10 01:00:00,5,Tagansky,69.87438201904297,8
2026-06-10 01:00:00,1,Tverskoy,117.5775375366211,8
2026-06-10 01:00:00,7,VDNH,60.71683120727539,8
2026-06-10 01:00:00,9,Vnukovo,133.13037109375,8
2026-06-10 01:00:00,11,Yasenevo,44.51670837402344,8
2026-06-10 02:00:00,2,Arbat,85.71690368652344,9
2026-06-10 02:00:00,10,Domodedovo,160.10272216796875,9
2026-06-10 02:00:00,6,Khamovniki,86.48893737792969,9
2026-06-10 02:00:00,12,Kuzminki,53.03029251098633,9
2026-06-10 02:00:00,3,Moscow City,130.2680206298828,9
2026-06-10 02:00:00,8,Sheremetyevo,177.01437377929688,9
2026-06-10 02:00:00,4,Sokolniki,54.064823150634766,9
2026-06-10 02:00:00,5,Tagansky,70.18303680419922,9
2026-06-10 02:00:00,1,Tverskoy,113.06187438964844,9
2026-06-10 02:00:00,7,VDNH,60.95637512207031,9
2026-06-10 02:00:00,9,Vnukovo,134.26800537109375,9
2026-06-10 02:00:00,11,Yasenevo,44.66475296020508,9
2026-06-10 03:00:00,2,Arbat,83.49620056152344,10
2026-06-10 03:00:00,10,Domodedovo,160.40151977539062,10
2026-06-10 03:00:00,6,Khamovniki,88.65267944335938,10
2026-06-10 03:00:00,12,Kuzminki,54.26115417480469,10
2026-06-10 03:00:00,3,Moscow City,133.87396240234375,10
2026-06-10 03:00:00,8,Sheremetyevo,177.31077575683594,10
2026-06-10 03:00:00,4,Sokolniki,55.85911178588867,10
2026-06-10 03:00:00,5,Tagansky,71.17630767822266,10
2026-06-10 03:00:00,1,Tverskoy,109.77540588378906,10
2026-06-10 03:00:00,7,VDNH,61.96854782104492,10
2026-06-10 03:00:00,9,Vnukovo,135.06622314453125,10
2026-06-10 03:00:00,11,Yasenevo,45.592262268066406,10
2026-06-10 04:00:00,2,Arbat,82.19334411621094,11
2026-06-10 04:00:00,10,Domodedovo,159.3975372314453,11
2026-06-10 04:00:00,6,Khamovniki,91.50234985351562,11
2026-06-10 04:00:00,12,Kuzminki,56.122901916503906,11
2026-06-10 04:00:00,3,Moscow City,139.96351623535156,11
2026-06-10 04:00:00,8,Sheremetyevo,176.20945739746094,11
2026-06-10 04:00:00,4,Sokolniki,57.92128372192383,11
2026-06-10 04:00:00,5,Tagansky,73.17689514160156,11
2026-06-10 04:00:00,1,Tverskoy,108.31497955322266,11
2026-06-10 04:00:00,7,VDNH,63.36315155029297,11
2026-06-10 04:00:00,9,Vnukovo,134.46990966796875,11
2026-06-10 04:00:00,11,Yasenevo,47.09646987915039,11
2026-06-10 05:00:00,2,Arbat,82.02436828613281,12
2026-06-10 05:00:00,10,Domodedovo,156.9656982421875,12
2026-06-10 05:00:00,6,Khamovniki,94.95364379882812,12
2026-06-10 05:00:00,12,Kuzminki,58.30525207519531,12
2026-06-10 05:00:00,3,Moscow City,147.46730041503906,12
2026-06-10 05:00:00,8,Sheremetyevo,173.1827850341797,12
2026-06-10 05:00:00,4,Sokolniki,60.36074447631836,12
2026-06-10 05:00:00,5,Tagansky,75.47560119628906,12
2026-06-10 05:00:00,1,Tverskoy,108.67345428466797,12
2026-06-10 05:00:00,7,VDNH,65.0815658569336,12
2026-06-10 05:00:00,9,Vnukovo,131.85501098632812,12
2026-06-10 05:00:00,11,Yasenevo,49.07709503173828,12
2026-06-10 06:00:00,2,Arbat,82.30775451660156,13
2026-06-10 06:00:00,10,Domodedovo,153.25390625,13
2026-06-10 06:00:00,6,Khamovniki,98.53958892822266,13
2026-06-10 06:00:00,12,Kuzminki,60.6709098815918,13
2026-06-10 06:00:00,3,Moscow City,155.01870727539062,13
2026-06-10 06:00:00,8,Sheremetyevo,168.6953125,13
2026-06-10 06:00:00,4,Sokolniki,63.09620666503906,13
2026-06-10 06:00:00,5,Tagansky,77.8248291015625,13
2026-06-10 06:00:00,1,Tverskoy,109.56547546386719,13
2026-06-10 06:00:00,7,VDNH,67.36461639404297,13
2026-06-10 06:00:00,9,Vnukovo,128.4916534423828,13
2026-06-10 06:00:00,11,Yasenevo,51.30070114135742,13
2026-06-10 07:00:00,2,Arbat,82.4570083618164,14
2026-06-10 07:00:00,10,Domodedovo,148.73516845703125,14
2026-06-10 07:00:00,6,Khamovniki,101.70519256591797,14
2026-06-10 07:00:00,12,Kuzminki,62.6241569519043,14
2026-06-10 07:00:00,3,Moscow City,162.41102600097656,14
2026-06-10 07:00:00,8,Sheremetyevo,163.49771118164062,14
2026-06-10 07:00:00,4,Sokolniki,65.54899597167969,14
2026-06-10 07:00:00,5,Tagansky,80.01800537109375,14
2026-06-10 07:00:00,1,Tverskoy,110.49069213867188,14
2026-06-10 07:00:00,7,VDNH,69.61884307861328,14
2026-06-10 07:00:00,9,Vnukovo,124.04072570800781,14
2026-06-10 07:00:00,11,Yasenevo,53.478885650634766,14
2026-06-10 08:00:00,2,Arbat,82.5652084350586,15
2026-06-10 08:00:00,10,Domodedovo,144.1616668701172,15
2026-06-10 08:00:00,6,Khamovniki,103.54560852050781,15
2026-06-10 08:00:00,12,Kuzminki,63.952423095703125,15
2026-06-10 08:00:00,3,Moscow City,168.6077117919922,15
2026-06-10 08:00:00,8,Sheremetyevo,158.60902404785156,15
2026-06-10 08:00:00,4,Sokolniki,66.23873901367188,15
2026-06-10 08:00:00,5,Tagansky,81.41378021240234,15
2026-06-10 08:00:00,1,Tverskoy,111.56697845458984,15
2026-06-10 08:00:00,7,VDNH,71.28459167480469,15
2026-06-10 08:00:00,9,Vnukovo,119.29155731201172,15
2026-06-10 08:00:00,11,Yasenevo,54.783077239990234,15
2026-06-10 09:00:00,2,Arbat,82.85691833496094,16
2026-06-10 09:00:00,10,Domodedovo,139.38951110839844,16
2026-06-10 09:00:00,6,Khamovniki,101.8595199584961,16
2026-06-10 09:00:00,12,Kuzminki,63.5533447265625,16
2026-06-10 09:00:00,3,Moscow City,168.2548065185547,16
2026-06-10 09:00:00,8,Sheremetyevo,153.60670471191406,16
2026-06-10 09:00:00,4,Sokolniki,64.44097137451172,16
2026-06-10 09:00:00,5,Tagansky,81.48785400390625,16
2026-06-10 09:00:00,1,Tverskoy,113.16416931152344,16
2026-06-10 09:00:00,7,VDNH,71.25337219238281,16
2026-06-10 09:00:00,9,Vnukovo,115.15364074707031,16
2026-06-10 09:00:00,11,Yasenevo,53.729026794433594,16
2026-06-10 10:00:00,2,Arbat,83.13319396972656,17
2026-06-10 10:00:00,10,Domodedovo,133.8659210205078,17
2026-06-10 10:00:00,6,Khamovniki,96.8465347290039,17
2026-06-10 10:00:00,12,Kuzminki,61.54338455200195,17
2026-06-10 10:00:00,3,Moscow City,158.67996215820312,17
2026-06-10 10:00:00,8,Sheremetyevo,148.6293182373047,17
2026-06-10 10:00:00,4,Sokolniki,61.778053283691406,17
2026-06-10 10:00:00,5,Tagansky,79.4355239868164,17
2026-06-10 10:00:00,1,Tverskoy,114.27104949951172,17
2026-06-10 10:00:00,7,VDNH,68.82237243652344,17
2026-06-10 10:00:00,9,Vnukovo,111.80345916748047,17
2026-06-10 10:00:00,11,Yasenevo,51.2751579284668,17
2026-06-10 11:00:00,2,Arbat,83.91193389892578,18
2026-06-10 11:00:00,10,Domodedovo,129.24554443359375,18
2026-06-10 11:00:00,6,Khamovniki,91.614501953125,18
2026-06-10 11:00:00,12,Kuzminki,59.16926956176758,18
2026-06-10 11:00:00,3,Moscow City,148.7413787841797,18
2026-06-10 11:00:00,8,Sheremetyevo,144.3017578125,18
2026-06-10 11:00:00,4,Sokolniki,58.99376678466797,18
2026-06-10 11:00:00,5,Tagansky,76.75981903076172,18
2026-06-10 11:00:00,1,Tverskoy,115.902099609375,18
2026-06-10 11:00:00,7,VDNH,65.95188903808594,18
2026-06-10 11:00:00,9,Vnukovo,108.9612045288086,18
2026-06-10 11:00:00,11,Yasenevo,49.245338439941406,18
2026-06-10 12:00:00,2,Arbat,84.86071014404297,19
2026-06-10 12:00:00,10,Domodedovo,125.80294036865234,19
2026-06-10 12:00:00,6,Khamovniki,88.65605163574219,19
2026-06-10 12:00:00,12,Kuzminki,57.610774993896484,19
2026-06-10 12:00:00,3,Moscow City,142.6129913330078,19
2026-06-10 12:00:00,8,Sheremetyevo,141.04261779785156,19
2026-06-10 12:00:00,4,Sokolniki,56.932193756103516,19
2026-06-10 12:00:00,5,Tagansky,74.84747314453125,19
2026-06-10 12:00:00,1,Tverskoy,118.11323547363281,19
2026-06-10 12:00:00,7,VDNH,63.935943603515625,19
2026-06-10 12:00:00,9,Vnukovo,106.09359741210938,19
2026-06-10 12:00:00,11,Yasenevo,47.812557220458984,19
2026-06-10 13:00:00,2,Arbat,86.14302825927734,20
2026-06-10 13:00:00,10,Domodedovo,123.1197280883789,20
2026-06-10 13:00:00,6,Khamovniki,87.54910278320312,20
2026-06-10 13:00:00,12,Kuzminki,57.35218811035156,20
2026-06-10 13:00:00,3,Moscow City,139.5792236328125,20
2026-06-10 13:00:00,8,Sheremetyevo,138.26278686523438,20
2026-06-10 13:00:00,4,Sokolniki,56.59890365600586,20
2026-06-10 13:00:00,5,Tagansky,73.93672943115234,20
2026-06-10 13:00:00,1,Tverskoy,121.55008697509766,20
2026-06-10 13:00:00,7,VDNH,63.085601806640625,20
2026-06-10 13:00:00,9,Vnukovo,103.8471908569336,20
2026-06-10 13:00:00,11,Yasenevo,47.161922454833984,20
2026-06-10 14:00:00,2,Arbat,87.9203872680664,21
2026-06-10 14:00:00,10,Domodedovo,121.37735748291016,21
2026-06-10 14:00:00,6,Khamovniki,88.58131408691406,21
2026-06-10 14:00:00,12,Kuzminki,58.14255905151367,21
2026-06-10 14:00:00,3,Moscow City,139.85870361328125,21
2026-06-10 14:00:00,8,Sheremetyevo,136.44134521484375,21
2026-06-10 14:00:00,4,Sokolniki,57.50285720825195,21
2026-06-10 14:00:00,5,Tagansky,74.27355194091797,21
2026-06-10 14:00:00,1,Tverskoy,124.88899993896484,21
2026-06-10 14:00:00,7,VDNH,63.336334228515625,21
2026-06-10 14:00:00,9,Vnukovo,102.69493103027344,21
2026-06-10 14:00:00,11,Yasenevo,47.72392272949219,21
2026-06-10 15:00:00,2,Arbat,90.09625244140625,22
2026-06-10 15:00:00,10,Domodedovo,120.34895324707031,22
2026-06-10 15:00:00,6,Khamovniki,91.1277084350586,22
2026-06-10 15:00:00,12,Kuzminki,59.663570404052734,22
2026-06-10 15:00:00,3,Moscow City,142.22366333007812,22
2026-06-10 15:00:00,8,Sheremetyevo,135.6262664794922,22
2026-06-10 15:00:00,4,Sokolniki,59.53858947753906,22
2026-06-10 15:00:00,5,Tagansky,75.30313110351562,22
2026-06-10 15:00:00,1,Tverskoy,128.2781982421875,22
2026-06-10 15:00:00,7,VDNH,64.49760437011719,22
2026-06-10 15:00:00,9,Vnukovo,102.32470703125,22
2026-06-10 15:00:00,11,Yasenevo,48.95164108276367,22
2026-06-10 16:00:00,2,Arbat,92.58319091796875,23
2026-06-10 16:00:00,10,Domodedovo,120.0666732788086,23
2026-06-10 16:00:00,6,Khamovniki,94.24247741699219,23
2026-06-10 16:00:00,12,Kuzminki,61.1694221496582,23
2026-06-10 16:00:00,3,Moscow City,147.72344970703125,23
2026-06-10 16:00:00,8,Sheremetyevo,135.95834350585938,23
2026-06-10 16:00:00,4,Sokolniki,61.61810302734375,23
2026-06-10 16:00:00,5,Tagansky,76.84618377685547,23
2026-06-10 16:00:00,1,Tverskoy,132.3968048095703,23
2026-06-10 16:00:00,7,VDNH,66.3181381225586,23
2026-06-10 16:00:00,9,Vnukovo,102.8836441040039,23
2026-06-10 16:00:00,11,Yasenevo,50.495697021484375,23
2026-06-10 17:00:00,2,Arbat,94.93401336669922,24
2026-06-10 17:00:00,10,Domodedovo,121.0281982421875,24
2026-06-10 17:00:00,6,Khamovniki,96.97399139404297,24
2026-06-10 17:00:00,12,Kuzminki,63.04017639160156,24
2026-06-10 17:00:00,3,Moscow City,154.05906677246094,24
2026-06-10 17:00:00,8,Sheremetyevo,137.24435424804688,24
2026-06-10 17:00:00,4,Sokolniki,63.708824157714844,24
2026-06-10 17:00:00,5,Tagansky,78.37346649169922,24
2026-06-10 17:00:00,1,Tverskoy,136.3203582763672,24
2026-06-10 17:00:00,7,VDNH,67.7877197265625,24
2026-06-10 17:00:00,9,Vnukovo,104.1973876953125,24
2026-06-10 17:00:00,11,Yasenevo,51.703399658203125,24
2026-06-10 18:00:00,2,Arbat,97.04488372802734,25
2026-06-10 18:00:00,10,Domodedovo,123.0606689453125,25
2026-06-10 18:00:00,6,Khamovniki,99.21916198730469,25
2026-06-10 18:00:00,12,Kuzminki,63.86872863769531,25
2026-06-10 18:00:00,3,Moscow City,158.3418731689453,25
2026-06-10 18:00:00,8,Sheremetyevo,139.23837280273438,25
2026-06-10 18:00:00,4,Sokolniki,64.81389617919922,25
2026-06-10 18:00:00,5,Tagansky,79.23552703857422,25
2026-06-10 18:00:00,1,Tverskoy,139.57205200195312,25
2026-06-10 18:00:00,7,VDNH,68.57029724121094,25
2026-06-10 18:00:00,9,Vnukovo,106.04703521728516,25
2026-06-10 18:00:00,11,Yasenevo,52.228824615478516,25
2026-06-10 19:00:00,2,Arbat,98.42862701416016,26
2026-06-10 19:00:00,10,Domodedovo,125.3963623046875,26
2026-06-10 19:00:00,6,Khamovniki,98.79993438720703,26
2026-06-10 19:00:00,12,Kuzminki,62.587852478027344,26
2026-06-10 19:00:00,3,Moscow City,156.67010498046875,26
2026-06-10 19:00:00,8,Sheremetyevo,142.25924682617188,26
2026-06-10 19:00:00,4,Sokolniki,63.37290954589844,26
2026-06-10 19:00:00,5,Tagansky,78.5995864868164,26
2026-06-10 19:00:00,1,Tverskoy,141.0602264404297,26
2026-06-10 19:00:00,7,VDNH,68.30660247802734,26
2026-06-10 19:00:00,9,Vnukovo,108.78616333007812,26
2026-06-10 19:00:00,11,Yasenevo,51.26997375488281,26
2026-06-10 20:00:00,2,Arbat,99.11035919189453,27
2026-06-10 20:00:00,10,Domodedovo,128.53704833984375,27
2026-06-10 20:00:00,6,Khamovniki,95.13032531738281,27
2026-06-10 20:00:00,12,Kuzminki,60.1590690612793,27
2026-06-10 20:00:00,3,Moscow City,151.09634399414062,27
2026-06-10 20:00:00,8,Sheremetyevo,145.5247802734375,27
2026-06-10 20:00:00,4,Sokolniki,60.317630767822266,27
2026-06-10 20:00:00,5,Tagansky,76.63278198242188,27
2026-06-10 20:00:00,1,Tverskoy,141.5282745361328,27
2026-06-10 20:00:00,7,VDNH,66.62771606445312,27
2026-06-10 20:00:00,9,Vnukovo,111.92034912109375,27
2026-06-10 20:00:00,11,Yasenevo,49.459964752197266,27
2026-06-10 21:00:00,2,Arbat,98.2005615234375,28
2026-06-10 21:00:00,10,Domodedovo,132.15245056152344,28
2026-06-10 21:00:00,6,Khamovniki,91.01312255859375,28
2026-06-10 21:00:00,12,Kuzminki,57.365379333496094,28
2026-06-10 21:00:00,3,Moscow City,144.57867431640625,28
2026-06-10 21:00:00,8,Sheremetyevo,149.26589965820312,28
2026-06-10 21:00:00,4,Sokolniki,56.870540618896484,28
2026-06-10 21:00:00,5,Tagansky,74.10840606689453,28
2026-06-10 21:00:00,1,Tverskoy,139.26766967773438,28
2026-06-10 21:00:00,7,VDNH,64.50450134277344,28
2026-06-10 21:00:00,9,Vnukovo,116.00521087646484,28
2026-06-10 21:00:00,11,Yasenevo,47.83137893676758,28
2026-06-10 22:00:00,2,Arbat,96.24298095703125,29
2026-06-10 22:00:00,10,Domodedovo,135.78472900390625,29
2026-06-10 22:00:00,6,Khamovniki,87.88816833496094,29
2026-06-10 22:00:00,12,Kuzminki,54.8990364074707,29
2026-06-10 22:00:00,3,Moscow City,137.62596130371094,29
2026-06-10 22:00:00,8,Sheremetyevo,153.13604736328125,29
2026-06-10 22:00:00,4,Sokolniki,54.25725173950195,29
2026-06-10 22:00:00,5,Tagansky,71.74749755859375,29
2026-06-10 22:00:00,1,Tverskoy,134.4971160888672,29
2026-06-10 22:00:00,7,VDNH,62.92283630371094,29
2026-06-10 22:00:00,9,Vnukovo,120.21790313720703,29
2026-06-10 22:00:00,11,Yasenevo,46.59431457519531,29
2026-06-10 23:00:00,2,Arbat,92.86398315429688,30
2026-06-10 23:00:00,10,Domodedovo,139.31362915039062,30
2026-06-10 23:00:00,6,Khamovniki,85.8481674194336,30
2026-06-10 23:00:00,12,Kuzminki,53.21442794799805,30
2026-06-10 23:00:00,3,Moscow City,131.95127868652344,30
2026-06-10 23:00:00,8,Sheremetyevo,156.89242553710938,30
2026-06-10 23:00:00,4,Sokolniki,52.76169204711914,30
2026-06-10 23:00:00,5,Tagansky,69.86407470703125,30
2026-06-10 23:00:00,1,Tverskoy,127.69598388671875,30
2026-06-10 23:00:00,7,VDNH,61.967525482177734,30
2026-06-10 23:00:00,9,Vnukovo,124.24266052246094,30
2026-06-10 23:00:00,11,Yasenevo,45.708133697509766,30
2026-06-11 00:00:00,2,Arbat,89.06169891357422,31
2026-06-11 00:00:00,10,Domodedovo,142.8109588623047,31
2026-06-11 00:00:00,6,Khamovniki,84.7255859375,31
2026-06-11 00:00:00,12,Kuzminki,52.36430740356445,31
2026-06-11 00:00:00,3,Moscow City,129.82791137695312,31
2026-06-11 00:00:00,8,Sheremetyevo,160.59373474121094,31
2026-06-11 00:00:00,4,Sokolniki,52.14479064941406,31
2026-06-11 00:00:00,5,Tagansky,68.59309387207031,31
2026-06-11 00:00:00,1,Tverskoy,120.67144775390625,31
2026-06-11 00:00:00,7,VDNH,61.33098602294922,31
2026-06-11 00:00:00,9,Vnukovo,128.08790588378906,31
2026-06-11 00:00:00,11,Yasenevo,45.182064056396484,31
2026-06-11 01:00:00,2,Arbat,85.81856536865234,32
2026-06-11 01:00:00,10,Domodedovo,145.8558349609375,32
2026-06-11 01:00:00,6,Khamovniki,84.70355987548828,32
2026-06-11 01:00:00,12,Kuzminki,52.443172454833984,32
2026-06-11 01:00:00,3,Moscow City,130.5220184326172,32
2026-06-11 01:00:00,8,Sheremetyevo,163.86026000976562,32
2026-06-11 01:00:00,4,Sokolniki,52.36606216430664,32
2026-06-11 01:00:00,5,Tagansky,68.09014892578125,32
2026-06-11 01:00:00,1,Tverskoy,114.80854034423828,32
2026-06-11 01:00:00,7,VDNH,61.09342956542969,32
2026-06-11 01:00:00,9,Vnukovo,131.19419860839844,32
2026-06-11 01:00:00,11,Yasenevo,45.06837844848633,32
2026-06-11 02:00:00,2,Arbat,83.07231903076172,33
2026-06-11 02:00:00,10,Domodedovo,148.09182739257812,33
2026-06-11 02:00:00,6,Khamovniki,86.042236328125,33
2026-06-11 02:00:00,12,Kuzminki,53.36920166015625,33
2026-06-11 02:00:00,3,Moscow City,133.60238647460938,33
2026-06-11 02:00:00,8,Sheremetyevo,166.4639434814453,33
2026-06-11 02:00:00,4,Sokolniki,53.56719207763672,33
2026-06-11 02:00:00,5,Tagansky,68.46137237548828,33
2026-06-11 02:00:00,1,Tverskoy,110.31289672851562,33
2026-06-11 02:00:00,7,VDNH,61.378173828125,33
2026-06-11 02:00:00,9,Vnukovo,133.23377990722656,33
2026-06-11 02:00:00,11,Yasenevo,45.50238037109375,33
2026-06-11 03:00:00,2,Arbat,81.11287689208984,34
2026-06-11 03:00:00,10,Domodedovo,149.2264862060547,34
2026-06-11 03:00:00,6,Khamovniki,88.52323913574219,34
2026-06-11 03:00:00,12,Kuzminki,54.97834014892578,34
2026-06-11 03:00:00,3,Moscow City,139.23081970214844,34
2026-06-11 03:00:00,8,Sheremetyevo,167.80723571777344,34
2026-06-11 03:00:00,4,Sokolniki,55.730743408203125,34
2026-06-11 03:00:00,5,Tagansky,69.78579711914062,34
2026-06-11 03:00:00,1,Tverskoy,107.46330261230469,34
2026-06-11 03:00:00,7,VDNH,62.380008697509766,34
2026-06-11 03:00:00,9,Vnukovo,134.09242248535156,34
2026-06-11 03:00:00,11,Yasenevo,46.65251922607422,34
2026-06-11 04:00:00,2,Arbat,79.80480194091797,35
2026-06-11 04:00:00,10,Domodedovo,149.34552001953125,35
2026-06-11 04:00:00,6,Khamovniki,91.95628356933594,35
2026-06-11 04:00:00,12,Kuzminki,57.02132034301758,35
2026-06-11 04:00:00,3,Moscow City,146.8234100341797,35
2026-06-11 04:00:00,8,Sheremetyevo,167.6844482421875,35
2026-06-11 04:00:00,4,Sokolniki,58.46592330932617,35
2026-06-11 04:00:00,5,Tagansky,71.7455825805664,35
2026-06-11 04:00:00,1,Tverskoy,106.32727813720703,35
2026-06-11 04:00:00,7,VDNH,64.01789855957031,35
2026-06-11 04:00:00,9,Vnukovo,133.65611267089844,35
2026-06-11 04:00:00,11,Yasenevo,48.571266174316406,35
2026-06-11 05:00:00,2,Arbat,79.006103515625,36
2026-06-11 05:00:00,10,Domodedovo,148.24546813964844,36
2026-06-11 05:00:00,6,Khamovniki,95.84119415283203,36
2026-06-11 05:00:00,12,Kuzminki,59.44337463378906,36
2026-06-11 05:00:00,3,Moscow City,155.08090209960938,36
2026-06-11 05:00:00,8,Sheremetyevo,166.17185974121094,36
2026-06-11 05:00:00,4,Sokolniki,61.43021774291992,36
2026-06-11 05:00:00,5,Tagansky,74.24085998535156,36
2026-06-11 05:00:00,1,Tverskoy,106.38522338867188,36
2026-06-11 05:00:00,7,VDNH,66.27677917480469,36
2026-06-11 05:00:00,9,Vnukovo,131.76185607910156,36
2026-06-11 05:00:00,11,Yasenevo,50.966854095458984,36
2026-06-11 06:00:00,2,Arbat,78.75676727294922,37
2026-06-11 06:00:00,10,Domodedovo,145.85240173339844,37
2026-06-11 06:00:00,6,Khamovniki,99.90467834472656,37
2026-06-11 06:00:00,12,Kuzminki,62.05207443237305,37
2026-06-11 06:00:00,3,Moscow City,163.41961669921875,37
2026-06-11 06:00:00,8,Sheremetyevo,163.49920654296875,37
2026-06-11 06:00:00,4,Sokolniki,64.3756332397461,37
2026-06-11 06:00:00,5,Tagansky,76.90738677978516,37
2026-06-11 06:00:00,1,Tverskoy,106.92845153808594,37
2026-06-11 06:00:00,7,VDNH,68.87346649169922,37
2026-06-11 06:00:00,9,Vnukovo,128.92987060546875,37
2026-06-11 06:00:00,11,Yasenevo,53.42654037475586,37
2026-06-11 07:00:00,2,Arbat,78.9189453125,38
2026-06-11 07:00:00,10,Domodedovo,142.6360626220703,38
2026-06-11 07:00:00,6,Khamovniki,103.59806060791016,38
2026-06-11 07:00:00,12,Kuzminki,64.45985412597656,38
2026-06-11 07:00:00,3,Moscow City,171.3465118408203,38
2026-06-11 07:00:00,8,Sheremetyevo,160.09005737304688,38
2026-06-11 07:00:00,4,Sokolniki,66.78829956054688,38
2026-06-11 07:00:00,5,Tagansky,79.39422607421875,38
2026-06-11 07:00:00,1,Tverskoy,107.75953674316406,38
2026-06-11 07:00:00,7,VDNH,71.49221801757812,38
2026-06-11 07:00:00,9,Vnukovo,125.41776275634766,38
2026-06-11 07:00:00,11,Yasenevo,55.68609619140625,38
2026-06-11 08:00:00,2,Arbat,79.40323638916016,39
2026-06-11 08:00:00,10,Domodedovo,139.12673950195312,39
2026-06-11 08:00:00,6,Khamovniki,105.71805572509766,39
2026-06-11 08:00:00,12,Kuzminki,65.76061248779297,39
2026-06-11 08:00:00,3,Moscow City,177.60443115234375,39
2026-06-11 08:00:00,8,Sheremetyevo,156.42564392089844,39
2026-06-11 08:00:00,4,Sokolniki,67.27717590332031,39
2026-06-11 08:00:00,5,Tagansky,81.32831573486328,39
2026-06-11 08:00:00,1,Tverskoy,109.13877868652344,39
2026-06-11 08:00:00,7,VDNH,73.4652328491211,39
2026-06-11 08:00:00,9,Vnukovo,121.42585754394531,39
2026-06-11 08:00:00,11,Yasenevo,57.103328704833984,39
2026-06-11 09:00:00,2,Arbat,80.10965728759766,40
2026-06-11 09:00:00,10,Domodedovo,135.64093017578125,40
2026-06-11 09:00:00,6,Khamovniki,104.8482894897461,40
2026-06-11 09:00:00,12,Kuzminki,65.37127685546875,40
2026-06-11 09:00:00,3,Moscow City,177.06674194335938,40
2026-06-11 09:00:00,8,Sheremetyevo,152.4900360107422,40
2026-06-11 09:00:00,4,Sokolniki,65.83546447753906,40
2026-06-11 09:00:00,5,Tagansky,82.0102310180664,40
2026-06-11 09:00:00,1,Tverskoy,111.04944610595703,40
2026-06-11 09:00:00,7,VDNH,73.35307312011719,40
2026-06-11 09:00:00,9,Vnukovo,117.14515686035156,40
2026-06-11 09:00:00,11,Yasenevo,56.5606575012207,40
2026-06-11 10:00:00,2,Arbat,81.02369689941406,41
2026-06-11 10:00:00,10,Domodedovo,132.28756713867188,41
2026-06-11 10:00:00,6,Khamovniki,101.40312194824219,41
2026-06-11 10:00:00,12,Kuzminki,63.316795349121094,41
2026-06-11 10:00:00,3,Moscow City,169.16958618164062,41
2026-06-11 10:00:00,8,Sheremetyevo,148.32626342773438,41
2026-06-11 10:00:00,4,Sokolniki,63.687538146972656,41
2026-06-11 10:00:00,5,Tagansky,81.08309173583984,41
2026-06-11 10:00:00,1,Tverskoy,113.3800048828125,41
2026-06-11 10:00:00,7,VDNH,70.91844177246094,41
2026-06-11 10:00:00,9,Vnukovo,112.99700927734375,41
2026-06-11 10:00:00,11,Yasenevo,54.25011444091797,41
2026-06-11 11:00:00,2,Arbat,82.18962097167969,42
2026-06-11 11:00:00,10,Domodedovo,128.9268341064453,42
2026-06-11 11:00:00,6,Khamovniki,97.48773193359375,42
2026-06-11 11:00:00,12,Kuzminki,60.660030364990234,42
2026-06-11 11:00:00,3,Moscow City,157.9236297607422,42
2026-06-11 11:00:00,8,Sheremetyevo,144.39407348632812,42
2026-06-11 11:00:00,4,Sokolniki,61.439117431640625,42
2026-06-11 11:00:00,5,Tagansky,79.36893463134766,42
2026-06-11 11:00:00,1,Tverskoy,115.52115631103516,42
2026-06-11 11:00:00,7,VDNH,68.40674591064453,42
2026-06-11 11:00:00,9,Vnukovo,109.49691009521484,42
2026-06-11 11:00:00,11,Yasenevo,52.133766174316406,42
2026-06-11 12:00:00,2,Arbat,83.67240905761719,43
2026-06-11 12:00:00,10,Domodedovo,125.86190032958984,43
2026-06-11 12:00:00,6,Khamovniki,93.9962387084961,43
2026-06-11 12:00:00,12,Kuzminki,58.51457214355469,43
2026-06-11 12:00:00,3,Moscow City,148.25100708007812,43
2026-06-11 12:00:00,8,Sheremetyevo,140.93923950195312,43
2026-06-11 12:00:00,4,Sokolniki,59.65593338012695,43
2026-06-11 12:00:00,5,Tagansky,77.71612548828125,43
2026-06-11 12:00:00,1,Tverskoy,117.8133773803711,43
2026-06-11 12:00:00,7,VDNH,66.81167602539062,43
2026-06-11 12:00:00,9,Vnukovo,106.5860366821289,43
2026-06-11 12:00:00,11,Yasenevo,50.7553825378418,43
2026-06-11 13:00:00,2,Arbat,85.50202941894531,44
2026-06-11 13:00:00,10,Domodedovo,123.50234985351562,44
2026-06-11 13:00:00,6,Khamovniki,91.97157287597656,44
2026-06-11 13:00:00,12,Kuzminki,58.00501251220703,44
2026-06-11 13:00:00,3,Moscow City,143.21514892578125,44
2026-06-11 13:00:00,8,Sheremetyevo,138.37020874023438,44
2026-06-11 13:00:00,4,Sokolniki,59.1402702331543,44
2026-06-11 13:00:00,5,Tagansky,76.67198944091797,44
2026-06-11 13:00:00,1,Tverskoy,120.93199157714844,44
2026-06-11 13:00:00,7,VDNH,65.98796844482422,44
2026-06-11 13:00:00,9,Vnukovo,104.5641098022461,44
2026-06-11 13:00:00,11,Yasenevo,50.36088562011719,44
2026-06-11 14:00:00,2,Arbat,87.6746826171875,45
2026-06-11 14:00:00,10,Domodedovo,122.07063293457031,45
2026-06-11 14:00:00,6,Khamovniki,92.2368392944336,45
2026-06-11 14:00:00,12,Kuzminki,58.77329635620117,45
2026-06-11 14:00:00,3,Moscow City,142.76434326171875,45
2026-06-11 14:00:00,8,Sheremetyevo,137.0835418701172,45
2026-06-11 14:00:00,4,Sokolniki,60.19194412231445,45
2026-06-11 14:00:00,5,Tagansky,76.57638549804688,45
2026-06-11 14:00:00,1,Tverskoy,124.94483947753906,45
2026-06-11 14:00:00,7,VDNH,66.07324981689453,45
2026-06-11 14:00:00,9,Vnukovo,103.58663940429688,45
2026-06-11 14:00:00,11,Yasenevo,51.13246154785156,45
2026-06-11 15:00:00,2,Arbat,90.0542984008789,46
2026-06-11 15:00:00,10,Domodedovo,121.6480712890625,46
2026-06-11 15:00:00,6,Khamovniki,94.84343719482422,46
2026-06-11 15:00:00,12,Kuzminki,60.472557067871094,46
2026-06-11 15:00:00,3,Moscow City,147.331298828125,46
2026-06-11 15:00:00,8,Sheremetyevo,136.9946746826172,46
2026-06-11 15:00:00,4,Sokolniki,62.24584197998047,46
2026-06-11 15:00:00,5,Tagansky,77.51261901855469,46
2026-06-11 15:00:00,1,Tverskoy,129.12864685058594,46
2026-06-11 15:00:00,7,VDNH,67.10955047607422,46
2026-06-11 15:00:00,9,Vnukovo,103.37276458740234,46
2026-06-11 15:00:00,11,Yasenevo,52.67964553833008,46
2026-06-11 16:00:00,2,Arbat,92.51578521728516,47
2026-06-11 16:00:00,10,Domodedovo,122.25592041015625,47
2026-06-11 16:00:00,6,Khamovniki,98.228515625,47
2026-06-11 16:00:00,12,Kuzminki,62.38614273071289,47
2026-06-11 16:00:00,3,Moscow City,154.32264709472656,47
2026-06-11 16:00:00,8,Sheremetyevo,137.9970245361328,47
2026-06-11 16:00:00,4,Sokolniki,64.59098815917969,47
2026-06-11 16:00:00,5,Tagansky,79.06190490722656,47
2026-06-11 16:00:00,1,Tverskoy,133.1768798828125,47
2026-06-11 16:00:00,7,VDNH,68.71688079833984,47
2026-06-11 16:00:00,9,Vnukovo,103.89884948730469,47
2026-06-11 16:00:00,11,Yasenevo,54.137760162353516,47
2026-06-11 17:00:00,2,Arbat,94.87516021728516,48
2026-06-11 17:00:00,10,Domodedovo,123.79472351074219,48
2026-06-11 17:00:00,6,Khamovniki,101.29199981689453,48
2026-06-11 17:00:00,12,Kuzminki,63.76704406738281,48
2026-06-11 17:00:00,3,Moscow City,160.80670166015625,48
2026-06-11 17:00:00,8,Sheremetyevo,139.9073944091797,48
2026-06-11 17:00:00,4,Sokolniki,66.4148941040039,48
2026-06-11 17:00:00,5,Tagansky,80.47325134277344,48
2026-06-11 17:00:00,1,Tverskoy,136.75523376464844,48
2026-06-11 17:00:00,7,VDNH,70.31509399414062,48
2026-06-11 17:00:00,9,Vnukovo,105.1791000366211,48
2026-06-11 17:00:00,11,Yasenevo,54.9326057434082,48
2026-06-11 18:00:00,2,Arbat,96.99482727050781,49
2026-06-11 18:00:00,10,Domodedovo,126.1768569946289,49
2026-06-11 18:00:00,6,Khamovniki,102.76918029785156,49
2026-06-11 18:00:00,12,Kuzminki,63.726844787597656,49
2026-06-11 18:00:00,3,Moscow City,163.46633911132812,49
2026-06-11 18:00:00,8,Sheremetyevo,142.5914764404297,49
2026-06-11 18:00:00,4,Sokolniki,66.69388580322266,49
2026-06-11 18:00:00,5,Tagansky,80.97169494628906,49
2026-06-11 18:00:00,1,Tverskoy,139.72610473632812,49
2026-06-11 18:00:00,7,VDNH,71.19461822509766,49
2026-06-11 18:00:00,9,Vnukovo,107.2448501586914,49
2026-06-11 18:00:00,11,Yasenevo,54.587120056152344,49
2026-06-11 19:00:00,2,Arbat,98.68840026855469,50
2026-06-11 19:00:00,10,Domodedovo,129.2674102783203,50
2026-06-11 19:00:00,6,Khamovniki,101.12785339355469,50
2026-06-11 19:00:00,12,Kuzminki,61.84145736694336,50
2026-06-11 19:00:00,3,Moscow City,158.1141815185547,50
2026-06-11 19:00:00,8,Sheremetyevo,145.8899383544922,50
2026-06-11 19:00:00,4,Sokolniki,64.7248306274414,50
2026-06-11 19:00:00,5,Tagansky,79.8026123046875,50
2026-06-11 19:00:00,1,Tverskoy,141.62501525878906,50
2026-06-11 19:00:00,7,VDNH,70.46708679199219,50
2026-06-11 19:00:00,9,Vnukovo,110.0641860961914,50
2026-06-11 19:00:00,11,Yasenevo,52.887351989746094,50
2026-06-11 20:00:00,2,Arbat,99.58838653564453,51
2026-06-11 20:00:00,10,Domodedovo,132.8433837890625,51
2026-06-11 20:00:00,6,Khamovniki,96.6334457397461,51
2026-06-11 20:00:00,12,Kuzminki,58.87339401245117,51
2026-06-11 20:00:00,3,Moscow City,146.83258056640625,51
2026-06-11 20:00:00,8,Sheremetyevo,149.59988403320312,51
2026-06-11 20:00:00,4,Sokolniki,61.15839385986328,51
2026-06-11 20:00:00,5,Tagansky,77.06111145019531,51
2026-06-11 20:00:00,1,Tverskoy,141.30776977539062,51
2026-06-11 20:00:00,7,VDNH,68.1052017211914,51
2026-06-11 20:00:00,9,Vnukovo,113.47423553466797,51
2026-06-11 20:00:00,11,Yasenevo,50.40807342529297,51
2026-06-11 21:00:00,2,Arbat,99.20406341552734,52
2026-06-11 21:00:00,10,Domodedovo,136.69252014160156,52
2026-06-11 21:00:00,6,Khamovniki,91.39897918701172,52
2026-06-11 21:00:00,12,Kuzminki,55.73880386352539,52
2026-06-11 21:00:00,3,Moscow City,135.44729614257812,52
2026-06-11 21:00:00,8,Sheremetyevo,153.54678344726562,52
2026-06-11 21:00:00,4,Sokolniki,57.19910430908203,52
2026-06-11 21:00:00,5,Tagansky,73.7321548461914,52
2026-06-11 21:00:00,1,Tverskoy,137.73480224609375,52
2026-06-11 21:00:00,7,VDNH,65.15982055664062,52
2026-06-11 21:00:00,9,Vnukovo,117.26160430908203,52
2026-06-11 21:00:00,11,Yasenevo,47.86070251464844,52
2026-06-11 22:00:00,2,Arbat,97.3758773803711,53
2026-06-11 22:00:00,10,Domodedovo,140.64134216308594,53
2026-06-11 22:00:00,6,Khamovniki,86.80484771728516,53
2026-06-11 22:00:00,12,Kuzminki,52.99853515625,53
2026-06-11 22:00:00,3,Moscow City,126.43746185302734,53
2026-06-11 22:00:00,8,Sheremetyevo,157.56468200683594,53
2026-06-11 22:00:00,4,Sokolniki,53.60687255859375,53
2026-06-11 22:00:00,5,Tagansky,70.605712890625,53
2026-06-11 22:00:00,1,Tverskoy,131.53016662597656,53
2026-06-11 22:00:00,7,VDNH,62.421756744384766,53
2026-06-11 22:00:00,9,Vnukovo,121.19414520263672,53
2026-06-11 22:00:00,11,Yasenevo,45.65222930908203,53
2026-06-11 23:00:00,2,Arbat,94.57695770263672,54
2026-06-11 23:00:00,10,Domodedovo,144.52197265625,54
2026-06-11 23:00:00,6,Khamovniki,83.45962524414062,54
2026-06-11 23:00:00,12,Kuzminki,50.99850845336914,54
2026-06-11 23:00:00,3,Moscow City,120.4975814819336,54
2026-06-11 23:00:00,8,Sheremetyevo,161.45664978027344,54
2026-06-11 23:00:00,4,Sokolniki,50.90886688232422,54
2026-06-11 23:00:00,5,Tagansky,68.11746215820312,54
2026-06-11 23:00:00,1,Tverskoy,124.35235595703125,54
2026-06-11 23:00:00,7,VDNH,60.27861022949219,54
2026-06-11 23:00:00,9,Vnukovo,124.99974060058594,54
2026-06-11 23:00:00,11,Yasenevo,44.012611389160156,54
2026-06-12 00:00:00,2,Arbat,91.37919616699219,55
2026-06-12 00:00:00,10,Domodedovo,148.10206604003906,55
2026-06-12 00:00:00,6,Khamovniki,81.6784439086914,55
2026-06-12 00:00:00,12,Kuzminki,49.91831970214844,55
2026-06-12 00:00:00,3,Moscow City,117.39747619628906,55
2026-06-12 00:00:00,8,Sheremetyevo,165.004638671875,55
2026-06-12 00:00:00,4,Sokolniki,49.49732208251953,55
2026-06-12 00:00:00,5,Tagansky,66.47265625,55
2026-06-12 00:00:00,1,Tverskoy,117.3668212890625,55
2026-06-12 00:00:00,7,VDNH,58.941436767578125,55
2026-06-12 00:00:00,9,Vnukovo,128.37525939941406,55
2026-06-12 00:00:00,11,Yasenevo,43.08152770996094,55
2026-06-12 01:00:00,2,Arbat,88.22449493408203,56
2026-06-12 01:00:00,10,Domodedovo,151.10121154785156,56
2026-06-12 01:00:00,6,Khamovniki,81.6010971069336,56
2026-06-12 01:00:00,12,Kuzminki,49.86532974243164,56
2026-06-12 01:00:00,3,Moscow City,117.34678649902344,56
2026-06-12 01:00:00,8,Sheremetyevo,167.9281005859375,56
2026-06-12 01:00:00,4,Sokolniki,49.52611541748047,56
2026-06-12 01:00:00,5,Tagansky,65.77413940429688,56
2026-06-12 01:00:00,1,Tverskoy,111.33035278320312,56
2026-06-12 01:00:00,7,VDNH,58.4947395324707,56
2026-06-12 01:00:00,9,Vnukovo,130.98471069335938,56
2026-06-12 01:00:00,11,Yasenevo,42.93707275390625,56
2026-06-12 02:00:00,2,Arbat,85.44281768798828,57
2026-06-12 02:00:00,10,Domodedovo,153.2388916015625,57
2026-06-12 02:00:00,6,Khamovniki,82.9901351928711,57
2026-06-12 02:00:00,12,Kuzminki,50.73004150390625,57
2026-06-12 02:00:00,3,Moscow City,120.11425018310547,57
2026-06-12 02:00:00,8,Sheremetyevo,169.92361450195312,57
2026-06-12 02:00:00,4,Sokolniki,50.78884506225586,57
2026-06-12 02:00:00,5,Tagansky,66.00848388671875,57
2026-06-12 02:00:00,1,Tverskoy,106.77570343017578,57
2026-06-12 02:00:00,7,VDNH,58.8569221496582,57
2026-06-12 02:00:00,9,Vnukovo,132.5670623779297,57
2026-06-12 02:00:00,11,Yasenevo,43.55389404296875,57
2026-06-12 03:00:00,2,Arbat,83.2751693725586,58
2026-06-12 03:00:00,10,Domodedovo,154.1688232421875,58
2026-06-12 03:00:00,6,Khamovniki,85.4183349609375,58
2026-06-12 03:00:00,12,Kuzminki,52.244171142578125,58
2026-06-12 03:00:00,3,Moscow City,124.86955261230469,58
2026-06-12 03:00:00,8,Sheremetyevo,170.61402893066406,58
2026-06-12 03:00:00,4,Sokolniki,52.850284576416016,58
2026-06-12 03:00:00,5,Tagansky,67.01459503173828,58
2026-06-12 03:00:00,1,Tverskoy,103.88299560546875,58
2026-06-12 03:00:00,7,VDNH,59.84506607055664,58
2026-06-12 03:00:00,9,Vnukovo,132.83718872070312,58
2026-06-12 03:00:00,11,Yasenevo,44.77456283569336,58
2026-06-12 04:00:00,2,Arbat,81.8031234741211,59
2026-06-12 04:00:00,10,Domodedovo,153.45895385742188,59
2026-06-12 04:00:00,6,Khamovniki,88.51316833496094,59
2026-06-12 04:00:00,12,Kuzminki,54.21052932739258,59
2026-06-12 04:00:00,3,Moscow City,131.03746032714844,59
2026-06-12 04:00:00,8,Sheremetyevo,169.5548095703125,59
2026-06-12 04:00:00,4,Sokolniki,55.3375129699707,59
2026-06-12 04:00:00,5,Tagansky,68.59202575683594,59
2026-06-12 04:00:00,1,Tverskoy,102.48564147949219,59
2026-06-12 04:00:00,7,VDNH,61.30067825317383,59
2026-06-12 04:00:00,9,Vnukovo,131.54957580566406,59
2026-06-12 04:00:00,11,Yasenevo,46.43096923828125,59
2026-06-12 05:00:00,2,Arbat,80.98345947265625,60
2026-06-12 05:00:00,10,Domodedovo,150.88624572753906,60
2026-06-12 05:00:00,6,Khamovniki,91.92450714111328,60
2026-06-12 05:00:00,12,Kuzminki,56.415672302246094,60
2026-06-12 05:00:00,3,Moscow City,137.8179931640625,60
2026-06-12 05:00:00,8,Sheremetyevo,166.58609008789062,60
2026-06-12 05:00:00,4,Sokolniki,57.98374557495117,60
2026-06-12 05:00:00,5,Tagansky,70.5168228149414,60
2026-06-12 05:00:00,1,Tverskoy,102.35816192626953,60
2026-06-12 05:00:00,7,VDNH,63.09858703613281,60
2026-06-12 05:00:00,9,Vnukovo,128.71649169921875,60
2026-06-12 05:00:00,11,Yasenevo,48.345314025878906,60
2026-06-12 06:00:00,2,Arbat,80.7295150756836,61
2026-06-12 06:00:00,10,Domodedovo,146.69236755371094,61
2026-06-12 06:00:00,6,Khamovniki,95.30595397949219,61
2026-06-12 06:00:00,12,Kuzminki,58.62691879272461,61
2026-06-12 06:00:00,3,Moscow City,144.76657104492188,61
2026-06-12 06:00:00,8,Sheremetyevo,162.06869506835938,61
2026-06-12 06:00:00,4,Sokolniki,60.494163513183594,61
2026-06-12 06:00:00,5,Tagansky,72.5554428100586,61
2026-06-12 06:00:00,1,Tverskoy,103.26437377929688,61
2026-06-12 06:00:00,7,VDNH,65.05561065673828,61
2026-06-12 06:00:00,9,Vnukovo,124.659423828125,61
2026-06-12 06:00:00,11,Yasenevo,50.30384063720703,61
2026-06-12 07:00:00,2,Arbat,80.91655731201172,62
2026-06-12 07:00:00,10,Domodedovo,141.40762329101562,62
2026-06-12 07:00:00,6,Khamovniki,98.0655517578125,62
2026-06-12 07:00:00,12,Kuzminki,60.50348663330078,62
2026-06-12 07:00:00,3,Moscow City,151.34298706054688,62
2026-06-12 07:00:00,8,Sheremetyevo,156.6516876220703,62
2026-06-12 07:00:00,4,Sokolniki,62.31941223144531,62
2026-06-12 07:00:00,5,Tagansky,74.43963623046875,62
2026-06-12 07:00:00,1,Tverskoy,104.94782257080078,62
2026-06-12 07:00:00,7,VDNH,66.85204315185547,62
2026-06-12 07:00:00,9,Vnukovo,119.95623016357422,62
2026-06-12 07:00:00,11,Yasenevo,51.963958740234375,62
2026-06-12 08:00:00,2,Arbat,81.4427490234375,63
2026-06-12 08:00:00,10,Domodedovo,135.68048095703125,63
2026-06-12 08:00:00,6,Khamovniki,98.95319366455078,63
2026-06-12 08:00:00,12,Kuzminki,61.400901794433594,63
2026-06-12 08:00:00,3,Moscow City,155.58946228027344,63
2026-06-12 08:00:00,8,Sheremetyevo,150.96737670898438,63
2026-06-12 08:00:00,4,Sokolniki,62.58063507080078,63
2026-06-12 08:00:00,5,Tagansky,75.76898956298828,63
2026-06-12 08:00:00,1,Tverskoy,107.15956115722656,63
2026-06-12 08:00:00,7,VDNH,67.87610626220703,63
2026-06-12 08:00:00,9,Vnukovo,115.19640350341797,63
2026-06-12 08:00:00,11,Yasenevo,52.674476623535156,63
2026-06-12 09:00:00,2,Arbat,82.23905944824219,64
2026-06-12 09:00:00,10,Domodedovo,130.1304473876953,64
2026-06-12 09:00:00,6,Khamovniki,96.95198822021484,64
2026-06-12 09:00:00,12,Kuzminki,60.75286102294922,64
2026-06-12 09:00:00,3,Moscow City,153.2649383544922,64
2026-06-12 09:00:00,8,Sheremetyevo,145.5232391357422,64
2026-06-12 09:00:00,4,Sokolniki,60.86801528930664,64
2026-06-12 09:00:00,5,Tagansky,76.03498840332031,64
2026-06-12 09:00:00,1,Tverskoy,109.66928100585938,64
2026-06-12 09:00:00,7,VDNH,67.3786392211914,64
2026-06-12 09:00:00,9,Vnukovo,110.75917053222656,64
2026-06-12 09:00:00,11,Yasenevo,51.85282516479492,64
2026-06-12 10:00:00,2,Arbat,83.26062774658203,65
2026-06-12 10:00:00,10,Domodedovo,125.17578125,65
2026-06-12 10:00:00,6,Khamovniki,92.98060607910156,65
2026-06-12 10:00:00,12,Kuzminki,58.97317123413086,65
2026-06-12 10:00:00,3,Moscow City,145.24118041992188,65
2026-06-12 10:00:00,8,Sheremetyevo,140.6337127685547,65
2026-06-12 10:00:00,4,Sokolniki,58.10173797607422,65
2026-06-12 10:00:00,5,Tagansky,75.13761138916016,65
2026-06-12 10:00:00,1,Tverskoy,112.44855499267578,65
2026-06-12 10:00:00,7,VDNH,65.5810546875,65
2026-06-12 10:00:00,9,Vnukovo,106.8427963256836,65
2026-06-12 10:00:00,11,Yasenevo,49.9997444152832,65
2026-06-12 11:00:00,2,Arbat,84.50236511230469,66
2026-06-12 11:00:00,10,Domodedovo,121.02330780029297,66
2026-06-12 11:00:00,6,Khamovniki,88.93647003173828,66
2026-06-12 11:00:00,12,Kuzminki,57.08119583129883,66
2026-06-12 11:00:00,3,Moscow City,136.96717834472656,66
2026-06-12 11:00:00,8,Sheremetyevo,136.46920776367188,66
2026-06-12 11:00:00,4,Sokolniki,55.48632049560547,66
2026-06-12 11:00:00,5,Tagansky,73.62571716308594,66
2026-06-12 11:00:00,1,Tverskoy,115.6244888305664,66
2026-06-12 11:00:00,7,VDNH,63.4892578125,66
2026-06-12 11:00:00,9,Vnukovo,103.60205078125,66
2026-06-12 11:00:00,11,Yasenevo,48.06191635131836,66
2026-06-12 12:00:00,2,Arbat,85.98991394042969,67
2026-06-12 12:00:00,10,Domodedovo,117.72288513183594,67
2026-06-12 12:00:00,6,Khamovniki,85.96105194091797,67
2026-06-12 12:00:00,12,Kuzminki,55.72936248779297,67
2026-06-12 12:00:00,3,Moscow City,130.6390838623047,67
2026-06-12 12:00:00,8,Sheremetyevo,133.12026977539062,67
2026-06-12 12:00:00,4,Sokolniki,53.753719329833984,67
2026-06-12 12:00:00,5,Tagansky,72.14569854736328,67
2026-06-12 12:00:00,1,Tverskoy,119.2404556274414,67
2026-06-12 12:00:00,7,VDNH,61.77922058105469,67
2026-06-12 12:00:00,9,Vnukovo,101.14436340332031,67
2026-06-12 12:00:00,11,Yasenevo,46.60331344604492,67
2026-06-12 13:00:00,2,Arbat,87.74185180664062,68
2026-06-12 13:00:00,10,Domodedovo,115.25238037109375,68
2026-06-12 13:00:00,6,Khamovniki,84.48185729980469,68
2026-06-12 13:00:00,12,Kuzminki,55.183258056640625,68
2026-06-12 13:00:00,3,Moscow City,126.83396911621094,68
2026-06-12 13:00:00,8,Sheremetyevo,130.6410369873047,68
2026-06-12 13:00:00,4,Sokolniki,53.21223068237305,68
2026-06-12 13:00:00,5,Tagansky,71.11758422851562,68
2026-06-12 13:00:00,1,Tverskoy,123.15606689453125,68
2026-06-12 13:00:00,7,VDNH,60.775245666503906,68
2026-06-12 13:00:00,9,Vnukovo,99.5051040649414,68
2026-06-12 13:00:00,11,Yasenevo,45.91458511352539,68
2026-06-12 14:00:00,2,Arbat,89.7240982055664,69
2026-06-12 14:00:00,10,Domodedovo,113.61810302734375,69
2026-06-12 14:00:00,6,Khamovniki,84.57109069824219,69
2026-06-12 14:00:00,12,Kuzminki,55.50466537475586,69
2026-06-12 14:00:00,3,Moscow City,125.88652801513672,69
2026-06-12 14:00:00,8,Sheremetyevo,129.07115173339844,69
2026-06-12 14:00:00,4,Sokolniki,53.76575469970703,69
2026-06-12 14:00:00,5,Tagansky,70.73287963867188,69
2026-06-12 14:00:00,1,Tverskoy,127.18367004394531,69
2026-06-12 14:00:00,7,VDNH,60.65947341918945,69
2026-06-12 14:00:00,9,Vnukovo,98.67048645019531,69
2026-06-12 14:00:00,11,Yasenevo,46.072418212890625,69
2026-06-12 15:00:00,2,Arbat,91.84371948242188,70
2026-06-12 15:00:00,10,Domodedovo,112.87335968017578,70
2026-06-12 15:00:00,6,Khamovniki,85.87488555908203,70
2026-06-12 15:00:00,12,Kuzminki,56.491146087646484,70
2026-06-12 15:00:00,3,Moscow City,127.85482788085938,70
2026-06-12 15:00:00,8,Sheremetyevo,128.41986083984375,70
2026-06-12 15:00:00,4,Sokolniki,55.106422424316406,70
2026-06-12 15:00:00,5,Tagansky,70.92927551269531,70
2026-06-12 15:00:00,1,Tverskoy,131.16224670410156,70
2026-06-12 15:00:00,7,VDNH,61.26545715332031,70
2026-06-12 15:00:00,9,Vnukovo,98.60078430175781,70
2026-06-12 15:00:00,11,Yasenevo,46.801002502441406,70
2026-06-12 16:00:00,2,Arbat,93.96879577636719,71
2026-06-12 16:00:00,10,Domodedovo,112.99162292480469,71
2026-06-12 16:00:00,6,Khamovniki,87.93315124511719,71
2026-06-12 16:00:00,12,Kuzminki,57.83155822753906,71
2026-06-12 16:00:00,3,Moscow City,131.547607421875,71
2026-06-12 16:00:00,8,Sheremetyevo,128.6461181640625,71
2026-06-12 16:00:00,4,Sokolniki,56.83906555175781,71
2026-06-12 16:00:00,5,Tagansky,71.47735595703125,71
2026-06-12 16:00:00,1,Tverskoy,134.91714477539062,71
2026-06-12 16:00:00,7,VDNH,62.23821258544922,71
2026-06-12 16:00:00,9,Vnukovo,99.26165771484375,71
2026-06-12 16:00:00,11,Yasenevo,47.76170349121094,71
2026-06-12 17:00:00,2,Arbat,95.9538345336914,72
2026-06-12 17:00:00,10,Domodedovo,113.85401153564453,72
2026-06-12 17:00:00,6,Khamovniki,90.16642761230469,72
2026-06-12 17:00:00,12,Kuzminki,58.98303985595703,72
2026-06-12 17:00:00,3,Moscow City,136.09339904785156,72
2026-06-12 17:00:00,8,Sheremetyevo,129.65634155273438,72
2026-06-12 17:00:00,4,Sokolniki,58.3265495300293,72
2026-06-12 17:00:00,5,Tagansky,72.04708862304688,72
2026-06-12 17:00:00,1,Tverskoy,138.2350311279297,72
2026-06-12 17:00:00,7,VDNH,63.22718048095703,72
2026-06-12 17:00:00,9,Vnukovo,100.60796356201172,72
2026-06-12 17:00:00,11,Yasenevo,48.52128982543945,72
2026-06-12 18:00:00,2,Arbat,97.62749481201172,73
2026-06-12 18:00:00,10,Domodedovo,115.36280059814453,73
2026-06-12 18:00:00,6,Khamovniki,91.55975341796875,73
2026-06-12 18:00:00,12,Kuzminki,59.09477615356445,73
2026-06-12 18:00:00,3,Moscow City,139.34446716308594,73
2026-06-12 18:00:00,8,Sheremetyevo,131.3441925048828,73
2026-06-12 18:00:00,4,Sokolniki,58.57959747314453,73
2026-06-12 18:00:00,5,Tagansky,72.16425323486328,73
2026-06-12 18:00:00,1,Tverskoy,140.7471466064453,73
2026-06-12 18:00:00,7,VDNH,63.755279541015625,73
2026-06-12 18:00:00,9,Vnukovo,102.61116027832031,73
2026-06-12 18:00:00,11,Yasenevo,48.51838302612305,73
2026-06-12 19:00:00,2,Arbat,98.75544738769531,74
2026-06-12 19:00:00,10,Domodedovo,117.43586730957031,74
2026-06-12 19:00:00,6,Khamovniki,90.85197448730469,74
2026-06-12 19:00:00,12,Kuzminki,57.66703414916992,74
2026-06-12 19:00:00,3,Moscow City,138.3662872314453,74
2026-06-12 19:00:00,8,Sheremetyevo,133.59718322753906,74
2026-06-12 19:00:00,4,Sokolniki,56.92998504638672,74
2026-06-12 19:00:00,5,Tagansky,71.37198638916016,74
2026-06-12 19:00:00,1,Tverskoy,141.8406219482422,74
2026-06-12 19:00:00,7,VDNH,63.338111877441406,74
2026-06-12 19:00:00,9,Vnukovo,105.24423217773438,74
2026-06-12 19:00:00,11,Yasenevo,47.53828430175781,74
2026-06-12 20:00:00,2,Arbat,98.97611999511719,75
2026-06-12 20:00:00,10,Domodedovo,119.94469451904297,75
2026-06-12 20:00:00,6,Khamovniki,88.10906219482422,75
2026-06-12 20:00:00,12,Kuzminki,55.33869552612305,75
2026-06-12 20:00:00,3,Moscow City,133.44651794433594,75
2026-06-12 20:00:00,8,Sheremetyevo,136.27420043945312,75
2026-06-12 20:00:00,4,Sokolniki,54.14777755737305,75
2026-06-12 20:00:00,5,Tagansky,69.6941146850586,75
2026-06-12 20:00:00,1,Tverskoy,140.48641967773438,75
2026-06-12 20:00:00,7,VDNH,62.04206085205078,75
2026-06-12 20:00:00,9,Vnukovo,108.40946960449219,75
2026-06-12 20:00:00,11,Yasenevo,46.02785873413086,75
2026-06-12 21:00:00,2,Arbat,97.92733764648438,76
2026-06-12 21:00:00,10,Domodedovo,122.72730255126953,76
2026-06-12 21:00:00,6,Khamovniki,84.7463150024414,76
2026-06-12 21:00:00,12,Kuzminki,52.92837905883789,76
2026-06-12 21:00:00,3,Moscow City,127.25569152832031,76
2026-06-12 21:00:00,8,Sheremetyevo,139.21743774414062,76
2026-06-12 21:00:00,4,Sokolniki,51.30569076538086,76
2026-06-12 21:00:00,5,Tagansky,67.6211929321289,76
2026-06-12 21:00:00,1,Tverskoy,136.0194854736328,76
2026-06-12 21:00:00,7,VDNH,60.42107391357422,76
2026-06-12 21:00:00,9,Vnukovo,111.93472290039062,76
2026-06-12 21:00:00,11,Yasenevo,44.471466064453125,76
2026-06-12 22:00:00,2,Arbat,95.61279296875,77
2026-06-12 22:00:00,10,Domodedovo,125.62620544433594,77
2026-06-12 22:00:00,6,Khamovniki,81.73302459716797,77
2026-06-12 22:00:00,12,Kuzminki,50.910499572753906,77
2026-06-12 22:00:00,3,Moscow City,121.87337493896484,77
2026-06-12 22:00:00,8,Sheremetyevo,142.27427673339844,77
2026-06-12 22:00:00,4,Sokolniki,48.98261260986328,77
2026-06-12 22:00:00,5,Tagansky,65.61071014404297,77
2026-06-12 22:00:00,1,Tverskoy,129.32916259765625,77
2026-06-12 22:00:00,7,VDNH,58.887271881103516,77
2026-06-12 22:00:00,9,Vnukovo,115.61981964111328,77
2026-06-12 22:00:00,11,Yasenevo,43.1214485168457,77
2026-06-12 23:00:00,2,Arbat,92.50143432617188,78
2026-06-12 23:00:00,10,Domodedovo,128.49436950683594,78
2026-06-12 23:00:00,6,Khamovniki,79.49668884277344,78
2026-06-12 23:00:00,12,Kuzminki,49.52774429321289,78
2026-06-12 23:00:00,3,Moscow City,118.22386932373047,78
2026-06-12 23:00:00,8,Sheremetyevo,145.3019256591797,78
2026-06-12 23:00:00,4,Sokolniki,47.42734909057617,78
2026-06-12 23:00:00,5,Tagansky,63.94347381591797,78
2026-06-12 23:00:00,1,Tverskoy,121.927001953125,78
2026-06-12 23:00:00,7,VDNH,57.6468391418457,78
2026-06-12 23:00:00,9,Vnukovo,119.24446868896484,78
2026-06-12 23:00:00,11,Yasenevo,42.10866928100586,78
2026-06-13 00:00:00,2,Arbat,89.1449203491211,79
2026-06-13 00:00:00,10,Domodedovo,131.165283203125,79
2026-06-13 00:00:00,6,Khamovniki,78.267822265625,79
2026-06-13 00:00:00,12,Kuzminki,48.88829803466797,79
2026-06-13 00:00:00,3,Moscow City,116.63742065429688,79
2026-06-13 00:00:00,8,Sheremetyevo,148.13890075683594,79
2026-06-13 00:00:00,4,Sokolniki,46.737632751464844,79
2026-06-13 00:00:00,5,Tagansky,62.78913497924805,79
2026-06-13 00:00:00,1,Tverskoy,114.89008331298828,79
2026-06-13 00:00:00,7,VDNH,56.83967208862305,79
2026-06-13 00:00:00,9,Vnukovo,122.53553009033203,79
2026-06-13 00:00:00,11,Yasenevo,41.563682556152344,79
2026-06-13 01:00:00,2,Arbat,85.93472290039062,80
2026-06-13 01:00:00,10,Domodedovo,133.43170166015625,80
2026-06-13 01:00:00,6,Khamovniki,78.32302856445312,80
2026-06-13 01:00:00,12,Kuzminki,49.08483123779297,80
2026-06-13 01:00:00,3,Moscow City,117.43282318115234,80
2026-06-13 01:00:00,8,Sheremetyevo,150.5795440673828,80
2026-06-13 01:00:00,4,Sokolniki,47.02422332763672,80
2026-06-13 01:00:00,5,Tagansky,62.292816162109375,80
2026-06-13 01:00:00,1,Tverskoy,108.94285583496094,80
2026-06-13 01:00:00,7,VDNH,56.61953353881836,80
2026-06-13 01:00:00,9,Vnukovo,125.20177459716797,80
2026-06-13 01:00:00,11,Yasenevo,41.66379928588867,80
2026-06-13 02:00:00,2,Arbat,83.12100219726562,81
2026-06-13 02:00:00,10,Domodedovo,135.0557098388672,81
2026-06-13 02:00:00,6,Khamovniki,79.82176208496094,81
2026-06-13 02:00:00,12,Kuzminki,50.1383056640625,81
2026-06-13 02:00:00,3,Moscow City,120.9471664428711,81
2026-06-13 02:00:00,8,Sheremetyevo,152.36550903320312,81
2026-06-13 02:00:00,4,Sokolniki,48.40847396850586,81
2026-06-13 02:00:00,5,Tagansky,62.567054748535156,81
2026-06-13 02:00:00,1,Tverskoy,104.5477523803711,81
2026-06-13 02:00:00,7,VDNH,57.11347198486328,81
2026-06-13 02:00:00,9,Vnukovo,126.9779052734375,81
2026-06-13 02:00:00,11,Yasenevo,42.51210021972656,81
2026-06-13 03:00:00,2,Arbat,80.86017608642578,82
2026-06-13 03:00:00,10,Domodedovo,135.79934692382812,82
2026-06-13 03:00:00,6,Khamovniki,82.5233383178711,82
2026-06-13 03:00:00,12,Kuzminki,51.930137634277344,82
2026-06-13 03:00:00,3,Moscow City,127.211669921875,82
2026-06-13 03:00:00,8,Sheremetyevo,153.21588134765625,82
2026-06-13 03:00:00,4,Sokolniki,50.690406799316406,82
2026-06-13 03:00:00,5,Tagansky,63.584808349609375,82
2026-06-13 03:00:00,1,Tverskoy,101.75241088867188,82
2026-06-13 03:00:00,7,VDNH,58.3160285949707,82
2026-06-13 03:00:00,9,Vnukovo,127.599609375,82
2026-06-13 03:00:00,11,Yasenevo,44.0477294921875,82
2026-06-13 04:00:00,2,Arbat,79.23242950439453,83
2026-06-13 04:00:00,10,Domodedovo,135.44012451171875,83
2026-06-13 04:00:00,6,Khamovniki,85.94947814941406,83
2026-06-13 04:00:00,12,Kuzminki,54.22885513305664,83
2026-06-13 04:00:00,3,Moscow City,134.6501922607422,83
2026-06-13 04:00:00,8,Sheremetyevo,152.9009552001953,83
2026-06-13 04:00:00,4,Sokolniki,53.42521667480469,83
2026-06-13 04:00:00,5,Tagansky,65.21612548828125,83
2026-06-13 04:00:00,1,Tverskoy,100.36556243896484,83
2026-06-13 04:00:00,7,VDNH,60.09981155395508,83
2026-06-13 04:00:00,9,Vnukovo,126.86085510253906,83
2026-06-13 04:00:00,11,Yasenevo,46.055931091308594,83
2026-06-13 05:00:00,2,Arbat,78.24990844726562,84
2026-06-13 05:00:00,10,Domodedovo,133.8927459716797,84
2026-06-13 05:00:00,6,Khamovniki,89.68486785888672,84
2026-06-13 05:00:00,12,Kuzminki,56.766380310058594,84
2026-06-13 05:00:00,3,Moscow City,142.46636962890625,84
2026-06-13 05:00:00,8,Sheremetyevo,151.39559936523438,84
2026-06-13 05:00:00,4,Sokolniki,56.32230758666992,84
2026-06-13 05:00:00,5,Tagansky,67.24465942382812,84
2026-06-13 05:00:00,1,Tverskoy,100.25126647949219,84
2026-06-13 05:00:00,7,VDNH,62.25923538208008,84
2026-06-13 05:00:00,9,Vnukovo,124.822509765625,84
2026-06-13 05:00:00,11,Yasenevo,48.286983489990234,84
2026-06-13 06:00:00,2,Arbat,77.86434173583984,85
2026-06-13 06:00:00,10,Domodedovo,131.40945434570312,85
2026-06-13 06:00:00,6,Khamovniki,93.44993591308594,85
2026-06-13 06:00:00,12,Kuzminki,59.33257293701172,85
2026-06-13 06:00:00,3,Moscow City,150.35507202148438,85
2026-06-13 06:00:00,8,Sheremetyevo,148.95130920410156,85
2026-06-13 06:00:00,4,Sokolniki,59.15320587158203,85
2026-06-13 06:00:00,5,Tagansky,69.44325256347656,85
2026-06-13 06:00:00,1,Tverskoy,101.21920013427734,85
2026-06-13 06:00:00,7,VDNH,64.5714111328125,85
2026-06-13 06:00:00,9,Vnukovo,121.78633880615234,85
2026-06-13 06:00:00,11,Yasenevo,50.55575942993164,85
2026-06-13 07:00:00,2,Arbat,77.98021697998047,86
2026-06-13 07:00:00,10,Domodedovo,128.41795349121094,86
2026-06-13 07:00:00,6,Khamovniki,96.87359619140625,86
2026-06-13 07:00:00,12,Kuzminki,61.6340217590332,86
2026-06-13 07:00:00,3,Moscow City,157.88839721679688,86
2026-06-13 07:00:00,8,Sheremetyevo,145.9103240966797,86
2026-06-13 07:00:00,4,Sokolniki,61.53837203979492,86
2026-06-13 07:00:00,5,Tagansky,71.61333465576172,86
2026-06-13 07:00:00,1,Tverskoy,103.06549835205078,86
2026-06-13 07:00:00,7,VDNH,66.78228759765625,86
2026-06-13 07:00:00,9,Vnukovo,118.0739974975586,86
2026-06-13 07:00:00,11,Yasenevo,52.63448715209961,86
2026-06-13 08:00:00,2,Arbat,78.4955825805664,87
2026-06-13 08:00:00,10,Domodedovo,125.24535369873047,87
2026-06-13 08:00:00,6,Khamovniki,99.15127563476562,87
2026-06-13 08:00:00,12,Kuzminki,63.0611572265625,87
2026-06-13 08:00:00,3,Moscow City,163.79330444335938,87
2026-06-13 08:00:00,8,Sheremetyevo,142.54945373535156,87
2026-06-13 08:00:00,4,Sokolniki,62.79278564453125,87
2026-06-13 08:00:00,5,Tagansky,73.50617980957031,87
2026-06-13 08:00:00,1,Tverskoy,105.60783386230469,87
2026-06-13 08:00:00,7,VDNH,68.43614196777344,87
2026-06-13 08:00:00,9,Vnukovo,114.04185485839844,87
2026-06-13 08:00:00,11,Yasenevo,54.0611457824707,87
2026-06-13 09:00:00,2,Arbat,79.33253479003906,88
2026-06-13 09:00:00,10,Domodedovo,122.08800506591797,88
2026-06-13 09:00:00,6,Khamovniki,98.9848403930664,88
2026-06-13 09:00:00,12,Kuzminki,62.83608627319336,88
2026-06-13 09:00:00,3,Moscow City,164.6574249267578,88
2026-06-13 09:00:00,8,Sheremetyevo,139.0948028564453,88
2026-06-13 09:00:00,4,Sokolniki,62.2863883972168,88
2026-06-13 09:00:00,5,Tagansky,74.75067901611328,88
2026-06-13 09:00:00,1,Tverskoy,108.63491821289062,88
2026-06-13 09:00:00,7,VDNH,68.8053970336914,88
2026-06-13 09:00:00,9,Vnukovo,110.07239532470703,88
2026-06-13 09:00:00,11,Yasenevo,54.1205940246582,88
2026-06-13 10:00:00,2,Arbat,80.4459457397461,89
2026-06-13 10:00:00,10,Domodedovo,119.08655548095703,89
2026-06-13 10:00:00,6,Khamovniki,96.31209564208984,89
2026-06-13 10:00:00,12,Kuzminki,61.14680480957031,89
2026-06-13 10:00:00,3,Moscow City,158.13587951660156,89
2026-06-13 10:00:00,8,Sheremetyevo,135.76686096191406,89
2026-06-13 10:00:00,4,Sokolniki,60.43024444580078,89
2026-06-13 10:00:00,5,Tagansky,75.00698852539062,89
2026-06-13 10:00:00,1,Tverskoy,111.99413299560547,89
2026-06-13 10:00:00,7,VDNH,67.69879150390625,89
2026-06-13 10:00:00,9,Vnukovo,106.48542785644531,89
2026-06-13 10:00:00,11,Yasenevo,52.792015075683594,89
2026-06-13 11:00:00,2,Arbat,81.82211303710938,90
2026-06-13 11:00:00,10,Domodedovo,116.37850189208984,90
2026-06-13 11:00:00,6,Khamovniki,92.80223846435547,90
2026-06-13 11:00:00,12,Kuzminki,59.117706298828125,90
2026-06-13 11:00:00,3,Moscow City,148.4321746826172,90
2026-06-13 11:00:00,8,Sheremetyevo,132.7910614013672,90
2026-06-13 11:00:00,4,Sokolniki,58.27808380126953,90
2026-06-13 11:00:00,5,Tagansky,74.38619995117188,90
2026-06-13 11:00:00,1,Tverskoy,115.65780639648438,90
2026-06-13 11:00:00,7,VDNH,65.9680404663086,90
2026-06-13 11:00:00,9,Vnukovo,103.51704406738281,90
2026-06-13 11:00:00,11,Yasenevo,51.04226303100586,90
2026-06-13 12:00:00,2,Arbat,83.45559692382812,91
2026-06-13 12:00:00,10,Domodedovo,114.10489654541016,91
2026-06-13 12:00:00,6,Khamovniki,89.80226135253906,91
2026-06-13 12:00:00,12,Kuzminki,57.531455993652344,91
2026-06-13 12:00:00,3,Moscow City,139.898193359375,91
2026-06-13 12:00:00,8,Sheremetyevo,130.371337890625,91
2026-06-13 12:00:00,4,Sokolniki,56.595550537109375,91
2026-06-13 12:00:00,5,Tagansky,73.39588165283203,91
2026-06-13 12:00:00,1,Tverskoy,119.62665557861328,91
2026-06-13 12:00:00,7,VDNH,64.36992645263672,91
2026-06-13 12:00:00,9,Vnukovo,101.31019592285156,91
2026-06-13 12:00:00,11,Yasenevo,49.56719970703125,91
2026-06-13 13:00:00,2,Arbat,85.32085418701172,92
2026-06-13 13:00:00,10,Domodedovo,112.40576934814453,92
2026-06-13 13:00:00,6,Khamovniki,88.02267456054688,92
2026-06-13 13:00:00,12,Kuzminki,56.77161407470703,92
2026-06-13 13:00:00,3,Moscow City,134.16883850097656,92
2026-06-13 13:00:00,8,Sheremetyevo,128.6552734375,92
2026-06-13 13:00:00,4,Sokolniki,55.8709602355957,92
2026-06-13 13:00:00,5,Tagansky,72.52437591552734,92
2026-06-13 13:00:00,1,Tverskoy,123.80757904052734,92
2026-06-13 13:00:00,7,VDNH,63.31761932373047,92
2026-06-13 13:00:00,9,Vnukovo,99.91333770751953,92
2026-06-13 13:00:00,11,Yasenevo,48.73305892944336,92
2026-06-13 14:00:00,2,Arbat,87.36048126220703,93
2026-06-13 14:00:00,10,Domodedovo,111.41480255126953,93
2026-06-13 14:00:00,6,Khamovniki,87.87507629394531,93
2026-06-13 14:00:00,12,Kuzminki,56.9635009765625,93
2026-06-13 14:00:00,3,Moscow City,132.3793182373047,93
2026-06-13 14:00:00,8,Sheremetyevo,127.73176574707031,93
2026-06-13 14:00:00,4,Sokolniki,56.42744445800781,93
2026-06-13 14:00:00,5,Tagansky,72.0918960571289,93
2026-06-13 14:00:00,1,Tverskoy,127.9788818359375,93
2026-06-13 14:00:00,7,VDNH,63.055137634277344,93
2026-06-13 14:00:00,9,Vnukovo,99.31751251220703,93
2026-06-13 14:00:00,11,Yasenevo,48.7674446105957,93
2026-06-13 15:00:00,2,Arbat,89.48673248291016,94
2026-06-13 15:00:00,10,Domodedovo,111.23697662353516,94
2026-06-13 15:00:00,6,Khamovniki,89.49903106689453,94
2026-06-13 15:00:00,12,Kuzminki,57.947532653808594,94
2026-06-13 15:00:00,3,Moscow City,135.22242736816406,94
2026-06-13 15:00:00,8,Sheremetyevo,127.66014099121094,94
2026-06-13 15:00:00,4,Sokolniki,58.06209945678711,94
2026-06-13 15:00:00,5,Tagansky,72.23629760742188,94
2026-06-13 15:00:00,1,Tverskoy,131.89663696289062,94
2026-06-13 15:00:00,7,VDNH,63.65025329589844,94
2026-06-13 15:00:00,9,Vnukovo,99.50476837158203,94
2026-06-13 15:00:00,11,Yasenevo,49.647377014160156,94
2026-06-13 16:00:00,2,Arbat,91.58915710449219,95
2026-06-13 16:00:00,10,Domodedovo,111.91991424560547,95
2026-06-13 16:00:00,6,Khamovniki,92.19914245605469,95
2026-06-13 16:00:00,12,Kuzminki,59.292884826660156,95
2026-06-13 16:00:00,3,Moscow City,141.12887573242188,95
2026-06-13 16:00:00,8,Sheremetyevo,128.47918701171875,95
2026-06-13 16:00:00,4,Sokolniki,60.05219268798828,95
2026-06-13 16:00:00,5,Tagansky,72.85868072509766,95
2026-06-13 16:00:00,1,Tverskoy,135.4144287109375,95
2026-06-13 16:00:00,7,VDNH,64.88372802734375,95
2026-06-13 16:00:00,9,Vnukovo,100.45632934570312,95
2026-06-13 16:00:00,11,Yasenevo,50.912044525146484,95
2026-06-13 17:00:00,2,Arbat,93.54736328125,96
2026-06-13 17:00:00,10,Domodedovo,113.43226623535156,96
2026-06-13 17:00:00,6,Khamovniki,94.93671417236328,96
2026-06-13 17:00:00,12,Kuzminki,60.26274490356445,96
2026-06-13 17:00:00,3,Moscow City,147.1781768798828,96
2026-06-13 17:00:00,8,Sheremetyevo,130.16421508789062,96
2026-06-13 17:00:00,4,Sokolniki,61.640533447265625,96
2026-06-13 17:00:00,5,Tagansky,73.58697509765625,96
2026-06-13 17:00:00,1,Tverskoy,138.38815307617188,96
2026-06-13 17:00:00,7,VDNH,66.25406646728516,96
2026-06-13 17:00:00,9,Vnukovo,102.14424133300781,96
2026-06-13 17:00:00,11,Yasenevo,51.926971435546875,96
2026-06-13 18:00:00,2,Arbat,95.22732543945312,97
2026-06-13 18:00:00,10,Domodedovo,115.67076873779297,97
2026-06-13 18:00:00,6,Khamovniki,96.5306167602539,97
2026-06-13 18:00:00,12,Kuzminki,59.92533874511719,97
2026-06-13 18:00:00,3,Moscow City,150.1124725341797,97
2026-06-13 18:00:00,8,Sheremetyevo,132.60057067871094,97
2026-06-13 18:00:00,4,Sokolniki,61.839599609375,97
2026-06-13 18:00:00,5,Tagansky,73.8461685180664,97
2026-06-13 18:00:00,1,Tverskoy,140.47494506835938,97
2026-06-13 18:00:00,7,VDNH,67.0591049194336,97
2026-06-13 18:00:00,9,Vnukovo,104.53707885742188,97
2026-06-13 18:00:00,11,Yasenevo,51.946712493896484,97
2026-06-13 19:00:00,2,Arbat,96.4386215209961,98
2026-06-13 19:00:00,10,Domodedovo,118.49507141113281,98
2026-06-13 19:00:00,6,Khamovniki,95.55010986328125,98
2026-06-13 19:00:00,12,Kuzminki,57.964229583740234,98
2026-06-13 19:00:00,3,Moscow City,145.92686462402344,98
2026-06-13 19:00:00,8,Sheremetyevo,135.62503051757812,98
2026-06-13 19:00:00,4,Sokolniki,59.9913215637207,98
2026-06-13 19:00:00,5,Tagansky,73.03763580322266,98
2026-06-13 19:00:00,1,Tverskoy,140.9196014404297,98
2026-06-13 19:00:00,7,VDNH,66.51522827148438,98
2026-06-13 19:00:00,9,Vnukovo,107.56487274169922,98
2026-06-13 19:00:00,11,Yasenevo,50.52399444580078,98
2026-06-13 20:00:00,2,Arbat,96.89781951904297,99
2026-06-13 20:00:00,10,Domodedovo,121.77474975585938,99
2026-06-13 20:00:00,6,Khamovniki,91.80879974365234,99
2026-06-13 20:00:00,12,Kuzminki,55.154788970947266,99
2026-06-13 20:00:00,3,Moscow City,135.78042602539062,99
2026-06-13 20:00:00,8,Sheremetyevo,139.0797119140625,99
2026-06-13 20:00:00,4,Sokolniki,56.64308547973633,99
2026-06-13 20:00:00,5,Tagansky,71.05131530761719,99
2026-06-13 20:00:00,1,Tverskoy,138.6503448486328,99
2026-06-13 20:00:00,7,VDNH,64.54915618896484,99
2026-06-13 20:00:00,9,Vnukovo,111.0906982421875,99
2026-06-13 20:00:00,11,Yasenevo,48.17240524291992,99
2026-06-13 21:00:00,2,Arbat,96.3231430053711,100
2026-06-13 21:00:00,10,Domodedovo,125.38642120361328,100
2026-06-13 21:00:00,6,Khamovniki,87.01372528076172,100
2026-06-13 21:00:00,12,Kuzminki,52.30789566040039,100
2026-06-13 21:00:00,3,Moscow City,124.9014892578125,100
2026-06-13 21:00:00,8,Sheremetyevo,142.82118225097656,100
2026-06-13 21:00:00,4,Sokolniki,52.91844177246094,100
2026-06-13 21:00:00,5,Tagansky,68.45726776123047,100
2026-06-13 21:00:00,1,Tverskoy,133.39529418945312,100
2026-06-13 21:00:00,7,VDNH,61.985992431640625,100
2026-06-13 21:00:00,9,Vnukovo,114.93003845214844,100
2026-06-13 21:00:00,11,Yasenevo,45.714881896972656,100
2026-06-13 22:00:00,2,Arbat,94.68306732177734,101
2026-06-13 22:00:00,10,Domodedovo,129.18345642089844,101
2026-06-13 22:00:00,6,Khamovniki,82.71105194091797,101
2026-06-13 22:00:00,12,Kuzminki,49.89999008178711,101
2026-06-13 22:00:00,3,Moscow City,116.1810302734375,101
2026-06-13 22:00:00,8,Sheremetyevo,146.7022247314453,101
2026-06-13 22:00:00,4,Sokolniki,49.6168327331543,101
2026-06-13 22:00:00,5,Tagansky,65.9172592163086,101
2026-06-13 22:00:00,1,Tverskoy,126.28272247314453,101
2026-06-13 22:00:00,7,VDNH,59.57716751098633,101
2026-06-13 22:00:00,9,Vnukovo,118.87195587158203,101
2026-06-13 22:00:00,11,Yasenevo,43.64959716796875,101
2026-06-13 23:00:00,2,Arbat,92.2594223022461,102
2026-06-13 23:00:00,10,Domodedovo,132.9900665283203,102
2026-06-13 23:00:00,6,Khamovniki,79.65994262695312,102
2026-06-13 23:00:00,12,Kuzminki,48.240142822265625,102
2026-06-13 23:00:00,3,Moscow City,110.7420654296875,102
2026-06-13 23:00:00,8,Sheremetyevo,150.5581512451172,102
2026-06-13 23:00:00,4,Sokolniki,47.27449035644531,102
2026-06-13 23:00:00,5,Tagansky,63.85951232910156,102
2026-06-13 23:00:00,1,Tverskoy,118.73228454589844,102
2026-06-13 23:00:00,7,VDNH,57.72373580932617,102
2026-06-13 23:00:00,9,Vnukovo,122.66925811767578,102
2026-06-13 23:00:00,11,Yasenevo,42.21489715576172,102
2026-06-14 00:00:00,2,Arbat,89.45731353759766,103
2026-06-14 00:00:00,10,Domodedovo,136.6058807373047,103
2026-06-14 00:00:00,6,Khamovniki,78.16741943359375,103
2026-06-14 00:00:00,12,Kuzminki,47.50640106201172,103
2026-06-14 00:00:00,3,Moscow City,108.41729736328125,103
2026-06-14 00:00:00,8,Sheremetyevo,154.19715881347656,103
2026-06-14 00:00:00,4,Sokolniki,46.23488998413086,103
2026-06-14 00:00:00,5,Tagansky,62.50294876098633,103
2026-06-14 00:00:00,1,Tverskoy,111.68125915527344,103
2026-06-14 00:00:00,7,VDNH,56.607608795166016,103
2026-06-14 00:00:00,9,Vnukovo,126.03829956054688,103
2026-06-14 00:00:00,11,Yasenevo,41.531524658203125,103
2026-06-14 01:00:00,2,Arbat,86.6490249633789,104
2026-06-14 01:00:00,10,Domodedovo,139.8174591064453,104
2026-06-14 01:00:00,6,Khamovniki,78.33551025390625,104
2026-06-14 01:00:00,12,Kuzminki,47.762332916259766,104
2026-06-14 01:00:00,3,Moscow City,109.21080780029297,104
2026-06-14 01:00:00,8,Sheremetyevo,157.3979034423828,104
2026-06-14 01:00:00,4,Sokolniki,46.577796936035156,104
2026-06-14 01:00:00,5,Tagansky,61.948974609375,104
2026-06-14 01:00:00,1,Tverskoy,105.75296783447266,104
2026-06-14 01:00:00,7,VDNH,56.31440734863281,104
2026-06-14 01:00:00,9,Vnukovo,128.6996612548828,104
2026-06-14 01:00:00,11,Yasenevo,41.67423629760742,104
2026-06-14 02:00:00,2,Arbat,84.11705780029297,105
2026-06-14 02:00:00,10,Domodedovo,142.4039306640625,105
2026-06-14 02:00:00,6,Khamovniki,79.9897689819336,105
2026-06-14 02:00:00,12,Kuzminki,48.85976028442383,105
2026-06-14 02:00:00,3,Moscow City,112.62564086914062,105
2026-06-14 02:00:00,8,Sheremetyevo,159.8989715576172,105
2026-06-14 02:00:00,4,Sokolniki,48.10596466064453,105
2026-06-14 02:00:00,5,Tagansky,62.212528228759766,105
2026-06-14 02:00:00,1,Tverskoy,101.3756332397461,105
2026-06-14 02:00:00,7,VDNH,56.82811737060547,105
2026-06-14 02:00:00,9,Vnukovo,130.34259033203125,105
2026-06-14 02:00:00,11,Yasenevo,42.59965515136719,105
2026-06-14 03:00:00,2,Arbat,82.04832458496094,106
2026-06-14 03:00:00,10,Domodedovo,144.06333923339844,106
2026-06-14 03:00:00,6,Khamovniki,82.72378540039062,106
2026-06-14 03:00:00,12,Kuzminki,50.57139587402344,106
2026-06-14 03:00:00,3,Moscow City,117.9621353149414,106
2026-06-14 03:00:00,8,Sheremetyevo,161.3411865234375,106
2026-06-14 03:00:00,4,Sokolniki,50.39314651489258,106
2026-06-14 03:00:00,5,Tagansky,63.20586395263672,106
2026-06-14 03:00:00,1,Tverskoy,98.63460540771484,106
2026-06-14 03:00:00,7,VDNH,58.003692626953125,106
2026-06-14 03:00:00,9,Vnukovo,130.58248901367188,106
2026-06-14 03:00:00,11,Yasenevo,44.12568283081055,106
2026-06-14 04:00:00,2,Arbat,80.54589080810547,107
2026-06-14 04:00:00,10,Domodedovo,144.3206787109375,107
2026-06-14 04:00:00,6,Khamovniki,86.06664276123047,107
2026-06-14 04:00:00,12,Kuzminki,52.68467712402344,107
2026-06-14 04:00:00,3,Moscow City,124.4046630859375,107
2026-06-14 04:00:00,8,Sheremetyevo,161.239501953125,107
2026-06-14 04:00:00,4,Sokolniki,53.03681182861328,107
2026-06-14 04:00:00,5,Tagansky,64.76006317138672,107
2026-06-14 04:00:00,1,Tverskoy,97.36077880859375,107
2026-06-14 04:00:00,7,VDNH,59.65706253051758,107
2026-06-14 04:00:00,9,Vnukovo,129.1290283203125,107
2026-06-14 04:00:00,11,Yasenevo,46.01678466796875,107
2026-06-14 05:00:00,2,Arbat,79.64906311035156,108
2026-06-14 05:00:00,10,Domodedovo,142.67689514160156,108
2026-06-14 05:00:00,6,Khamovniki,89.63043975830078,108
2026-06-14 05:00:00,12,Kuzminki,54.971187591552734,108
2026-06-14 05:00:00,3,Moscow City,131.26097106933594,108
2026-06-14 05:00:00,8,Sheremetyevo,159.19741821289062,108
2026-06-14 05:00:00,4,Sokolniki,55.768760681152344,108
2026-06-14 05:00:00,5,Tagansky,66.65457916259766,108
2026-06-14 05:00:00,1,Tverskoy,97.36270141601562,108
2026-06-14 05:00:00,7,VDNH,61.59174346923828,108
2026-06-14 05:00:00,9,Vnukovo,126.02127838134766,108
2026-06-14 05:00:00,11,Yasenevo,48.05137634277344,108
2026-06-14 06:00:00,2,Arbat,79.34724426269531,109
2026-06-14 06:00:00,10,Domodedovo,139.0561981201172,109
2026-06-14 06:00:00,6,Khamovniki,93.06287384033203,109
2026-06-14 06:00:00,12,Kuzminki,57.20268249511719,109
2026-06-14 06:00:00,3,Moscow City,138.15499877929688,109
2026-06-14 06:00:00,8,Sheremetyevo,155.30210876464844,109
2026-06-14 06:00:00,4,Sokolniki,58.301151275634766,109
2026-06-14 06:00:00,5,Tagansky,68.66766357421875,109
2026-06-14 06:00:00,1,Tverskoy,98.43223571777344,109
2026-06-14 06:00:00,7,VDNH,63.574493408203125,109
2026-06-14 06:00:00,9,Vnukovo,121.65426635742188,109
2026-06-14 06:00:00,11,Yasenevo,50.02219772338867,109
2026-06-14 07:00:00,2,Arbat,79.58989715576172,110
2026-06-14 07:00:00,10,Domodedovo,133.99029541015625,110
2026-06-14 07:00:00,6,Khamovniki,95.75109100341797,110
2026-06-14 07:00:00,12,Kuzminki,59.01316452026367,110
2026-06-14 07:00:00,3,Moscow City,144.40968322753906,110
2026-06-14 07:00:00,8,Sheremetyevo,150.1660919189453,110
2026-06-14 07:00:00,4,Sokolniki,60.079185485839844,110
2026-06-14 07:00:00,5,Tagansky,70.57687377929688,110
2026-06-14 07:00:00,1,Tverskoy,100.42764282226562,110
2026-06-14 07:00:00,7,VDNH,65.26824188232422,110
2026-06-14 07:00:00,9,Vnukovo,116.64022827148438,110
2026-06-14 07:00:00,11,Yasenevo,51.59888458251953,110
2026-06-14 08:00:00,2,Arbat,80.304931640625,111
2026-06-14 08:00:00,10,Domodedovo,128.33258056640625,111
2026-06-14 08:00:00,6,Khamovniki,96.57545471191406,111
2026-06-14 08:00:00,12,Kuzminki,59.788604736328125,111
2026-06-14 08:00:00,3,Moscow City,147.601806640625,111
2026-06-14 08:00:00,8,Sheremetyevo,144.56777954101562,111
2026-06-14 08:00:00,4,Sokolniki,60.30441665649414,111
2026-06-14 08:00:00,5,Tagansky,72.092041015625,111
2026-06-14 08:00:00,1,Tverskoy,103.21014404296875,111
2026-06-14 08:00:00,7,VDNH,66.10779571533203,111
2026-06-14 08:00:00,9,Vnukovo,111.58345794677734,111
2026-06-14 08:00:00,11,Yasenevo,52.20218276977539,111
2026-06-14 09:00:00,2,Arbat,81.40973663330078,112
2026-06-14 09:00:00,10,Domodedovo,122.84977722167969,112
2026-06-14 09:00:00,6,Khamovniki,94.70552062988281,112
2026-06-14 09:00:00,12,Kuzminki,59.12923049926758,112
2026-06-14 09:00:00,3,Moscow City,143.8197784423828,112
2026-06-14 09:00:00,8,Sheremetyevo,139.13262939453125,112
2026-06-14 09:00:00,4,Sokolniki,58.686798095703125,112
2026-06-14 09:00:00,5,Tagansky,72.85322570800781,112
2026-06-14 09:00:00,1,Tverskoy,106.6012191772461,112
2026-06-14 09:00:00,7,VDNH,65.5721664428711,112
2026-06-14 09:00:00,9,Vnukovo,106.91573333740234,112
2026-06-14 09:00:00,11,Yasenevo,51.397315979003906,112
2026-06-14 10:00:00,2,Arbat,82.82649230957031,113
2026-06-14 10:00:00,10,Domodedovo,118.00593566894531,113
2026-06-14 10:00:00,6,Khamovniki,90.92957305908203,113
2026-06-14 10:00:00,12,Kuzminki,57.4713134765625,113
2026-06-14 10:00:00,3,Moscow City,135.18955993652344,113
2026-06-14 10:00:00,8,Sheremetyevo,134.25619506835938,113
2026-06-14 10:00:00,4,Sokolniki,56.008888244628906,113
2026-06-14 10:00:00,5,Tagansky,72.65332794189453,113
2026-06-14 10:00:00,1,Tverskoy,110.49244689941406,113
2026-06-14 10:00:00,7,VDNH,63.902671813964844,113
2026-06-14 10:00:00,9,Vnukovo,102.91203308105469,113
2026-06-14 10:00:00,11,Yasenevo,49.59275436401367,113
2026-06-14 11:00:00,2,Arbat,84.50114440917969,114
2026-06-14 11:00:00,10,Domodedovo,114.01129913330078,114
2026-06-14 11:00:00,6,Khamovniki,86.87073516845703,114
2026-06-14 11:00:00,12,Kuzminki,55.61308288574219,114
2026-06-14 11:00:00,3,Moscow City,126.47149658203125,114
2026-06-14 11:00:00,8,Sheremetyevo,130.16433715820312,114
2026-06-14 11:00:00,4,Sokolniki,53.34687423706055,114
2026-06-14 11:00:00,5,Tagansky,71.69256591796875,114
2026-06-14 11:00:00,1,Tverskoy,114.8060073852539,114
2026-06-14 11:00:00,7,VDNH,61.87256622314453,114
2026-06-14 11:00:00,9,Vnukovo,99.74362182617188,114
2026-06-14 11:00:00,11,Yasenevo,47.58790969848633,114
2026-06-14 12:00:00,2,Arbat,86.39716339111328,115
2026-06-14 12:00:00,10,Domodedovo,110.93099975585938,115
2026-06-14 12:00:00,6,Khamovniki,83.61276245117188,115
2026-06-14 12:00:00,12,Kuzminki,54.123958587646484,115
2026-06-14 12:00:00,3,Moscow City,119.70231628417969,115
2026-06-14 12:00:00,8,Sheremetyevo,126.97028350830078,115
2026-06-14 12:00:00,4,Sokolniki,51.366268157958984,115
2026-06-14 12:00:00,5,Tagansky,70.41483306884766,115
2026-06-14 12:00:00,1,Tverskoy,119.3994369506836,115
2026-06-14 12:00:00,7,VDNH,60.09981155395508,115
2026-06-14 12:00:00,9,Vnukovo,97.48233032226562,115
2026-06-14 12:00:00,11,Yasenevo,45.9228515625,115
2026-06-14 13:00:00,2,Arbat,88.47100830078125,116
2026-06-14 13:00:00,10,Domodedovo,108.75758361816406,116
2026-06-14 13:00:00,6,Khamovniki,81.65857696533203,116
2026-06-14 13:00:00,12,Kuzminki,53.31055450439453,116
2026-06-14 13:00:00,3,Moscow City,115.44056701660156,116
2026-06-14 13:00:00,8,Sheremetyevo,124.70340728759766,116
2026-06-14 13:00:00,4,Sokolniki,50.40763473510742,116
2026-06-14 13:00:00,5,Tagansky,69.2200698852539,116
2026-06-14 13:00:00,1,Tverskoy,124.04967498779297,116
2026-06-14 13:00:00,7,VDNH,58.90180587768555,116
2026-06-14 13:00:00,9,Vnukovo,96.10800170898438,116
2026-06-14 13:00:00,11,Yasenevo,44.87233352661133,116
2026-06-14 14:00:00,2,Arbat,90.65325927734375,117
2026-06-14 14:00:00,10,Domodedovo,107.4668197631836,117
2026-06-14 14:00:00,6,Khamovniki,81.21498107910156,117
2026-06-14 14:00:00,12,Kuzminki,53.28190612792969,117
2026-06-14 14:00:00,3,Moscow City,113.97412872314453,117
2026-06-14 14:00:00,8,Sheremetyevo,123.34032440185547,117
2026-06-14 14:00:00,4,Sokolniki,50.5206413269043,117
2026-06-14 14:00:00,5,Tagansky,68.35840606689453,117
2026-06-14 14:00:00,1,Tverskoy,128.47740173339844,117
2026-06-14 14:00:00,7,VDNH,58.42473602294922,117
2026-06-14 14:00:00,9,Vnukovo,95.55816650390625,117
2026-06-14 14:00:00,11,Yasenevo,44.56003952026367,117
2026-06-14 15:00:00,2,Arbat,92.84644317626953,118
2026-06-14 15:00:00,10,Domodedovo,107.02596282958984,118
2026-06-14 15:00:00,6,Khamovniki,82.04301452636719,118
2026-06-14 15:00:00,12,Kuzminki,53.848812103271484,118
2026-06-14 15:00:00,3,Moscow City,115.27971649169922,118
2026-06-14 15:00:00,8,Sheremetyevo,122.82810974121094,118
2026-06-14 15:00:00,4,Sokolniki,51.43246841430664,118
2026-06-14 15:00:00,5,Tagansky,67.899169921875,118
2026-06-14 15:00:00,1,Tverskoy,132.48614501953125,118
2026-06-14 15:00:00,7,VDNH,58.61318588256836,118
2026-06-14 15:00:00,9,Vnukovo,95.75709533691406,118
2026-06-14 15:00:00,11,Yasenevo,44.85010528564453,118
2026-06-14 16:00:00,2,Arbat,94.93708038330078,119
2026-06-14 16:00:00,10,Domodedovo,107.34807586669922,119
2026-06-14 16:00:00,6,Khamovniki,83.60739135742188,119
2026-06-14 16:00:00,12,Kuzminki,54.62901306152344,119
2026-06-14 16:00:00,3,Moscow City,118.2077865600586,119
2026-06-14 16:00:00,8,Sheremetyevo,123.08280181884766,119
2026-06-14 16:00:00,4,Sokolniki,52.690975189208984,119
2026-06-14 16:00:00,5,Tagansky,67.72149658203125,119
2026-06-14 16:00:00,1,Tverskoy,135.99935913085938,119
2026-06-14 16:00:00,7,VDNH,59.19593048095703,119
2026-06-14 16:00:00,9,Vnukovo,96.62181091308594,119
2026-06-14 16:00:00,11,Yasenevo,45.41267395019531,119
2026-06-14 17:00:00,2,Arbat,96.8058090209961,120
2026-06-14 17:00:00,10,Domodedovo,108.31805419921875,120
2026-06-14 17:00:00,6,Khamovniki,85.28011322021484,120
2026-06-14 17:00:00,12,Kuzminki,55.093875885009766,120
2026-06-14 17:00:00,3,Moscow City,121.69275665283203,120
2026-06-14 17:00:00,8,Sheremetyevo,124.00740051269531,120
2026-06-14 17:00:00,4,Sokolniki,53.61223602294922,120
2026-06-14 17:00:00,5,Tagansky,67.55401611328125,120
2026-06-14 17:00:00,1,Tverskoy,138.8524627685547,120
2026-06-14 17:00:00,7,VDNH,59.81977081298828,120
2026-06-14 17:00:00,9,Vnukovo,98.10042572021484,120
2026-06-14 17:00:00,11,Yasenevo,45.835514068603516,120
2026-06-14 18:00:00,2,Arbat,98.30766296386719,121
2026-06-14 18:00:00,10,Domodedovo,109.85566711425781,121
2026-06-14 18:00:00,6,Khamovniki,86.14701843261719,121
2026-06-14 18:00:00,12,Kuzminki,54.61143112182617,121
2026-06-14 18:00:00,3,Moscow City,124.07758331298828,121
2026-06-14 18:00:00,8,Sheremetyevo,125.52130126953125,121
2026-06-14 18:00:00,4,Sokolniki,53.318233489990234,121
2026-06-14 18:00:00,5,Tagansky,67.04537963867188,121
2026-06-14 18:00:00,1,Tverskoy,140.61534118652344,121
2026-06-14 18:00:00,7,VDNH,60.06069564819336,121
2026-06-14 18:00:00,9,Vnukovo,100.18306732177734,121
2026-06-14 18:00:00,11,Yasenevo,45.647438049316406,121
2026-06-14 19:00:00,2,Arbat,99.22164916992188,122
2026-06-14 19:00:00,10,Domodedovo,111.8900375366211,122
2026-06-14 19:00:00,6,Khamovniki,85.21439361572266,122
2026-06-14 19:00:00,12,Kuzminki,53.03892517089844,122
2026-06-14 19:00:00,3,Moscow City,122.9302978515625,122
2026-06-14 19:00:00,8,Sheremetyevo,127.546630859375,122
2026-06-14 19:00:00,4,Sokolniki,51.490570068359375,122
2026-06-14 19:00:00,5,Tagansky,65.9261245727539,122
2026-06-14 19:00:00,1,Tverskoy,140.45977783203125,122
2026-06-14 19:00:00,7,VDNH,59.53561782836914,122
2026-06-14 19:00:00,9,Vnukovo,102.83203887939453,122
2026-06-14 19:00:00,11,Yasenevo,44.630950927734375,122
2026-06-14 20:00:00,2,Arbat,99.23326110839844,123
2026-06-14 20:00:00,10,Domodedovo,114.31343841552734,123
2026-06-14 20:00:00,6,Khamovniki,82.5138168334961,123
2026-06-14 20:00:00,12,Kuzminki,50.93913269042969,123
2026-06-14 20:00:00,3,Moscow City,118.63269805908203,123
2026-06-14 20:00:00,8,Sheremetyevo,129.9737091064453,123
2026-06-14 20:00:00,4,Sokolniki,48.88016128540039,123
2026-06-14 20:00:00,5,Tagansky,64.2361831665039,123
2026-06-14 20:00:00,1,Tverskoy,137.5063018798828,123
2026-06-14 20:00:00,7,VDNH,58.26423263549805,123
2026-06-14 20:00:00,9,Vnukovo,105.92617797851562,123
2026-06-14 20:00:00,11,Yasenevo,43.116539001464844,123
2026-06-14 21:00:00,2,Arbat,98.06640625,124
2026-06-14 21:00:00,10,Domodedovo,116.98246002197266,124
2026-06-14 21:00:00,6,Khamovniki,79.22588348388672,124
2026-06-14 21:00:00,12,Kuzminki,48.88663101196289,124
2026-06-14 21:00:00,3,Moscow City,113.53828430175781,124
2026-06-14 21:00:00,8,Sheremetyevo,132.65728759765625,124
2026-06-14 21:00:00,4,Sokolniki,46.29494094848633,124
2026-06-14 21:00:00,5,Tagansky,62.300724029541016,124
2026-06-14 21:00:00,1,Tverskoy,131.85609436035156,124
2026-06-14 21:00:00,7,VDNH,56.67087936401367,124
2026-06-14 21:00:00,9,Vnukovo,109.28966522216797,124
2026-06-14 21:00:00,11,Yasenevo,41.55717849731445,124
2026-06-14 22:00:00,2,Arbat,95.75335693359375,125
2026-06-14 22:00:00,10,Domodedovo,119.74456787109375,125
2026-06-14 22:00:00,6,Khamovniki,76.28511047363281,125
2026-06-14 22:00:00,12,Kuzminki,47.22600173950195,125
2026-06-14 22:00:00,3,Moscow City,109.18248748779297,125
2026-06-14 22:00:00,8,Sheremetyevo,135.44189453125,125
2026-06-14 22:00:00,4,Sokolniki,44.189422607421875,125
2026-06-14 22:00:00,5,Tagansky,60.461185455322266,125
2026-06-14 22:00:00,1,Tverskoy,124.5726318359375,125
2026-06-14 22:00:00,7,VDNH,55.14988708496094,125
2026-06-14 22:00:00,9,Vnukovo,112.72977447509766,125
2026-06-14 22:00:00,11,Yasenevo,40.22319412231445,125
2026-06-14 23:00:00,2,Arbat,92.68655395507812,126
2026-06-14 23:00:00,10,Domodedovo,122.44738006591797,126
2026-06-14 23:00:00,6,Khamovniki,74.14258575439453,126
2026-06-14 23:00:00,12,Kuzminki,46.147613525390625,126
2026-06-14 23:00:00,3,Moscow City,106.23626708984375,126
2026-06-14 23:00:00,8,Sheremetyevo,138.17430114746094,126
2026-06-14 23:00:00,4,Sokolniki,42.800270080566406,126
2026-06-14 23:00:00,5,Tagansky,58.949554443359375,126
2026-06-14 23:00:00,1,Tverskoy,116.95466613769531,126
2026-06-14 23:00:00,7,VDNH,53.940032958984375,126
2026-06-14 23:00:00,9,Vnukovo,116.02513122558594,126
2026-06-14 23:00:00,11,Yasenevo,39.26765441894531,126
2026-06-15 00:00:00,2,Arbat,89.34281921386719,127
2026-06-15 00:00:00,10,Domodedovo,124.92063903808594,127
2026-06-15 00:00:00,6,Khamovniki,73.05921173095703,127
2026-06-15 00:00:00,12,Kuzminki,45.78105545043945,127
2026-06-15 00:00:00,3,Moscow City,105.1204833984375,127
2026-06-15 00:00:00,8,Sheremetyevo,140.68869018554688,127
2026-06-15 00:00:00,4,Sokolniki,42.26417541503906,127
2026-06-15 00:00:00,5,Tagansky,57.917293548583984,127
2026-06-15 00:00:00,1,Tverskoy,109.88892364501953,127
2026-06-15 00:00:00,7,VDNH,53.204891204833984,127
2026-06-15 00:00:00,9,Vnukovo,118.9142074584961,127
2026-06-15 00:00:00,11,Yasenevo,38.8450927734375,127
2026-06-15 01:00:00,2,Arbat,86.08873748779297,128
2026-06-15 01:00:00,10,Domodedovo,126.96143341064453,128
2026-06-15 01:00:00,6,Khamovniki,73.30713653564453,128
2026-06-15 01:00:00,12,Kuzminki,46.238807678222656,128
2026-06-15 01:00:00,3,Moscow City,106.27642059326172,128
2026-06-15 01:00:00,8,Sheremetyevo,142.78785705566406,128
2026-06-15 01:00:00,4,Sokolniki,42.717201232910156,128
2026-06-15 01:00:00,5,Tagansky,57.49758529663086,128
2026-06-15 01:00:00,1,Tverskoy,103.97285461425781,128
2026-06-15 01:00:00,7,VDNH,53.10107421875,128
2026-06-15 01:00:00,9,Vnukovo,121.13886260986328,128
2026-06-15 01:00:00,11,Yasenevo,39.134178161621094,128
2026-06-15 02:00:00,2,Arbat,83.17853546142578,129
2026-06-15 02:00:00,10,Domodedovo,128.34608459472656,129
2026-06-15 02:00:00,6,Khamovniki,74.90254211425781,129
2026-06-15 02:00:00,12,Kuzminki,47.47472381591797,129
2026-06-15 02:00:00,3,Moscow City,110.0074234008789,129
2026-06-15 02:00:00,8,Sheremetyevo,144.2410125732422,129
2026-06-15 02:00:00,4,Sokolniki,44.183624267578125,129
2026-06-15 02:00:00,5,Tagansky,57.76914596557617,129
2026-06-15 02:00:00,1,Tverskoy,99.63319396972656,129
2026-06-15 02:00:00,7,VDNH,53.70530700683594,129
2026-06-15 02:00:00,9,Vnukovo,122.4619140625,129
2026-06-15 02:00:00,11,Yasenevo,40.143611907958984,129
2026-06-15 03:00:00,2,Arbat,80.78998565673828,130
2026-06-15 03:00:00,10,Domodedovo,128.84539794921875,130
2026-06-15 03:00:00,6,Khamovniki,77.53005981445312,130
2026-06-15 03:00:00,12,Kuzminki,49.35334396362305,130
2026-06-15 03:00:00,3,Moscow City,116.17220306396484,130
2026-06-15 03:00:00,8,Sheremetyevo,144.79681396484375,130
2026-06-15 03:00:00,4,Sokolniki,46.40943145751953,130
2026-06-15 03:00:00,5,Tagansky,58.6663932800293,130
2026-06-15 03:00:00,1,Tverskoy,96.95890045166016,130
2026-06-15 03:00:00,7,VDNH,54.921112060546875,130
2026-06-15 03:00:00,9,Vnukovo,122.6353530883789,130
2026-06-15 03:00:00,11,Yasenevo,41.72848892211914,130
2026-06-15 04:00:00,2,Arbat,79.03025817871094,131
2026-06-15 04:00:00,10,Domodedovo,128.2240753173828,131
2026-06-15 04:00:00,6,Khamovniki,80.77816772460938,131
2026-06-15 04:00:00,12,Kuzminki,51.6505126953125,131
2026-06-15 04:00:00,3,Moscow City,123.3413314819336,131
2026-06-15 04:00:00,8,Sheremetyevo,144.21954345703125,131
2026-06-15 04:00:00,4,Sokolniki,49.01750564575195,131
2026-06-15 04:00:00,5,Tagansky,60.0621223449707,131
2026-06-15 04:00:00,1,Tverskoy,95.77310180664062,131
2026-06-15 04:00:00,7,VDNH,56.60552215576172,131
2026-06-15 04:00:00,9,Vnukovo,121.4616470336914,131
2026-06-15 04:00:00,11,Yasenevo,43.67893600463867,131
2026-06-15 05:00:00,2,Arbat,77.93299865722656,132
2026-06-15 05:00:00,10,Domodedovo,126.3121566772461,132
2026-06-15 05:00:00,6,Khamovniki,84.28870391845703,132
2026-06-15 05:00:00,12,Kuzminki,54.134971618652344,132
2026-06-15 05:00:00,3,Moscow City,130.82363891601562,132
2026-06-15 05:00:00,8,Sheremetyevo,142.4088592529297,132
2026-06-15 05:00:00,4,Sokolniki,51.77142333984375,132
2026-06-15 05:00:00,5,Tagansky,61.80206298828125,132
2026-06-15 05:00:00,1,Tverskoy,95.8489990234375,132
2026-06-15 05:00:00,7,VDNH,58.5897102355957,132
2026-06-15 05:00:00,9,Vnukovo,119.00509643554688,132
2026-06-15 05:00:00,11,Yasenevo,45.797576904296875,132
2026-06-15 06:00:00,2,Arbat,77.47006225585938,133
2026-06-15 06:00:00,10,Domodedovo,123.27998352050781,133
2026-06-15 06:00:00,6,Khamovniki,87.81415557861328,133
2026-06-15 06:00:00,12,Kuzminki,56.63280487060547,133
2026-06-15 06:00:00,3,Moscow City,138.34556579589844,133
2026-06-15 06:00:00,8,Sheremetyevo,139.56890869140625,133
2026-06-15 06:00:00,4,Sokolniki,54.49169921875,133
2026-06-15 06:00:00,5,Tagansky,63.715301513671875,133
2026-06-15 06:00:00,1,Tverskoy,96.97879791259766,133
2026-06-15 06:00:00,7,VDNH,60.68270492553711,133
2026-06-15 06:00:00,9,Vnukovo,115.60758972167969,133
2026-06-15 06:00:00,11,Yasenevo,47.93670654296875,133
2026-06-15 07:00:00,2,Arbat,77.5688705444336,134
2026-06-15 07:00:00,10,Domodedovo,119.65708923339844,134
2026-06-15 07:00:00,6,Khamovniki,91.01899719238281,134
2026-06-15 07:00:00,12,Kuzminki,58.890010833740234,134
2026-06-15 07:00:00,3,Moscow City,145.491455078125,134
2026-06-15 07:00:00,8,Sheremetyevo,136.1293487548828,134
2026-06-15 07:00:00,4,Sokolniki,56.87677764892578,134
2026-06-15 07:00:00,5,Tagansky,65.63876342773438,134
2026-06-15 07:00:00,1,Tverskoy,99.0672607421875,134
2026-06-15 07:00:00,7,VDNH,62.66108703613281,134
2026-06-15 07:00:00,9,Vnukovo,111.6910400390625,134
2026-06-15 07:00:00,11,Yasenevo,49.903133392333984,134
2026-06-15 08:00:00,2,Arbat,78.13651275634766,135
2026-06-15 08:00:00,10,Domodedovo,115.93866729736328,135
2026-06-15 08:00:00,6,Khamovniki,93.1702651977539,135
2026-06-15 08:00:00,12,Kuzminki,60.390625,135
2026-06-15 08:00:00,3,Moscow City,151.11280822753906,135
2026-06-15 08:00:00,8,Sheremetyevo,132.5035858154297,135
2026-06-15 08:00:00,4,Sokolniki,58.33577346801758,135
2026-06-15 08:00:00,5,Tagansky,67.38571166992188,135
2026-06-15 08:00:00,1,Tverskoy,102.01050567626953,135
2026-06-15 08:00:00,7,VDNH,64.1554183959961,135
2026-06-15 08:00:00,9,Vnukovo,107.68441772460938,135
2026-06-15 08:00:00,11,Yasenevo,51.30295944213867,135
2026-06-15 09:00:00,2,Arbat,79.0859146118164,136
2026-06-15 09:00:00,10,Domodedovo,112.43113708496094,136
2026-06-15 09:00:00,6,Khamovniki,93.12644958496094,136
2026-06-15 09:00:00,12,Kuzminki,60.480560302734375,136
2026-06-15 09:00:00,3,Moscow City,152.31491088867188,136
2026-06-15 09:00:00,8,Sheremetyevo,128.9969940185547,136
2026-06-15 09:00:00,4,Sokolniki,58.22920227050781,136
2026-06-15 09:00:00,5,Tagansky,68.70468139648438,136
2026-06-15 09:00:00,1,Tverskoy,105.64459991455078,136
2026-06-15 09:00:00,7,VDNH,64.625244140625,136
2026-06-15 09:00:00,9,Vnukovo,103.95027923583984,136
2026-06-15 09:00:00,11,Yasenevo,51.524532318115234,136
2026-06-15 10:00:00,2,Arbat,80.35108184814453,137
2026-06-15 10:00:00,10,Domodedovo,109.30023193359375,137
2026-06-15 10:00:00,6,Khamovniki,90.87287139892578,137
2026-06-15 10:00:00,12,Kuzminki,59.25063705444336,137
2026-06-15 10:00:00,3,Moscow City,146.9736328125,137
2026-06-15 10:00:00,8,Sheremetyevo,125.81999206542969,137
2026-06-15 10:00:00,4,Sokolniki,56.791343688964844,137
2026-06-15 10:00:00,5,Tagansky,69.33685302734375,137
2026-06-15 10:00:00,1,Tverskoy,109.851806640625,137
2026-06-15 10:00:00,7,VDNH,63.89892578125,137
2026-06-15 10:00:00,9,Vnukovo,100.74085235595703,137
2026-06-15 10:00:00,11,Yasenevo,50.49131393432617,137
2026-06-15 11:00:00,2,Arbat,81.885009765625,138
2026-06-15 11:00:00,10,Domodedovo,106.63606262207031,138
2026-06-15 11:00:00,6,Khamovniki,87.81644439697266,138
2026-06-15 11:00:00,12,Kuzminki,57.549293518066406,138
2026-06-15 11:00:00,3,Moscow City,138.57904052734375,138
2026-06-15 11:00:00,8,Sheremetyevo,123.11552429199219,138
2026-06-15 11:00:00,4,Sokolniki,54.92060470581055,138
2026-06-15 11:00:00,5,Tagansky,69.22398376464844,138
2026-06-15 11:00:00,1,Tverskoy,114.5089111328125,138
2026-06-15 11:00:00,7,VDNH,62.52272415161133,138
2026-06-15 11:00:00,9,Vnukovo,98.2126235961914,138
2026-06-15 11:00:00,11,Yasenevo,48.922054290771484,138
2026-06-15 12:00:00,2,Arbat,83.64217376708984,139
2026-06-15 12:00:00,10,Domodedovo,104.5025634765625,139
2026-06-15 12:00:00,6,Khamovniki,85.06168365478516,139
2026-06-15 12:00:00,12,Kuzminki,56.0196533203125,139
2026-06-15 12:00:00,3,Moscow City,130.64305114746094,139
2026-06-15 12:00:00,8,Sheremetyevo,120.9835205078125,139
2026-06-15 12:00:00,4,Sokolniki,53.28986358642578,139
2026-06-15 12:00:00,5,Tagansky,68.59896087646484,139
2026-06-15 12:00:00,1,Tverskoy,119.41999053955078,139
2026-06-15 12:00:00,7,VDNH,61.11335754394531,139
2026-06-15 12:00:00,9,Vnukovo,96.44573211669922,139
2026-06-15 12:00:00,11,Yasenevo,47.426170349121094,139
2026-06-15 13:00:00,2,Arbat,85.5625991821289,140
2026-06-15 13:00:00,10,Domodedovo,102.97537231445312,140
2026-06-15 13:00:00,6,Khamovniki,83.21017456054688,140
2026-06-15 13:00:00,12,Kuzminki,55.02945327758789,140
2026-06-15 13:00:00,3,Moscow City,124.74063873291016,140
2026-06-15 13:00:00,8,Sheremetyevo,119.49960327148438,140
2026-06-15 13:00:00,4,Sokolniki,52.333805084228516,140
2026-06-15 13:00:00,5,Tagansky,67.8035659790039,140
2026-06-15 13:00:00,1,Tverskoy,124.31189727783203,140
2026-06-15 13:00:00,7,VDNH,60.06084060668945,140
2026-06-15 13:00:00,9,Vnukovo,95.45743560791016,140
2026-06-15 13:00:00,11,Yasenevo,46.35810852050781,140
2026-06-15 14:00:00,2,Arbat,87.56874084472656,141
2026-06-15 14:00:00,10,Domodedovo,102.14522552490234,141
2026-06-15 14:00:00,6,Khamovniki,82.62727355957031,141
2026-06-15 14:00:00,12,Kuzminki,54.77012634277344,141
2026-06-15 14:00:00,3,Moscow City,122.14253997802734,141
2026-06-15 14:00:00,8,Sheremetyevo,118.72029876708984,141
2026-06-15 14:00:00,4,Sokolniki,52.3825798034668,141
2026-06-15 14:00:00,5,Tagansky,67.11602020263672,141
2026-06-15 14:00:00,1,Tverskoy,128.86793518066406,141
2026-06-15 14:00:00,7,VDNH,59.59782409667969,141
2026-06-15 14:00:00,9,Vnukovo,95.22502899169922,141
2026-06-15 14:00:00,11,Yasenevo,45.94036102294922,141
2026-06-15 15:00:00,2,Arbat,89.56741333007812,142
2026-06-15 15:00:00,10,Domodedovo,102.07221221923828,142
2026-06-15 15:00:00,6,Khamovniki,83.54379272460938,142
2026-06-15 15:00:00,12,Kuzminki,55.193172454833984,142
2026-06-15 15:00:00,3,Moscow City,123.78430938720703,142
2026-06-15 15:00:00,8,Sheremetyevo,118.68182373046875,142
2026-06-15 15:00:00,4,Sokolniki,53.47364044189453,142
2026-06-15 15:00:00,5,Tagansky,66.69184875488281,142
2026-06-15 15:00:00,1,Tverskoy,132.90792846679688,142
2026-06-15 15:00:00,7,VDNH,59.82371520996094,142
2026-06-15 15:00:00,9,Vnukovo,95.72881317138672,142
2026-06-15 15:00:00,11,Yasenevo,46.26689529418945,142
2026-06-15 16:00:00,2,Arbat,91.45243835449219,143
2026-06-15 16:00:00,10,Domodedovo,102.75859069824219,143
2026-06-15 16:00:00,6,Khamovniki,85.65155792236328,143
2026-06-15 16:00:00,12,Kuzminki,55.950416564941406,143
2026-06-15 16:00:00,3,Moscow City,128.88978576660156,143
2026-06-15 16:00:00,8,Sheremetyevo,119.40299987792969,143
2026-06-15 16:00:00,4,Sokolniki,55.05767059326172,143
2026-06-15 16:00:00,5,Tagansky,66.54254150390625,143
2026-06-15 16:00:00,1,Tverskoy,136.35833740234375,143
2026-06-15 16:00:00,7,VDNH,60.641334533691406,143
2026-06-15 16:00:00,9,Vnukovo,96.9564208984375,143
2026-06-15 16:00:00,11,Yasenevo,47.13165283203125,143
2026-06-15 17:00:00,2,Arbat,93.1107406616211,144
2026-06-15 17:00:00,10,Domodedovo,104.15361022949219,144
2026-06-15 17:00:00,6,Khamovniki,88.0608901977539,144
2026-06-15 17:00:00,12,Kuzminki,56.35322952270508,144
2026-06-15 17:00:00,3,Moscow City,134.41236877441406,144
2026-06-15 17:00:00,8,Sheremetyevo,120.86712646484375,144
2026-06-15 17:00:00,4,Sokolniki,56.36991500854492,144
2026-06-15 17:00:00,5,Tagansky,66.5112075805664,144
2026-06-15 17:00:00,1,Tverskoy,139.00892639160156,144
2026-06-15 17:00:00,7,VDNH,61.69031524658203,144
2026-06-15 17:00:00,9,Vnukovo,98.88077545166016,144
2026-06-15 17:00:00,11,Yasenevo,47.99799728393555,144
2026-06-15 18:00:00,2,Arbat,94.41571044921875,145
2026-06-15 18:00:00,10,Domodedovo,106.16899871826172,145
2026-06-15 18:00:00,6,Khamovniki,89.67254638671875,145
2026-06-15 18:00:00,12,Kuzminki,55.633819580078125,145
2026-06-15 18:00:00,3,Moscow City,137.32737731933594,145
2026-06-15 18:00:00,8,Sheremetyevo,122.99940490722656,145
2026-06-15 18:00:00,4,Sokolniki,56.502742767333984,145
2026-06-15 18:00:00,5,Tagansky,66.2811050415039,145
2026-06-15 18:00:00,1,Tverskoy,140.34886169433594,145
2026-06-15 18:00:00,7,VDNH,62.39076614379883,145
2026-06-15 18:00:00,9,Vnukovo,101.45724487304688,145
2026-06-15 18:00:00,11,Yasenevo,48.19247817993164,145
2026-06-15 19:00:00,2,Arbat,95.19654083251953,146
2026-06-15 19:00:00,10,Domodedovo,108.69940185546875,146
2026-06-15 19:00:00,6,Khamovniki,89.19526672363281,146
2026-06-15 19:00:00,12,Kuzminki,53.70752716064453,146
2026-06-15 19:00:00,3,Moscow City,134.05589294433594,146
2026-06-15 19:00:00,8,Sheremetyevo,125.68254852294922,146
2026-06-15 19:00:00,4,Sokolniki,54.88787078857422,146
2026-06-15 19:00:00,5,Tagansky,65.51727294921875,146
2026-06-15 19:00:00,1,Tverskoy,139.51007080078125,146
2026-06-15 19:00:00,7,VDNH,62.098934173583984,146
2026-06-15 19:00:00,9,Vnukovo,104.6046371459961,146
2026-06-15 19:00:00,11,Yasenevo,47.22481918334961,146
2026-06-15 20:00:00,2,Arbat,95.23011779785156,147
2026-06-15 20:00:00,10,Domodedovo,111.64402770996094,147
2026-06-15 20:00:00,6,Khamovniki,86.26482391357422,147
2026-06-15 20:00:00,12,Kuzminki,51.23393249511719,147
2026-06-15 20:00:00,3,Moscow City,125.35948181152344,147
2026-06-15 20:00:00,8,Sheremetyevo,128.79159545898438,147
2026-06-15 20:00:00,4,Sokolniki,51.974300384521484,147
2026-06-15 20:00:00,5,Tagansky,64.13162231445312,147
2026-06-15 20:00:00,1,Tverskoy,135.83071899414062,147
2026-06-15 20:00:00,7,VDNH,60.64815139770508,147
2026-06-15 20:00:00,9,Vnukovo,108.19332885742188,147
2026-06-15 20:00:00,11,Yasenevo,45.37289810180664,147
2026-06-15 21:00:00,2,Arbat,94.33708190917969,148
2026-06-15 21:00:00,10,Domodedovo,114.90477752685547,148
2026-06-15 21:00:00,6,Khamovniki,82.24632263183594,148
2026-06-15 21:00:00,12,Kuzminki,48.835445404052734,148
2026-06-15 21:00:00,3,Moscow City,115.49510192871094,148
2026-06-15 21:00:00,8,Sheremetyevo,132.20523071289062,148
2026-06-15 21:00:00,4,Sokolniki,48.739864349365234,148
2026-06-15 21:00:00,5,Tagansky,62.37701416015625,148
2026-06-15 21:00:00,1,Tverskoy,129.65658569335938,148
2026-06-15 21:00:00,7,VDNH,58.616172790527344,148
2026-06-15 21:00:00,9,Vnukovo,112.05110168457031,148
2026-06-15 21:00:00,11,Yasenevo,43.35077667236328,148
2026-06-15 22:00:00,2,Arbat,92.55249786376953,149
2026-06-15 22:00:00,10,Domodedovo,118.36078643798828,149
2026-06-15 22:00:00,6,Khamovniki,78.59332275390625,149
2026-06-15 22:00:00,12,Kuzminki,46.916019439697266,149
2026-06-15 22:00:00,3,Moscow City,107.6607894897461,149
2026-06-15 22:00:00,8,Sheremetyevo,135.79295349121094,149
2026-06-15 22:00:00,4,Sokolniki,45.94548797607422,149
2026-06-15 22:00:00,5,Tagansky,60.63084030151367,149
2026-06-15 22:00:00,1,Tverskoy,122.09962463378906,149
2026-06-15 22:00:00,7,VDNH,56.656307220458984,149
2026-06-15 22:00:00,9,Vnukovo,115.9687271118164,149
2026-06-15 22:00:00,11,Yasenevo,41.65907669067383,149
2026-06-15 23:00:00,2,Arbat,90.14183044433594,150
2026-06-15 23:00:00,10,Domodedovo,121.85375213623047,150
2026-06-15 23:00:00,6,Khamovniki,76.06614685058594,150
2026-06-15 23:00:00,12,Kuzminki,45.7341423034668,150
2026-06-15 23:00:00,3,Moscow City,103.12113952636719,150
2026-06-15 23:00:00,8,Sheremetyevo,139.40283203125,150
2026-06-15 23:00:00,4,Sokolniki,44.11458206176758,150
2026-06-15 23:00:00,5,Tagansky,59.200809478759766,150
2026-06-15 23:00:00,1,Tverskoy,114.39594268798828,150
2026-06-15 23:00:00,7,VDNH,55.16019821166992,150
2026-06-15 23:00:00,9,Vnukovo,119.69892120361328,150
2026-06-15 23:00:00,11,Yasenevo,40.556190490722656,150
2026-06-16 00:00:00,2,Arbat,87.4533920288086,151
2026-06-16 00:00:00,10,Domodedovo,125.1946792602539,151
2026-06-16 00:00:00,6,Khamovniki,74.99793243408203,151
2026-06-16 00:00:00,12,Kuzminki,45.425777435302734,151
2026-06-16 00:00:00,3,Moscow City,101.68070220947266,151
2026-06-16 00:00:00,8,Sheremetyevo,142.8589630126953,151
2026-06-16 00:00:00,4,Sokolniki,43.54029846191406,151
2026-06-16 00:00:00,5,Tagansky,58.29069137573242,151
2026-06-16 00:00:00,1,Tverskoy,107.32276153564453,151
2026-06-16 00:00:00,7,VDNH,54.33334732055664,151
2026-06-16 00:00:00,9,Vnukovo,122.99153900146484,151
2026-06-16 00:00:00,11,Yasenevo,40.18910217285156,151
2026-06-16 01:00:00,2,Arbat,84.79920196533203,152
2026-06-16 01:00:00,10,Domodedovo,128.18624877929688,152
2026-06-16 01:00:00,6,Khamovniki,75.50978088378906,152
2026-06-16 01:00:00,12,Kuzminki,46.002437591552734,152
2026-06-16 01:00:00,3,Moscow City,103.1636962890625,152
2026-06-16 01:00:00,8,Sheremetyevo,145.9668731689453,152
2026-06-16 01:00:00,4,Sokolniki,44.23293685913086,152
2026-06-16 01:00:00,5,Tagansky,58.02730178833008,152
2026-06-16 01:00:00,1,Tverskoy,101.4327163696289,152
2026-06-16 01:00:00,7,VDNH,54.28453063964844,152
2026-06-16 01:00:00,9,Vnukovo,125.61769104003906,152
2026-06-16 01:00:00,11,Yasenevo,40.640323638916016,152
2026-06-16 02:00:00,2,Arbat,82.41388702392578,153
2026-06-16 02:00:00,10,Domodedovo,130.634765625,153
2026-06-16 02:00:00,6,Khamovniki,77.48937225341797,153
2026-06-16 02:00:00,12,Kuzminki,47.346099853515625,153
2026-06-16 02:00:00,3,Moscow City,107.27313995361328,153
2026-06-16 02:00:00,8,Sheremetyevo,148.50900268554688,153
2026-06-16 02:00:00,4,Sokolniki,45.985328674316406,153
2026-06-16 02:00:00,5,Tagansky,58.46220779418945,153
2026-06-16 02:00:00,1,Tverskoy,97.16206359863281,153
2026-06-16 02:00:00,7,VDNH,55.02151870727539,153
2026-06-16 02:00:00,9,Vnukovo,127.26791381835938,153
2026-06-16 02:00:00,11,Yasenevo,41.87458801269531,153
2026-06-16 03:00:00,2,Arbat,80.4570541381836,154
2026-06-16 03:00:00,10,Domodedovo,132.28541564941406,154
2026-06-16 03:00:00,6,Khamovniki,80.51331329345703,154
2026-06-16 03:00:00,12,Kuzminki,49.268394470214844,154
2026-06-16 03:00:00,3,Moscow City,113.24689483642578,154
2026-06-16 03:00:00,8,Sheremetyevo,150.19744873046875,154
2026-06-16 03:00:00,4,Sokolniki,48.401039123535156,154
2026-06-16 03:00:00,5,Tagansky,59.56344985961914,154
2026-06-16 03:00:00,1,Tverskoy,94.58621215820312,154
2026-06-16 03:00:00,7,VDNH,56.42980194091797,154
2026-06-16 03:00:00,9,Vnukovo,127.50251770019531,154
2026-06-16 03:00:00,11,Yasenevo,43.675697326660156,154
2026-06-16 04:00:00,2,Arbat,79.0261001586914,155
2026-06-16 04:00:00,10,Domodedovo,132.74246215820312,155
2026-06-16 04:00:00,6,Khamovniki,84.05299377441406,155
2026-06-16 04:00:00,12,Kuzminki,51.5236701965332,155
2026-06-16 04:00:00,3,Moscow City,120.02932739257812,155
2026-06-16 04:00:00,8,Sheremetyevo,150.63021850585938,155
2026-06-16 04:00:00,4,Sokolniki,51.1143798828125,155
2026-06-16 04:00:00,5,Tagansky,61.1965217590332,155
2026-06-16 04:00:00,1,Tverskoy,93.48985290527344,155
2026-06-16 04:00:00,7,VDNH,58.303131103515625,155
2026-06-16 04:00:00,9,Vnukovo,125.98324584960938,155
2026-06-16 04:00:00,11,Yasenevo,45.761329650878906,155
2026-06-16 05:00:00,2,Arbat,78.17123413085938,156
2026-06-16 05:00:00,10,Domodedovo,131.59097290039062,156
2026-06-16 05:00:00,6,Khamovniki,87.7479476928711,156
2026-06-16 05:00:00,12,Kuzminki,53.8948860168457,156
2026-06-16 05:00:00,3,Moscow City,127.09054565429688,156
2026-06-16 05:00:00,8,Sheremetyevo,149.40696716308594,156
2026-06-16 05:00:00,4,Sokolniki,53.89142990112305,156
2026-06-16 05:00:00,5,Tagansky,63.15240478515625,156
2026-06-16 05:00:00,1,Tverskoy,93.60530853271484,156
2026-06-16 05:00:00,7,VDNH,60.4052619934082,156
2026-06-16 05:00:00,9,Vnukovo,122.77935028076172,156
2026-06-16 05:00:00,11,Yasenevo,47.928504943847656,156
2026-06-16 06:00:00,2,Arbat,77.90489196777344,157
2026-06-16 06:00:00,10,Domodedovo,128.73480224609375,157
2026-06-16 06:00:00,6,Khamovniki,91.28955078125,157
2026-06-16 06:00:00,12,Kuzminki,56.17683029174805,157
2026-06-16 06:00:00,3,Moscow City,134.1094970703125,157
2026-06-16 06:00:00,8,Sheremetyevo,146.4442596435547,157
2026-06-16 06:00:00,4,Sokolniki,56.4724006652832,157
2026-06-16 06:00:00,5,Tagansky,65.23463439941406,157
2026-06-16 06:00:00,1,Tverskoy,94.72062683105469,157
2026-06-16 06:00:00,7,VDNH,62.502586364746094,157
2026-06-16 06:00:00,9,Vnukovo,118.32289123535156,157
2026-06-16 06:00:00,11,Yasenevo,49.99789810180664,157
2026-06-16 07:00:00,2,Arbat,78.20529174804688,158
2026-06-16 07:00:00,10,Domodedovo,124.54090118408203,158
2026-06-16 07:00:00,6,Khamovniki,94.10873413085938,158
2026-06-16 07:00:00,12,Kuzminki,58.01911163330078,158
2026-06-16 07:00:00,3,Moscow City,140.17735290527344,158
2026-06-16 07:00:00,8,Sheremetyevo,142.14793395996094,158
2026-06-16 07:00:00,4,Sokolniki,58.34550476074219,158
2026-06-16 07:00:00,5,Tagansky,67.27021026611328,158
2026-06-16 07:00:00,1,Tverskoy,96.76239776611328,158
2026-06-16 07:00:00,7,VDNH,64.27115631103516,158
2026-06-16 07:00:00,9,Vnukovo,113.2464599609375,158
2026-06-16 07:00:00,11,Yasenevo,51.65488052368164,158
2026-06-16 08:00:00,2,Arbat,79.02461242675781,159
2026-06-16 08:00:00,10,Domodedovo,119.67975616455078,159
2026-06-16 08:00:00,6,Khamovniki,95.12519073486328,159
2026-06-16 08:00:00,12,Kuzminki,58.84630584716797,159
2026-06-16 08:00:00,3,Moscow City,142.0848846435547,159
2026-06-16 08:00:00,8,Sheremetyevo,137.2045440673828,159
2026-06-16 08:00:00,4,Sokolniki,58.77836990356445,159
2026-06-16 08:00:00,5,Tagansky,69.0526123046875,159
2026-06-16 08:00:00,1,Tverskoy,99.66577911376953,159
2026-06-16 08:00:00,7,VDNH,65.156005859375,159
2026-06-16 08:00:00,9,Vnukovo,108.16714477539062,159
2026-06-16 08:00:00,11,Yasenevo,52.33578872680664,159
2026-06-16 09:00:00,2,Arbat,80.29214477539062,160
2026-06-16 09:00:00,10,Domodedovo,114.84781646728516,160
2026-06-16 09:00:00,6,Khamovniki,93.42594146728516,160
2026-06-16 09:00:00,12,Kuzminki,58.284950256347656,160
2026-06-16 09:00:00,3,Moscow City,136.6304931640625,160
2026-06-16 09:00:00,8,Sheremetyevo,132.2635498046875,160
2026-06-16 09:00:00,4,Sokolniki,57.45283126831055,160
2026-06-16 09:00:00,5,Tagansky,70.30298614501953,160
2026-06-16 09:00:00,1,Tverskoy,103.32982635498047,160
2026-06-16 09:00:00,7,VDNH,64.63581848144531,160
2026-06-16 09:00:00,9,Vnukovo,103.5206298828125,160
2026-06-16 09:00:00,11,Yasenevo,51.581668853759766,160
2026-06-16 10:00:00,2,Arbat,81.92450714111328,161
2026-06-16 10:00:00,10,Domodedovo,110.53057098388672,161
2026-06-16 10:00:00,6,Khamovniki,89.61441040039062,161
2026-06-16 10:00:00,12,Kuzminki,56.700557708740234,161
2026-06-16 10:00:00,3,Moscow City,127.21031188964844,161
2026-06-16 10:00:00,8,Sheremetyevo,127.77989196777344,161
2026-06-16 10:00:00,4,Sokolniki,54.91508483886719,161
2026-06-16 10:00:00,5,Tagansky,70.74437713623047,161
2026-06-16 10:00:00,1,Tverskoy,107.66011047363281,161
2026-06-16 10:00:00,7,VDNH,62.92655563354492,161
2026-06-16 10:00:00,9,Vnukovo,99.59466552734375,161
2026-06-16 10:00:00,11,Yasenevo,49.70143127441406,161
2026-06-16 11:00:00,2,Arbat,83.84417724609375,162
2026-06-16 11:00:00,10,Domodedovo,106.9777603149414,162
2026-06-16 11:00:00,6,Khamovniki,85.31492614746094,162
2026-06-16 11:00:00,12,Kuzminki,54.78294372558594,162
2026-06-16 11:00:00,3,Moscow City,117.87809753417969,162
2026-06-16 11:00:00,8,Sheremetyevo,124.02337646484375,162
2026-06-16 11:00:00,4,Sokolniki,52.15010070800781,162
2026-06-16 11:00:00,5,Tagansky,70.30859375,162
2026-06-16 11:00:00,1,Tverskoy,112.49925231933594,162
2026-06-16 11:00:00,7,VDNH,60.77845764160156,162
2026-06-16 11:00:00,9,Vnukovo,96.57545471191406,162
2026-06-16 11:00:00,11,Yasenevo,47.47611999511719,162
2026-06-16 12:00:00,2,Arbat,85.9822006225586,163
2026-06-16 12:00:00,10,Domodedovo,104.28661346435547,163
2026-06-16 12:00:00,6,Khamovniki,81.66902160644531,163
2026-06-16 12:00:00,12,Kuzminki,53.0646858215332,163
2026-06-16 12:00:00,3,Moscow City,110.51493835449219,163
2026-06-16 12:00:00,8,Sheremetyevo,121.13001251220703,163
2026-06-16 12:00:00,4,Sokolniki,49.831932067871094,163
2026-06-16 12:00:00,5,Tagansky,69.23432922363281,163
2026-06-16 12:00:00,1,Tverskoy,117.6088638305664,163
2026-06-16 12:00:00,7,VDNH,58.80482864379883,163
2026-06-16 12:00:00,9,Vnukovo,94.53253173828125,163
2026-06-16 12:00:00,11,Yasenevo,45.47201156616211,163
2026-06-16 13:00:00,2,Arbat,88.26538848876953,164
2026-06-16 13:00:00,10,Domodedovo,102.47395324707031,164
2026-06-16 13:00:00,6,Khamovniki,79.24283599853516,164
2026-06-16 13:00:00,12,Kuzminki,51.86290740966797,164
2026-06-16 13:00:00,3,Moscow City,105.71591186523438,164
2026-06-16 13:00:00,8,Sheremetyevo,119.13804626464844,164
2026-06-16 13:00:00,4,Sokolniki,48.35503387451172,164
2026-06-16 13:00:00,5,Tagansky,67.88724517822266,164
2026-06-16 13:00:00,1,Tverskoy,122.68329620361328,164
2026-06-16 13:00:00,7,VDNH,57.337913513183594,164
2026-06-16 13:00:00,9,Vnukovo,93.42170715332031,164
2026-06-16 13:00:00,11,Yasenevo,43.98805236816406,164
2026-06-16 14:00:00,2,Arbat,90.60362243652344,165
2026-06-16 14:00:00,10,Domodedovo,101.52727508544922,165
2026-06-16 14:00:00,6,Khamovniki,78.29583740234375,165
2026-06-16 14:00:00,12,Kuzminki,51.313758850097656,165
2026-06-16 14:00:00,3,Moscow City,103.73780822753906,165
2026-06-16 14:00:00,8,Sheremetyevo,118.02143096923828,165
2026-06-16 14:00:00,4,Sokolniki,47.89615249633789,165
2026-06-16 14:00:00,5,Tagansky,66.56908416748047,165
2026-06-16 14:00:00,1,Tverskoy,127.37953186035156,165
2026-06-16 14:00:00,7,VDNH,56.529842376708984,165
2026-06-16 14:00:00,9,Vnukovo,93.14369201660156,165
2026-06-16 14:00:00,11,Yasenevo,43.18047332763672,165
2026-06-16 15:00:00,2,Arbat,92.88851165771484,166
2026-06-16 15:00:00,10,Domodedovo,101.4153823852539,166
2026-06-16 15:00:00,6,Khamovniki,78.68225860595703,166
2026-06-16 15:00:00,12,Kuzminki,51.288307189941406,166
2026-06-16 15:00:00,3,Moscow City,104.46041870117188,166
2026-06-16 15:00:00,8,Sheremetyevo,117.72169494628906,166
2026-06-16 15:00:00,4,Sokolniki,48.26420211791992,166
2026-06-16 15:00:00,5,Tagansky,65.44303131103516,166
2026-06-16 15:00:00,1,Tverskoy,131.528076171875,166
2026-06-16 15:00:00,7,VDNH,56.36578369140625,166
2026-06-16 15:00:00,9,Vnukovo,93.58622741699219,166
2026-06-16 15:00:00,11,Yasenevo,43.012351989746094,166
2026-06-16 16:00:00,2,Arbat,95.00732421875,167
2026-06-16 16:00:00,10,Domodedovo,102.05997467041016,167
2026-06-16 16:00:00,6,Khamovniki,79.8665542602539,167
2026-06-16 16:00:00,12,Kuzminki,51.41176223754883,167
2026-06-16 16:00:00,3,Moscow City,106.85379791259766,167
2026-06-16 16:00:00,8,Sheremetyevo,118.15913391113281,167
2026-06-16 16:00:00,4,Sokolniki,48.969627380371094,167
2026-06-16 16:00:00,5,Tagansky,64.50525665283203,167
2026-06-16 16:00:00,1,Tverskoy,135.0541534423828,167
2026-06-16 16:00:00,7,VDNH,56.62332534790039,167
2026-06-16 16:00:00,9,Vnukovo,94.65031433105469,167
2026-06-16 16:00:00,11,Yasenevo,43.20231246948242,167
2026-06-16 17:00:00,2,Arbat,96.8517074584961,168
2026-06-16 17:00:00,10,Domodedovo,103.35325622558594,168
2026-06-16 17:00:00,6,Khamovniki,81.1722183227539,168
2026-06-16 17:00:00,12,Kuzminki,51.20065689086914,168
2026-06-16 17:00:00,3,Moscow City,109.70379638671875,168
2026-06-16 17:00:00,8,Sheremetyevo,119.24183654785156,168
2026-06-16 17:00:00,4,Sokolniki,49.31678771972656,168
2026-06-16 17:00:00,5,Tagansky,63.600303649902344,168
2026-06-16 17:00:00,1,Tverskoy,137.70199584960938,168
2026-06-16 17:00:00,7,VDNH,56.95584487915039,168
2026-06-16 17:00:00,9,Vnukovo,96.29154205322266,168
2026-06-16 17:00:00,11,Yasenevo,43.348175048828125,168
2026-06-16 18:00:00,2,Arbat,98.2895736694336,169
2026-06-16 18:00:00,10,Domodedovo,105.1983413696289,169
2026-06-16 18:00:00,6,Khamovniki,81.71180725097656,169
2026-06-16 18:00:00,12,Kuzminki,50.276824951171875,169
2026-06-16 18:00:00,3,Moscow City,111.56375885009766,169
2026-06-16 18:00:00,8,Sheremetyevo,120.88188934326172,169
2026-06-16 18:00:00,4,Sokolniki,48.60654830932617,169
2026-06-16 18:00:00,5,Tagansky,62.513214111328125,169
2026-06-16 18:00:00,1,Tverskoy,138.8849334716797,169
2026-06-16 18:00:00,7,VDNH,56.965599060058594,169
2026-06-16 18:00:00,9,Vnukovo,98.5037612915039,169
2026-06-16 18:00:00,11,Yasenevo,43.037723541259766,169
2026-06-16 19:00:00,2,Arbat,99.1160888671875,170
2026-06-16 19:00:00,10,Domodedovo,107.49935150146484,170
2026-06-16 19:00:00,6,Khamovniki,80.63195037841797,170
2026-06-16 19:00:00,12,Kuzminki,48.70377731323242,170
2026-06-16 19:00:00,3,Moscow City,110.41267395019531,170
2026-06-16 19:00:00,8,Sheremetyevo,122.99165344238281,170
2026-06-16 19:00:00,4,Sokolniki,46.74175262451172,170
2026-06-16 19:00:00,5,Tagansky,61.11356735229492,170
2026-06-16 19:00:00,1,Tverskoy,137.72938537597656,170
2026-06-16 19:00:00,7,VDNH,56.33031463623047,170
2026-06-16 19:00:00,9,Vnukovo,101.23782348632812,170
2026-06-16 19:00:00,11,Yasenevo,42.073326110839844,170
2026-06-16 20:00:00,2,Arbat,99.05199432373047,171
2026-06-16 20:00:00,10,Domodedovo,110.1417465209961,171
2026-06-16 20:00:00,6,Khamovniki,77.98247528076172,171
2026-06-16 20:00:00,12,Kuzminki,46.89408874511719,171
2026-06-16 20:00:00,3,Moscow City,106.60686492919922,171
2026-06-16 20:00:00,8,Sheremetyevo,125.46406555175781,171
2026-06-16 20:00:00,4,Sokolniki,44.345428466796875,171
2026-06-16 20:00:00,5,Tagansky,59.451446533203125,171
2026-06-16 20:00:00,1,Tverskoy,133.84495544433594,171
2026-06-16 20:00:00,7,VDNH,55.066280364990234,171
2026-06-16 20:00:00,9,Vnukovo,104.3589859008789,171
2026-06-16 20:00:00,11,Yasenevo,40.67911911010742,171
2026-06-16 21:00:00,2,Arbat,97.8712158203125,172
2026-06-16 21:00:00,10,Domodedovo,112.9911880493164,172
2026-06-16 21:00:00,6,Khamovniki,74.79862976074219,172
2026-06-16 21:00:00,12,Kuzminki,45.22648239135742,172
2026-06-16 21:00:00,3,Moscow City,102.20845031738281,172
2026-06-16 21:00:00,8,Sheremetyevo,128.16561889648438,172
2026-06-16 21:00:00,4,Sokolniki,42.03791046142578,172
2026-06-16 21:00:00,5,Tagansky,57.7190055847168,172
2026-06-16 21:00:00,1,Tverskoy,127.71678161621094,172
2026-06-16 21:00:00,7,VDNH,53.5289306640625,172
2026-06-16 21:00:00,9,Vnukovo,107.68358612060547,172
2026-06-16 21:00:00,11,Yasenevo,39.24296951293945,172
2026-06-16 22:00:00,2,Arbat,95.61026000976562,173
2026-06-16 22:00:00,10,Domodedovo,115.90148162841797,173
2026-06-16 22:00:00,6,Khamovniki,71.98654174804688,173
2026-06-16 22:00:00,12,Kuzminki,43.94539260864258,173
2026-06-16 22:00:00,3,Moscow City,98.47714233398438,173
2026-06-16 22:00:00,8,Sheremetyevo,130.94696044921875,173
2026-06-16 22:00:00,4,Sokolniki,40.18756103515625,173
2026-06-16 22:00:00,5,Tagansky,56.13630294799805,173
2026-06-16 22:00:00,1,Tverskoy,120.27056884765625,173
2026-06-16 22:00:00,7,VDNH,52.08625793457031,173
2026-06-16 22:00:00,9,Vnukovo,111.0112533569336,173
2026-06-16 22:00:00,11,Yasenevo,38.033477783203125,173
2026-06-16 23:00:00,2,Arbat,92.60804748535156,174
2026-06-16 23:00:00,10,Domodedovo,118.7121353149414,174
2026-06-16 23:00:00,6,Khamovniki,70.01318359375,174
2026-06-16 23:00:00,12,Kuzminki,43.210205078125,174
2026-06-16 23:00:00,3,Moscow City,95.98851776123047,174
2026-06-16 23:00:00,8,Sheremetyevo,133.6497039794922,174
2026-06-16 23:00:00,4,Sokolniki,39.009769439697266,174
2026-06-16 23:00:00,5,Tagansky,54.880435943603516,174
2026-06-16 23:00:00,1,Tverskoy,112.66666412353516,174
2026-06-16 23:00:00,7,VDNH,50.977909088134766,174
2026-06-16 23:00:00,9,Vnukovo,114.1098403930664,174
2026-06-16 23:00:00,11,Yasenevo,37.2192268371582,174
2026-06-17 00:00:00,2,Arbat,89.30638122558594,175
2026-06-17 00:00:00,10,Domodedovo,121.23336791992188,175
2026-06-17 00:00:00,6,Khamovniki,69.1737060546875,175
2026-06-17 00:00:00,12,Kuzminki,43.17280197143555,175
2026-06-17 00:00:00,3,Moscow City,95.28736114501953,175
2026-06-17 00:00:00,8,Sheremetyevo,136.0966033935547,175
2026-06-17 00:00:00,4,Sokolniki,38.671199798583984,175
2026-06-17 00:00:00,5,Tagansky,54.0847282409668,175
2026-06-17 00:00:00,1,Tverskoy,105.6839599609375,175
2026-06-17 00:00:00,7,VDNH,50.37616729736328,175
2026-06-17 00:00:00,9,Vnukovo,116.72002410888672,175
2026-06-17 00:00:00,11,Yasenevo,36.98163986206055,175
2026-06-17 01:00:00,2,Arbat,86.06668853759766,176
2026-06-17 01:00:00,10,Domodedovo,123.24626922607422,176
2026-06-17 01:00:00,6,Khamovniki,69.69512176513672,176
2026-06-17 01:00:00,12,Kuzminki,43.90275573730469,176
2026-06-17 01:00:00,3,Moscow City,96.89054107666016,176
2026-06-17 01:00:00,8,Sheremetyevo,138.08029174804688,176
2026-06-17 01:00:00,4,Sokolniki,39.308006286621094,176
2026-06-17 01:00:00,5,Tagansky,53.85380554199219,176
2026-06-17 01:00:00,1,Tverskoy,99.88365173339844,176
2026-06-17 01:00:00,7,VDNH,50.43309783935547,176
2026-06-17 01:00:00,9,Vnukovo,118.603271484375,176
2026-06-17 01:00:00,11,Yasenevo,37.465972900390625,176
2026-06-17 02:00:00,2,Arbat,83.14591217041016,177
2026-06-17 02:00:00,10,Domodedovo,124.52054595947266,177
2026-06-17 02:00:00,6,Khamovniki,71.4265365600586,177
2026-06-17 02:00:00,12,Kuzminki,45.304080963134766,177
2026-06-17 02:00:00,3,Moscow City,100.87036895751953,177
2026-06-17 02:00:00,8,Sheremetyevo,139.3634033203125,177
2026-06-17 02:00:00,4,Sokolniki,40.852134704589844,177
2026-06-17 02:00:00,5,Tagansky,54.21742630004883,177
2026-06-17 02:00:00,1,Tverskoy,95.71410369873047,177
2026-06-17 02:00:00,7,VDNH,51.16061019897461,177
2026-06-17 02:00:00,9,Vnukovo,119.53080749511719,177
2026-06-17 02:00:00,11,Yasenevo,38.59932327270508,177
2026-06-17 03:00:00,2,Arbat,80.7295150756836,178
2026-06-17 03:00:00,10,Domodedovo,124.80876922607422,178
2026-06-17 03:00:00,6,Khamovniki,74.0294418334961,178
2026-06-17 03:00:00,12,Kuzminki,47.238616943359375,178
2026-06-17 03:00:00,3,Moscow City,106.83692932128906,178
2026-06-17 03:00:00,8,Sheremetyevo,139.6867218017578,178
2026-06-17 03:00:00,4,Sokolniki,43.018585205078125,178
2026-06-17 03:00:00,5,Tagansky,55.10909652709961,178
2026-06-17 03:00:00,1,Tverskoy,93.25548553466797,178
2026-06-17 03:00:00,7,VDNH,52.40822982788086,178
2026-06-17 03:00:00,9,Vnukovo,119.25244140625,178
2026-06-17 03:00:00,11,Yasenevo,40.211402893066406,178
2026-06-17 04:00:00,2,Arbat,78.93925476074219,179
2026-06-17 04:00:00,10,Domodedovo,123.8451919555664,179
2026-06-17 04:00:00,6,Khamovniki,77.13838195800781,179
2026-06-17 04:00:00,12,Kuzminki,49.49775695800781,179
2026-06-17 04:00:00,3,Moscow City,113.62903594970703,179
2026-06-17 04:00:00,8,Sheremetyevo,138.80511474609375,179
2026-06-17 04:00:00,4,Sokolniki,45.49235916137695,179
2026-06-17 04:00:00,5,Tagansky,56.423885345458984,179
2026-06-17 04:00:00,1,Tverskoy,92.2746353149414,179
2026-06-17 04:00:00,7,VDNH,54.032508850097656,179
2026-06-17 04:00:00,9,Vnukovo,117.57391357421875,179
2026-06-17 04:00:00,11,Yasenevo,42.10251235961914,179
2026-06-17 05:00:00,2,Arbat,77.82467651367188,180
2026-06-17 05:00:00,10,Domodedovo,121.44751739501953,180
2026-06-17 05:00:00,6,Khamovniki,80.44524383544922,180
2026-06-17 05:00:00,12,Kuzminki,51.89870071411133,180
2026-06-17 05:00:00,3,Moscow City,120.67962646484375,180
2026-06-17 05:00:00,8,Sheremetyevo,136.60562133789062,180
2026-06-17 05:00:00,4,Sokolniki,48.084449768066406,180
2026-06-17 05:00:00,5,Tagansky,58.03025817871094,180
2026-06-17 05:00:00,1,Tverskoy,92.46403503417969,180
2026-06-17 05:00:00,7,VDNH,55.88308334350586,180
2026-06-17 05:00:00,9,Vnukovo,114.59453582763672,180
2026-06-17 05:00:00,11,Yasenevo,44.10696792602539,180
2026-06-17 06:00:00,2,Arbat,77.36917114257812,181
2026-06-17 06:00:00,10,Domodedovo,117.78919219970703,181
2026-06-17 06:00:00,6,Khamovniki,83.71833038330078,181
2026-06-17 06:00:00,12,Kuzminki,54.29460144042969,181
2026-06-17 06:00:00,3,Moscow City,127.73844909667969,181
2026-06-17 06:00:00,8,Sheremetyevo,133.28614807128906,181
2026-06-17 06:00:00,4,Sokolniki,50.642391204833984,181
2026-06-17 06:00:00,5,Tagansky,59.78300857543945,181
2026-06-17 06:00:00,1,Tverskoy,93.6054458618164,181
2026-06-17 06:00:00,7,VDNH,57.78685760498047,181
2026-06-17 06:00:00,9,Vnukovo,110.74717712402344,181
2026-06-17 06:00:00,11,Yasenevo,46.09368896484375,181
2026-06-17 07:00:00,2,Arbat,77.50830841064453,182
2026-06-17 07:00:00,10,Domodedovo,113.477294921875,182
2026-06-17 07:00:00,6,Khamovniki,86.6141357421875,182
2026-06-17 07:00:00,12,Kuzminki,56.45694351196289,182
2026-06-17 07:00:00,3,Moscow City,134.3680877685547,182
2026-06-17 07:00:00,8,Sheremetyevo,129.34078979492188,182
2026-06-17 07:00:00,4,Sokolniki,52.899776458740234,182
2026-06-17 07:00:00,5,Tagansky,61.54066848754883,182
2026-06-17 07:00:00,1,Tverskoy,95.65463256835938,182
2026-06-17 07:00:00,7,VDNH,59.526004791259766,182
2026-06-17 07:00:00,9,Vnukovo,106.561767578125,182
2026-06-17 07:00:00,11,Yasenevo,47.86869430541992,182
2026-06-17 08:00:00,2,Arbat,78.15160369873047,183
2026-06-17 08:00:00,10,Domodedovo,109.14839172363281,183
2026-06-17 08:00:00,6,Khamovniki,88.40779876708984,183
2026-06-17 08:00:00,12,Kuzminki,57.94432830810547,183
2026-06-17 08:00:00,3,Moscow City,139.33055114746094,183
2026-06-17 08:00:00,8,Sheremetyevo,125.28599548339844,183
2026-06-17 08:00:00,4,Sokolniki,54.33165740966797,183
2026-06-17 08:00:00,5,Tagansky,63.14576721191406,183
2026-06-17 08:00:00,1,Tverskoy,98.5785140991211,183
2026-06-17 08:00:00,7,VDNH,60.7521858215332,183
2026-06-17 08:00:00,9,Vnukovo,102.49630737304688,183
2026-06-17 08:00:00,11,Yasenevo,49.040287017822266,183
2026-06-17 09:00:00,2,Arbat,79.20821380615234,184
2026-06-17 09:00:00,10,Domodedovo,105.1976318359375,184
2026-06-17 09:00:00,6,Khamovniki,88.10140991210938,184
2026-06-17 09:00:00,12,Kuzminki,58.21302032470703,184
2026-06-17 09:00:00,3,Moscow City,139.77537536621094,184
2026-06-17 09:00:00,8,Sheremetyevo,121.48542022705078,184
2026-06-17 09:00:00,4,Sokolniki,54.351768493652344,184
2026-06-17 09:00:00,5,Tagansky,64.39839172363281,184
2026-06-17 09:00:00,1,Tverskoy,102.30657958984375,184
2026-06-17 09:00:00,7,VDNH,61.022438049316406,184
2026-06-17 09:00:00,9,Vnukovo,98.87015533447266,184
2026-06-17 09:00:00,11,Yasenevo,49.07279586791992,184
2026-06-17 10:00:00,2,Arbat,80.60252380371094,185
2026-06-17 10:00:00,10,Domodedovo,101.8066177368164,185
2026-06-17 10:00:00,6,Khamovniki,85.81703186035156,185
2026-06-17 10:00:00,12,Kuzminki,57.26594161987305,185
2026-06-17 10:00:00,3,Moscow City,134.63751220703125,185
2026-06-17 10:00:00,8,Sheremetyevo,118.15174865722656,185
2026-06-17 10:00:00,4,Sokolniki,53.12791061401367,185
2026-06-17 10:00:00,5,Tagansky,65.08683013916016,185
2026-06-17 10:00:00,1,Tverskoy,106.75592041015625,185
2026-06-17 10:00:00,7,VDNH,60.26034927368164,185
2026-06-17 10:00:00,9,Vnukovo,95.88114166259766,185
2026-06-17 10:00:00,11,Yasenevo,47.976566314697266,185
2026-06-17 11:00:00,2,Arbat,82.27042388916016,186
2026-06-17 11:00:00,10,Domodedovo,99.03907012939453,186
2026-06-17 11:00:00,6,Khamovniki,82.82649230957031,186
2026-06-17 11:00:00,12,Kuzminki,55.737342834472656,186
2026-06-17 11:00:00,3,Moscow City,127.25642395019531,186
2026-06-17 11:00:00,8,Sheremetyevo,115.39726257324219,186
2026-06-17 11:00:00,4,Sokolniki,51.410621643066406,186
2026-06-17 11:00:00,5,Tagansky,65.10283660888672,186
2026-06-17 11:00:00,1,Tverskoy,111.75215148925781,186
2026-06-17 11:00:00,7,VDNH,58.94278335571289,186
2026-06-17 11:00:00,9,Vnukovo,93.63468170166016,186
2026-06-17 11:00:00,11,Yasenevo,46.388545989990234,186
2026-06-17 12:00:00,2,Arbat,84.14421081542969,187
2026-06-17 12:00:00,10,Domodedovo,96.91407012939453,187
2026-06-17 12:00:00,6,Khamovniki,80.0738525390625,187
2026-06-17 12:00:00,12,Kuzminki,54.181182861328125,187
2026-06-17 12:00:00,3,Moscow City,120.1081314086914,187
2026-06-17 12:00:00,8,Sheremetyevo,113.27877044677734,187
2026-06-17 12:00:00,4,Sokolniki,49.77117919921875,187
2026-06-17 12:00:00,5,Tagansky,64.53262329101562,187
2026-06-17 12:00:00,1,Tverskoy,117.03192138671875,187
2026-06-17 12:00:00,7,VDNH,57.57426071166992,187
2026-06-17 12:00:00,9,Vnukovo,92.16337585449219,187
2026-06-17 12:00:00,11,Yasenevo,44.82301330566406,187
2026-06-17 13:00:00,2,Arbat,86.14273834228516,188
2026-06-17 13:00:00,10,Domodedovo,95.4636001586914,188
2026-06-17 13:00:00,6,Khamovniki,78.07464599609375,188
2026-06-17 13:00:00,12,Kuzminki,52.932647705078125,188
2026-06-17 13:00:00,3,Moscow City,114.57260131835938,188
2026-06-17 13:00:00,8,Sheremetyevo,111.83061981201172,188
2026-06-17 13:00:00,4,Sokolniki,48.57451629638672,188
2026-06-17 13:00:00,5,Tagansky,63.611610412597656,188
2026-06-17 13:00:00,1,Tverskoy,122.26509094238281,188
2026-06-17 13:00:00,7,VDNH,56.475494384765625,188
2026-06-17 13:00:00,9,Vnukovo,91.45177459716797,188
2026-06-17 13:00:00,11,Yasenevo,43.57786178588867,188
2026-06-17 14:00:00,2,Arbat,88.17201232910156,189
2026-06-17 14:00:00,10,Domodedovo,94.74613952636719,189
2026-06-17 14:00:00,6,Khamovniki,77.1209487915039,189
2026-06-17 14:00:00,12,Kuzminki,52.179962158203125,189
2026-06-17 14:00:00,3,Moscow City,111.76908874511719,189
2026-06-17 14:00:00,8,Sheremetyevo,111.07792663574219,189
2026-06-17 14:00:00,4,Sokolniki,48.07896041870117,189
2026-06-17 14:00:00,5,Tagansky,62.590850830078125,189
2026-06-17 14:00:00,1,Tverskoy,127.10081481933594,189
2026-06-17 14:00:00,7,VDNH,55.83528518676758,189
2026-06-17 14:00:00,9,Vnukovo,91.46182250976562,189
2026-06-17 14:00:00,11,Yasenevo,42.82588195800781,189
2026-06-17 15:00:00,2,Arbat,90.12770080566406,190
2026-06-17 15:00:00,10,Domodedovo,94.7845458984375,190
2026-06-17 15:00:00,6,Khamovniki,77.39533233642578,190
2026-06-17 15:00:00,12,Kuzminki,51.92393112182617,190
2026-06-17 15:00:00,3,Moscow City,112.434814453125,190
2026-06-17 15:00:00,8,Sheremetyevo,111.02727508544922,190
2026-06-17 15:00:00,4,Sokolniki,48.43563461303711,190
2026-06-17 15:00:00,5,Tagansky,61.64169692993164,190
2026-06-17 15:00:00,1,Tverskoy,131.3933563232422,190
2026-06-17 15:00:00,7,VDNH,55.737178802490234,190
2026-06-17 15:00:00,9,Vnukovo,92.16905975341797,190
2026-06-17 15:00:00,11,Yasenevo,42.633949279785156,190
2026-06-17 16:00:00,2,Arbat,91.89832305908203,191
2026-06-17 16:00:00,10,Domodedovo,95.52732849121094,191
2026-06-17 16:00:00,6,Khamovniki,78.8039779663086,191
2026-06-17 16:00:00,12,Kuzminki,51.91456985473633,191
2026-06-17 16:00:00,3,Moscow City,116.70604705810547,191
2026-06-17 16:00:00,8,Sheremetyevo,111.66299438476562,191
2026-06-17 16:00:00,4,Sokolniki,49.41825866699219,191
2026-06-17 16:00:00,5,Tagansky,60.82339859008789,191
2026-06-17 16:00:00,1,Tverskoy,135.0586395263672,191
2026-06-17 16:00:00,7,VDNH,56.13246154785156,191
2026-06-17 16:00:00,9,Vnukovo,93.55863189697266,191
2026-06-17 16:00:00,11,Yasenevo,42.9398307800293,191
2026-06-17 17:00:00,2,Arbat,93.3707504272461,192
2026-06-17 17:00:00,10,Domodedovo,96.88801574707031,192
2026-06-17 17:00:00,6,Khamovniki,80.72437286376953,192
2026-06-17 17:00:00,12,Kuzminki,51.65727996826172,192
2026-06-17 17:00:00,3,Moscow City,121.64619445800781,192
2026-06-17 17:00:00,8,Sheremetyevo,112.94695281982422,192
2026-06-17 17:00:00,4,Sokolniki,50.35991668701172,192
2026-06-17 17:00:00,5,Tagansky,60.08818817138672,192
2026-06-17 17:00:00,1,Tverskoy,137.781982421875,192
2026-06-17 17:00:00,7,VDNH,56.7938232421875,192
2026-06-17 17:00:00,9,Vnukovo,95.60145568847656,192
2026-06-17 17:00:00,11,Yasenevo,43.443016052246094,192
2026-06-17 18:00:00,2,Arbat,94.4202651977539,193
2026-06-17 18:00:00,10,Domodedovo,98.7806167602539,193
2026-06-17 18:00:00,6,Khamovniki,82.18612670898438,193
2026-06-17 18:00:00,12,Kuzminki,50.69505310058594,193
2026-06-17 18:00:00,3,Moscow City,124.6030502319336,193
2026-06-17 18:00:00,8,Sheremetyevo,114.81368255615234,193
2026-06-17 18:00:00,4,Sokolniki,50.4693717956543,193
2026-06-17 18:00:00,5,Tagansky,59.31977081298828,193
2026-06-17 18:00:00,1,Tverskoy,138.87232971191406,193
2026-06-17 18:00:00,7,VDNH,57.30771255493164,193
2026-06-17 18:00:00,9,Vnukovo,98.24815368652344,193
2026-06-17 18:00:00,11,Yasenevo,43.65510177612305,193
2026-06-17 19:00:00,2,Arbat,94.88330078125,194
2026-06-17 19:00:00,10,Domodedovo,101.11441040039062,194
2026-06-17 19:00:00,6,Khamovniki,82.1251449584961,194
2026-06-17 19:00:00,12,Kuzminki,49.05014419555664,194
2026-06-17 19:00:00,3,Moscow City,122.54572296142578,194
2026-06-17 19:00:00,8,Sheremetyevo,117.1721420288086,194
2026-06-17 19:00:00,4,Sokolniki,49.256553649902344,194
2026-06-17 19:00:00,5,Tagansky,58.406578063964844,194
2026-06-17 19:00:00,1,Tverskoy,137.40383911132812,194
2026-06-17 19:00:00,7,VDNH,57.20901107788086,194
2026-06-17 19:00:00,9,Vnukovo,101.41328430175781,194
2026-06-17 19:00:00,11,Yasenevo,43.183631896972656,194
2026-06-17 20:00:00,2,Arbat,94.56328582763672,195
2026-06-17 20:00:00,10,Domodedovo,103.79035949707031,195
2026-06-17 20:00:00,6,Khamovniki,80.14095306396484,195
2026-06-17 20:00:00,12,Kuzminki,47.13981246948242,195
2026-06-17 20:00:00,3,Moscow City,115.62193298339844,195
2026-06-17 20:00:00,8,Sheremetyevo,119.9168472290039,195
2026-06-17 20:00:00,4,Sokolniki,47.01039505004883,195
2026-06-17 20:00:00,5,Tagansky,57.32564926147461,195
2026-06-17 20:00:00,1,Tverskoy,133.13351440429688,195
2026-06-17 20:00:00,7,VDNH,56.31733322143555,195
2026-06-17 20:00:00,9,Vnukovo,104.96919250488281,195
2026-06-17 20:00:00,11,Yasenevo,42.07121276855469,195
2026-06-17 21:00:00,2,Arbat,93.3309326171875,196
2026-06-17 21:00:00,10,Domodedovo,106.70537567138672,196
2026-06-17 21:00:00,6,Khamovniki,77.17438507080078,196
2026-06-17 21:00:00,12,Kuzminki,45.39017105102539,196
2026-06-17 21:00:00,3,Moscow City,107.1661148071289,196
2026-06-17 21:00:00,8,Sheremetyevo,122.93709564208984,196
2026-06-17 21:00:00,4,Sokolniki,44.51797866821289,196
2026-06-17 21:00:00,5,Tagansky,56.16903305053711,196
2026-06-17 21:00:00,1,Tverskoy,126.65927124023438,196
2026-06-17 21:00:00,7,VDNH,54.94429016113281,196
2026-06-17 21:00:00,9,Vnukovo,108.74805450439453,196
2026-06-17 21:00:00,11,Yasenevo,40.74846649169922,196
2026-06-17 22:00:00,2,Arbat,91.27410888671875,197
2026-06-17 22:00:00,10,Domodedovo,109.74445343017578,197
2026-06-17 22:00:00,6,Khamovniki,74.43082427978516,197
2026-06-17 22:00:00,12,Kuzminki,44.1121826171875,197
2026-06-17 22:00:00,3,Moscow City,100.5990982055664,197
2026-06-17 22:00:00,8,Sheremetyevo,126.11453247070312,197
2026-06-17 22:00:00,4,Sokolniki,42.4742317199707,197
2026-06-17 22:00:00,5,Tagansky,55.095481872558594,197
2026-06-17 22:00:00,1,Tverskoy,118.99302673339844,197
2026-06-17 22:00:00,7,VDNH,53.570613861083984,197
2026-06-17 22:00:00,9,Vnukovo,112.53990936279297,197
2026-06-17 22:00:00,11,Yasenevo,39.63800811767578,197
2026-06-17 23:00:00,2,Arbat,88.6895751953125,198
2026-06-17 23:00:00,10,Domodedovo,112.76665496826172,198
2026-06-17 23:00:00,6,Khamovniki,72.63166046142578,198
2026-06-17 23:00:00,12,Kuzminki,43.5037841796875,198
2026-06-17 23:00:00,3,Moscow City,97.2060775756836,198
2026-06-17 23:00:00,8,Sheremetyevo,129.31288146972656,198
2026-06-17 23:00:00,4,Sokolniki,41.35145950317383,198
2026-06-17 23:00:00,5,Tagansky,54.27311706542969,198
2026-06-17 23:00:00,1,Tverskoy,111.2745590209961,198
2026-06-17 23:00:00,7,VDNH,52.55647659301758,198
2026-06-17 23:00:00,9,Vnukovo,116.10154724121094,198
2026-06-17 23:00:00,11,Yasenevo,39.0196533203125,198
2026-06-18 00:00:00,2,Arbat,85.9231948852539,199
2026-06-18 00:00:00,10,Domodedovo,115.59874725341797,199
2026-06-18 00:00:00,6,Khamovniki,72.13373565673828,199
2026-06-18 00:00:00,12,Kuzminki,43.65336608886719,199
2026-06-18 00:00:00,3,Moscow City,96.80669403076172,199
2026-06-18 00:00:00,8,Sheremetyevo,132.3709259033203,199
2026-06-18 00:00:00,4,Sokolniki,41.3410530090332,199
2026-06-18 00:00:00,5,Tagansky,53.85393524169922,199
2026-06-18 00:00:00,1,Tverskoy,104.20496368408203,199
2026-06-18 00:00:00,7,VDNH,52.12563705444336,199
2026-06-18 00:00:00,9,Vnukovo,119.21248626708984,199
2026-06-18 00:00:00,11,Yasenevo,39.06486511230469,199
2026-06-18 01:00:00,2,Arbat,83.25953674316406,200
2026-06-18 01:00:00,10,Domodedovo,118.05060577392578,200
2026-06-18 01:00:00,6,Khamovniki,73.07093048095703,200
2026-06-18 01:00:00,12,Kuzminki,44.56216812133789,200
2026-06-18 01:00:00,3,Moscow City,99.20201110839844,200
2026-06-18 01:00:00,8,Sheremetyevo,135.10438537597656,200
2026-06-18 01:00:00,4,Sokolniki,42.37062072753906,200
2026-06-18 01:00:00,5,Tagansky,53.95200729370117,200
2026-06-18 01:00:00,1,Tverskoy,98.31448364257812,200
2026-06-18 01:00:00,7,VDNH,52.39701461791992,200
2026-06-18 01:00:00,9,Vnukovo,121.67012023925781,200
2026-06-18 01:00:00,11,Yasenevo,39.85468292236328,200
2026-06-18 02:00:00,2,Arbat,80.90249633789062,201
2026-06-18 02:00:00,10,Domodedovo,119.92526245117188,201
2026-06-18 02:00:00,6,Khamovniki,75.36897277832031,201
2026-06-18 02:00:00,12,Kuzminki,46.1709098815918,201
2026-06-18 02:00:00,3,Moscow City,104.19442749023438,201
2026-06-18 02:00:00,8,Sheremetyevo,137.3046875,201
2026-06-18 02:00:00,4,Sokolniki,44.25556945800781,201
2026-06-18 02:00:00,5,Tagansky,54.619834899902344,201
2026-06-18 02:00:00,1,Tverskoy,94.07408905029297,201
2026-06-18 02:00:00,7,VDNH,53.39834976196289,201
2026-06-18 02:00:00,9,Vnukovo,123.16412353515625,201
2026-06-18 02:00:00,11,Yasenevo,41.3531379699707,201
2026-06-18 03:00:00,2,Arbat,78.98867797851562,202
2026-06-18 03:00:00,10,Domodedovo,120.97200012207031,202
2026-06-18 03:00:00,6,Khamovniki,78.59355163574219,202
2026-06-18 03:00:00,12,Kuzminki,48.28379821777344,202
2026-06-18 03:00:00,3,Moscow City,110.72240447998047,202
2026-06-18 03:00:00,8,Sheremetyevo,138.7128143310547,202
2026-06-18 03:00:00,4,Sokolniki,46.70549011230469,202
2026-06-18 03:00:00,5,Tagansky,55.84693908691406,202
2026-06-18 03:00:00,1,Tverskoy,91.58575439453125,202
2026-06-18 03:00:00,7,VDNH,55.0371208190918,202
2026-06-18 03:00:00,9,Vnukovo,123.25468444824219,202
2026-06-18 03:00:00,11,Yasenevo,43.32907485961914,202
2026-06-18 04:00:00,2,Arbat,77.60079193115234,203
2026-06-18 04:00:00,10,Domodedovo,120.87601470947266,203
2026-06-18 04:00:00,6,Khamovniki,82.22663879394531,203
2026-06-18 04:00:00,12,Kuzminki,50.65019607543945,203
2026-06-18 04:00:00,3,Moscow City,117.76676177978516,203
2026-06-18 04:00:00,8,Sheremetyevo,139.0156707763672,203
2026-06-18 04:00:00,4,Sokolniki,49.41398239135742,203
2026-06-18 04:00:00,5,Tagansky,57.534305572509766,203
2026-06-18 04:00:00,1,Tverskoy,90.60039520263672,203
2026-06-18 04:00:00,7,VDNH,57.08460235595703,203
2026-06-18 04:00:00,9,Vnukovo,121.64672088623047,203
2026-06-18 04:00:00,11,Yasenevo,45.51381301879883,203
2026-06-18 05:00:00,2,Arbat,76.78199768066406,204
2026-06-18 05:00:00,10,Domodedovo,119.46145629882812,204
2026-06-18 05:00:00,6,Khamovniki,85.95877075195312,204
2026-06-18 05:00:00,12,Kuzminki,53.09080505371094,204
2026-06-18 05:00:00,3,Moscow City,124.9822006225586,204
2026-06-18 05:00:00,8,Sheremetyevo,137.96905517578125,204
2026-06-18 05:00:00,4,Sokolniki,52.174739837646484,204
2026-06-18 05:00:00,5,Tagansky,59.51417541503906,204
2026-06-18 05:00:00,1,Tverskoy,90.77606201171875,204
2026-06-18 05:00:00,7,VDNH,59.30268859863281,204
2026-06-18 05:00:00,9,Vnukovo,118.46880340576172,204
2026-06-18 05:00:00,11,Yasenevo,47.73912048339844,204
2026-06-18 06:00:00,2,Arbat,76.54620361328125,205
2026-06-18 06:00:00,10,Domodedovo,116.8702163696289,205
2026-06-18 06:00:00,6,Khamovniki,89.53291320800781,205
2026-06-18 06:00:00,12,Kuzminki,55.4288444519043,205
2026-06-18 06:00:00,3,Moscow City,132.0376434326172,205
2026-06-18 06:00:00,8,Sheremetyevo,135.57936096191406,205
2026-06-18 06:00:00,4,Sokolniki,54.76959228515625,205
2026-06-18 06:00:00,5,Tagansky,61.624046325683594,205
2026-06-18 06:00:00,1,Tverskoy,91.86988830566406,205
2026-06-18 06:00:00,7,VDNH,61.48573303222656,205
2026-06-18 06:00:00,9,Vnukovo,114.14124298095703,205
2026-06-18 06:00:00,11,Yasenevo,49.85325241088867,205
2026-06-18 07:00:00,2,Arbat,76.87886047363281,206
2026-06-18 07:00:00,10,Domodedovo,113.43209838867188,206
2026-06-18 07:00:00,6,Khamovniki,92.45088195800781,206
2026-06-18 07:00:00,12,Kuzminki,57.34893035888672,206
2026-06-18 07:00:00,3,Moscow City,137.60897827148438,206
2026-06-18 07:00:00,8,Sheremetyevo,132.14154052734375,206
2026-06-18 07:00:00,4,Sokolniki,56.782745361328125,206
2026-06-18 07:00:00,5,Tagansky,63.72400665283203,206
2026-06-18 07:00:00,1,Tverskoy,93.81341552734375,206
2026-06-18 07:00:00,7,VDNH,63.341697692871094,206
2026-06-18 07:00:00,9,Vnukovo,109.25206756591797,206
2026-06-18 07:00:00,11,Yasenevo,51.58022689819336,206
2026-06-18 08:00:00,2,Arbat,77.73966217041016,207
2026-06-18 08:00:00,10,Domodedovo,109.57201385498047,207
2026-06-18 08:00:00,6,Khamovniki,93.69332122802734,207
2026-06-18 08:00:00,12,Kuzminki,58.34304428100586,207
2026-06-18 08:00:00,3,Moscow City,137.86062622070312,207
2026-06-18 08:00:00,8,Sheremetyevo,128.135498046875,207
2026-06-18 08:00:00,4,Sokolniki,57.577919006347656,207
2026-06-18 08:00:00,5,Tagansky,65.66177368164062,207
2026-06-18 08:00:00,1,Tverskoy,96.57955169677734,207
2026-06-18 08:00:00,7,VDNH,64.33667755126953,207
2026-06-18 08:00:00,9,Vnukovo,104.39119720458984,207
2026-06-18 08:00:00,11,Yasenevo,52.40373611450195,207
2026-06-18 09:00:00,2,Arbat,79.06427001953125,208
2026-06-18 09:00:00,10,Domodedovo,105.74197387695312,208
2026-06-18 09:00:00,6,Khamovniki,92.20892333984375,208
2026-06-18 09:00:00,12,Kuzminki,58.01849365234375,208
2026-06-18 09:00:00,3,Moscow City,131.09622192382812,208
2026-06-18 09:00:00,8,Sheremetyevo,124.06594848632812,208
2026-06-18 09:00:00,4,Sokolniki,56.74641418457031,208
2026-06-18 09:00:00,5,Tagansky,67.2405014038086,208
2026-06-18 09:00:00,1,Tverskoy,100.15802764892578,208
2026-06-18 09:00:00,7,VDNH,63.898643493652344,208
2026-06-18 09:00:00,9,Vnukovo,99.98472595214844,208
2026-06-18 09:00:00,11,Yasenevo,51.787906646728516,208
2026-06-18 10:00:00,2,Arbat,80.77177429199219,209
2026-06-18 10:00:00,10,Domodedovo,102.29553985595703,209
2026-06-18 10:00:00,6,Khamovniki,88.36027526855469,209
2026-06-18 10:00:00,12,Kuzminki,56.57018280029297,209
2026-06-18 10:00:00,3,Moscow City,121.06620025634766,209
2026-06-18 10:00:00,8,Sheremetyevo,120.3318862915039,209
2026-06-18 10:00:00,4,Sokolniki,54.52091979980469,209
2026-06-18 10:00:00,5,Tagansky,68.22151947021484,209
2026-06-18 10:00:00,1,Tverskoy,104.50975799560547,209
2026-06-18 10:00:00,7,VDNH,62.14311599731445,209
2026-06-18 10:00:00,9,Vnukovo,96.32179260253906,209
2026-06-18 10:00:00,11,Yasenevo,49.8509635925293,209
2026-06-18 11:00:00,2,Arbat,82.77909851074219,210
2026-06-18 11:00:00,10,Domodedovo,99.4478988647461,210
2026-06-18 11:00:00,6,Khamovniki,83.82241821289062,210
2026-06-18 11:00:00,12,Kuzminki,54.583274841308594,210
2026-06-18 11:00:00,3,Moscow City,111.19513702392578,210
2026-06-18 11:00:00,8,Sheremetyevo,117.19451904296875,210
2026-06-18 11:00:00,4,Sokolniki,51.740482330322266,210
2026-06-18 11:00:00,5,Tagansky,68.38619232177734,210
2026-06-18 11:00:00,1,Tverskoy,109.45429229736328,210
2026-06-18 11:00:00,7,VDNH,59.833404541015625,210
2026-06-18 11:00:00,9,Vnukovo,93.5868148803711,210
2026-06-18 11:00:00,11,Yasenevo,47.39838790893555,210
2026-06-18 12:00:00,2,Arbat,85.00523376464844,211
2026-06-18 12:00:00,10,Domodedovo,97.31472778320312,211
2026-06-18 12:00:00,6,Khamovniki,79.79336547851562,211
2026-06-18 12:00:00,12,Kuzminki,52.5596809387207,211
2026-06-18 12:00:00,3,Moscow City,103.12327575683594,211
2026-06-18 12:00:00,8,Sheremetyevo,114.80142211914062,211
2026-06-18 12:00:00,4,Sokolniki,49.09928512573242,211
2026-06-18 12:00:00,5,Tagansky,67.69302368164062,211
2026-06-18 12:00:00,1,Tverskoy,114.70709228515625,211
2026-06-18 12:00:00,7,VDNH,57.62022399902344,211
2026-06-18 12:00:00,9,Vnukovo,91.83743286132812,211
2026-06-18 12:00:00,11,Yasenevo,45.0500373840332,211
2026-06-18 13:00:00,2,Arbat,87.36397552490234,212
2026-06-18 13:00:00,10,Domodedovo,95.96012878417969,212
2026-06-18 13:00:00,6,Khamovniki,76.87789154052734,212
2026-06-18 13:00:00,12,Kuzminki,50.82041549682617,212
2026-06-18 13:00:00,3,Moscow City,97.69401550292969,212
2026-06-18 13:00:00,8,Sheremetyevo,113.21589660644531,212
2026-06-18 13:00:00,4,Sokolniki,47.01039505004883,212
2026-06-18 13:00:00,5,Tagansky,66.36331939697266,212
2026-06-18 13:00:00,1,Tverskoy,119.93304443359375,212
2026-06-18 13:00:00,7,VDNH,55.85902786254883,212
2026-06-18 13:00:00,9,Vnukovo,91.01280975341797,212
2026-06-18 13:00:00,11,Yasenevo,43.1330451965332,212
2026-06-18 14:00:00,2,Arbat,89.7545166015625,213
2026-06-18 14:00:00,10,Domodedovo,95.419677734375,213
2026-06-18 14:00:00,6,Khamovniki,75.37342071533203,213
2026-06-18 14:00:00,12,Kuzminki,49.53733444213867,213
2026-06-18 14:00:00,3,Moscow City,95.1222152709961,213
2026-06-18 14:00:00,8,Sheremetyevo,112.44363403320312,213
2026-06-18 14:00:00,4,Sokolniki,45.75411605834961,213
2026-06-18 14:00:00,5,Tagansky,64.7138900756836,213
2026-06-18 14:00:00,1,Tverskoy,124.77259826660156,213
2026-06-18 14:00:00,7,VDNH,54.71396255493164,213
2026-06-18 14:00:00,9,Vnukovo,91.00039672851562,213
2026-06-18 14:00:00,11,Yasenevo,41.81917190551758,213
2026-06-18 15:00:00,2,Arbat,92.06108093261719,214
2026-06-18 15:00:00,10,Domodedovo,95.6908187866211,214
2026-06-18 15:00:00,6,Khamovniki,75.25464630126953,214
2026-06-18 15:00:00,12,Kuzminki,48.67315673828125,214
2026-06-18 15:00:00,3,Moscow City,95.29378509521484,214
2026-06-18 15:00:00,8,Sheremetyevo,112.45629119873047,214
2026-06-18 15:00:00,4,Sokolniki,45.32035827636719,214
2026-06-18 15:00:00,5,Tagansky,62.9879150390625,214
2026-06-18 15:00:00,1,Tverskoy,129.06581115722656,214
2026-06-18 15:00:00,7,VDNH,54.19805145263672,214
2026-06-18 15:00:00,9,Vnukovo,91.68523406982422,214
2026-06-18 15:00:00,11,Yasenevo,41.13320541381836,214
2026-06-18 16:00:00,2,Arbat,94.16938781738281,215
2026-06-18 16:00:00,10,Domodedovo,96.71495819091797,215
2026-06-18 16:00:00,6,Khamovniki,76.0680923461914,215
2026-06-18 16:00:00,12,Kuzminki,47.97494125366211,215
2026-06-18 16:00:00,3,Moscow City,97.19497680664062,215
2026-06-18 16:00:00,8,Sheremetyevo,113.19945526123047,215
2026-06-18 16:00:00,4,Sokolniki,45.29668426513672,215
2026-06-18 16:00:00,5,Tagansky,61.30926513671875,215
2026-06-18 16:00:00,1,Tverskoy,132.72364807128906,215
2026-06-18 16:00:00,7,VDNH,54.141597747802734,215
2026-06-18 16:00:00,9,Vnukovo,92.97872161865234,215
2026-06-18 16:00:00,11,Yasenevo,40.900936126708984,215
2026-06-18 17:00:00,2,Arbat,95.97492218017578,216
2026-06-18 17:00:00,10,Domodedovo,98.39236450195312,216
2026-06-18 17:00:00,6,Khamovniki,77.10895538330078,216
2026-06-18 17:00:00,12,Kuzminki,47.13433837890625,216
2026-06-18 17:00:00,3,Moscow City,99.57202911376953,216
2026-06-18 17:00:00,8,Sheremetyevo,114.59183502197266,216
2026-06-18 17:00:00,4,Sokolniki,45.06609344482422,216
2026-06-18 17:00:00,5,Tagansky,59.69513702392578,216
2026-06-18 17:00:00,1,Tverskoy,135.41372680664062,216
2026-06-18 17:00:00,7,VDNH,54.22819900512695,216
2026-06-18 17:00:00,9,Vnukovo,94.84545135498047,216
2026-06-18 17:00:00,11,Yasenevo,40.79112243652344,216
2026-06-18 18:00:00,2,Arbat,97.3509750366211,217
2026-06-18 18:00:00,10,Domodedovo,100.60893249511719,217
2026-06-18 18:00:00,6,Khamovniki,77.52324676513672,217
2026-06-18 18:00:00,12,Kuzminki,45.98807144165039,217
2026-06-18 18:00:00,3,Moscow City,101.1090087890625,217
2026-06-18 18:00:00,8,Sheremetyevo,116.53459167480469,217
2026-06-18 18:00:00,4,Sokolniki,44.138919830322266,217
2026-06-18 18:00:00,5,Tagansky,58.1075439453125,217
2026-06-18 18:00:00,1,Tverskoy,136.4210968017578,217
2026-06-18 18:00:00,7,VDNH,54.09313201904297,217
2026-06-18 18:00:00,9,Vnukovo,97.2670669555664,217
2026-06-18 18:00:00,11,Yasenevo,40.46351623535156,217
2026-06-18 19:00:00,2,Arbat,98.10462951660156,218
2026-06-18 19:00:00,10,Domodedovo,103.2483139038086,218
2026-06-18 19:00:00,6,Khamovniki,76.57734680175781,218
2026-06-18 19:00:00,12,Kuzminki,44.6107177734375,218
2026-06-18 19:00:00,3,Moscow City,100.08074188232422,218
2026-06-18 19:00:00,8,Sheremetyevo,118.92037963867188,218
2026-06-18 19:00:00,4,Sokolniki,42.47746658325195,218
2026-06-18 19:00:00,5,Tagansky,56.52372360229492,218
2026-06-18 19:00:00,1,Tverskoy,134.85922241210938,218
2026-06-18 19:00:00,7,VDNH,53.46483612060547,218
2026-06-18 19:00:00,9,Vnukovo,100.16869354248047,218
2026-06-18 19:00:00,11,Yasenevo,39.73503112792969,218
2026-06-18 20:00:00,2,Arbat,97.99070739746094,219
2026-06-18 20:00:00,10,Domodedovo,106.1929702758789,219
2026-06-18 20:00:00,6,Khamovniki,74.28298950195312,219
2026-06-18 20:00:00,12,Kuzminki,43.21489715576172,219
2026-06-18 20:00:00,3,Moscow City,96.66753387451172,219
2026-06-18 20:00:00,8,Sheremetyevo,121.63204193115234,219
2026-06-18 20:00:00,4,Sokolniki,40.4661750793457,219
2026-06-18 20:00:00,5,Tagansky,54.97876739501953,219
2026-06-18 20:00:00,1,Tverskoy,130.61781311035156,219
2026-06-18 20:00:00,7,VDNH,52.34630584716797,219
2026-06-18 20:00:00,9,Vnukovo,103.39964294433594,219
2026-06-18 20:00:00,11,Yasenevo,38.68829345703125,219
2026-06-18 21:00:00,2,Arbat,96.8354721069336,220
2026-06-18 21:00:00,10,Domodedovo,109.31591033935547,220
2026-06-18 21:00:00,6,Khamovniki,71.46598815917969,220
2026-06-18 21:00:00,12,Kuzminki,42.01048278808594,220
2026-06-18 21:00:00,3,Moscow City,92.72689819335938,220
2026-06-18 21:00:00,8,Sheremetyevo,124.53964233398438,220
2026-06-18 21:00:00,4,Sokolniki,38.54450607299805,220
2026-06-18 21:00:00,5,Tagansky,53.55984115600586,220
2026-06-18 21:00:00,1,Tverskoy,124.31278991699219,220
2026-06-18 21:00:00,7,VDNH,51.00644302368164,220
2026-06-18 21:00:00,9,Vnukovo,106.77143859863281,220
2026-06-18 21:00:00,11,Yasenevo,37.5804328918457,220
2026-06-18 22:00:00,2,Arbat,94.68649291992188,221
2026-06-18 22:00:00,10,Domodedovo,112.47274017333984,221
2026-06-18 22:00:00,6,Khamovniki,68.98394012451172,221
2026-06-18 22:00:00,12,Kuzminki,41.16636657714844,221
2026-06-18 22:00:00,3,Moscow City,89.42388916015625,221
2026-06-18 22:00:00,8,Sheremetyevo,127.50018310546875,221
2026-06-18 22:00:00,4,Sokolniki,37.02729797363281,221
2026-06-18 22:00:00,5,Tagansky,52.37448501586914,221
2026-06-18 22:00:00,1,Tverskoy,116.8439712524414,221
2026-06-18 22:00:00,7,VDNH,49.76640701293945,221
2026-06-18 22:00:00,9,Vnukovo,110.07398223876953,221
2026-06-18 22:00:00,11,Yasenevo,36.66544723510742,221
2026-06-18 23:00:00,2,Arbat,91.83016967773438,222
2026-06-18 23:00:00,10,Domodedovo,115.49104309082031,222
2026-06-18 23:00:00,6,Khamovniki,67.35405731201172,222
2026-06-18 23:00:00,12,Kuzminki,40.83770751953125,222
2026-06-18 23:00:00,3,Moscow City,87.32459259033203,222
2026-06-18 23:00:00,8,Sheremetyevo,130.35247802734375,222
2026-06-18 23:00:00,4,Sokolniki,36.14040756225586,222
2026-06-18 23:00:00,5,Tagansky,51.52473449707031,222
2026-06-18 23:00:00,1,Tverskoy,109.30486297607422,222
2026-06-18 23:00:00,7,VDNH,48.868438720703125,222
2026-06-18 23:00:00,9,Vnukovo,113.06100463867188,222
2026-06-18 23:00:00,11,Yasenevo,36.139923095703125,222
2026-06-19 00:00:00,2,Arbat,88.66435241699219,223
2026-06-19 00:00:00,10,Domodedovo,118.16663360595703,223
2026-06-19 00:00:00,6,Khamovniki,66.8974838256836,223
2026-06-19 00:00:00,12,Kuzminki,41.150997161865234,223
2026-06-19 00:00:00,3,Moscow City,87.16456604003906,223
2026-06-19 00:00:00,8,Sheremetyevo,132.9071502685547,223
2026-06-19 00:00:00,4,Sokolniki,36.06148147583008,223
2026-06-19 00:00:00,5,Tagansky,51.09507369995117,223
2026-06-19 00:00:00,1,Tverskoy,102.40850067138672,223
2026-06-19 00:00:00,7,VDNH,48.494693756103516,223
2026-06-19 00:00:00,9,Vnukovo,115.47966003417969,223
2026-06-19 00:00:00,11,Yasenevo,36.172611236572266,223
2026-06-19 01:00:00,2,Arbat,85.54122161865234,224
2026-06-19 01:00:00,10,Domodedovo,120.28260040283203,224
2026-06-19 01:00:00,6,Khamovniki,67.73011016845703,224
2026-06-19 01:00:00,12,Kuzminki,42.11959457397461,224
2026-06-19 01:00:00,3,Moscow City,89.41500854492188,224
2026-06-19 01:00:00,8,Sheremetyevo,134.94113159179688,224
2026-06-19 01:00:00,4,Sokolniki,36.87888717651367,224
2026-06-19 01:00:00,5,Tagansky,51.1377067565918,224
2026-06-19 01:00:00,1,Tverskoy,96.69967651367188,224
2026-06-19 01:00:00,7,VDNH,48.76351547241211,224
2026-06-19 01:00:00,9,Vnukovo,117.10353088378906,224
2026-06-19 01:00:00,11,Yasenevo,36.851139068603516,224
2026-06-19 02:00:00,2,Arbat,82.7201156616211,225
2026-06-19 02:00:00,10,Domodedovo,121.59831237792969,225
2026-06-19 02:00:00,6,Khamovniki,69.62779998779297,225
2026-06-19 02:00:00,12,Kuzminki,43.66803741455078,225
2026-06-19 02:00:00,3,Moscow City,93.70564270019531,225
2026-06-19 02:00:00,8,Sheremetyevo,136.19442749023438,225
2026-06-19 02:00:00,4,Sokolniki,38.483760833740234,225
2026-06-19 02:00:00,5,Tagansky,51.659427642822266,225
2026-06-19 02:00:00,1,Tverskoy,92.64117431640625,225
2026-06-19 02:00:00,7,VDNH,49.623714447021484,225
2026-06-19 02:00:00,9,Vnukovo,117.68994140625,225
2026-06-19 02:00:00,11,Yasenevo,38.10245895385742,225
2026-06-19 03:00:00,2,Arbat,80.38934326171875,226
2026-06-19 03:00:00,10,Domodedovo,121.79248809814453,226
2026-06-19 03:00:00,6,Khamovniki,72.26553344726562,226
2026-06-19 03:00:00,12,Kuzminki,45.64610290527344,226
2026-06-19 03:00:00,3,Moscow City,99.44708251953125,226
2026-06-19 03:00:00,8,Sheremetyevo,136.36776733398438,226
2026-06-19 03:00:00,4,Sokolniki,40.5940055847168,226
2026-06-19 03:00:00,5,Tagansky,52.628055572509766,226
2026-06-19 03:00:00,1,Tverskoy,90.30642700195312,226
2026-06-19 03:00:00,7,VDNH,50.926998138427734,226
2026-06-19 03:00:00,9,Vnukovo,116.97261047363281,226
2026-06-19 03:00:00,11,Yasenevo,39.74965286254883,226
2026-06-19 04:00:00,2,Arbat,78.67477416992188,227
2026-06-19 04:00:00,10,Domodedovo,120.50192260742188,227
2026-06-19 04:00:00,6,Khamovniki,75.29559326171875,227
2026-06-19 04:00:00,12,Kuzminki,47.863441467285156,227
2026-06-19 04:00:00,3,Moscow City,105.74227905273438,227
2026-06-19 04:00:00,8,Sheremetyevo,135.1829376220703,227
2026-06-19 04:00:00,4,Sokolniki,42.94734191894531,227
2026-06-19 04:00:00,5,Tagansky,53.96668243408203,227
2026-06-19 04:00:00,1,Tverskoy,89.42539978027344,227
2026-06-19 04:00:00,7,VDNH,52.53935623168945,227
2026-06-19 04:00:00,9,Vnukovo,114.77900695800781,227
2026-06-19 04:00:00,11,Yasenevo,41.59825134277344,227
2026-06-19 05:00:00,2,Arbat,77.63239288330078,228
2026-06-19 05:00:00,10,Domodedovo,117.56905364990234,228
2026-06-19 05:00:00,6,Khamovniki,78.44877624511719,228
2026-06-19 05:00:00,12,Kuzminki,50.17424774169922,228
2026-06-19 05:00:00,3,Moscow City,112.2004165649414,228
2026-06-19 05:00:00,8,Sheremetyevo,132.55795288085938,228
2026-06-19 05:00:00,4,Sokolniki,45.38683319091797,228
2026-06-19 05:00:00,5,Tagansky,55.554073333740234,228
2026-06-19 05:00:00,1,Tverskoy,89.64743041992188,228
2026-06-19 05:00:00,7,VDNH,54.31169128417969,228
2026-06-19 05:00:00,9,Vnukovo,111.28157043457031,228
2026-06-19 05:00:00,11,Yasenevo,43.504112243652344,228
2026-06-19 06:00:00,2,Arbat,77.25344848632812,229
2026-06-19 06:00:00,10,Domodedovo,113.32215118408203,229
2026-06-19 06:00:00,6,Khamovniki,81.4931640625,229
2026-06-19 06:00:00,12,Kuzminki,52.44306945800781,229
2026-06-19 06:00:00,3,Moscow City,118.59425354003906,229
2026-06-19 06:00:00,8,Sheremetyevo,128.77210998535156,229
2026-06-19 06:00:00,4,Sokolniki,47.76961135864258,229
2026-06-19 06:00:00,5,Tagansky,57.25721740722656,229
2026-06-19 06:00:00,1,Tverskoy,90.7372055053711,229
2026-06-19 06:00:00,7,VDNH,56.07212448120117,229
2026-06-19 06:00:00,9,Vnukovo,107.01571655273438,229
2026-06-19 06:00:00,11,Yasenevo,45.33344650268555,229
2026-06-19 07:00:00,2,Arbat,77.48214721679688,230
2026-06-19 07:00:00,10,Domodedovo,108.47809600830078,230
2026-06-19 07:00:00,6,Khamovniki,84.0386734008789,230
2026-06-19 07:00:00,12,Kuzminki,54.4503288269043,230
2026-06-19 07:00:00,3,Moscow City,124.40388488769531,230
2026-06-19 07:00:00,8,Sheremetyevo,124.3825454711914,230
2026-06-19 07:00:00,4,Sokolniki,49.84300994873047,230
2026-06-19 07:00:00,5,Tagansky,58.94692611694336,230
2026-06-19 07:00:00,1,Tverskoy,92.65779113769531,230
2026-06-19 07:00:00,7,VDNH,57.58652114868164,230
2026-06-19 07:00:00,9,Vnukovo,102.57623291015625,230
2026-06-19 07:00:00,11,Yasenevo,46.863121032714844,230
2026-06-19 08:00:00,2,Arbat,78.23506164550781,231
2026-06-19 08:00:00,10,Domodedovo,103.72087860107422,231
2026-06-19 08:00:00,6,Khamovniki,85.30830383300781,231
2026-06-19 08:00:00,12,Kuzminki,55.81967544555664,231
2026-06-19 08:00:00,3,Moscow City,127.97599792480469,231
2026-06-19 08:00:00,8,Sheremetyevo,119.94469451904297,231
2026-06-19 08:00:00,4,Sokolniki,51.140316009521484,231
2026-06-19 08:00:00,5,Tagansky,60.47988510131836,231
2026-06-19 08:00:00,1,Tverskoy,95.40487670898438,231
2026-06-19 08:00:00,7,VDNH,58.492156982421875,231
2026-06-19 08:00:00,9,Vnukovo,98.41004943847656,231
2026-06-19 08:00:00,11,Yasenevo,47.67784881591797,231
2026-06-19 09:00:00,2,Arbat,79.42240905761719,232
2026-06-19 09:00:00,10,Domodedovo,99.47093963623047,232
2026-06-19 09:00:00,6,Khamovniki,84.42542266845703,232
2026-06-19 09:00:00,12,Kuzminki,56.12720489501953,232
2026-06-19 09:00:00,3,Moscow City,126.61702728271484,232
2026-06-19 09:00:00,8,Sheremetyevo,115.84703826904297,232
2026-06-19 09:00:00,4,Sokolniki,51.1526985168457,232
2026-06-19 09:00:00,5,Tagansky,61.67943572998047,232
2026-06-19 09:00:00,1,Tverskoy,98.97578430175781,232
2026-06-19 09:00:00,7,VDNH,58.4046516418457,232
2026-06-19 09:00:00,9,Vnukovo,94.8022689819336,232
2026-06-19 09:00:00,11,Yasenevo,47.329769134521484,232
2026-06-19 10:00:00,2,Arbat,80.9620361328125,233
2026-06-19 10:00:00,10,Domodedovo,95.92000579833984,233
2026-06-19 10:00:00,6,Khamovniki,81.7040786743164,233
2026-06-19 10:00:00,12,Kuzminki,55.31492614746094,233
2026-06-19 10:00:00,3,Moscow City,121.40040588378906,233
2026-06-19 10:00:00,8,Sheremetyevo,112.31355285644531,233
2026-06-19 10:00:00,4,Sokolniki,49.980865478515625,233
2026-06-19 10:00:00,5,Tagansky,62.35628890991211,233
2026-06-19 10:00:00,1,Tverskoy,103.3420639038086,233
2026-06-19 10:00:00,7,VDNH,57.352325439453125,233
2026-06-19 10:00:00,9,Vnukovo,91.92220306396484,233
2026-06-19 10:00:00,11,Yasenevo,45.945220947265625,233
2026-06-19 11:00:00,2,Arbat,82.777099609375,234
2026-06-19 11:00:00,10,Domodedovo,93.12591552734375,234
2026-06-19 11:00:00,6,Khamovniki,78.41590118408203,234
2026-06-19 11:00:00,12,Kuzminki,53.83795928955078,234
2026-06-19 11:00:00,3,Moscow City,114.87289428710938,234
2026-06-19 11:00:00,8,Sheremetyevo,109.45455169677734,234
2026-06-19 11:00:00,4,Sokolniki,48.26078414916992,234
2026-06-19 11:00:00,5,Tagansky,62.37894821166992,234
2026-06-19 11:00:00,1,Tverskoy,108.33264923095703,234
2026-06-19 11:00:00,7,VDNH,55.83945846557617,234
2026-06-19 11:00:00,9,Vnukovo,89.84292602539062,234
2026-06-19 11:00:00,11,Yasenevo,44.14680862426758,234
2026-06-19 12:00:00,2,Arbat,84.78508758544922,235
2026-06-19 12:00:00,10,Domodedovo,91.08444213867188,235
2026-06-19 12:00:00,6,Khamovniki,75.4249267578125,235
2026-06-19 12:00:00,12,Kuzminki,52.174560546875,235
2026-06-19 12:00:00,3,Moscow City,108.62854766845703,235
2026-06-19 12:00:00,8,Sheremetyevo,107.3091812133789,235
2026-06-19 12:00:00,4,Sokolniki,46.49845886230469,235
2026-06-19 12:00:00,5,Tagansky,61.739925384521484,235
2026-06-19 12:00:00,1,Tverskoy,113.65948486328125,235
2026-06-19 12:00:00,7,VDNH,54.32609176635742,235
2026-06-19 12:00:00,9,Vnukovo,88.56119537353516,235
2026-06-19 12:00:00,11,Yasenevo,42.39363479614258,235
2026-06-19 13:00:00,2,Arbat,86.8916015625,236
2026-06-19 13:00:00,10,Domodedovo,89.79273223876953,236
2026-06-19 13:00:00,6,Khamovniki,73.17619323730469,236
2026-06-19 13:00:00,12,Kuzminki,50.621646881103516,236
2026-06-19 13:00:00,3,Moscow City,103.802001953125,236
2026-06-19 13:00:00,8,Sheremetyevo,105.88208770751953,236
2026-06-19 13:00:00,4,Sokolniki,45.01172637939453,236
2026-06-19 13:00:00,5,Tagansky,60.58134078979492,236
2026-06-19 13:00:00,1,Tverskoy,118.9729995727539,236
2026-06-19 13:00:00,7,VDNH,53.07864761352539,236
2026-06-19 13:00:00,9,Vnukovo,88.0375747680664,236
2026-06-19 13:00:00,11,Yasenevo,40.936527252197266,236
2026-06-19 14:00:00,2,Arbat,88.99103546142578,237
2026-06-19 14:00:00,10,Domodedovo,89.2646713256836,237
2026-06-19 14:00:00,6,Khamovniki,71.88262939453125,237
2026-06-19 14:00:00,12,Kuzminki,49.34521484375,237
2026-06-19 14:00:00,3,Moscow City,101.26795196533203,237
2026-06-19 14:00:00,8,Sheremetyevo,105.1654281616211,237
2026-06-19 14:00:00,4,Sokolniki,44.01068878173828,237
2026-06-19 14:00:00,5,Tagansky,59.142967224121094,237
2026-06-19 14:00:00,1,Tverskoy,123.91480255126953,237
2026-06-19 14:00:00,7,VDNH,52.23739242553711,237
2026-06-19 14:00:00,9,Vnukovo,88.22219848632812,237
2026-06-19 14:00:00,11,Yasenevo,39.90479278564453,237
2026-06-19 15:00:00,2,Arbat,90.96846771240234,238
2026-06-19 15:00:00,10,Domodedovo,89.46632385253906,238
2026-06-19 15:00:00,6,Khamovniki,71.62483215332031,238
2026-06-19 15:00:00,12,Kuzminki,48.368507385253906,238
2026-06-19 15:00:00,3,Moscow City,101.22178649902344,238
2026-06-19 15:00:00,8,Sheremetyevo,105.1336898803711,238
2026-06-19 15:00:00,4,Sokolniki,43.5875358581543,238
2026-06-19 15:00:00,5,Tagansky,57.64488220214844,238
2026-06-19 15:00:00,1,Tverskoy,128.3524932861328,238
2026-06-19 15:00:00,7,VDNH,51.851112365722656,238
2026-06-19 15:00:00,9,Vnukovo,89.07698822021484,238
2026-06-19 15:00:00,11,Yasenevo,39.31817626953125,238
2026-06-19 16:00:00,2,Arbat,92.705810546875,239
2026-06-19 16:00:00,10,Domodedovo,90.30120086669922,239
2026-06-19 16:00:00,6,Khamovniki,72.33634948730469,239
2026-06-19 16:00:00,12,Kuzminki,47.558746337890625,239
2026-06-19 16:00:00,3,Moscow City,104.40235137939453,239
2026-06-19 16:00:00,8,Sheremetyevo,105.7388687133789,239
2026-06-19 16:00:00,4,Sokolniki,43.687808990478516,239
2026-06-19 16:00:00,5,Tagansky,56.22039031982422,239
2026-06-19 16:00:00,1,Tverskoy,132.20960998535156,239
2026-06-19 16:00:00,7,VDNH,51.875057220458984,239
2026-06-19 16:00:00,9,Vnukovo,90.5725326538086,239
2026-06-19 16:00:00,11,Yasenevo,39.11860275268555,239
2026-06-19 17:00:00,2,Arbat,94.08750915527344,240
2026-06-19 17:00:00,10,Domodedovo,91.68134307861328,240
2026-06-19 17:00:00,6,Khamovniki,73.6215591430664,240
2026-06-19 17:00:00,12,Kuzminki,46.70570755004883,240
2026-06-19 17:00:00,3,Moscow City,108.5835952758789,240
2026-06-19 17:00:00,8,Sheremetyevo,106.92242431640625,240
2026-06-19 17:00:00,4,Sokolniki,43.98737716674805,240
2026-06-19 17:00:00,5,Tagansky,54.91348648071289,240
2026-06-19 17:00:00,1,Tverskoy,135.14027404785156,240
2026-06-19 17:00:00,7,VDNH,52.151329040527344,240
2026-06-19 17:00:00,9,Vnukovo,92.67779541015625,240
2026-06-19 17:00:00,11,Yasenevo,39.167320251464844,240
2026-06-19 18:00:00,2,Arbat,94.98426055908203,241
2026-06-19 18:00:00,10,Domodedovo,93.54064178466797,241
2026-06-19 18:00:00,6,Khamovniki,74.7620620727539,241
2026-06-19 18:00:00,12,Kuzminki,45.660396575927734,241
2026-06-19 18:00:00,3,Moscow City,111.5668716430664,241
2026-06-19 18:00:00,8,Sheremetyevo,108.6210708618164,241
2026-06-19 18:00:00,4,Sokolniki,43.952125549316406,241
2026-06-19 18:00:00,5,Tagansky,53.714935302734375,241
2026-06-19 18:00:00,1,Tverskoy,136.3511962890625,241
2026-06-19 18:00:00,7,VDNH,52.41850662231445,241
2026-06-19 18:00:00,9,Vnukovo,95.34278869628906,241
2026-06-19 18:00:00,11,Yasenevo,39.22465896606445,241
2026-06-19 19:00:00,2,Arbat,95.22769165039062,242
2026-06-19 19:00:00,10,Domodedovo,95.79534912109375,242
2026-06-19 19:00:00,6,Khamovniki,74.97850799560547,242
2026-06-19 19:00:00,12,Kuzminki,44.44766616821289,242
2026-06-19 19:00:00,3,Moscow City,111.14148712158203,242
2026-06-19 19:00:00,8,Sheremetyevo,110.75511932373047,242
2026-06-19 19:00:00,4,Sokolniki,43.219505310058594,242
2026-06-19 19:00:00,5,Tagansky,52.60843276977539,242
2026-06-19 19:00:00,1,Tverskoy,134.83810424804688,242
2026-06-19 19:00:00,7,VDNH,52.39176940917969,242
2026-06-19 19:00:00,9,Vnukovo,98.4736328125,242
2026-06-19 19:00:00,11,Yasenevo,39.064884185791016,242
2026-06-19 20:00:00,2,Arbat,94.62947082519531,243
2026-06-19 20:00:00,10,Domodedovo,98.33404541015625,243
2026-06-19 20:00:00,6,Khamovniki,73.9351577758789,243
2026-06-19 20:00:00,12,Kuzminki,43.23880386352539,243
2026-06-19 20:00:00,3,Moscow City,106.57208251953125,243
2026-06-19 20:00:00,8,Sheremetyevo,113.22172546386719,243
2026-06-19 20:00:00,4,Sokolniki,41.895538330078125,243
2026-06-19 20:00:00,5,Tagansky,51.600311279296875,243
2026-06-19 20:00:00,1,Tverskoy,130.53073120117188,243
2026-06-19 20:00:00,7,VDNH,51.93892288208008,243
2026-06-19 20:00:00,9,Vnukovo,101.93449401855469,243
2026-06-19 20:00:00,11,Yasenevo,38.63215255737305,243
2026-06-19 21:00:00,2,Arbat,93.09225463867188,244
2026-06-19 21:00:00,10,Domodedovo,101.03458404541016,244
2026-06-19 21:00:00,6,Khamovniki,72.14032745361328,244
2026-06-19 21:00:00,12,Kuzminki,42.24765396118164,244
2026-06-19 21:00:00,3,Moscow City,100.1618423461914,244
2026-06-19 21:00:00,8,Sheremetyevo,115.9052734375,244
2026-06-19 21:00:00,4,Sokolniki,40.44991683959961,244
2026-06-19 21:00:00,5,Tagansky,50.726959228515625,244
2026-06-19 21:00:00,1,Tverskoy,124.12482452392578,244
2026-06-19 21:00:00,7,VDNH,51.192081451416016,244
2026-06-19 21:00:00,9,Vnukovo,105.55599975585938,244
2026-06-19 21:00:00,11,Yasenevo,38.0765495300293,244
2026-06-19 22:00:00,2,Arbat,90.75102996826172,245
2026-06-19 22:00:00,10,Domodedovo,103.77052307128906,245
2026-06-19 22:00:00,6,Khamovniki,70.44422912597656,245
2026-06-19 22:00:00,12,Kuzminki,41.66877365112305,245
2026-06-19 22:00:00,3,Moscow City,95.36066436767578,245
2026-06-19 22:00:00,8,Sheremetyevo,118.68559265136719,245
2026-06-19 22:00:00,4,Sokolniki,39.39137649536133,245
2026-06-19 22:00:00,5,Tagansky,50.04939270019531,245
2026-06-19 22:00:00,1,Tverskoy,116.55157470703125,245
2026-06-19 22:00:00,7,VDNH,50.44097137451172,245
2026-06-19 22:00:00,9,Vnukovo,109.12864685058594,245
2026-06-19 22:00:00,11,Yasenevo,37.653968811035156,245
2026-06-19 23:00:00,2,Arbat,87.94074249267578,246
2026-06-19 23:00:00,10,Domodedovo,106.39761352539062,246
2026-06-19 23:00:00,6,Khamovniki,69.4810562133789,246
2026-06-19 23:00:00,12,Kuzminki,41.637451171875,246
2026-06-19 23:00:00,3,Moscow City,93.44624328613281,246
2026-06-19 23:00:00,8,Sheremetyevo,121.43186950683594,246
2026-06-19 23:00:00,4,Sokolniki,39.06454086303711,246
2026-06-19 23:00:00,5,Tagansky,49.647254943847656,246
2026-06-19 23:00:00,1,Tverskoy,108.90878295898438,246
2026-06-19 23:00:00,7,VDNH,49.96961212158203,246
2026-06-19 23:00:00,9,Vnukovo,112.41593933105469,246
2026-06-19 23:00:00,11,Yasenevo,37.60383987426758,246
2026-06-20 00:00:00,2,Arbat,85.01692199707031,247
2026-06-20 00:00:00,10,Domodedovo,108.74256134033203,247
2026-06-20 00:00:00,6,Khamovniki,69.60964965820312,247
2026-06-20 00:00:00,12,Kuzminki,42.21442413330078,247
2026-06-20 00:00:00,3,Moscow City,94.34949493408203,247
2026-06-20 00:00:00,8,Sheremetyevo,123.99089050292969,247
2026-06-20 00:00:00,4,Sokolniki,39.5616455078125,247
2026-06-20 00:00:00,5,Tagansky,49.6085205078125,247
2026-06-20 00:00:00,1,Tverskoy,101.87801361083984,247
2026-06-20 00:00:00,7,VDNH,49.98261642456055,247
2026-06-20 00:00:00,9,Vnukovo,115.21392059326172,247
2026-06-20 00:00:00,11,Yasenevo,38.08656692504883,247
2026-06-20 01:00:00,2,Arbat,82.25243377685547,248
2026-06-20 01:00:00,10,Domodedovo,110.61830139160156,248
2026-06-20 01:00:00,6,Khamovniki,70.97203063964844,248
2026-06-20 01:00:00,12,Kuzminki,43.437400817871094,248
2026-06-20 01:00:00,3,Moscow City,97.72573852539062,248
2026-06-20 01:00:00,8,Sheremetyevo,126.18321990966797,248
2026-06-20 01:00:00,4,Sokolniki,40.80219268798828,248
2026-06-20 01:00:00,5,Tagansky,49.99966049194336,248
2026-06-20 01:00:00,1,Tverskoy,95.9813003540039,248
2026-06-20 01:00:00,7,VDNH,50.590187072753906,248
2026-06-20 01:00:00,9,Vnukovo,117.32359313964844,248
2026-06-20 01:00:00,11,Yasenevo,39.17610168457031,248
2026-06-20 02:00:00,2,Arbat,79.83660125732422,249
2026-06-20 02:00:00,10,Domodedovo,111.83197021484375,249
2026-06-20 02:00:00,6,Khamovniki,73.50593566894531,249
2026-06-20 02:00:00,12,Kuzminki,45.26458740234375,249
2026-06-20 02:00:00,3,Moscow City,103.39481353759766,249
2026-06-20 02:00:00,8,Sheremetyevo,127.80242919921875,249
2026-06-20 02:00:00,4,Sokolniki,42.69581985473633,249
2026-06-20 02:00:00,5,Tagansky,50.84760284423828,249
2026-06-20 02:00:00,1,Tverskoy,91.720458984375,249
2026-06-20 02:00:00,7,VDNH,51.83366394042969,249
2026-06-20 02:00:00,9,Vnukovo,118.43890380859375,249
2026-06-20 02:00:00,11,Yasenevo,40.83970260620117,249
2026-06-20 03:00:00,2,Arbat,77.8954849243164,250
2026-06-20 03:00:00,10,Domodedovo,112.15464782714844,250
2026-06-20 03:00:00,6,Khamovniki,76.80799865722656,250
2026-06-20 03:00:00,12,Kuzminki,47.499359130859375,250
2026-06-20 03:00:00,3,Moscow City,110.15912628173828,250
2026-06-20 03:00:00,8,Sheremetyevo,128.60989379882812,250
2026-06-20 03:00:00,4,Sokolniki,45.089054107666016,250
2026-06-20 03:00:00,5,Tagansky,52.13921356201172,250
2026-06-20 03:00:00,1,Tverskoy,89.24542999267578,250
2026-06-20 03:00:00,7,VDNH,53.629425048828125,250
2026-06-20 03:00:00,9,Vnukovo,118.18067169189453,250
2026-06-20 03:00:00,11,Yasenevo,42.88197708129883,250
2026-06-20 04:00:00,2,Arbat,76.50269317626953,251
2026-06-20 04:00:00,10,Domodedovo,111.36174774169922,251
2026-06-20 04:00:00,6,Khamovniki,80.41954040527344,251
2026-06-20 04:00:00,12,Kuzminki,49.926597595214844,251
2026-06-20 04:00:00,3,Moscow City,117.20674896240234,251
2026-06-20 04:00:00,8,Sheremetyevo,128.37982177734375,251
2026-06-20 04:00:00,4,Sokolniki,47.729209899902344,251
2026-06-20 04:00:00,5,Tagansky,53.80559539794922,251
2026-06-20 04:00:00,1,Tverskoy,88.2951889038086,251
2026-06-20 04:00:00,7,VDNH,55.7535514831543,251
2026-06-20 04:00:00,9,Vnukovo,116.37866973876953,251
2026-06-20 04:00:00,11,Yasenevo,45.07311248779297,251
2026-06-20 05:00:00,2,Arbat,75.69255828857422,252
2026-06-20 05:00:00,10,Domodedovo,109.45855712890625,252
2026-06-20 05:00:00,6,Khamovniki,84.06884765625,252
2026-06-20 05:00:00,12,Kuzminki,52.396453857421875,252
2026-06-20 05:00:00,3,Moscow City,124.24934387207031,252
2026-06-20 05:00:00,8,Sheremetyevo,127.04072570800781,252
2026-06-20 05:00:00,4,Sokolniki,50.40937423706055,252
2026-06-20 05:00:00,5,Tagansky,55.7300910949707,252
2026-06-20 05:00:00,1,Tverskoy,88.47616577148438,252
2026-06-20 05:00:00,7,VDNH,57.992889404296875,252
2026-06-20 05:00:00,9,Vnukovo,113.22570037841797,252
2026-06-20 05:00:00,11,Yasenevo,47.258934020996094,252
2026-06-20 06:00:00,2,Arbat,75.47232055664062,253
2026-06-20 06:00:00,10,Domodedovo,106.73680877685547,253
2026-06-20 06:00:00,6,Khamovniki,87.53162384033203,253
2026-06-20 06:00:00,12,Kuzminki,54.749942779541016,253
2026-06-20 06:00:00,3,Moscow City,130.88198852539062,253
2026-06-20 06:00:00,8,Sheremetyevo,124.74657440185547,253
2026-06-20 06:00:00,4,Sokolniki,52.943294525146484,253
2026-06-20 06:00:00,5,Tagansky,57.78220748901367,253
2026-06-20 06:00:00,1,Tverskoy,89.51689910888672,253
2026-06-20 06:00:00,7,VDNH,60.16755676269531,253
2026-06-20 06:00:00,9,Vnukovo,109.1038589477539,253
2026-06-20 06:00:00,11,Yasenevo,49.29927444458008,253
2026-06-20 07:00:00,2,Arbat,75.8217544555664,254
2026-06-20 07:00:00,10,Domodedovo,103.54730224609375,254
2026-06-20 07:00:00,6,Khamovniki,90.38919067382812,254
2026-06-20 07:00:00,12,Kuzminki,56.73562240600586,254
2026-06-20 07:00:00,3,Moscow City,135.42861938476562,254
2026-06-20 07:00:00,8,Sheremetyevo,121.78704071044922,254
2026-06-20 07:00:00,4,Sokolniki,55.05149841308594,254
2026-06-20 07:00:00,5,Tagansky,59.83531951904297,254
2026-06-20 07:00:00,1,Tverskoy,91.34347534179688,254
2026-06-20 07:00:00,7,VDNH,62.02177429199219,254
2026-06-20 07:00:00,9,Vnukovo,104.53899383544922,254
2026-06-20 07:00:00,11,Yasenevo,50.97560119628906,254
2026-06-20 08:00:00,2,Arbat,76.69436645507812,255
2026-06-20 08:00:00,10,Domodedovo,100.22297668457031,255
2026-06-20 08:00:00,6,Khamovniki,91.73461151123047,255
2026-06-20 08:00:00,12,Kuzminki,57.98650360107422,255
2026-06-20 08:00:00,3,Moscow City,134.26458740234375,255
2026-06-20 08:00:00,8,Sheremetyevo,118.50498962402344,255
2026-06-20 08:00:00,4,Sokolniki,56.28959655761719,255
2026-06-20 08:00:00,5,Tagansky,61.75895690917969,255
2026-06-20 08:00:00,1,Tverskoy,93.93714141845703,255
2026-06-20 08:00:00,7,VDNH,63.083152770996094,255
2026-06-20 08:00:00,9,Vnukovo,100.06444549560547,255
2026-06-20 08:00:00,11,Yasenevo,51.87639617919922,255
2026-06-20 09:00:00,2,Arbat,78.02387237548828,256
2026-06-20 09:00:00,10,Domodedovo,97.05825805664062,256
2026-06-20 09:00:00,6,Khamovniki,90.41202545166016,256
2026-06-20 09:00:00,12,Kuzminki,58.07714080810547,256
2026-06-20 09:00:00,3,Moscow City,126.73434448242188,256
2026-06-20 09:00:00,8,Sheremetyevo,115.2389144897461,256
2026-06-20 09:00:00,4,Sokolniki,56.1666374206543,256
2026-06-20 09:00:00,5,Tagansky,63.40996551513672,256
2026-06-20 09:00:00,1,Tverskoy,97.33550262451172,256
2026-06-20 09:00:00,7,VDNH,62.765628814697266,256
2026-06-20 09:00:00,9,Vnukovo,96.07276916503906,256
2026-06-20 09:00:00,11,Yasenevo,51.42232131958008,256
2026-06-20 10:00:00,2,Arbat,79.73255157470703,257
2026-06-20 10:00:00,10,Domodedovo,94.27177429199219,257
2026-06-20 10:00:00,6,Khamovniki,86.58853149414062,257
2026-06-20 10:00:00,12,Kuzminki,56.88801193237305,257
2026-06-20 10:00:00,3,Moscow City,116.24893951416016,257
2026-06-20 10:00:00,8,Sheremetyevo,112.26860809326172,257
2026-06-20 10:00:00,4,Sokolniki,54.525630950927734,257
2026-06-20 10:00:00,5,Tagansky,64.61763763427734,257
2026-06-20 10:00:00,1,Tverskoy,101.5571517944336,257
2026-06-20 10:00:00,7,VDNH,61.049861907958984,257
2026-06-20 10:00:00,9,Vnukovo,92.8304214477539,257
2026-06-20 10:00:00,11,Yasenevo,49.53564453125,257
2026-06-20 11:00:00,2,Arbat,81.73792266845703,258
2026-06-20 11:00:00,10,Domodedovo,92.00740051269531,258
2026-06-20 11:00:00,6,Khamovniki,81.92181396484375,258
2026-06-20 11:00:00,12,Kuzminki,54.870819091796875,258
2026-06-20 11:00:00,3,Moscow City,106.01095581054688,258
2026-06-20 11:00:00,8,Sheremetyevo,109.79542541503906,258
2026-06-20 11:00:00,4,Sokolniki,51.90203094482422,258
2026-06-20 11:00:00,5,Tagansky,65.15982055664062,258
2026-06-20 11:00:00,1,Tverskoy,106.43956756591797,258
2026-06-20 11:00:00,7,VDNH,58.66041946411133,258
2026-06-20 11:00:00,9,Vnukovo,90.49492645263672,258
2026-06-20 11:00:00,11,Yasenevo,46.979942321777344,258
2026-06-20 12:00:00,2,Arbat,83.95409393310547,259
2026-06-20 12:00:00,10,Domodedovo,90.36518096923828,259
2026-06-20 12:00:00,6,Khamovniki,77.6067886352539,259
2026-06-20 12:00:00,12,Kuzminki,52.53425216674805,259
2026-06-20 12:00:00,3,Moscow City,97.28984069824219,259
2026-06-20 12:00:00,8,Sheremetyevo,107.95096588134766,259
2026-06-20 12:00:00,4,Sokolniki,49.026893615722656,259
2026-06-20 12:00:00,5,Tagansky,64.8416748046875,259
2026-06-20 12:00:00,1,Tverskoy,111.68050384521484,259
2026-06-20 12:00:00,7,VDNH,56.265045166015625,259
2026-06-20 12:00:00,9,Vnukovo,89.09992218017578,259
2026-06-20 12:00:00,11,Yasenevo,44.39423370361328,259
2026-06-20 13:00:00,2,Arbat,86.28829193115234,260
2026-06-20 13:00:00,10,Domodedovo,89.42613220214844,260
2026-06-20 13:00:00,6,Khamovniki,74.2733383178711,260
2026-06-20 13:00:00,12,Kuzminki,50.198570251464844,260
2026-06-20 13:00:00,3,Moscow City,91.20747375488281,260
2026-06-20 13:00:00,8,Sheremetyevo,106.81070709228516,260
2026-06-20 13:00:00,4,Sokolniki,46.34540557861328,260
2026-06-20 13:00:00,5,Tagansky,63.695831298828125,260
2026-06-20 13:00:00,1,Tverskoy,116.9331283569336,260
2026-06-20 13:00:00,7,VDNH,54.24281692504883,260
2026-06-20 13:00:00,9,Vnukovo,88.5784912109375,260
2026-06-20 13:00:00,11,Yasenevo,42.130821228027344,260
2026-06-20 14:00:00,2,Arbat,88.63489532470703,261
2026-06-20 14:00:00,10,Domodedovo,89.24224853515625,261
2026-06-20 14:00:00,6,Khamovniki,72.23835754394531,261
2026-06-20 14:00:00,12,Kuzminki,48.06619644165039,261
2026-06-20 14:00:00,3,Moscow City,88.05082702636719,261
2026-06-20 14:00:00,8,Sheremetyevo,106.40678405761719,261
2026-06-20 14:00:00,4,Sokolniki,44.15500259399414,261
2026-06-20 14:00:00,5,Tagansky,61.972930908203125,261
2026-06-20 14:00:00,1,Tverskoy,121.8326644897461,261
2026-06-20 14:00:00,7,VDNH,52.783538818359375,261
2026-06-20 14:00:00,9,Vnukovo,88.8321533203125,261
2026-06-20 14:00:00,11,Yasenevo,40.390872955322266,261
2026-06-20 15:00:00,2,Arbat,90.8753662109375,262
2026-06-20 15:00:00,10,Domodedovo,89.81836700439453,262
2026-06-20 15:00:00,6,Khamovniki,71.54560852050781,262
2026-06-20 15:00:00,12,Kuzminki,46.239192962646484,262
2026-06-20 15:00:00,3,Moscow City,87.61875915527344,262
2026-06-20 15:00:00,8,Sheremetyevo,106.74158477783203,262
2026-06-20 15:00:00,4,Sokolniki,42.612762451171875,262
2026-06-20 15:00:00,5,Tagansky,59.942771911621094,262
2026-06-20 15:00:00,1,Tverskoy,126.21591186523438,262
2026-06-20 15:00:00,7,VDNH,51.928096771240234,262
2026-06-20 15:00:00,9,Vnukovo,89.77217102050781,262
2026-06-20 15:00:00,11,Yasenevo,39.23065185546875,262
2026-06-20 16:00:00,2,Arbat,92.89370727539062,263
2026-06-20 16:00:00,10,Domodedovo,91.1045150756836,263
2026-06-20 16:00:00,6,Khamovniki,71.9045639038086,263
2026-06-20 16:00:00,12,Kuzminki,44.695594787597656,263
2026-06-20 16:00:00,3,Moscow City,88.97219848632812,263
2026-06-20 16:00:00,8,Sheremetyevo,107.78650665283203,263
2026-06-20 16:00:00,4,Sokolniki,41.59196472167969,263
2026-06-20 16:00:00,5,Tagansky,57.81618881225586,263
2026-06-20 16:00:00,1,Tverskoy,129.9996337890625,263
2026-06-20 16:00:00,7,VDNH,51.5666389465332,263
2026-06-20 16:00:00,9,Vnukovo,91.33325958251953,263
2026-06-20 16:00:00,11,Yasenevo,38.57345199584961,263
2026-06-20 17:00:00,2,Arbat,94.5845718383789,264
2026-06-20 17:00:00,10,Domodedovo,93.00395965576172,264
2026-06-20 17:00:00,6,Khamovniki,72.69794464111328,264
2026-06-20 17:00:00,12,Kuzminki,43.345943450927734,264
2026-06-20 17:00:00,3,Moscow City,90.93343353271484,264
2026-06-20 17:00:00,8,Sheremetyevo,109.47051239013672,264
2026-06-20 17:00:00,4,Sokolniki,40.73501205444336,264
2026-06-20 17:00:00,5,Tagansky,55.75476837158203,264
2026-06-20 17:00:00,1,Tverskoy,132.8387908935547,264
2026-06-20 17:00:00,7,VDNH,51.45033645629883,264
2026-06-20 17:00:00,9,Vnukovo,93.48097229003906,264
2026-06-20 17:00:00,11,Yasenevo,38.222469329833984,264
2026-06-20 18:00:00,2,Arbat,95.82258605957031,265
2026-06-20 18:00:00,10,Domodedovo,95.4019775390625,265
2026-06-20 18:00:00,6,Khamovniki,73.17608642578125,265
2026-06-20 18:00:00,12,Kuzminki,42.12332534790039,265
2026-06-20 18:00:00,3,Moscow City,92.27738952636719,265
2026-06-20 18:00:00,8,Sheremetyevo,111.689208984375,265
2026-06-20 18:00:00,4,Sokolniki,39.725669860839844,265
2026-06-20 18:00:00,5,Tagansky,53.86717224121094,265
2026-06-20 18:00:00,1,Tverskoy,133.96165466308594,265
2026-06-20 18:00:00,7,VDNH,51.273399353027344,265
2026-06-20 18:00:00,9,Vnukovo,96.16941833496094,265
2026-06-20 18:00:00,11,Yasenevo,37.93825149536133,265
2026-06-20 19:00:00,2,Arbat,96.42752075195312,266
2026-06-20 19:00:00,10,Domodedovo,98.19351196289062,266
2026-06-20 19:00:00,6,Khamovniki,72.71260070800781,266
2026-06-20 19:00:00,12,Kuzminki,41.02084732055664,266
2026-06-20 19:00:00,3,Moscow City,91.52947998046875,266
2026-06-20 19:00:00,8,Sheremetyevo,114.32746124267578,266
2026-06-20 19:00:00,4,Sokolniki,38.474388122558594,266
2026-06-20 19:00:00,5,Tagansky,52.212684631347656,266
2026-06-20 19:00:00,1,Tverskoy,132.42173767089844,266
2026-06-20 19:00:00,7,VDNH,50.80064010620117,266
2026-06-20 19:00:00,9,Vnukovo,99.2921142578125,266
2026-06-20 19:00:00,11,Yasenevo,37.5522346496582,266
2026-06-20 20:00:00,2,Arbat,96.19458770751953,267
2026-06-20 20:00:00,10,Domodedovo,101.2789306640625,267
2026-06-20 20:00:00,6,Khamovniki,71.1902847290039,267
2026-06-20 20:00:00,12,Kuzminki,40.080604553222656,267
2026-06-20 20:00:00,3,Moscow City,88.60775756835938,267
2026-06-20 20:00:00,8,Sheremetyevo,117.26859283447266,267
2026-06-20 20:00:00,4,Sokolniki,37.088218688964844,267
2026-06-20 20:00:00,5,Tagansky,50.82465362548828,267
2026-06-20 20:00:00,1,Tverskoy,128.14541625976562,267
2026-06-20 20:00:00,7,VDNH,49.9969367980957,267
2026-06-20 20:00:00,9,Vnukovo,102.68598175048828,267
2026-06-20 20:00:00,11,Yasenevo,37.03068923950195,267
2026-06-20 21:00:00,2,Arbat,95.01121520996094,268
2026-06-20 21:00:00,10,Domodedovo,104.53934478759766,268
2026-06-20 21:00:00,6,Khamovniki,69.15126037597656,268
2026-06-20 21:00:00,12,Kuzminki,39.38131332397461,268
2026-06-20 21:00:00,3,Moscow City,85.14285278320312,268
2026-06-20 21:00:00,8,Sheremetyevo,120.3889389038086,268
2026-06-20 21:00:00,4,Sokolniki,35.781185150146484,268
2026-06-20 21:00:00,5,Tagansky,49.7297477722168,268
2026-06-20 21:00:00,1,Tverskoy,121.82188415527344,268
2026-06-20 21:00:00,7,VDNH,49.03691101074219,268
2026-06-20 21:00:00,9,Vnukovo,106.1590347290039,268
2026-06-20 21:00:00,11,Yasenevo,36.47775650024414,268
2026-06-20 22:00:00,2,Arbat,92.95076751708984,269
2026-06-20 22:00:00,10,Domodedovo,107.82251739501953,269
2026-06-20 22:00:00,6,Khamovniki,67.3388671875,269
2026-06-20 22:00:00,12,Kuzminki,39.02797317504883,269
2026-06-20 22:00:00,3,Moscow City,82.35952758789062,269
2026-06-20 22:00:00,8,Sheremetyevo,123.54937744140625,269
2026-06-20 22:00:00,4,Sokolniki,34.800235748291016,269
2026-06-20 22:00:00,5,Tagansky,48.95679473876953,269
2026-06-20 22:00:00,1,Tverskoy,114.38571166992188,269
2026-06-20 22:00:00,7,VDNH,48.17499542236328,269
2026-06-20 22:00:00,9,Vnukovo,109.48784637451172,269
2026-06-20 22:00:00,11,Yasenevo,36.06624221801758,269
2026-06-20 23:00:00,2,Arbat,90.26324462890625,270
2026-06-20 23:00:00,10,Domodedovo,110.94461059570312,270
2026-06-20 23:00:00,6,Khamovniki,66.2909927368164,270
2026-06-20 23:00:00,12,Kuzminki,39.11420440673828,270
2026-06-20 23:00:00,3,Moscow City,80.87262725830078,270
2026-06-20 23:00:00,8,Sheremetyevo,126.58794403076172,270
2026-06-20 23:00:00,4,Sokolniki,34.3530387878418,270
2026-06-20 23:00:00,5,Tagansky,48.538482666015625,270
2026-06-20 23:00:00,1,Tverskoy,106.9006118774414,270
2026-06-20 23:00:00,7,VDNH,47.63300323486328,270
2026-06-20 23:00:00,9,Vnukovo,112.41842651367188,270
2026-06-20 23:00:00,11,Yasenevo,35.962921142578125,270
2026-06-21 00:00:00,2,Arbat,87.29666900634766,271
2026-06-21 00:00:00,10,Domodedovo,113.71438598632812,271
2026-06-21 00:00:00,6,Khamovniki,66.31582641601562,271
2026-06-21 00:00:00,12,Kuzminki,39.70490646362305,271
2026-06-21 00:00:00,3,Moscow City,81.49053192138672,271
2026-06-21 00:00:00,8,Sheremetyevo,129.31605529785156,271
2026-06-21 00:00:00,4,Sokolniki,34.56562042236328,271
2026-06-21 00:00:00,5,Tagansky,48.501976013183594,271
2026-06-21 00:00:00,1,Tverskoy,100.03919982910156,271
2026-06-21 00:00:00,7,VDNH,47.573917388916016,271
2026-06-21 00:00:00,9,Vnukovo,114.71619415283203,271
2026-06-21 00:00:00,11,Yasenevo,36.31596374511719,271
2026-06-21 01:00:00,2,Arbat,84.37688446044922,272
2026-06-21 01:00:00,10,Domodedovo,115.95283508300781,272
2026-06-21 01:00:00,6,Khamovniki,67.47737121582031,272
2026-06-21 01:00:00,12,Kuzminki,40.849918365478516,272
2026-06-21 01:00:00,3,Moscow City,84.37805938720703,272
2026-06-21 01:00:00,8,Sheremetyevo,131.51727294921875,272
2026-06-21 01:00:00,4,Sokolniki,35.4985466003418,272
2026-06-21 01:00:00,5,Tagansky,48.859615325927734,272
2026-06-21 01:00:00,1,Tverskoy,94.32771301269531,272
2026-06-21 01:00:00,7,VDNH,48.073299407958984,272
2026-06-21 01:00:00,9,Vnukovo,116.15254211425781,272
2026-06-21 01:00:00,11,Yasenevo,37.21950912475586,272
2026-06-21 02:00:00,2,Arbat,81.75263977050781,273
2026-06-21 02:00:00,10,Domodedovo,117.4250259399414,273
2026-06-21 02:00:00,6,Khamovniki,69.57376861572266,273
2026-06-21 02:00:00,12,Kuzminki,42.50423049926758,273
2026-06-21 02:00:00,3,Moscow City,88.92828369140625,273
2026-06-21 02:00:00,8,Sheremetyevo,132.9239501953125,273
2026-06-21 02:00:00,4,Sokolniki,37.09225082397461,273
2026-06-21 02:00:00,5,Tagansky,49.61481857299805,273
2026-06-21 02:00:00,1,Tverskoy,90.24693298339844,273
2026-06-21 02:00:00,7,VDNH,49.07524490356445,273
2026-06-21 02:00:00,9,Vnukovo,116.4473648071289,273
2026-06-21 02:00:00,11,Yasenevo,38.60946273803711,273
2026-06-21 03:00:00,2,Arbat,79.6043472290039,274
2026-06-21 03:00:00,10,Domodedovo,117.73624420166016,274
2026-06-21 03:00:00,6,Khamovniki,72.2737808227539,274
2026-06-21 03:00:00,12,Kuzminki,44.50471878051758,274
2026-06-21 03:00:00,3,Moscow City,94.43550872802734,274
2026-06-21 03:00:00,8,Sheremetyevo,133.1843719482422,274
2026-06-21 03:00:00,4,Sokolniki,39.124813079833984,274
2026-06-21 03:00:00,5,Tagansky,50.75070571899414,274
2026-06-21 03:00:00,1,Tverskoy,87.89745330810547,274
2026-06-21 03:00:00,7,VDNH,50.45782470703125,274
2026-06-21 03:00:00,9,Vnukovo,115.31842041015625,274
2026-06-21 03:00:00,11,Yasenevo,40.299503326416016,274
2026-06-21 04:00:00,2,Arbat,78.0510482788086,275
2026-06-21 04:00:00,10,Domodedovo,116.41292572021484,275
2026-06-21 04:00:00,6,Khamovniki,75.25093841552734,275
2026-06-21 04:00:00,12,Kuzminki,46.681304931640625,275
2026-06-21 04:00:00,3,Moscow City,100.24928283691406,275
2026-06-21 04:00:00,8,Sheremetyevo,131.94322204589844,275
2026-06-21 04:00:00,4,Sokolniki,41.37024688720703,275
2026-06-21 04:00:00,5,Tagansky,52.20121765136719,275
2026-06-21 04:00:00,1,Tverskoy,87.00625610351562,275
2026-06-21 04:00:00,7,VDNH,52.084449768066406,275
2026-06-21 04:00:00,9,Vnukovo,112.6529541015625,275
2026-06-21 04:00:00,11,Yasenevo,42.11454772949219,275
2026-06-21 05:00:00,2,Arbat,77.14833068847656,276
2026-06-21 05:00:00,10,Domodedovo,113.30280303955078,276
2026-06-21 05:00:00,6,Khamovniki,78.261962890625,276
2026-06-21 05:00:00,12,Kuzminki,48.90449905395508,276
2026-06-21 05:00:00,3,Moscow City,106.07868957519531,276
2026-06-21 05:00:00,8,Sheremetyevo,129.11158752441406,276
2026-06-21 05:00:00,4,Sokolniki,43.676239013671875,276
2026-06-21 05:00:00,5,Tagansky,53.85600280761719,276
2026-06-21 05:00:00,1,Tverskoy,87.19862365722656,276
2026-06-21 05:00:00,7,VDNH,53.80256271362305,276
2026-06-21 05:00:00,9,Vnukovo,108.7281723022461,276
2026-06-21 05:00:00,11,Yasenevo,43.919490814208984,276
2026-06-21 06:00:00,2,Arbat,76.89530944824219,277
2026-06-21 06:00:00,10,Domodedovo,108.84223937988281,277
2026-06-21 06:00:00,6,Khamovniki,81.04904174804688,277
2026-06-21 06:00:00,12,Kuzminki,51.033355712890625,277
2026-06-21 06:00:00,3,Moscow City,111.61175537109375,277
2026-06-21 06:00:00,8,Sheremetyevo,125.0547866821289,277
2026-06-21 06:00:00,4,Sokolniki,45.891021728515625,277
2026-06-21 06:00:00,5,Tagansky,55.59259796142578,277
2026-06-21 06:00:00,1,Tverskoy,88.21318054199219,277
2026-06-21 06:00:00,7,VDNH,55.43134689331055,277
2026-06-21 06:00:00,9,Vnukovo,104.15235137939453,277
2026-06-21 06:00:00,11,Yasenevo,45.558815002441406,277
2026-06-21 07:00:00,2,Arbat,77.2495346069336,278
2026-06-21 07:00:00,10,Domodedovo,103.81330108642578,278
2026-06-21 07:00:00,6,Khamovniki,83.13143157958984,278
2026-06-21 07:00:00,12,Kuzminki,52.857940673828125,278
2026-06-21 07:00:00,3,Moscow City,116.02552032470703,278
2026-06-21 07:00:00,8,Sheremetyevo,120.40584564208984,278
2026-06-21 07:00:00,4,Sokolniki,47.772972106933594,278
2026-06-21 07:00:00,5,Tagansky,57.2875862121582,278
2026-06-21 07:00:00,1,Tverskoy,89.99951934814453,278
2026-06-21 07:00:00,7,VDNH,56.70100021362305,278
2026-06-21 07:00:00,9,Vnukovo,99.52671813964844,278
2026-06-21 07:00:00,11,Yasenevo,46.771209716796875,278
2026-06-21 08:00:00,2,Arbat,78.1398696899414,279
2026-06-21 08:00:00,10,Domodedovo,98.92107391357422,279
2026-06-21 08:00:00,6,Khamovniki,83.64435577392578,279
2026-06-21 08:00:00,12,Kuzminki,54.08467483520508,279
2026-06-21 08:00:00,3,Moscow City,117.22586059570312,279
2026-06-21 08:00:00,8,Sheremetyevo,115.74700927734375,279
2026-06-21 08:00:00,4,Sokolniki,48.93837356567383,279
2026-06-21 08:00:00,5,Tagansky,58.80303192138672,279
2026-06-21 08:00:00,1,Tverskoy,92.55748748779297,279
2026-06-21 08:00:00,7,VDNH,57.21173095703125,279
2026-06-21 08:00:00,9,Vnukovo,95.2674331665039,279
2026-06-21 08:00:00,11,Yasenevo,47.13645935058594,279
2026-06-21 09:00:00,2,Arbat,79.48033905029297,280
2026-06-21 09:00:00,10,Domodedovo,94.60120391845703,280
2026-06-21 09:00:00,6,Khamovniki,81.88188934326172,280
2026-06-21 09:00:00,12,Kuzminki,54.38957595825195,280
2026-06-21 09:00:00,3,Moscow City,114.19176483154297,280
2026-06-21 09:00:00,8,Sheremetyevo,111.47769927978516,280
2026-06-21 09:00:00,4,Sokolniki,48.9576530456543,280
2026-06-21 09:00:00,5,Tagansky,59.979923248291016,280
2026-06-21 09:00:00,1,Tverskoy,95.91754913330078,280
2026-06-21 09:00:00,7,VDNH,56.64165496826172,280
2026-06-21 09:00:00,9,Vnukovo,91.641357421875,280
2026-06-21 09:00:00,11,Yasenevo,46.31245803833008,280
2026-06-21 10:00:00,2,Arbat,81.18303680419922,281
2026-06-21 10:00:00,10,Domodedovo,91.06490325927734,281
2026-06-21 10:00:00,6,Khamovniki,78.43707275390625,281
2026-06-21 10:00:00,12,Kuzminki,53.6442756652832,281
2026-06-21 10:00:00,3,Moscow City,108.82093048095703,281
2026-06-21 10:00:00,8,Sheremetyevo,107.83621215820312,281
2026-06-21 10:00:00,4,Sokolniki,47.794837951660156,281
2026-06-21 10:00:00,5,Tagansky,60.64929962158203,281
2026-06-21 10:00:00,1,Tverskoy,100.10011291503906,281
2026-06-21 10:00:00,7,VDNH,55.15293884277344,281
2026-06-21 10:00:00,9,Vnukovo,88.81356048583984,281
2026-06-21 10:00:00,11,Yasenevo,44.525238037109375,281
2026-06-21 11:00:00,2,Arbat,83.16059875488281,282
2026-06-21 11:00:00,10,Domodedovo,88.37970733642578,282
2026-06-21 11:00:00,6,Khamovniki,74.6171875,282
2026-06-21 11:00:00,12,Kuzminki,52.13587188720703,282
2026-06-21 11:00:00,3,Moscow City,102.80599975585938,282
2026-06-21 11:00:00,8,Sheremetyevo,104.94503784179688,282
2026-06-21 11:00:00,4,Sokolniki,45.958797454833984,282
2026-06-21 11:00:00,5,Tagansky,60.657264709472656,282
2026-06-21 11:00:00,1,Tverskoy,104.96160888671875,282
2026-06-21 11:00:00,7,VDNH,53.301761627197266,282
2026-06-21 11:00:00,9,Vnukovo,86.84455108642578,282
2026-06-21 11:00:00,11,Yasenevo,42.39308547973633,282
2026-06-21 12:00:00,2,Arbat,85.32052612304688,283
2026-06-21 12:00:00,10,Domodedovo,86.52870178222656,283
2026-06-21 12:00:00,6,Khamovniki,71.22953796386719,283
2026-06-21 12:00:00,12,Kuzminki,50.288639068603516,283
2026-06-21 12:00:00,3,Moscow City,97.29480743408203,283
2026-06-21 12:00:00,8,Sheremetyevo,102.83985900878906,283
2026-06-21 12:00:00,4,Sokolniki,43.94533920288086,283
2026-06-21 12:00:00,5,Tagansky,59.921390533447266,283
2026-06-21 12:00:00,1,Tverskoy,110.21028900146484,283
2026-06-21 12:00:00,7,VDNH,51.528751373291016,283
2026-06-21 12:00:00,9,Vnukovo,85.70793151855469,283
2026-06-21 12:00:00,11,Yasenevo,40.35320281982422,283
2026-06-21 13:00:00,2,Arbat,87.56041717529297,284
2026-06-21 13:00:00,10,Domodedovo,85.47576141357422,284
2026-06-21 13:00:00,6,Khamovniki,68.65826416015625,284
2026-06-21 13:00:00,12,Kuzminki,48.37928009033203,284
2026-06-21 13:00:00,3,Moscow City,93.20520782470703,284
2026-06-21 13:00:00,8,Sheremetyevo,101.50117492675781,284
2026-06-21 13:00:00,4,Sokolniki,42.06330490112305,284
2026-06-21 13:00:00,5,Tagansky,58.501861572265625,284
2026-06-21 13:00:00,1,Tverskoy,115.49232482910156,284
2026-06-21 13:00:00,7,VDNH,50.06257247924805,284
2026-06-21 13:00:00,9,Vnukovo,85.34345245361328,284
2026-06-21 13:00:00,11,Yasenevo,38.63335418701172,284
2026-06-21 14:00:00,2,Arbat,89.7664566040039,285
2026-06-21 14:00:00,10,Domodedovo,85.18525695800781,285
2026-06-21 14:00:00,6,Khamovniki,67.03262329101562,285
2026-06-21 14:00:00,12,Kuzminki,46.57687759399414,285
2026-06-21 14:00:00,3,Moscow City,91.12191009521484,285
2026-06-21 14:00:00,8,Sheremetyevo,100.88518524169922,285
2026-06-21 14:00:00,4,Sokolniki,40.52606201171875,285
2026-06-21 14:00:00,5,Tagansky,56.624229431152344,285
2026-06-21 14:00:00,1,Tverskoy,120.44313049316406,285
2026-06-21 14:00:00,7,VDNH,49.00100326538086,285
2026-06-21 14:00:00,9,Vnukovo,85.68321228027344,285
2026-06-21 14:00:00,11,Yasenevo,37.33172607421875,285
2026-06-21 15:00:00,2,Arbat,91.81539154052734,286
2026-06-21 15:00:00,10,Domodedovo,85.57300567626953,286
2026-06-21 15:00:00,6,Khamovniki,66.33370971679688,286
2026-06-21 15:00:00,12,Kuzminki,44.9761962890625,286
2026-06-21 15:00:00,3,Moscow City,90.78520965576172,286
2026-06-21 15:00:00,8,Sheremetyevo,100.93018341064453,286
2026-06-21 15:00:00,4,Sokolniki,39.44099044799805,286
2026-06-21 15:00:00,5,Tagansky,54.5756950378418,286
2026-06-21 15:00:00,1,Tverskoy,124.91913604736328,286
2026-06-21 15:00:00,7,VDNH,48.357421875,286
2026-06-21 15:00:00,9,Vnukovo,86.66561889648438,286
2026-06-21 15:00:00,11,Yasenevo,36.443824768066406,286
2026-06-21 16:00:00,2,Arbat,93.58483123779297,287
2026-06-21 16:00:00,10,Domodedovo,86.52848815917969,287
2026-06-21 16:00:00,6,Khamovniki,66.49002838134766,287
2026-06-21 16:00:00,12,Kuzminki,43.59222412109375,287
2026-06-21 16:00:00,3,Moscow City,92.56993865966797,287
2026-06-21 16:00:00,8,Sheremetyevo,101.56169891357422,287
2026-06-21 16:00:00,4,Sokolniki,38.7594108581543,287
2026-06-21 16:00:00,5,Tagansky,52.58982467651367,287
2026-06-21 16:00:00,1,Tverskoy,128.858642578125,287
2026-06-21 16:00:00,7,VDNH,48.087772369384766,287
2026-06-21 16:00:00,9,Vnukovo,88.24777221679688,287
2026-06-21 16:00:00,11,Yasenevo,35.9138298034668,287
2026-06-21 17:00:00,2,Arbat,94.95620727539062,288
2026-06-21 17:00:00,10,Domodedovo,87.98210144042969,288
2026-06-21 17:00:00,6,Khamovniki,67.23532104492188,288
2026-06-21 17:00:00,12,Kuzminki,42.39932632446289,288
2026-06-21 17:00:00,3,Moscow City,95.7912368774414,288
2026-06-21 17:00:00,8,Sheremetyevo,102.7137222290039,288
2026-06-21 17:00:00,4,Sokolniki,38.342620849609375,288
2026-06-21 17:00:00,5,Tagansky,50.80504608154297,288
2026-06-21 17:00:00,1,Tverskoy,131.93809509277344,288
2026-06-21 17:00:00,7,VDNH,48.083255767822266,288
2026-06-21 17:00:00,9,Vnukovo,90.40426635742188,288
2026-06-21 17:00:00,11,Yasenevo,35.670753479003906,288
2026-06-21 18:00:00,2,Arbat,95.78953552246094,289
2026-06-21 18:00:00,10,Domodedovo,89.8839111328125,289
2026-06-21 18:00:00,6,Khamovniki,68.09087371826172,289
2026-06-21 18:00:00,12,Kuzminki,41.38590621948242,289
2026-06-21 18:00:00,3,Moscow City,98.68293762207031,289
2026-06-21 18:00:00,8,Sheremetyevo,104.33251190185547,289
2026-06-21 18:00:00,4,Sokolniki,38.02482223510742,289
2026-06-21 18:00:00,5,Tagansky,49.27493667602539,289
2026-06-21 18:00:00,1,Tverskoy,133.36216735839844,289
2026-06-21 18:00:00,7,VDNH,48.17415237426758,289
2026-06-21 18:00:00,9,Vnukovo,93.084716796875,289
2026-06-21 18:00:00,11,Yasenevo,35.60708999633789,289
2026-06-21 19:00:00,2,Arbat,95.90188598632812,290
2026-06-21 19:00:00,10,Domodedovo,92.1547622680664,290
2026-06-21 19:00:00,6,Khamovniki,68.54827117919922,290
2026-06-21 19:00:00,12,Kuzminki,40.56154251098633,290
2026-06-21 19:00:00,3,Moscow City,99.94245147705078,290
2026-06-21 19:00:00,8,Sheremetyevo,106.35082244873047,290
2026-06-21 19:00:00,4,Sokolniki,37.65839385986328,290
2026-06-21 19:00:00,5,Tagansky,48.00770568847656,290
2026-06-21 19:00:00,1,Tverskoy,132.0696258544922,290
2026-06-21 19:00:00,7,VDNH,48.18850326538086,290
2026-06-21 19:00:00,9,Vnukovo,96.1797103881836,290
2026-06-21 19:00:00,11,Yasenevo,35.60343933105469,290
2026-06-21 20:00:00,2,Arbat,95.10502624511719,291
2026-06-21 20:00:00,10,Domodedovo,94.67704772949219,291
2026-06-21 20:00:00,6,Khamovniki,68.33956146240234,291
2026-06-21 20:00:00,12,Kuzminki,39.94843673706055,291
2026-06-21 20:00:00,3,Moscow City,98.5417251586914,291
2026-06-21 20:00:00,8,Sheremetyevo,108.66707611083984,291
2026-06-21 20:00:00,4,Sokolniki,37.219608306884766,291
2026-06-21 20:00:00,5,Tagansky,47.00189971923828,291
2026-06-21 20:00:00,1,Tverskoy,127.97346496582031,291
2026-06-21 20:00:00,7,VDNH,48.0368537902832,291
2026-06-21 20:00:00,9,Vnukovo,99.53717041015625,291
2026-06-21 20:00:00,11,Yasenevo,35.5948371887207,291
2026-06-21 21:00:00,2,Arbat,93.33061981201172,292
2026-06-21 21:00:00,10,Domodedovo,97.31655883789062,292
2026-06-21 21:00:00,6,Khamovniki,67.64730834960938,292
2026-06-21 21:00:00,12,Kuzminki,39.59873962402344,292
2026-06-21 21:00:00,3,Moscow City,95.3128433227539,292
2026-06-21 21:00:00,8,Sheremetyevo,111.15619659423828,292
2026-06-21 21:00:00,4,Sokolniki,36.83687973022461,292
2026-06-21 21:00:00,5,Tagansky,46.264225006103516,292
2026-06-21 21:00:00,1,Tverskoy,121.80426025390625,292
2026-06-21 21:00:00,7,VDNH,47.76727294921875,292
2026-06-21 21:00:00,9,Vnukovo,102.98023223876953,292
2026-06-21 21:00:00,11,Yasenevo,35.613182067871094,292
2026-06-21 22:00:00,2,Arbat,90.75685119628906,293
2026-06-21 22:00:00,10,Domodedovo,99.9342269897461,293
2026-06-21 22:00:00,6,Khamovniki,66.98589324951172,293
2026-06-21 22:00:00,12,Kuzminki,39.602176666259766,293
2026-06-21 22:00:00,3,Moscow City,92.91265106201172,293
2026-06-21 22:00:00,8,Sheremetyevo,113.6878662109375,293
2026-06-21 22:00:00,4,Sokolniki,36.72457504272461,293
2026-06-21 22:00:00,5,Tagansky,45.81326675415039,293
2026-06-21 22:00:00,1,Tverskoy,114.42351531982422,293
2026-06-21 22:00:00,7,VDNH,47.54130172729492,293
2026-06-21 22:00:00,9,Vnukovo,106.29601287841797,293
2026-06-21 22:00:00,11,Yasenevo,35.77761459350586,293
2026-06-21 23:00:00,2,Arbat,87.7479019165039,294
2026-06-21 23:00:00,10,Domodedovo,102.3724594116211,294
2026-06-21 23:00:00,6,Khamovniki,66.86226654052734,294
2026-06-21 23:00:00,12,Kuzminki,40.03653335571289,294
2026-06-21 23:00:00,3,Moscow City,92.68074798583984,294
2026-06-21 23:00:00,8,Sheremetyevo,116.12483215332031,294
2026-06-21 23:00:00,4,Sokolniki,37.05918884277344,294
2026-06-21 23:00:00,5,Tagansky,45.679443359375,294
2026-06-21 23:00:00,1,Tverskoy,106.90693664550781,294
2026-06-21 23:00:00,7,VDNH,47.55410385131836,294
2026-06-21 23:00:00,9,Vnukovo,109.25133514404297,294
2026-06-21 23:00:00,11,Yasenevo,36.23458480834961,294
2026-06-22 00:00:00,2,Arbat,84.66490936279297,295
2026-06-22 00:00:00,10,Domodedovo,104.44945526123047,295
2026-06-22 00:00:00,6,Khamovniki,67.60293579101562,295
2026-06-22 00:00:00,12,Kuzminki,40.95917892456055,295
2026-06-22 00:00:00,3,Moscow City,94.66071319580078,295
2026-06-22 00:00:00,8,Sheremetyevo,118.31053924560547,295
2026-06-22 00:00:00,4,Sokolniki,37.89713668823242,295
2026-06-22 00:00:00,5,Tagansky,45.898033142089844,295
2026-06-22 00:00:00,1,Tverskoy,99.94649505615234,295
2026-06-22 00:00:00,7,VDNH,47.95985794067383,295
2026-06-22 00:00:00,9,Vnukovo,111.64886474609375,295
2026-06-22 00:00:00,11,Yasenevo,37.10218811035156,295
2026-06-22 01:00:00,2,Arbat,81.7752914428711,296
2026-06-22 01:00:00,10,Domodedovo,105.9804916381836,296
2026-06-22 01:00:00,6,Khamovniki,69.34436798095703,296
2026-06-22 01:00:00,12,Kuzminki,42.40626907348633,296
2026-06-22 01:00:00,3,Moscow City,98.59176635742188,296
2026-06-22 01:00:00,8,Sheremetyevo,120.0638427734375,296
2026-06-22 01:00:00,4,Sokolniki,39.23257827758789,296
2026-06-22 01:00:00,5,Tagansky,46.49134826660156,296
2026-06-22 01:00:00,1,Tverskoy,94.06021881103516,296
2026-06-22 01:00:00,7,VDNH,48.84940719604492,296
2026-06-22 01:00:00,9,Vnukovo,113.28726959228516,296
2026-06-22 01:00:00,11,Yasenevo,38.435604095458984,296
2026-06-22 02:00:00,2,Arbat,79.2655258178711,297
2026-06-22 02:00:00,10,Domodedovo,106.77596282958984,297
2026-06-22 02:00:00,6,Khamovniki,72.01480865478516,297
2026-06-22 02:00:00,12,Kuzminki,44.34109115600586,297
2026-06-22 02:00:00,3,Moscow City,104.40451049804688,297
2026-06-22 02:00:00,8,Sheremetyevo,121.17987060546875,297
2026-06-22 02:00:00,4,Sokolniki,41.0706901550293,297
2026-06-22 02:00:00,5,Tagansky,47.46213912963867,297
2026-06-22 02:00:00,1,Tverskoy,89.76537322998047,297
2026-06-22 02:00:00,7,VDNH,50.25740432739258,297
2026-06-22 02:00:00,9,Vnukovo,113.88298797607422,297
2026-06-22 02:00:00,11,Yasenevo,40.19953536987305,297
2026-06-22 03:00:00,2,Arbat,77.2634506225586,298
2026-06-22 03:00:00,10,Domodedovo,106.6078872680664,298
2026-06-22 03:00:00,6,Khamovniki,75.26980590820312,298
2026-06-22 03:00:00,12,Kuzminki,46.61790084838867,298
2026-06-22 03:00:00,3,Moscow City,110.96772766113281,298
2026-06-22 03:00:00,8,Sheremetyevo,121.43437957763672,298
2026-06-22 03:00:00,4,Sokolniki,43.35878372192383,298
2026-06-22 03:00:00,5,Tagansky,48.7876091003418,298
2026-06-22 03:00:00,1,Tverskoy,87.25727081298828,298
2026-06-22 03:00:00,7,VDNH,52.103031158447266,298
2026-06-22 03:00:00,9,Vnukovo,113.15018463134766,298
2026-06-22 03:00:00,11,Yasenevo,42.237117767333984,298
2026-06-22 04:00:00,2,Arbat,75.8430404663086,299
2026-06-22 04:00:00,10,Domodedovo,105.26216125488281,299
2026-06-22 04:00:00,6,Khamovniki,78.72798156738281,299
2026-06-22 04:00:00,12,Kuzminki,49.055023193359375,299
2026-06-22 04:00:00,3,Moscow City,117.5092544555664,299
2026-06-22 04:00:00,8,Sheremetyevo,120.64818572998047,299
2026-06-22 04:00:00,4,Sokolniki,45.894657135009766,299
2026-06-22 04:00:00,5,Tagansky,50.409584045410156,299
2026-06-22 04:00:00,1,Tverskoy,86.28671264648438,299
2026-06-22 04:00:00,7,VDNH,54.19670867919922,299
2026-06-22 04:00:00,9,Vnukovo,111.04714965820312,299
2026-06-22 04:00:00,11,Yasenevo,44.356380462646484,299
2026-06-22 05:00:00,2,Arbat,75.03294372558594,300
2026-06-22 05:00:00,10,Domodedovo,102.80055236816406,300
2026-06-22 05:00:00,6,Khamovniki,82.14238739013672,300
2026-06-22 05:00:00,12,Kuzminki,51.501747131347656,300
2026-06-22 05:00:00,3,Moscow City,123.69937133789062,300
2026-06-22 05:00:00,8,Sheremetyevo,118.84161376953125,300
2026-06-22 05:00:00,4,Sokolniki,48.45362091064453,300
2026-06-22 05:00:00,5,Tagansky,52.23909378051758,300
2026-06-22 05:00:00,1,Tverskoy,86.4371337890625,300
2026-06-22 05:00:00,7,VDNH,56.35295486450195,300
2026-06-22 05:00:00,9,Vnukovo,107.81446838378906,300
2026-06-22 05:00:00,11,Yasenevo,46.40876388549805,300
2026-06-22 06:00:00,2,Arbat,74.82968139648438,301
2026-06-22 06:00:00,10,Domodedovo,99.62902069091797,301
2026-06-22 06:00:00,6,Khamovniki,85.31023406982422,301
2026-06-22 06:00:00,12,Kuzminki,53.80593490600586,301
2026-06-22 06:00:00,3,Moscow City,129.20201110839844,301
2026-06-22 06:00:00,8,Sheremetyevo,116.27421569824219,301
2026-06-22 06:00:00,4,Sokolniki,50.866493225097656,301
2026-06-22 06:00:00,5,Tagansky,54.16847610473633,301
2026-06-22 06:00:00,1,Tverskoy,87.4128646850586,301
2026-06-22 06:00:00,7,VDNH,58.402244567871094,301
2026-06-22 06:00:00,9,Vnukovo,103.82744598388672,301
2026-06-22 06:00:00,11,Yasenevo,48.26985168457031,301
2026-06-22 07:00:00,2,Arbat,75.1989974975586,302
2026-06-22 07:00:00,10,Domodedovo,96.2020492553711,302
2026-06-22 07:00:00,6,Khamovniki,87.8773193359375,302
2026-06-22 07:00:00,12,Kuzminki,55.806373596191406,302
2026-06-22 07:00:00,3,Moscow City,132.6420440673828,302
2026-06-22 07:00:00,8,Sheremetyevo,113.29206085205078,302
2026-06-22 07:00:00,4,Sokolniki,52.97575378417969,302
2026-06-22 07:00:00,5,Tagansky,56.08047866821289,302
2026-06-22 07:00:00,1,Tverskoy,89.13731384277344,302
2026-06-22 07:00:00,7,VDNH,60.11563491821289,302
2026-06-22 07:00:00,9,Vnukovo,99.57662963867188,302
2026-06-22 07:00:00,11,Yasenevo,49.77385330200195,302
2026-06-22 08:00:00,2,Arbat,76.0809555053711,303
2026-06-22 08:00:00,10,Domodedovo,92.87615966796875,303
2026-06-22 08:00:00,6,Khamovniki,89.0238265991211,303
2026-06-22 08:00:00,12,Kuzminki,57.28800582885742,303
2026-06-22 08:00:00,3,Moscow City,130.5834197998047,303
2026-06-22 08:00:00,8,Sheremetyevo,110.2154312133789,303
2026-06-22 08:00:00,4,Sokolniki,54.53103256225586,303
2026-06-22 08:00:00,5,Tagansky,57.85512924194336,303
2026-06-22 08:00:00,1,Tverskoy,91.59188842773438,303
2026-06-22 08:00:00,7,VDNH,61.08928298950195,303
2026-06-22 08:00:00,9,Vnukovo,95.52318572998047,303
2026-06-22 08:00:00,11,Yasenevo,50.56890106201172,303
2026-06-22 09:00:00,2,Arbat,77.4044189453125,304
2026-06-22 09:00:00,10,Domodedovo,89.88790130615234,304
2026-06-22 09:00:00,6,Khamovniki,87.57604217529297,304
2026-06-22 09:00:00,12,Kuzminki,57.83296203613281,304
2026-06-22 09:00:00,3,Moscow City,122.44937896728516,304
2026-06-22 09:00:00,8,Sheremetyevo,107.30396270751953,304
2026-06-22 09:00:00,4,Sokolniki,55.08229446411133,304
2026-06-22 09:00:00,5,Tagansky,59.37717819213867,304
2026-06-22 09:00:00,1,Tverskoy,94.82469940185547,304
2026-06-22 09:00:00,7,VDNH,60.78299331665039,304
2026-06-22 09:00:00,9,Vnukovo,92.00017547607422,304
2026-06-22 09:00:00,11,Yasenevo,50.0874137878418,304
2026-06-22 10:00:00,2,Arbat,79.0943603515625,305
2026-06-22 10:00:00,10,Domodedovo,87.3738784790039,305
2026-06-22 10:00:00,6,Khamovniki,83.73934173583984,305
2026-06-22 10:00:00,12,Kuzminki,57.02605438232422,305
2026-06-22 10:00:00,3,Moscow City,111.75371551513672,305
2026-06-22 10:00:00,8,Sheremetyevo,104.74986267089844,305
2026-06-22 10:00:00,4,Sokolniki,54.19718551635742,305
2026-06-22 10:00:00,5,Tagansky,60.51234436035156,305
2026-06-22 10:00:00,1,Tverskoy,98.8919677734375,305
2026-06-22 10:00:00,7,VDNH,59.13754653930664,305
2026-06-22 10:00:00,9,Vnukovo,89.22795867919922,305
2026-06-22 10:00:00,11,Yasenevo,48.255126953125,305
2026-06-22 11:00:00,2,Arbat,81.06986236572266,306
2026-06-22 11:00:00,10,Domodedovo,85.41026306152344,306
2026-06-22 11:00:00,6,Khamovniki,79.06903839111328,306
2026-06-22 11:00:00,12,Kuzminki,55.102115631103516,306
2026-06-22 11:00:00,3,Moscow City,101.40741729736328,306
2026-06-22 11:00:00,8,Sheremetyevo,102.68756866455078,306
2026-06-22 11:00:00,4,Sokolniki,51.987640380859375,306
2026-06-22 11:00:00,5,Tagansky,61.06095886230469,306
2026-06-22 11:00:00,1,Tverskoy,103.66631317138672,306
2026-06-22 11:00:00,7,VDNH,56.79454040527344,306
2026-06-22 11:00:00,9,Vnukovo,87.32041931152344,306
2026-06-22 11:00:00,11,Yasenevo,45.73672866821289,306
2026-06-22 12:00:00,2,Arbat,83.24150085449219,307
2026-06-22 12:00:00,10,Domodedovo,84.05781555175781,307
2026-06-22 12:00:00,6,Khamovniki,74.64726257324219,307
2026-06-22 12:00:00,12,Kuzminki,52.576385498046875,307
2026-06-22 12:00:00,3,Moscow City,92.37191009521484,307
2026-06-22 12:00:00,8,Sheremetyevo,101.20940399169922,307
2026-06-22 12:00:00,4,Sokolniki,49.081512451171875,307
2026-06-22 12:00:00,5,Tagansky,60.81367111206055,307
2026-06-22 12:00:00,1,Tverskoy,108.84842681884766,307
2026-06-22 12:00:00,7,VDNH,54.364227294921875,307
2026-06-22 12:00:00,9,Vnukovo,86.28279876708984,307
2026-06-22 12:00:00,11,Yasenevo,43.091575622558594,307
2026-06-22 13:00:00,2,Arbat,85.51106262207031,308
2026-06-22 13:00:00,10,Domodedovo,83.38096618652344,308
2026-06-22 13:00:00,6,Khamovniki,71.0914535522461,308
2026-06-22 13:00:00,12,Kuzminki,49.795719146728516,308
2026-06-22 13:00:00,3,Moscow City,85.77671813964844,308
2026-06-22 13:00:00,8,Sheremetyevo,100.37440490722656,308
2026-06-22 13:00:00,4,Sokolniki,46.003299713134766,308
2026-06-22 13:00:00,5,Tagansky,59.749366760253906,308
2026-06-22 13:00:00,1,Tverskoy,114.0859146118164,308
2026-06-22 13:00:00,7,VDNH,52.220157623291016,308
2026-06-22 13:00:00,9,Vnukovo,86.0495834350586,308
2026-06-22 13:00:00,11,Yasenevo,40.669639587402344,308
2026-06-22 14:00:00,2,Arbat,87.76944732666016,309
2026-06-22 14:00:00,10,Domodedovo,83.4142837524414,309
2026-06-22 14:00:00,6,Khamovniki,68.71581268310547,309
2026-06-22 14:00:00,12,Kuzminki,47.02402877807617,309
2026-06-22 14:00:00,3,Moscow City,82.18457794189453,309
2026-06-22 14:00:00,8,Sheremetyevo,100.21240997314453,309
2026-06-22 14:00:00,4,Sokolniki,43.08345031738281,309
2026-06-22 14:00:00,5,Tagansky,58.063507080078125,309
2026-06-22 14:00:00,1,Tverskoy,119.01070404052734,309
2026-06-22 14:00:00,7,VDNH,50.57026290893555,309
2026-06-22 14:00:00,9,Vnukovo,86.55027770996094,309
2026-06-22 14:00:00,11,Yasenevo,38.69896697998047,309
2026-06-22 15:00:00,2,Arbat,89.89639282226562,310
2026-06-22 15:00:00,10,Domodedovo,84.14640045166016,310
2026-06-22 15:00:00,6,Khamovniki,67.56611633300781,310
2026-06-22 15:00:00,12,Kuzminki,44.479835510253906,310
2026-06-22 15:00:00,3,Moscow City,81.2159194946289,310
2026-06-22 15:00:00,8,Sheremetyevo,100.73303985595703,310
2026-06-22 15:00:00,4,Sokolniki,40.559112548828125,310
2026-06-22 15:00:00,5,Tagansky,55.99722671508789,310
2026-06-22 15:00:00,1,Tverskoy,123.45077514648438,310
2026-06-22 15:00:00,7,VDNH,49.48014450073242,310
2026-06-22 15:00:00,9,Vnukovo,87.73148345947266,310
2026-06-22 15:00:00,11,Yasenevo,37.271427154541016,310
2026-06-22 16:00:00,2,Arbat,91.77397155761719,311
2026-06-22 16:00:00,10,Domodedovo,85.52360534667969,311
2026-06-22 16:00:00,6,Khamovniki,67.48037719726562,311
2026-06-22 16:00:00,12,Kuzminki,42.3065299987793,311
2026-06-22 16:00:00,3,Moscow City,82.09645080566406,311
2026-06-22 16:00:00,8,Sheremetyevo,101.92119598388672,311
2026-06-22 16:00:00,4,Sokolniki,38.562744140625,311
2026-06-22 16:00:00,5,Tagansky,53.78022384643555,311
2026-06-22 16:00:00,1,Tverskoy,127.33674621582031,311
2026-06-22 16:00:00,7,VDNH,48.896766662597656,311
2026-06-22 16:00:00,9,Vnukovo,89.54879760742188,311
2026-06-22 16:00:00,11,Yasenevo,36.37117385864258,311
2026-06-22 17:00:00,2,Arbat,93.29351806640625,312
2026-06-22 17:00:00,10,Domodedovo,87.45701599121094,312
2026-06-22 17:00:00,6,Khamovniki,68.03567504882812,312
2026-06-22 17:00:00,12,Kuzminki,40.572837829589844,312
2026-06-22 17:00:00,3,Moscow City,83.84915924072266,312
2026-06-22 17:00:00,8,Sheremetyevo,103.71723175048828,312
2026-06-22 17:00:00,4,Sokolniki,37.07709503173828,312
2026-06-22 17:00:00,5,Tagansky,51.634273529052734,312
2026-06-22 17:00:00,1,Tverskoy,130.34860229492188,312
2026-06-22 17:00:00,7,VDNH,48.658447265625,312
2026-06-22 17:00:00,9,Vnukovo,91.9601821899414,312
2026-06-22 17:00:00,11,Yasenevo,35.8985481262207,312
2026-06-22 18:00:00,2,Arbat,94.3284912109375,313
2026-06-22 18:00:00,10,Domodedovo,89.846435546875,313
2026-06-22 18:00:00,6,Khamovniki,68.68620300292969,313
2026-06-22 18:00:00,12,Kuzminki,39.278900146484375,313
2026-06-22 18:00:00,3,Moscow City,85.28385925292969,313
2026-06-22 18:00:00,8,Sheremetyevo,106.02381134033203,313
2026-06-22 18:00:00,4,Sokolniki,35.963951110839844,313
2026-06-22 18:00:00,5,Tagansky,49.73018264770508,313
2026-06-22 18:00:00,1,Tverskoy,131.71539306640625,313
2026-06-22 18:00:00,7,VDNH,48.54057312011719,313
2026-06-22 18:00:00,9,Vnukovo,94.89170837402344,313
2026-06-22 18:00:00,11,Yasenevo,35.697269439697266,313
2026-06-22 19:00:00,2,Arbat,94.71058654785156,314
2026-06-22 19:00:00,10,Domodedovo,92.60367584228516,314
2026-06-22 19:00:00,6,Khamovniki,68.95838165283203,314
2026-06-22 19:00:00,12,Kuzminki,38.3707160949707,314
2026-06-22 19:00:00,3,Moscow City,85.15176391601562,314
2026-06-22 19:00:00,8,Sheremetyevo,108.73355865478516,314
2026-06-22 19:00:00,4,Sokolniki,35.080360412597656,314
2026-06-22 19:00:00,5,Tagansky,48.16499710083008,314
2026-06-22 19:00:00,1,Tverskoy,130.4160614013672,314
2026-06-22 19:00:00,7,VDNH,48.346336364746094,314
2026-06-22 19:00:00,9,Vnukovo,98.21578979492188,314
2026-06-22 19:00:00,11,Yasenevo,35.630496978759766,314
2026-06-22 20:00:00,2,Arbat,94.27318572998047,315
2026-06-22 20:00:00,10,Domodedovo,95.6429672241211,315
2026-06-22 20:00:00,6,Khamovniki,68.59445190429688,315
2026-06-22 20:00:00,12,Kuzminki,37.78995895385742,315
2026-06-22 20:00:00,3,Moscow City,83.22097778320312,315
2026-06-22 20:00:00,8,Sheremetyevo,111.73978424072266,315
2026-06-22 20:00:00,4,Sokolniki,34.35822296142578,315
2026-06-22 20:00:00,5,Tagansky,46.97863006591797,315
2026-06-22 20:00:00,1,Tverskoy,126.29747009277344,315
2026-06-22 20:00:00,7,VDNH,47.995216369628906,315
2026-06-22 20:00:00,9,Vnukovo,101.76358032226562,315
2026-06-22 20:00:00,11,Yasenevo,35.62327194213867,315
2026-06-22 21:00:00,2,Arbat,92.96084594726562,316
2026-06-22 21:00:00,10,Domodedovo,98.85015106201172,316
2026-06-22 21:00:00,6,Khamovniki,67.75591278076172,316
2026-06-22 21:00:00,12,Kuzminki,37.51789093017578,316
2026-06-22 21:00:00,3,Moscow City,80.70204162597656,316
2026-06-22 21:00:00,8,Sheremetyevo,114.92644500732422,316
2026-06-22 21:00:00,4,Sokolniki,33.80373001098633,316
2026-06-22 21:00:00,5,Tagansky,46.1766242980957,316
2026-06-22 21:00:00,1,Tverskoy,120.08277893066406,316
2026-06-22 21:00:00,7,VDNH,47.55770492553711,316
2026-06-22 21:00:00,9,Vnukovo,105.33606719970703,316
2026-06-22 21:00:00,11,Yasenevo,35.66590881347656,316
2026-06-22 22:00:00,2,Arbat,90.88482666015625,317
2026-06-22 22:00:00,10,Domodedovo,102.06774139404297,317
2026-06-22 22:00:00,6,Khamovniki,66.95108795166016,317
2026-06-22 22:00:00,12,Kuzminki,37.56462478637695,317
2026-06-22 22:00:00,3,Moscow City,78.84043884277344,317
2026-06-22 22:00:00,8,Sheremetyevo,118.1561279296875,317
2026-06-22 22:00:00,4,Sokolniki,33.48356246948242,317
2026-06-22 22:00:00,5,Tagansky,45.75292205810547,317
2026-06-22 22:00:00,1,Tverskoy,112.72515869140625,317
2026-06-22 22:00:00,7,VDNH,47.200462341308594,317
2026-06-22 22:00:00,9,Vnukovo,108.6966781616211,317
2026-06-22 22:00:00,11,Yasenevo,35.818878173828125,317
2026-06-22 23:00:00,2,Arbat,88.29153442382812,318
2026-06-22 23:00:00,10,Domodedovo,105.11016082763672,318
2026-06-22 23:00:00,6,Khamovniki,66.69120788574219,318
2026-06-22 23:00:00,12,Kuzminki,37.94814682006836,318
2026-06-22 23:00:00,3,Moscow City,78.29243469238281,318
2026-06-22 23:00:00,8,Sheremetyevo,121.2677001953125,318
2026-06-22 23:00:00,4,Sokolniki,33.49774932861328,318
2026-06-22 23:00:00,5,Tagansky,45.70513916015625,318
2026-06-22 23:00:00,1,Tverskoy,105.28410339355469,318
2026-06-22 23:00:00,7,VDNH,47.10151290893555,318
2026-06-22 23:00:00,9,Vnukovo,111.60332489013672,318
2026-06-22 23:00:00,11,Yasenevo,36.2061882019043,318
2026-06-23 00:00:00,2,Arbat,85.4948959350586,319
2026-06-23 00:00:00,10,Domodedovo,107.80622100830078,319
2026-06-23 00:00:00,6,Khamovniki,67.30980682373047,319
2026-06-23 00:00:00,12,Kuzminki,38.72733688354492,319
2026-06-23 00:00:00,3,Moscow City,79.6552505493164,319
2026-06-23 00:00:00,8,Sheremetyevo,124.08432006835938,319
2026-06-23 00:00:00,4,Sokolniki,33.9427375793457,319
2026-06-23 00:00:00,5,Tagansky,46.029117584228516,319
2026-06-23 00:00:00,1,Tverskoy,98.41654205322266,319
2026-06-23 00:00:00,7,VDNH,47.40332794189453,319
2026-06-23 00:00:00,9,Vnukovo,113.84678649902344,319
2026-06-23 00:00:00,11,Yasenevo,36.976375579833984,319
2026-06-23 01:00:00,2,Arbat,82.78404998779297,320
2026-06-23 01:00:00,10,Domodedovo,110.00657653808594,320
2026-06-23 01:00:00,6,Khamovniki,68.88359832763672,320
2026-06-23 01:00:00,12,Kuzminki,39.9797477722168,320
2026-06-23 01:00:00,3,Moscow City,82.97027587890625,320
2026-06-23 01:00:00,8,Sheremetyevo,126.4150390625,320
2026-06-23 01:00:00,4,Sokolniki,34.91328048706055,320
2026-06-23 01:00:00,5,Tagansky,46.71514892578125,320
2026-06-23 01:00:00,1,Tverskoy,92.62657928466797,320
2026-06-23 01:00:00,7,VDNH,48.17206573486328,320
2026-06-23 01:00:00,9,Vnukovo,115.1741943359375,320
2026-06-23 01:00:00,11,Yasenevo,38.201416015625,320
2026-06-23 02:00:00,2,Arbat,80.38134765625,321
2026-06-23 02:00:00,10,Domodedovo,111.48649597167969,321
2026-06-23 02:00:00,6,Khamovniki,71.213623046875,321
2026-06-23 02:00:00,12,Kuzminki,41.68428039550781,321
2026-06-23 02:00:00,3,Moscow City,87.61127471923828,321
2026-06-23 02:00:00,8,Sheremetyevo,128.01351928710938,321
2026-06-23 02:00:00,4,Sokolniki,36.44322967529297,321
2026-06-23 02:00:00,5,Tagansky,47.75297546386719,321
2026-06-23 02:00:00,1,Tverskoy,88.41407012939453,321
2026-06-23 02:00:00,7,VDNH,49.3626594543457,321
2026-06-23 02:00:00,9,Vnukovo,115.24983215332031,321
2026-06-23 02:00:00,11,Yasenevo,39.784088134765625,321
2026-06-23 03:00:00,2,Arbat,78.44657897949219,322
2026-06-23 03:00:00,10,Domodedovo,111.84380340576172,322
2026-06-23 03:00:00,6,Khamovniki,73.97111511230469,322
2026-06-23 03:00:00,12,Kuzminki,43.688480377197266,322
2026-06-23 03:00:00,3,Moscow City,92.8470687866211,322
2026-06-23 03:00:00,8,Sheremetyevo,128.52081298828125,322
2026-06-23 03:00:00,4,Sokolniki,38.394622802734375,322
2026-06-23 03:00:00,5,Tagansky,49.11494445800781,322
2026-06-23 03:00:00,1,Tverskoy,85.94255828857422,322
2026-06-23 03:00:00,7,VDNH,50.85749435424805,322
2026-06-23 03:00:00,9,Vnukovo,113.78836822509766,322
2026-06-23 03:00:00,11,Yasenevo,41.5478630065918,322
2026-06-23 04:00:00,2,Arbat,77.08322143554688,323
2026-06-23 04:00:00,10,Domodedovo,110.61489868164062,323
2026-06-23 04:00:00,6,Khamovniki,76.86299896240234,323
2026-06-23 04:00:00,12,Kuzminki,45.83140563964844,323
2026-06-23 04:00:00,3,Moscow City,98.19734191894531,323
2026-06-23 04:00:00,8,Sheremetyevo,127.53529357910156,323
2026-06-23 04:00:00,4,Sokolniki,40.555992126464844,323
2026-06-23 04:00:00,5,Tagansky,50.73503875732422,323
2026-06-23 04:00:00,1,Tverskoy,84.96382141113281,323
2026-06-23 04:00:00,7,VDNH,52.51325988769531,323
2026-06-23 04:00:00,9,Vnukovo,110.7729721069336,323
2026-06-23 04:00:00,11,Yasenevo,43.33943176269531,323
2026-06-23 05:00:00,2,Arbat,76.34136199951172,324
2026-06-23 05:00:00,10,Domodedovo,107.68177795410156,324
2026-06-23 05:00:00,6,Khamovniki,79.64767456054688,324
2026-06-23 05:00:00,12,Kuzminki,47.98250961303711,324
2026-06-23 05:00:00,3,Moscow City,103.31798553466797,324
2026-06-23 05:00:00,8,Sheremetyevo,124.91049194335938,324
2026-06-23 05:00:00,4,Sokolniki,42.755699157714844,324
2026-06-23 05:00:00,5,Tagansky,52.512939453125,324
2026-06-23 05:00:00,1,Tverskoy,85.0872573852539,324
2026-06-23 05:00:00,7,VDNH,54.17123794555664,324
2026-06-23 05:00:00,9,Vnukovo,106.57556915283203,324
2026-06-23 05:00:00,11,Yasenevo,45.01605987548828,324
2026-06-23 06:00:00,2,Arbat,76.22620391845703,325
2026-06-23 06:00:00,10,Domodedovo,103.45675659179688,325
2026-06-23 06:00:00,6,Khamovniki,82.01597595214844,325
2026-06-23 06:00:00,12,Kuzminki,49.990516662597656,325
2026-06-23 06:00:00,3,Moscow City,107.70732879638672,325
2026-06-23 06:00:00,8,Sheremetyevo,120.9867172241211,325
2026-06-23 06:00:00,4,Sokolniki,44.82306671142578,325
2026-06-23 06:00:00,5,Tagansky,54.33406066894531,325
2026-06-23 06:00:00,1,Tverskoy,86.01945495605469,325
2026-06-23 06:00:00,7,VDNH,55.62482833862305,325
2026-06-23 06:00:00,9,Vnukovo,101.8301010131836,325
2026-06-23 06:00:00,11,Yasenevo,46.40314483642578,325
2026-06-23 07:00:00,2,Arbat,76.70855712890625,326
2026-06-23 07:00:00,10,Domodedovo,98.66221618652344,326
2026-06-23 07:00:00,6,Khamovniki,83.37677764892578,326
2026-06-23 07:00:00,12,Kuzminki,51.67194366455078,326
2026-06-23 07:00:00,3,Moscow City,110.13782501220703,326
2026-06-23 07:00:00,8,Sheremetyevo,116.40933990478516,326
2026-06-23 07:00:00,4,Sokolniki,46.54476547241211,326
2026-06-23 07:00:00,5,Tagansky,56.07634353637695,326
2026-06-23 07:00:00,1,Tverskoy,87.68499755859375,326
2026-06-23 07:00:00,7,VDNH,56.55184555053711,326
2026-06-23 07:00:00,9,Vnukovo,97.11367797851562,326
2026-06-23 07:00:00,11,Yasenevo,47.232086181640625,326
2026-06-23 08:00:00,2,Arbat,77.73009490966797,327
2026-06-23 08:00:00,10,Domodedovo,93.98554992675781,327
2026-06-23 08:00:00,6,Khamovniki,82.81485748291016,327
2026-06-23 08:00:00,12,Kuzminki,52.81016540527344,327
2026-06-23 08:00:00,3,Moscow City,108.81118774414062,327
2026-06-23 08:00:00,8,Sheremetyevo,111.78958129882812,327
2026-06-23 08:00:00,4,Sokolniki,47.636226654052734,327
2026-06-23 08:00:00,5,Tagansky,57.61041259765625,327
2026-06-23 08:00:00,1,Tverskoy,90.07614135742188,327
2026-06-23 08:00:00,7,VDNH,56.535518646240234,327
2026-06-23 08:00:00,9,Vnukovo,92.81275177001953,327
2026-06-23 08:00:00,11,Yasenevo,47.10669708251953,327
2026-06-23 09:00:00,2,Arbat,79.20962524414062,328
2026-06-23 09:00:00,10,Domodedovo,89.87377166748047,328
2026-06-23 09:00:00,6,Khamovniki,79.92117309570312,328
2026-06-23 09:00:00,12,Kuzminki,53.12749481201172,328
2026-06-23 09:00:00,3,Moscow City,104.00945281982422,328
2026-06-23 09:00:00,8,Sheremetyevo,107.55426025390625,328
2026-06-23 09:00:00,4,Sokolniki,47.72032165527344,328
2026-06-23 09:00:00,5,Tagansky,58.80485534667969,328
2026-06-23 09:00:00,1,Tverskoy,93.23674774169922,328
2026-06-23 09:00:00,7,VDNH,55.38053894042969,328
2026-06-23 09:00:00,9,Vnukovo,89.18980407714844,328
2026-06-23 09:00:00,11,Yasenevo,45.77888107299805,328
2026-06-23 10:00:00,2,Arbat,81.05616760253906,329
2026-06-23 10:00:00,10,Domodedovo,86.55462646484375,329
2026-06-23 10:00:00,6,Khamovniki,75.63534545898438,329
2026-06-23 10:00:00,12,Kuzminki,52.428443908691406,329
2026-06-23 10:00:00,3,Moscow City,97.82978820800781,329
2026-06-23 10:00:00,8,Sheremetyevo,103.96519470214844,329
2026-06-23 10:00:00,4,Sokolniki,46.599239349365234,329
2026-06-23 10:00:00,5,Tagansky,59.50499725341797,329
2026-06-23 10:00:00,1,Tverskoy,97.22518157958984,329
2026-06-23 10:00:00,7,VDNH,53.40174865722656,329
2026-06-23 10:00:00,9,Vnukovo,86.42070770263672,329
2026-06-23 10:00:00,11,Yasenevo,43.55817413330078,329
2026-06-23 11:00:00,2,Arbat,83.1767349243164,330
2026-06-23 11:00:00,10,Domodedovo,84.10552978515625,330
2026-06-23 11:00:00,6,Khamovniki,71.22454071044922,330
2026-06-23 11:00:00,12,Kuzminki,50.843265533447266,330
2026-06-23 11:00:00,3,Moscow City,91.72669219970703,330
2026-06-23 11:00:00,8,Sheremetyevo,101.16262817382812,330
2026-06-23 11:00:00,4,Sokolniki,44.60297775268555,330
2026-06-23 11:00:00,5,Tagansky,59.51515579223633,330
2026-06-23 11:00:00,1,Tverskoy,101.93047332763672,330
2026-06-23 11:00:00,7,VDNH,51.173370361328125,330
2026-06-23 11:00:00,9,Vnukovo,84.56610870361328,330
2026-06-23 11:00:00,11,Yasenevo,41.054542541503906,330
2026-06-23 12:00:00,2,Arbat,85.47435760498047,331
2026-06-23 12:00:00,10,Domodedovo,82.50963592529297,331
2026-06-23 12:00:00,6,Khamovniki,67.4017562866211,331
2026-06-23 12:00:00,12,Kuzminki,48.75116729736328,331
2026-06-23 12:00:00,3,Moscow City,86.64723205566406,331
2026-06-23 12:00:00,8,Sheremetyevo,99.18672180175781,331
2026-06-23 12:00:00,4,Sokolniki,42.24098205566406,331
2026-06-23 12:00:00,5,Tagansky,58.67356491088867,331
2026-06-23 12:00:00,1,Tverskoy,107.06661224365234,331
2026-06-23 12:00:00,7,VDNH,49.10575866699219,331
2026-06-23 12:00:00,9,Vnukovo,83.58222198486328,331
2026-06-23 12:00:00,11,Yasenevo,38.69078063964844,331
2026-06-23 13:00:00,2,Arbat,87.84262084960938,332
2026-06-23 13:00:00,10,Domodedovo,81.71965789794922,332
2026-06-23 13:00:00,6,Khamovniki,64.49697875976562,332
2026-06-23 13:00:00,12,Kuzminki,46.450408935546875,332
2026-06-23 13:00:00,3,Moscow City,83.23699951171875,332
2026-06-23 13:00:00,8,Sheremetyevo,98.00477600097656,332
2026-06-23 13:00:00,4,Sokolniki,39.8675537109375,332
2026-06-23 13:00:00,5,Tagansky,56.99123001098633,332
2026-06-23 13:00:00,1,Tverskoy,112.28303527832031,332
2026-06-23 13:00:00,7,VDNH,47.40061569213867,332
2026-06-23 13:00:00,9,Vnukovo,83.383056640625,332
2026-06-23 13:00:00,11,Yasenevo,36.692100524902344,332
2026-06-23 14:00:00,2,Arbat,90.16207885742188,333
2026-06-23 14:00:00,10,Domodedovo,81.67900085449219,333
2026-06-23 14:00:00,6,Khamovniki,62.572662353515625,333
2026-06-23 14:00:00,12,Kuzminki,44.16987991333008,333
2026-06-23 14:00:00,3,Moscow City,81.60179901123047,333
2026-06-23 14:00:00,8,Sheremetyevo,97.54907989501953,333
2026-06-23 14:00:00,4,Sokolniki,37.73119354248047,333
2026-06-23 14:00:00,5,Tagansky,54.70822525024414,333
2026-06-23 14:00:00,1,Tverskoy,117.21086120605469,333
2026-06-23 14:00:00,7,VDNH,46.127655029296875,333
2026-06-23 14:00:00,9,Vnukovo,83.8738021850586,333
2026-06-23 14:00:00,11,Yasenevo,35.15032958984375,333
2026-06-23 15:00:00,2,Arbat,92.30470275878906,334
2026-06-23 15:00:00,10,Domodedovo,82.29015350341797,334
2026-06-23 15:00:00,6,Khamovniki,61.53631591796875,334
2026-06-23 15:00:00,12,Kuzminki,42.104976654052734,334
2026-06-23 15:00:00,3,Moscow City,81.29656219482422,334
2026-06-23 15:00:00,8,Sheremetyevo,97.73595428466797,334
2026-06-23 15:00:00,4,Sokolniki,36.014732360839844,334
2026-06-23 15:00:00,5,Tagansky,52.180686950683594,334
2026-06-23 15:00:00,1,Tverskoy,121.67982482910156,334
2026-06-23 15:00:00,7,VDNH,45.27796936035156,334
2026-06-23 15:00:00,9,Vnukovo,84.9720230102539,334
2026-06-23 15:00:00,11,Yasenevo,34.055973052978516,334
2026-06-23 16:00:00,2,Arbat,94.14824676513672,335
2026-06-23 16:00:00,10,Domodedovo,83.44762420654297,335
2026-06-23 16:00:00,6,Khamovniki,61.30608367919922,335
2026-06-23 16:00:00,12,Kuzminki,40.38373947143555,335
2026-06-23 16:00:00,3,Moscow City,82.24767303466797,335
2026-06-23 16:00:00,8,Sheremetyevo,98.478515625,335
2026-06-23 16:00:00,4,Sokolniki,34.77962875366211,335
2026-06-23 16:00:00,5,Tagansky,49.730194091796875,335
2026-06-23 16:00:00,1,Tverskoy,125.63688659667969,335
2026-06-23 16:00:00,7,VDNH,44.80678176879883,335
2026-06-23 16:00:00,9,Vnukovo,86.63661193847656,335
2026-06-23 16:00:00,11,Yasenevo,33.351802825927734,335
2026-06-23 17:00:00,2,Arbat,95.57207489013672,336
2026-06-23 17:00:00,10,Domodedovo,85.08434295654297,336
2026-06-23 17:00:00,6,Khamovniki,61.7311897277832,336
2026-06-23 17:00:00,12,Kuzminki,39.05995559692383,336
2026-06-23 17:00:00,3,Moscow City,84.45569610595703,336
2026-06-23 17:00:00,8,Sheremetyevo,99.70692443847656,336
2026-06-23 17:00:00,4,Sokolniki,33.96870803833008,336
2026-06-23 17:00:00,5,Tagansky,47.56759262084961,336
2026-06-23 17:00:00,1,Tverskoy,128.793212890625,336
2026-06-23 17:00:00,7,VDNH,44.641883850097656,336
2026-06-23 17:00:00,9,Vnukovo,88.85340118408203,336
2026-06-23 17:00:00,11,Yasenevo,32.98670959472656,336
