timestamp,zone_id,zone_name,actual,model_prediction,baseline_last,baseline_day_ago
2026-05-29 21:00:00,1,Tverskoy,131.0,129.17502,127.0,125.0
2026-05-29 21:00:00,2,Arbat,93.0,96.02941,95.0,89.0
2026-05-29 21:00:00,4,Sokolniki,60.0,59.54728,63.0,59.0
2026-05-29 21:00:00,5,Tagansky,73.0,76.14137,79.0,74.0
2026-05-29 21:00:00,6,Khamovniki,88.0,93.58817,98.0,88.0
2026-05-29 21:00:00,7,VDNH,60.0,63.966393,66.0,65.0
2026-05-29 21:00:00,8,Sheremetyevo,148.0,145.77219,138.0,150.0
2026-05-29 21:00:00,9,Vnukovo,112.0,120.97584,115.0,109.0
2026-05-29 21:00:00,10,Domodedovo,142.0,141.59863,136.0,141.0
2026-05-29 21:00:00,11,Yasenevo,47.0,46.453636,48.0,52.0
2026-05-29 22:00:00,1,Tverskoy,135.0,130.15865,131.0,123.0
2026-05-29 22:00:00,2,Arbat,91.0,92.98688,93.0,94.0
2026-05-29 22:00:00,3,Moscow City,137.0,144.45184,153.0,141.0
2026-05-29 22:00:00,4,Sokolniki,55.0,56.644787,60.0,57.0
2026-05-29 22:00:00,5,Tagansky,72.0,71.2097,73.0,74.0
2026-05-29 22:00:00,6,Khamovniki,90.0,85.48694,88.0,88.0
2026-05-29 22:00:00,7,VDNH,60.0,59.14027,60.0,62.0
2026-05-29 22:00:00,8,Sheremetyevo,158.0,155.91116,148.0,163.0
2026-05-29 22:00:00,9,Vnukovo,122.0,118.029945,112.0,122.0
2026-05-29 22:00:00,10,Domodedovo,148.0,147.64758,142.0,143.0
2026-05-29 22:00:00,11,Yasenevo,50.0,45.477898,47.0,44.0
2026-05-29 22:00:00,12,Kuzminki,56.0,56.061184,59.0,53.0
2026-05-29 23:00:00,1,Tverskoy,139.0,131.62279,135.0,128.0
2026-05-29 23:00:00,2,Arbat,97.0,89.51729,91.0,93.0
2026-05-29 23:00:00,3,Moscow City,132.0,132.99077,137.0,126.0
2026-05-29 23:00:00,4,Sokolniki,52.0,52.828606,55.0,52.0
2026-05-29 23:00:00,5,Tagansky,71.0,70.36438,72.0,65.0
2026-05-29 23:00:00,6,Khamovniki,85.0,87.65604,90.0,83.0
2026-05-29 23:00:00,7,VDNH,63.0,59.367996,60.0,59.0
2026-05-29 23:00:00,8,Sheremetyevo,174.0,165.79683,158.0,164.0
2026-05-29 23:00:00,9,Vnukovo,124.0,128.28516,122.0,118.0
2026-05-29 23:00:00,10,Domodedovo,153.0,153.6696,148.0,150.0
2026-05-29 23:00:00,11,Yasenevo,45.0,48.044445,50.0,44.0
2026-05-29 23:00:00,12,Kuzminki,51.0,53.605885,56.0,53.0
2026-05-30 00:00:00,1,Tverskoy,103.0,134.58566,139.0,99.0
2026-05-30 00:00:00,2,Arbat,73.0,94.51062,97.0,76.0
2026-05-30 00:00:00,3,Moscow City,121.0,130.43494,132.0,134.0
2026-05-30 00:00:00,4,Sokolniki,54.0,51.276478,52.0,52.0
2026-05-30 00:00:00,5,Tagansky,61.0,70.63266,71.0,70.0
2026-05-30 00:00:00,6,Khamovniki,75.0,84.932434,85.0,86.0
2026-05-30 00:00:00,7,VDNH,59.0,62.08401,63.0,55.0
2026-05-30 00:00:00,8,Sheremetyevo,145.0,180.39334,174.0,168.0
2026-05-30 00:00:00,9,Vnukovo,114.0,129.92046,124.0,133.0
2026-05-30 00:00:00,10,Domodedovo,136.0,158.40047,153.0,153.0
2026-05-30 00:00:00,11,Yasenevo,40.0,44.568558,45.0,42.0
2026-05-30 00:00:00,12,Kuzminki,45.0,50.137135,51.0,50.0
2026-05-30 01:00:00,1,Tverskoy,95.0,103.23847,103.0,98.0
2026-05-30 01:00:00,2,Arbat,70.0,73.17697,73.0,73.0
2026-05-30 01:00:00,3,Moscow City,127.0,123.59869,121.0,135.0
2026-05-30 01:00:00,4,Sokolniki,56.0,54.08118,54.0,50.0
2026-05-30 01:00:00,5,Tagansky,62.0,62.592064,61.0,70.0
2026-05-30 01:00:00,6,Khamovniki,82.0,77.21048,75.0,83.0
2026-05-30 01:00:00,7,VDNH,56.0,59.242504,59.0,60.0
2026-05-30 01:00:00,8,Sheremetyevo,150.0,151.2663,145.0,170.0
2026-05-30 01:00:00,9,Vnukovo,114.0,119.53892,114.0,127.0
2026-05-30 01:00:00,10,Domodedovo,139.0,141.88885,136.0,158.0
2026-05-30 01:00:00,11,Yasenevo,40.0,40.554188,40.0,43.0
2026-05-30 01:00:00,12,Kuzminki,50.0,45.909428,45.0,46.0
2026-05-30 02:00:00,1,Tverskoy,104.0,96.01798,95.0,101.0
2026-05-30 02:00:00,2,Arbat,73.0,70.34519,70.0,75.0
2026-05-30 02:00:00,3,Moscow City,120.0,132.929,127.0,134.0
2026-05-30 02:00:00,4,Sokolniki,52.0,57.244495,56.0,55.0
2026-05-30 02:00:00,5,Tagansky,63.0,64.526215,62.0,73.0
2026-05-30 02:00:00,6,Khamovniki,82.0,85.19187,82.0,86.0
2026-05-30 02:00:00,7,VDNH,54.0,57.58331,56.0,57.0
2026-05-30 02:00:00,8,Sheremetyevo,157.0,156.56639,150.0,170.0
2026-05-30 02:00:00,9,Vnukovo,116.0,119.27917,114.0,136.0
2026-05-30 02:00:00,10,Domodedovo,142.0,144.75656,139.0,164.0
2026-05-30 02:00:00,11,Yasenevo,39.0,41.72211,40.0,47.0
2026-05-30 02:00:00,12,Kuzminki,50.0,52.550323,50.0,50.0
2026-05-30 03:00:00,1,Tverskoy,97.0,104.962524,104.0,110.0
2026-05-30 03:00:00,2,Arbat,69.0,73.45646,73.0,76.0
2026-05-30 03:00:00,3,Moscow City,127.0,129.13951,120.0,133.0
2026-05-30 03:00:00,4,Sokolniki,48.0,54.932713,52.0,52.0
2026-05-30 03:00:00,5,Tagansky,64.0,66.57465,63.0,66.0
2026-05-30 03:00:00,6,Khamovniki,80.0,86.76919,82.0,85.0
2026-05-30 03:00:00,7,VDNH,55.0,56.778694,54.0,60.0
2026-05-30 03:00:00,8,Sheremetyevo,163.0,164.38757,157.0,180.0
2026-05-30 03:00:00,9,Vnukovo,117.0,121.31097,116.0,131.0
2026-05-30 03:00:00,10,Domodedovo,141.0,147.58522,142.0,163.0
2026-05-30 03:00:00,11,Yasenevo,43.0,41.400097,39.0,46.0
2026-05-30 03:00:00,12,Kuzminki,49.0,53.318764,50.0,57.0
2026-05-30 04:00:00,1,Tverskoy,102.0,100.96013,97.0,105.0
2026-05-30 04:00:00,2,Arbat,67.0,70.59629,69.0,73.0
2026-05-30 04:00:00,3,Moscow City,133.0,137.7436,127.0,142.0
2026-05-30 04:00:00,4,Sokolniki,50.0,51.668644,48.0,56.0
2026-05-30 04:00:00,5,Tagansky,65.0,68.09937,64.0,75.0
2026-05-30 04:00:00,6,Khamovniki,82.0,85.57532,80.0,87.0
2026-05-30 04:00:00,7,VDNH,58.0,58.538273,55.0,61.0
2026-05-30 04:00:00,8,Sheremetyevo,157.0,169.12578,163.0,178.0
2026-05-30 04:00:00,9,Vnukovo,115.0,121.88006,117.0,127.0
2026-05-30 04:00:00,10,Domodedovo,138.0,145.94136,141.0,156.0
2026-05-30 04:00:00,11,Yasenevo,42.0,45.808914,43.0,48.0
2026-05-30 04:00:00,12,Kuzminki,49.0,52.51511,49.0,54.0
2026-05-30 05:00:00,1,Tverskoy,99.0,106.99012,102.0,110.0
2026-05-30 05:00:00,2,Arbat,71.0,69.43214,67.0,74.0
2026-05-30 05:00:00,3,Moscow City,138.0,144.55356,133.0,151.0
2026-05-30 05:00:00,4,Sokolniki,55.0,54.19016,50.0,59.0
2026-05-30 05:00:00,5,Tagansky,70.0,69.36819,65.0,73.0
2026-05-30 05:00:00,6,Khamovniki,86.0,88.24007,82.0,89.0
2026-05-30 05:00:00,7,VDNH,56.0,62.141403,58.0,60.0
2026-05-30 05:00:00,8,Sheremetyevo,157.0,160.32712,157.0,178.0
2026-05-30 05:00:00,9,Vnukovo,117.0,118.27408,115.0,133.0
2026-05-30 05:00:00,10,Domodedovo,144.0,141.49313,138.0,154.0
2026-05-30 05:00:00,11,Yasenevo,48.0,44.96585,42.0,45.0
2026-05-30 05:00:00,12,Kuzminki,49.0,52.755375,49.0,59.0
2026-05-30 06:00:00,1,Tverskoy,97.0,103.36152,99.0,107.0
2026-05-30 06:00:00,2,Arbat,66.0,73.44056,71.0,74.0
2026-05-30 06:00:00,3,Moscow City,156.0,149.92712,138.0,163.0
2026-05-30 06:00:00,4,Sokolniki,60.0,59.62505,55.0,64.0
2026-05-30 06:00:00,5,Tagansky,69.0,74.594185,70.0,78.0
2026-05-30 06:00:00,6,Khamovniki,92.0,92.63452,86.0,97.0
2026-05-30 06:00:00,7,VDNH,61.0,60.164932,56.0,68.0
2026-05-30 06:00:00,8,Sheremetyevo,150.0,157.83044,157.0,170.0
2026-05-30 06:00:00,9,Vnukovo,115.0,118.28022,117.0,131.0
2026-05-30 06:00:00,10,Domodedovo,140.0,145.442,144.0,156.0
2026-05-30 06:00:00,11,Yasenevo,48.0,51.09448,48.0,52.0
2026-05-30 06:00:00,12,Kuzminki,56.0,52.922195,49.0,59.0
2026-05-30 07:00:00,1,Tverskoy,92.0,101.69143,97.0,108.0
2026-05-30 07:00:00,2,Arbat,70.0,68.74332,66.0,72.0
2026-05-30 07:00:00,3,Moscow City,163.0,168.34483,156.0,190.0
2026-05-30 07:00:00,4,Sokolniki,58.0,64.48879,60.0,64.0
2026-05-30 07:00:00,5,Tagansky,73.0,73.52149,69.0,81.0
2026-05-30 07:00:00,6,Khamovniki,95.0,98.481415,92.0,106.0
2026-05-30 07:00:00,7,VDNH,69.0,65.09099,61.0,73.0
2026-05-30 07:00:00,8,Sheremetyevo,146.0,149.93683,150.0,154.0
2026-05-30 07:00:00,9,Vnukovo,117.0,115.6345,115.0,121.0
2026-05-30 07:00:00,10,Domodedovo,131.0,140.74709,140.0,152.0
2026-05-30 07:00:00,11,Yasenevo,51.0,50.96039,48.0,52.0
2026-05-30 07:00:00,12,Kuzminki,60.0,60.06972,56.0,58.0
2026-05-30 08:00:00,1,Tverskoy,98.0,97.31684,92.0,102.0
2026-05-30 08:00:00,2,Arbat,73.0,72.562004,70.0,74.0
2026-05-30 08:00:00,3,Moscow City,168.0,172.19084,163.0,187.0
2026-05-30 08:00:00,4,Sokolniki,61.0,61.473667,58.0,68.0
2026-05-30 08:00:00,5,Tagansky,78.0,76.99756,73.0,84.0
2026-05-30 08:00:00,6,Khamovniki,92.0,100.11294,95.0,105.0
2026-05-30 08:00:00,7,VDNH,65.0,72.275246,69.0,75.0
2026-05-30 08:00:00,8,Sheremetyevo,144.0,145.52736,146.0,154.0
2026-05-30 08:00:00,9,Vnukovo,108.0,116.272095,117.0,118.0
2026-05-30 08:00:00,10,Domodedovo,130.0,131.71053,131.0,143.0
2026-05-30 08:00:00,11,Yasenevo,50.0,53.22728,51.0,53.0
2026-05-30 08:00:00,12,Kuzminki,57.0,62.637356,60.0,63.0
2026-05-30 09:00:00,1,Tverskoy,93.0,103.07031,98.0,107.0
2026-05-30 09:00:00,2,Arbat,66.0,75.479614,73.0,76.0
2026-05-30 09:00:00,3,Moscow City,160.0,167.74406,168.0,185.0
2026-05-30 09:00:00,4,Sokolniki,61.0,62.36538,61.0,70.0
2026-05-30 09:00:00,5,Tagansky,76.0,80.44979,78.0,85.0
2026-05-30 09:00:00,6,Khamovniki,99.0,94.68645,92.0,104.0
2026-05-30 09:00:00,7,VDNH,64.0,66.24297,65.0,72.0
2026-05-30 09:00:00,8,Sheremetyevo,136.0,143.13486,144.0,155.0
2026-05-30 09:00:00,9,Vnukovo,98.0,107.39438,108.0,112.0
2026-05-30 09:00:00,10,Domodedovo,126.0,129.86003,130.0,146.0
2026-05-30 09:00:00,11,Yasenevo,47.0,50.75923,50.0,55.0
2026-05-30 09:00:00,12,Kuzminki,56.0,57.681385,57.0,64.0
2026-05-30 10:00:00,1,Tverskoy,102.0,98.65324,93.0,108.0
2026-05-30 10:00:00,2,Arbat,67.0,68.8681,66.0,74.0
2026-05-30 10:00:00,3,Moscow City,156.0,153.83371,160.0,156.0
2026-05-30 10:00:00,4,Sokolniki,59.0,59.977886,61.0,66.0
2026-05-30 10:00:00,5,Tagansky,70.0,75.97158,76.0,77.0
2026-05-30 10:00:00,6,Khamovniki,91.0,97.75663,99.0,97.0
2026-05-30 10:00:00,7,VDNH,63.0,63.73107,64.0,64.0
2026-05-30 10:00:00,8,Sheremetyevo,137.0,135.43616,136.0,146.0
2026-05-30 10:00:00,9,Vnukovo,104.0,98.48521,98.0,110.0
2026-05-30 10:00:00,10,Domodedovo,124.0,125.43916,126.0,138.0
2026-05-30 10:00:00,11,Yasenevo,45.0,46.94149,47.0,51.0
2026-05-30 10:00:00,12,Kuzminki,57.0,55.583935,56.0,60.0
2026-05-30 11:00:00,1,Tverskoy,104.0,107.79346,102.0,104.0
2026-05-30 11:00:00,2,Arbat,68.0,70.115654,67.0,75.0
2026-05-30 11:00:00,3,Moscow City,135.0,148.83438,156.0,156.0
2026-05-30 11:00:00,4,Sokolniki,54.0,57.219727,59.0,60.0
2026-05-30 11:00:00,5,Tagansky,68.0,69.92259,70.0,76.0
2026-05-30 11:00:00,6,Khamovniki,82.0,89.938576,91.0,91.0
2026-05-30 11:00:00,7,VDNH,60.0,62.893826,63.0,66.0
2026-05-30 11:00:00,8,Sheremetyevo,124.0,136.75688,137.0,140.0
2026-05-30 11:00:00,9,Vnukovo,97.0,104.32242,104.0,107.0
2026-05-30 11:00:00,10,Domodedovo,115.0,123.2705,124.0,128.0
2026-05-30 11:00:00,11,Yasenevo,42.0,45.087692,45.0,48.0
2026-05-30 11:00:00,12,Kuzminki,50.0,55.934532,57.0,56.0
2026-05-30 12:00:00,1,Tverskoy,96.0,109.75633,104.0,108.0
2026-05-30 12:00:00,2,Arbat,70.0,71.69,68.0,76.0
2026-05-30 12:00:00,3,Moscow City,132.0,133.31343,135.0,147.0
2026-05-30 12:00:00,4,Sokolniki,49.0,53.5292,54.0,57.0
2026-05-30 12:00:00,5,Tagansky,66.0,68.071335,68.0,70.0
2026-05-30 12:00:00,6,Khamovniki,78.0,82.25319,82.0,91.0
2026-05-30 12:00:00,7,VDNH,56.0,60.235786,60.0,62.0
2026-05-30 12:00:00,8,Sheremetyevo,130.0,125.5055,124.0,133.0
2026-05-30 12:00:00,9,Vnukovo,100.0,97.85496,97.0,102.0
2026-05-30 12:00:00,10,Domodedovo,111.0,115.3086,115.0,124.0
2026-05-30 12:00:00,11,Yasenevo,45.0,42.592346,42.0,47.0
2026-05-30 12:00:00,12,Kuzminki,53.0,50.298176,50.0,53.0
2026-05-30 13:00:00,1,Tverskoy,101.0,102.02234,96.0,109.0
2026-05-30 13:00:00,2,Arbat,70.0,74.13087,70.0,75.0
2026-05-30 13:00:00,3,Moscow City,128.0,131.8319,132.0,138.0
2026-05-30 13:00:00,4,Sokolniki,53.0,49.98907,49.0,54.0
2026-05-30 13:00:00,5,Tagansky,65.0,67.321144,66.0,68.0
2026-05-30 13:00:00,6,Khamovniki,81.0,79.52928,78.0,89.0
2026-05-30 13:00:00,7,VDNH,57.0,57.178265,56.0,58.0
2026-05-30 13:00:00,8,Sheremetyevo,124.0,131.57568,130.0,138.0
2026-05-30 13:00:00,9,Vnukovo,97.0,100.80869,100.0,95.0
2026-05-30 13:00:00,10,Domodedovo,115.0,111.97857,111.0,122.0
2026-05-30 13:00:00,11,Yasenevo,42.0,46.0524,45.0,47.0
2026-05-30 13:00:00,12,Kuzminki,49.0,53.903236,53.0,55.0
2026-05-30 14:00:00,1,Tverskoy,99.0,108.116714,101.0,108.0
2026-05-30 14:00:00,2,Arbat,76.0,74.373795,70.0,80.0
2026-05-30 14:00:00,3,Moscow City,126.0,134.54784,128.0,143.0
2026-05-30 14:00:00,4,Sokolniki,55.0,55.62704,53.0,58.0
2026-05-30 14:00:00,5,Tagansky,67.0,68.59724,65.0,71.0
2026-05-30 14:00:00,6,Khamovniki,81.0,85.439896,81.0,88.0
2026-05-30 14:00:00,7,VDNH,59.0,60.033974,57.0,60.0
2026-05-30 14:00:00,8,Sheremetyevo,121.0,126.40556,124.0,134.0
2026-05-30 14:00:00,9,Vnukovo,90.0,98.488716,97.0,97.0
2026-05-30 14:00:00,10,Domodedovo,106.0,116.856895,115.0,120.0
2026-05-30 14:00:00,11,Yasenevo,45.0,44.461536,42.0,49.0
2026-05-30 14:00:00,12,Kuzminki,50.0,51.862957,49.0,53.0
2026-05-30 15:00:00,1,Tverskoy,103.0,107.08971,99.0,110.0
2026-05-30 15:00:00,2,Arbat,78.0,80.7128,76.0,85.0
2026-05-30 15:00:00,3,Moscow City,135.0,136.41559,126.0,151.0
2026-05-30 15:00:00,4,Sokolniki,54.0,58.92612,55.0,59.0
2026-05-30 15:00:00,5,Tagansky,68.0,71.428986,67.0,76.0
2026-05-30 15:00:00,6,Khamovniki,85.0,87.13624,81.0,92.0
2026-05-30 15:00:00,7,VDNH,64.0,62.825222,59.0,65.0
2026-05-30 15:00:00,8,Sheremetyevo,115.0,124.175316,121.0,133.0
2026-05-30 15:00:00,9,Vnukovo,93.0,92.43743,90.0,101.0
2026-05-30 15:00:00,10,Domodedovo,110.0,109.44402,106.0,125.0
2026-05-30 15:00:00,11,Yasenevo,45.0,47.98168,45.0,46.0
2026-05-30 15:00:00,12,Kuzminki,52.0,53.67039,50.0,57.0
2026-05-30 16:00:00,1,Tverskoy,113.0,111.441765,103.0,116.0
2026-05-30 16:00:00,2,Arbat,80.0,82.73944,78.0,85.0
2026-05-30 16:00:00,3,Moscow City,152.0,146.35387,135.0,156.0
2026-05-30 16:00:00,4,Sokolniki,58.0,58.124798,54.0,64.0
2026-05-30 16:00:00,5,Tagansky,76.0,72.625656,68.0,79.0
2026-05-30 16:00:00,6,Khamovniki,91.0,91.48357,85.0,95.0
2026-05-30 16:00:00,7,VDNH,62.0,68.09967,64.0,69.0
2026-05-30 16:00:00,8,Sheremetyevo,118.0,119.18709,115.0,130.0
2026-05-30 16:00:00,9,Vnukovo,90.0,96.18597,93.0,99.0
2026-05-30 16:00:00,10,Domodedovo,111.0,114.621605,110.0,125.0
2026-05-30 16:00:00,11,Yasenevo,46.0,48.028778,45.0,54.0
2026-05-30 16:00:00,12,Kuzminki,54.0,55.955986,52.0,60.0
2026-05-30 17:00:00,1,Tverskoy,114.0,121.62,113.0,125.0
2026-05-30 17:00:00,2,Arbat,82.0,84.45586,80.0,91.0
2026-05-30 17:00:00,3,Moscow City,154.0,163.44972,152.0,171.0
2026-05-30 17:00:00,4,Sokolniki,59.0,61.95561,58.0,64.0
2026-05-30 17:00:00,5,Tagansky,77.0,80.50892,76.0,83.0
2026-05-30 17:00:00,6,Khamovniki,91.0,97.35792,91.0,101.0
2026-05-30 17:00:00,7,VDNH,65.0,65.74762,62.0,70.0
2026-05-30 17:00:00,8,Sheremetyevo,128.0,123.46015,118.0,135.0
2026-05-30 17:00:00,9,Vnukovo,93.0,94.74947,90.0,100.0
2026-05-30 17:00:00,10,Domodedovo,113.0,116.723,111.0,123.0
2026-05-30 17:00:00,11,Yasenevo,46.0,48.71843,46.0,57.0
2026-05-30 17:00:00,12,Kuzminki,59.0,57.868824,54.0,62.0
2026-05-30 18:00:00,1,Tverskoy,122.0,122.131096,114.0,129.0
2026-05-30 18:00:00,2,Arbat,84.0,86.29466,82.0,91.0
2026-05-30 18:00:00,3,Moscow City,152.0,161.94781,154.0,169.0
2026-05-30 18:00:00,4,Sokolniki,59.0,62.1492,59.0,66.0
2026-05-30 18:00:00,5,Tagansky,75.0,80.434135,77.0,86.0
2026-05-30 18:00:00,6,Khamovniki,91.0,96.19565,91.0,104.0
2026-05-30 18:00:00,7,VDNH,69.0,67.90025,65.0,74.0
2026-05-30 18:00:00,8,Sheremetyevo,126.0,134.3273,128.0,133.0
2026-05-30 18:00:00,9,Vnukovo,97.0,98.464386,93.0,101.0
2026-05-30 18:00:00,10,Domodedovo,117.0,119.182106,113.0,129.0
2026-05-30 18:00:00,11,Yasenevo,50.0,48.153976,46.0,54.0
2026-05-30 18:00:00,12,Kuzminki,60.0,62.33007,59.0,62.0
2026-05-30 19:00:00,1,Tverskoy,115.0,129.26945,122.0,125.0
2026-05-30 19:00:00,2,Arbat,81.0,88.08591,84.0,92.0
2026-05-30 19:00:00,3,Moscow City,155.0,154.74019,152.0,166.0
2026-05-30 19:00:00,4,Sokolniki,62.0,60.36326,59.0,66.0
2026-05-30 19:00:00,5,Tagansky,76.0,76.54728,75.0,86.0
2026-05-30 19:00:00,6,Khamovniki,93.0,93.92683,91.0,103.0
2026-05-30 19:00:00,7,VDNH,64.0,69.27795,69.0,68.0
2026-05-30 19:00:00,8,Sheremetyevo,131.0,133.12398,126.0,142.0
2026-05-30 19:00:00,9,Vnukovo,101.0,103.11543,97.0,105.0
2026-05-30 19:00:00,10,Domodedovo,125.0,123.59756,117.0,134.0
2026-05-30 19:00:00,11,Yasenevo,48.0,50.547215,50.0,50.0
2026-05-30 19:00:00,12,Kuzminki,59.0,61.470745,60.0,62.0
2026-05-30 20:00:00,1,Tverskoy,137.0,121.64526,115.0,127.0
2026-05-30 20:00:00,2,Arbat,97.0,84.81802,81.0,95.0
2026-05-30 20:00:00,3,Moscow City,166.0,150.31999,155.0,164.0
2026-05-30 20:00:00,4,Sokolniki,66.0,60.62749,62.0,63.0
2026-05-30 20:00:00,5,Tagansky,83.0,74.86093,76.0,79.0
2026-05-30 20:00:00,6,Khamovniki,100.0,93.14683,93.0,98.0
2026-05-30 20:00:00,7,VDNH,69.0,63.36769,64.0,66.0
2026-05-30 20:00:00,8,Sheremetyevo,152.0,138.85286,131.0,138.0
2026-05-30 20:00:00,9,Vnukovo,119.0,107.496506,101.0,115.0
2026-05-30 20:00:00,10,Domodedovo,137.0,131.99223,125.0,136.0
2026-05-30 20:00:00,11,Yasenevo,55.0,47.634106,48.0,48.0
2026-05-30 20:00:00,12,Kuzminki,63.0,58.523514,59.0,63.0
2026-05-30 21:00:00,1,Tverskoy,136.0,139.81451,137.0,131.0
2026-05-30 21:00:00,2,Arbat,94.0,99.137665,97.0,93.0
2026-05-30 21:00:00,3,Moscow City,170.0,156.11713,166.0,153.0
2026-05-30 21:00:00,4,Sokolniki,63.0,62.508915,66.0,60.0
2026-05-30 21:00:00,5,Tagansky,81.0,79.49707,83.0,73.0
2026-05-30 21:00:00,6,Khamovniki,96.0,96.85699,100.0,88.0
2026-05-30 21:00:00,7,VDNH,68.0,66.529335,69.0,60.0
2026-05-30 21:00:00,8,Sheremetyevo,162.0,160.17265,152.0,148.0
2026-05-30 21:00:00,9,Vnukovo,121.0,125.250595,119.0,112.0
2026-05-30 21:00:00,10,Domodedovo,151.0,143.92783,137.0,142.0
2026-05-30 21:00:00,11,Yasenevo,49.0,52.81793,55.0,47.0
2026-05-30 21:00:00,12,Kuzminki,58.0,60.37833,63.0,59.0
2026-05-30 22:00:00,1,Tverskoy,142.0,135.92549,136.0,135.0
2026-05-30 22:00:00,2,Arbat,102.0,94.30799,94.0,91.0
2026-05-30 22:00:00,3,Moscow City,147.0,159.27826,170.0,137.0
2026-05-30 22:00:00,4,Sokolniki,62.0,59.275837,63.0,55.0
2026-05-30 22:00:00,5,Tagansky,74.0,77.46901,81.0,72.0
2026-05-30 22:00:00,6,Khamovniki,87.0,92.571945,96.0,90.0
2026-05-30 22:00:00,7,VDNH,66.0,65.20839,68.0,60.0
2026-05-30 22:00:00,8,Sheremetyevo,163.0,169.10841,162.0,158.0
2026-05-30 22:00:00,9,Vnukovo,133.0,126.215126,121.0,122.0
2026-05-30 22:00:00,10,Domodedovo,145.0,156.34625,151.0,148.0
2026-05-30 22:00:00,11,Yasenevo,49.0,47.177322,49.0,50.0
2026-05-30 22:00:00,12,Kuzminki,56.0,55.04626,58.0,56.0
2026-05-30 23:00:00,1,Tverskoy,139.0,137.7358,142.0,139.0
2026-05-30 23:00:00,2,Arbat,103.0,100.09703,102.0,97.0
2026-05-30 23:00:00,3,Moscow City,139.0,140.87015,147.0,132.0
2026-05-30 23:00:00,4,Sokolniki,55.0,58.465187,62.0,52.0
2026-05-30 23:00:00,5,Tagansky,75.0,71.93426,74.0,71.0
2026-05-30 23:00:00,6,Khamovniki,88.0,85.43429,87.0,85.0
2026-05-30 23:00:00,7,VDNH,63.0,63.85067,66.0,63.0
2026-05-30 23:00:00,8,Sheremetyevo,174.0,168.66304,163.0,174.0
2026-05-30 23:00:00,9,Vnukovo,129.0,136.21039,133.0,124.0
2026-05-30 23:00:00,10,Domodedovo,164.0,149.09001,145.0,153.0
2026-05-30 23:00:00,11,Yasenevo,50.0,47.48916,49.0,45.0
2026-05-30 23:00:00,12,Kuzminki,54.0,53.151028,56.0,51.0
2026-05-31 00:00:00,1,Tverskoy,99.0,133.91165,139.0,103.0
2026-05-31 00:00:00,2,Arbat,72.0,100.575554,103.0,73.0
2026-05-31 00:00:00,3,Moscow City,132.0,135.47156,139.0,121.0
2026-05-31 00:00:00,4,Sokolniki,50.0,53.20683,55.0,54.0
2026-05-31 00:00:00,5,Tagansky,65.0,72.6756,75.0,61.0
2026-05-31 00:00:00,6,Khamovniki,81.0,86.85691,88.0,75.0
2026-05-31 00:00:00,7,VDNH,56.0,61.62778,63.0,59.0
2026-05-31 00:00:00,8,Sheremetyevo,154.0,177.62726,174.0,145.0
2026-05-31 00:00:00,9,Vnukovo,110.0,131.30475,129.0,114.0
2026-05-31 00:00:00,10,Domodedovo,133.0,165.9594,164.0,136.0
2026-05-31 00:00:00,11,Yasenevo,42.0,48.792473,50.0,40.0
2026-05-31 00:00:00,12,Kuzminki,52.0,52.203842,54.0,45.0
2026-05-31 01:00:00,1,Tverskoy,99.0,99.68729,99.0,95.0
2026-05-31 01:00:00,2,Arbat,71.0,72.04845,72.0,70.0
2026-05-31 01:00:00,3,Moscow City,117.0,131.12514,132.0,127.0
2026-05-31 01:00:00,4,Sokolniki,52.0,49.66652,50.0,56.0
2026-05-31 01:00:00,5,Tagansky,69.0,64.74429,65.0,62.0
2026-05-31 01:00:00,6,Khamovniki,81.0,81.64136,81.0,82.0
2026-05-31 01:00:00,7,VDNH,53.0,56.404995,56.0,56.0
2026-05-31 01:00:00,8,Sheremetyevo,157.0,157.76472,154.0,150.0
2026-05-31 01:00:00,9,Vnukovo,113.0,112.48356,110.0,114.0
2026-05-31 01:00:00,10,Domodedovo,151.0,134.60506,133.0,139.0
2026-05-31 01:00:00,11,Yasenevo,43.0,41.931778,42.0,40.0
2026-05-31 01:00:00,12,Kuzminki,51.0,51.51592,52.0,50.0
2026-05-31 02:00:00,1,Tverskoy,97.0,99.815994,99.0,104.0
2026-05-31 02:00:00,2,Arbat,72.0,71.16963,71.0,73.0
2026-05-31 02:00:00,3,Moscow City,126.0,120.22131,117.0,120.0
2026-05-31 02:00:00,4,Sokolniki,50.0,52.691395,52.0,52.0
2026-05-31 02:00:00,5,Tagansky,68.0,69.311035,69.0,63.0
2026-05-31 02:00:00,6,Khamovniki,77.0,82.62504,81.0,82.0
2026-05-31 02:00:00,7,VDNH,56.0,53.791565,53.0,54.0
2026-05-31 02:00:00,8,Sheremetyevo,154.0,159.15045,157.0,157.0
2026-05-31 02:00:00,9,Vnukovo,122.0,114.865875,113.0,116.0
2026-05-31 02:00:00,10,Domodedovo,143.0,150.73813,151.0,142.0
2026-05-31 02:00:00,11,Yasenevo,43.0,43.144314,43.0,39.0
2026-05-31 02:00:00,12,Kuzminki,49.0,51.39272,51.0,50.0
2026-05-31 03:00:00,1,Tverskoy,102.0,98.139084,97.0,97.0
2026-05-31 03:00:00,2,Arbat,64.0,72.182785,72.0,69.0
2026-05-31 03:00:00,3,Moscow City,136.0,133.34122,126.0,127.0
2026-05-31 03:00:00,4,Sokolniki,53.0,52.445873,50.0,48.0
2026-05-31 03:00:00,5,Tagansky,66.0,69.72628,68.0,64.0
2026-05-31 03:00:00,6,Khamovniki,77.0,80.857056,77.0,80.0
2026-05-31 03:00:00,7,VDNH,59.0,57.31964,56.0,55.0
2026-05-31 03:00:00,8,Sheremetyevo,157.0,156.26862,154.0,163.0
2026-05-31 03:00:00,9,Vnukovo,118.0,124.32486,122.0,117.0
2026-05-31 03:00:00,10,Domodedovo,149.0,143.74957,143.0,141.0
2026-05-31 03:00:00,11,Yasenevo,46.0,44.465137,43.0,43.0
2026-05-31 03:00:00,12,Kuzminki,47.0,51.002724,49.0,49.0
2026-05-31 04:00:00,1,Tverskoy,102.0,103.90355,102.0,102.0
2026-05-31 04:00:00,2,Arbat,72.0,65.032715,64.0,67.0
2026-05-31 04:00:00,3,Moscow City,131.0,146.39505,136.0,133.0
2026-05-31 04:00:00,4,Sokolniki,52.0,56.25273,53.0,50.0
2026-05-31 04:00:00,5,Tagansky,66.0,68.776276,66.0,65.0
2026-05-31 04:00:00,6,Khamovniki,81.0,82.30025,77.0,82.0
2026-05-31 04:00:00,7,VDNH,55.0,62.099834,59.0,58.0
2026-05-31 04:00:00,8,Sheremetyevo,159.0,160.38821,157.0,157.0
2026-05-31 04:00:00,9,Vnukovo,118.0,121.17515,118.0,115.0
2026-05-31 04:00:00,10,Domodedovo,148.0,150.6914,149.0,138.0
2026-05-31 04:00:00,11,Yasenevo,44.0,48.297737,46.0,42.0
2026-05-31 04:00:00,12,Kuzminki,53.0,50.022182,47.0,49.0
2026-05-31 05:00:00,1,Tverskoy,102.0,104.82962,102.0,99.0
2026-05-31 05:00:00,2,Arbat,71.0,73.74677,72.0,71.0
2026-05-31 05:00:00,3,Moscow City,133.0,142.40208,131.0,138.0
2026-05-31 05:00:00,4,Sokolniki,53.0,55.697937,52.0,55.0
2026-05-31 05:00:00,5,Tagansky,71.0,69.53653,66.0,70.0
2026-05-31 05:00:00,6,Khamovniki,86.0,87.063515,81.0,86.0
2026-05-31 05:00:00,7,VDNH,59.0,58.667675,55.0,56.0
2026-05-31 05:00:00,8,Sheremetyevo,155.0,160.59929,159.0,157.0
2026-05-31 05:00:00,9,Vnukovo,115.0,120.754036,118.0,117.0
2026-05-31 05:00:00,10,Domodedovo,141.0,148.42113,148.0,144.0
2026-05-31 05:00:00,11,Yasenevo,46.0,46.619526,44.0,48.0
2026-05-31 05:00:00,12,Kuzminki,53.0,56.62187,53.0,49.0
2026-05-31 06:00:00,1,Tverskoy,105.0,104.74623,102.0,97.0
2026-05-31 06:00:00,2,Arbat,71.0,73.009224,71.0,66.0
2026-05-31 06:00:00,3,Moscow City,151.0,144.52995,133.0,156.0
2026-05-31 06:00:00,4,Sokolniki,58.0,57.07649,53.0,60.0
2026-05-31 06:00:00,5,Tagansky,73.0,75.01305,71.0,69.0
2026-05-31 06:00:00,6,Khamovniki,91.0,92.383804,86.0,92.0
2026-05-31 06:00:00,7,VDNH,62.0,62.964245,59.0,61.0
2026-05-31 06:00:00,8,Sheremetyevo,152.0,154.77518,155.0,150.0
2026-05-31 06:00:00,9,Vnukovo,113.0,116.46467,115.0,115.0
2026-05-31 06:00:00,10,Domodedovo,139.0,140.58131,141.0,140.0
2026-05-31 06:00:00,11,Yasenevo,47.0,48.684856,46.0,48.0
2026-05-31 06:00:00,12,Kuzminki,55.0,56.718117,53.0,56.0
2026-05-31 07:00:00,1,Tverskoy,104.0,107.62949,105.0,92.0
2026-05-31 07:00:00,2,Arbat,73.0,72.87432,71.0,70.0
2026-05-31 07:00:00,3,Moscow City,172.0,162.72745,151.0,163.0
2026-05-31 07:00:00,4,Sokolniki,61.0,62.132942,58.0,58.0
2026-05-31 07:00:00,5,Tagansky,81.0,77.02419,73.0,73.0
2026-05-31 07:00:00,6,Khamovniki,93.0,97.054,91.0,95.0
2026-05-31 07:00:00,7,VDNH,65.0,65.95058,62.0,69.0
2026-05-31 07:00:00,8,Sheremetyevo,156.0,150.90645,152.0,146.0
2026-05-31 07:00:00,9,Vnukovo,109.0,113.18198,113.0,117.0
2026-05-31 07:00:00,10,Domodedovo,134.0,138.06061,139.0,131.0
2026-05-31 07:00:00,11,Yasenevo,48.0,49.536743,47.0,51.0
2026-05-31 07:00:00,12,Kuzminki,61.0,58.542618,55.0,60.0
2026-05-31 08:00:00,1,Tverskoy,98.0,106.98482,104.0,98.0
2026-05-31 08:00:00,2,Arbat,71.0,74.67143,73.0,73.0
2026-05-31 08:00:00,3,Moscow City,173.0,180.2213,172.0,168.0
2026-05-31 08:00:00,4,Sokolniki,64.0,64.113335,61.0,61.0
2026-05-31 08:00:00,5,Tagansky,79.0,83.19287,81.0,78.0
2026-05-31 08:00:00,6,Khamovniki,97.0,97.9088,93.0,92.0
2026-05-31 08:00:00,7,VDNH,68.0,68.034065,65.0,65.0
2026-05-31 08:00:00,8,Sheremetyevo,141.0,153.43083,156.0,144.0
2026-05-31 08:00:00,9,Vnukovo,110.0,109.00143,109.0,108.0
2026-05-31 08:00:00,10,Domodedovo,135.0,132.72842,134.0,130.0
2026-05-31 08:00:00,11,Yasenevo,49.0,49.5453,48.0,50.0
2026-05-31 08:00:00,12,Kuzminki,58.0,63.240868,61.0,57.0
2026-05-31 09:00:00,1,Tverskoy,101.0,101.756966,98.0,93.0
2026-05-31 09:00:00,2,Arbat,68.0,72.72592,71.0,66.0
2026-05-31 09:00:00,3,Moscow City,162.0,169.54822,173.0,160.0
2026-05-31 09:00:00,4,Sokolniki,62.0,63.79815,64.0,61.0
2026-05-31 09:00:00,5,Tagansky,77.0,78.59036,79.0,76.0
2026-05-31 09:00:00,6,Khamovniki,98.0,98.51529,97.0,99.0
2026-05-31 09:00:00,7,VDNH,67.0,68.8333,68.0,64.0
2026-05-31 09:00:00,8,Sheremetyevo,144.0,139.4106,141.0,136.0
2026-05-31 09:00:00,9,Vnukovo,105.0,108.84476,110.0,98.0
2026-05-31 09:00:00,10,Domodedovo,127.0,132.42557,135.0,126.0
2026-05-31 09:00:00,11,Yasenevo,52.0,49.118088,49.0,47.0
2026-05-31 09:00:00,12,Kuzminki,58.0,58.16473,58.0,56.0
2026-05-31 10:00:00,1,Tverskoy,98.0,105.03738,101.0,102.0
2026-05-31 10:00:00,2,Arbat,71.0,70.137596,68.0,67.0
2026-05-31 10:00:00,3,Moscow City,150.0,154.73091,162.0,156.0
2026-05-31 10:00:00,4,Sokolniki,59.0,59.813305,62.0,59.0
2026-05-31 10:00:00,5,Tagansky,73.0,75.29061,77.0,70.0
2026-05-31 10:00:00,6,Khamovniki,90.0,96.311676,98.0,91.0
2026-05-31 10:00:00,7,VDNH,64.0,65.46065,67.0,63.0
2026-05-31 10:00:00,8,Sheremetyevo,131.0,142.18753,144.0,137.0
2026-05-31 10:00:00,9,Vnukovo,103.0,103.67754,105.0,104.0
2026-05-31 10:00:00,10,Domodedovo,121.0,125.10036,127.0,124.0
2026-05-31 10:00:00,11,Yasenevo,45.0,51.19157,52.0,45.0
2026-05-31 10:00:00,12,Kuzminki,55.0,56.909546,58.0,57.0
2026-05-31 11:00:00,1,Tverskoy,100.0,102.629,98.0,104.0
2026-05-31 11:00:00,2,Arbat,71.0,73.342224,71.0,68.0
2026-05-31 11:00:00,3,Moscow City,138.0,145.1047,150.0,135.0
2026-05-31 11:00:00,4,Sokolniki,56.0,57.174717,59.0,54.0
2026-05-31 11:00:00,5,Tagansky,67.0,71.56554,73.0,68.0
2026-05-31 11:00:00,6,Khamovniki,80.0,89.02631,90.0,82.0
2026-05-31 11:00:00,7,VDNH,58.0,62.615177,64.0,60.0
2026-05-31 11:00:00,8,Sheremetyevo,134.0,130.92583,131.0,124.0
2026-05-31 11:00:00,9,Vnukovo,99.0,101.74501,103.0,97.0
2026-05-31 11:00:00,10,Domodedovo,122.0,119.9455,121.0,115.0
2026-05-31 11:00:00,11,Yasenevo,46.0,44.72923,45.0,42.0
2026-05-31 11:00:00,12,Kuzminki,50.0,54.06133,55.0,50.0
2026-05-31 12:00:00,1,Tverskoy,98.0,104.30745,100.0,96.0
2026-05-31 12:00:00,2,Arbat,72.0,73.83229,71.0,70.0
2026-05-31 12:00:00,3,Moscow City,134.0,136.49445,138.0,132.0
2026-05-31 12:00:00,4,Sokolniki,53.0,55.32255,56.0,49.0
2026-05-31 12:00:00,5,Tagansky,69.0,66.79564,67.0,66.0
2026-05-31 12:00:00,6,Khamovniki,82.0,80.22782,80.0,78.0
2026-05-31 12:00:00,7,VDNH,54.0,58.42196,58.0,56.0
2026-05-31 12:00:00,8,Sheremetyevo,130.0,133.69766,134.0,130.0
2026-05-31 12:00:00,9,Vnukovo,95.0,99.101006,99.0,100.0
2026-05-31 12:00:00,10,Domodedovo,114.0,121.10963,122.0,111.0
2026-05-31 12:00:00,11,Yasenevo,44.0,45.94672,46.0,45.0
2026-05-31 12:00:00,12,Kuzminki,51.0,50.199146,50.0,53.0
2026-05-31 13:00:00,1,Tverskoy,106.0,102.921295,98.0,101.0
2026-05-31 13:00:00,2,Arbat,73.0,75.18704,72.0,70.0
2026-05-31 13:00:00,3,Moscow City,136.0,134.32755,134.0,128.0
2026-05-31 13:00:00,4,Sokolniki,51.0,53.5934,53.0,53.0
2026-05-31 13:00:00,5,Tagansky,65.0,70.01237,69.0,65.0
2026-05-31 13:00:00,6,Khamovniki,87.0,82.81007,82.0,81.0
2026-05-31 13:00:00,7,VDNH,58.0,55.66013,54.0,57.0
2026-05-31 13:00:00,8,Sheremetyevo,123.0,130.39496,130.0,124.0
2026-05-31 13:00:00,9,Vnukovo,89.0,96.17985,95.0,97.0
2026-05-31 13:00:00,10,Domodedovo,113.0,114.43502,114.0,115.0
2026-05-31 13:00:00,11,Yasenevo,45.0,44.860096,44.0,42.0
2026-05-31 13:00:00,12,Kuzminki,49.0,51.824356,51.0,49.0
2026-05-31 14:00:00,1,Tverskoy,104.0,111.782585,106.0,99.0
2026-05-31 14:00:00,2,Arbat,76.0,76.44905,73.0,76.0
2026-05-31 14:00:00,3,Moscow City,137.0,141.19138,136.0,126.0
2026-05-31 14:00:00,4,Sokolniki,54.0,53.278736,51.0,55.0
2026-05-31 14:00:00,5,Tagansky,70.0,68.11786,65.0,67.0
2026-05-31 14:00:00,6,Khamovniki,79.0,90.50287,87.0,81.0
2026-05-31 14:00:00,7,VDNH,57.0,60.766617,58.0,59.0
2026-05-31 14:00:00,8,Sheremetyevo,119.0,124.43828,123.0,121.0
2026-05-31 14:00:00,9,Vnukovo,88.0,90.8056,89.0,90.0
2026-05-31 14:00:00,10,Domodedovo,113.0,113.99831,113.0,106.0
2026-05-31 14:00:00,11,Yasenevo,43.0,46.752945,45.0,45.0
2026-05-31 14:00:00,12,Kuzminki,50.0,51.360203,49.0,50.0
2026-05-31 15:00:00,1,Tverskoy,106.0,111.18476,104.0,103.0
2026-05-31 15:00:00,2,Arbat,74.0,79.87755,76.0,78.0
2026-05-31 15:00:00,3,Moscow City,141.0,146.92671,137.0,135.0
2026-05-31 15:00:00,4,Sokolniki,55.0,57.530033,54.0,54.0
2026-05-31 15:00:00,5,Tagansky,67.0,73.97376,70.0,68.0
2026-05-31 15:00:00,6,Khamovniki,86.0,84.19538,79.0,85.0
2026-05-31 15:00:00,7,VDNH,64.0,60.770622,57.0,64.0
2026-05-31 15:00:00,8,Sheremetyevo,115.0,121.87543,119.0,115.0
2026-05-31 15:00:00,9,Vnukovo,101.0,90.57816,88.0,93.0
2026-05-31 15:00:00,10,Domodedovo,110.0,115.133316,113.0,110.0
2026-05-31 15:00:00,11,Yasenevo,44.0,45.366,43.0,45.0
2026-05-31 15:00:00,12,Kuzminki,51.0,53.53001,50.0,52.0
2026-05-31 16:00:00,1,Tverskoy,115.0,113.776054,106.0,113.0
2026-05-31 16:00:00,2,Arbat,80.0,78.23094,74.0,80.0
2026-05-31 16:00:00,3,Moscow City,142.0,151.59746,141.0,152.0
2026-05-31 16:00:00,4,Sokolniki,61.0,58.921432,55.0,58.0
2026-05-31 16:00:00,5,Tagansky,74.0,71.23622,67.0,76.0
2026-05-31 16:00:00,6,Khamovniki,89.0,91.61203,86.0,91.0
2026-05-31 16:00:00,7,VDNH,67.0,67.802315,64.0,62.0
2026-05-31 16:00:00,8,Sheremetyevo,121.0,119.15741,115.0,118.0
2026-05-31 16:00:00,9,Vnukovo,97.0,104.117615,101.0,90.0
2026-05-31 16:00:00,10,Domodedovo,111.0,113.68742,110.0,111.0
2026-05-31 16:00:00,11,Yasenevo,48.0,46.61049,44.0,46.0
2026-05-31 16:00:00,12,Kuzminki,54.0,54.877666,51.0,54.0
2026-05-31 17:00:00,1,Tverskoy,108.0,123.23027,115.0,114.0
2026-05-31 17:00:00,2,Arbat,86.0,84.41483,80.0,82.0
2026-05-31 17:00:00,3,Moscow City,149.0,152.53842,142.0,154.0
2026-05-31 17:00:00,4,Sokolniki,63.0,64.52,61.0,59.0
2026-05-31 17:00:00,5,Tagansky,79.0,78.166664,74.0,77.0
2026-05-31 17:00:00,6,Khamovniki,93.0,94.7592,89.0,91.0
2026-05-31 17:00:00,7,VDNH,70.0,70.31876,67.0,65.0
2026-05-31 17:00:00,8,Sheremetyevo,127.0,127.20622,121.0,128.0
2026-05-31 17:00:00,9,Vnukovo,98.0,101.54077,97.0,93.0
2026-05-31 17:00:00,10,Domodedovo,120.0,116.223114,111.0,113.0
2026-05-31 17:00:00,11,Yasenevo,49.0,50.666492,48.0,46.0
2026-05-31 17:00:00,12,Kuzminki,56.0,57.96035,54.0,59.0
2026-05-31 18:00:00,1,Tverskoy,111.0,115.94296,108.0,122.0
2026-05-31 18:00:00,2,Arbat,80.0,90.24267,86.0,84.0
2026-05-31 18:00:00,3,Moscow City,161.0,158.80313,149.0,152.0
2026-05-31 18:00:00,4,Sokolniki,63.0,65.4842,63.0,59.0
2026-05-31 18:00:00,5,Tagansky,73.0,82.06024,79.0,75.0
2026-05-31 18:00:00,6,Khamovniki,95.0,97.88348,93.0,91.0
2026-05-31 18:00:00,7,VDNH,65.0,71.37647,70.0,69.0
2026-05-31 18:00:00,8,Sheremetyevo,124.0,134.01411,127.0,126.0
2026-05-31 18:00:00,9,Vnukovo,94.0,103.336685,98.0,97.0
2026-05-31 18:00:00,10,Domodedovo,117.0,126.22459,120.0,117.0
2026-05-31 18:00:00,11,Yasenevo,48.0,51.123848,49.0,50.0
2026-05-31 18:00:00,12,Kuzminki,59.0,59.711056,56.0,60.0
2026-05-31 19:00:00,1,Tverskoy,120.0,119.33257,111.0,115.0
2026-05-31 19:00:00,2,Arbat,84.0,84.44689,80.0,81.0
2026-05-31 19:00:00,3,Moscow City,149.0,166.49341,161.0,155.0
2026-05-31 19:00:00,4,Sokolniki,61.0,64.031166,63.0,62.0
2026-05-31 19:00:00,5,Tagansky,81.0,75.72877,73.0,76.0
2026-05-31 19:00:00,6,Khamovniki,96.0,98.52972,95.0,93.0
2026-05-31 19:00:00,7,VDNH,67.0,66.251884,65.0,64.0
2026-05-31 19:00:00,8,Sheremetyevo,132.0,131.44324,124.0,131.0
2026-05-31 19:00:00,9,Vnukovo,99.0,100.207,94.0,101.0
2026-05-31 19:00:00,10,Domodedovo,119.0,123.684326,117.0,125.0
2026-05-31 19:00:00,11,Yasenevo,53.0,49.980354,48.0,48.0
2026-05-31 19:00:00,12,Kuzminki,57.0,61.60631,59.0,59.0
2026-05-31 20:00:00,1,Tverskoy,135.0,128.34325,120.0,137.0
2026-05-31 20:00:00,2,Arbat,95.0,88.17061,84.0,97.0
2026-05-31 20:00:00,3,Moscow City,167.0,151.2149,149.0,166.0
2026-05-31 20:00:00,4,Sokolniki,66.0,61.034092,61.0,66.0
2026-05-31 20:00:00,5,Tagansky,83.0,81.27525,81.0,83.0
2026-05-31 20:00:00,6,Khamovniki,102.0,96.67265,96.0,100.0
2026-05-31 20:00:00,7,VDNH,74.0,67.92368,67.0,69.0
2026-05-31 20:00:00,8,Sheremetyevo,151.0,140.04002,132.0,152.0
2026-05-31 20:00:00,9,Vnukovo,115.0,105.52425,99.0,119.0
2026-05-31 20:00:00,10,Domodedovo,143.0,126.0815,119.0,137.0
2026-05-31 20:00:00,11,Yasenevo,52.0,53.80024,53.0,55.0
2026-05-31 20:00:00,12,Kuzminki,63.0,57.534138,57.0,63.0
2026-05-31 21:00:00,1,Tverskoy,138.0,139.66827,135.0,136.0
2026-05-31 21:00:00,2,Arbat,97.0,97.532585,95.0,94.0
2026-05-31 21:00:00,3,Moscow City,158.0,161.00418,167.0,170.0
2026-05-31 21:00:00,4,Sokolniki,60.0,63.96633,66.0,63.0
2026-05-31 21:00:00,5,Tagansky,80.0,80.87473,83.0,81.0
2026-05-31 21:00:00,6,Khamovniki,100.0,99.03554,102.0,96.0
2026-05-31 21:00:00,7,VDNH,70.0,72.32855,74.0,68.0
2026-05-31 21:00:00,8,Sheremetyevo,162.0,159.35043,151.0,162.0
2026-05-31 21:00:00,9,Vnukovo,119.0,121.891014,115.0,121.0
2026-05-31 21:00:00,10,Domodedovo,151.0,150.00471,143.0,151.0
2026-05-31 21:00:00,11,Yasenevo,49.0,51.230797,52.0,49.0
2026-05-31 21:00:00,12,Kuzminki,64.0,60.526047,63.0,58.0
2026-05-31 22:00:00,1,Tverskoy,136.0,138.74913,138.0,142.0
2026-05-31 22:00:00,2,Arbat,98.0,98.01767,97.0,102.0
2026-05-31 22:00:00,3,Moscow City,143.0,148.95918,158.0,147.0
2026-05-31 22:00:00,4,Sokolniki,59.0,57.717495,60.0,62.0
2026-05-31 22:00:00,5,Tagansky,77.0,76.6176,80.0,74.0
2026-05-31 22:00:00,6,Khamovniki,92.0,95.413155,100.0,87.0
2026-05-31 22:00:00,7,VDNH,64.0,67.17912,70.0,66.0
2026-05-31 22:00:00,8,Sheremetyevo,165.0,168.15154,162.0,163.0
2026-05-31 22:00:00,9,Vnukovo,125.0,124.08157,119.0,133.0
2026-05-31 22:00:00,10,Domodedovo,152.0,156.05669,151.0,145.0
2026-05-31 22:00:00,11,Yasenevo,48.0,47.440258,49.0,49.0
2026-05-31 22:00:00,12,Kuzminki,57.0,60.501114,64.0,56.0
2026-05-31 23:00:00,1,Tverskoy,142.0,131.9083,136.0,139.0
2026-05-31 23:00:00,2,Arbat,101.0,96.45567,98.0,103.0
2026-05-31 23:00:00,3,Moscow City,138.0,135.47546,143.0,139.0
2026-05-31 23:00:00,4,Sokolniki,58.0,56.42676,59.0,55.0
2026-05-31 23:00:00,5,Tagansky,75.0,73.402405,77.0,75.0
2026-05-31 23:00:00,6,Khamovniki,89.0,88.67769,92.0,88.0
2026-05-31 23:00:00,7,VDNH,66.0,61.603806,64.0,63.0
2026-05-31 23:00:00,8,Sheremetyevo,175.0,168.62971,165.0,174.0
2026-05-31 23:00:00,9,Vnukovo,135.0,127.39606,125.0,129.0
2026-05-31 23:00:00,10,Domodedovo,162.0,155.21649,152.0,164.0
2026-05-31 23:00:00,11,Yasenevo,50.0,46.057953,48.0,50.0
2026-05-31 23:00:00,12,Kuzminki,57.0,54.253853,57.0,54.0
2026-06-01 00:00:00,1,Tverskoy,116.0,136.53484,142.0,99.0
2026-06-01 00:00:00,2,Arbat,82.0,98.06461,101.0,72.0
2026-06-01 00:00:00,3,Moscow City,136.0,131.69868,138.0,132.0
2026-06-01 00:00:00,4,Sokolniki,56.0,55.015827,58.0,50.0
2026-06-01 00:00:00,5,Tagansky,72.0,71.641426,75.0,65.0
2026-06-01 00:00:00,6,Khamovniki,85.0,86.34463,89.0,81.0
2026-06-01 00:00:00,7,VDNH,61.0,63.24105,66.0,56.0
2026-06-01 00:00:00,8,Sheremetyevo,172.0,175.53886,175.0,154.0
2026-06-01 00:00:00,9,Vnukovo,133.0,135.50911,135.0,110.0
2026-06-01 00:00:00,10,Domodedovo,160.0,161.97083,162.0,133.0
2026-06-01 00:00:00,11,Yasenevo,41.0,47.660423,50.0,42.0
2026-06-01 00:00:00,12,Kuzminki,55.0,54.398426,57.0,52.0
2026-06-01 01:00:00,1,Tverskoy,112.0,112.31372,116.0,99.0
2026-06-01 01:00:00,2,Arbat,75.0,79.8398,82.0,71.0
2026-06-01 01:00:00,3,Moscow City,139.0,132.02293,136.0,117.0
2026-06-01 01:00:00,4,Sokolniki,57.0,53.30611,56.0,52.0
2026-06-01 01:00:00,5,Tagansky,73.0,69.5143,72.0,69.0
2026-06-01 01:00:00,6,Khamovniki,81.0,83.50571,85.0,81.0
2026-06-01 01:00:00,7,VDNH,61.0,59.539978,61.0,53.0
2026-06-01 01:00:00,8,Sheremetyevo,173.0,172.05753,172.0,157.0
2026-06-01 01:00:00,9,Vnukovo,130.0,132.27524,133.0,113.0
2026-06-01 01:00:00,10,Domodedovo,156.0,159.57277,160.0,151.0
2026-06-01 01:00:00,11,Yasenevo,48.0,40.935425,41.0,43.0
2026-06-01 01:00:00,12,Kuzminki,53.0,52.92383,55.0,51.0
2026-06-01 02:00:00,1,Tverskoy,110.0,109.18937,112.0,97.0
2026-06-01 02:00:00,2,Arbat,75.0,73.82323,75.0,72.0
2026-06-01 02:00:00,3,Moscow City,142.0,137.67726,139.0,126.0
2026-06-01 02:00:00,4,Sokolniki,58.0,54.76337,57.0,50.0
2026-06-01 02:00:00,5,Tagansky,72.0,71.35832,73.0,68.0
2026-06-01 02:00:00,6,Khamovniki,87.0,81.64301,81.0,77.0
2026-06-01 02:00:00,7,VDNH,58.0,60.01788,61.0,56.0
2026-06-01 02:00:00,8,Sheremetyevo,177.0,172.32088,173.0,154.0
2026-06-01 02:00:00,9,Vnukovo,133.0,129.02345,130.0,122.0
2026-06-01 02:00:00,10,Domodedovo,171.0,154.34361,156.0,143.0
2026-06-01 02:00:00,11,Yasenevo,44.0,47.733555,48.0,43.0
2026-06-01 02:00:00,12,Kuzminki,54.0,52.17152,53.0,49.0
2026-06-01 03:00:00,1,Tverskoy,108.0,107.41898,110.0,102.0
2026-06-01 03:00:00,2,Arbat,75.0,73.89954,75.0,64.0
2026-06-01 03:00:00,3,Moscow City,142.0,145.79752,142.0,136.0
2026-06-01 03:00:00,4,Sokolniki,55.0,57.61516,58.0,53.0
2026-06-01 03:00:00,5,Tagansky,76.0,72.006805,72.0,66.0
2026-06-01 03:00:00,6,Khamovniki,93.0,89.35118,87.0,77.0
2026-06-01 03:00:00,7,VDNH,63.0,58.641136,58.0,59.0
2026-06-01 03:00:00,8,Sheremetyevo,176.0,175.31996,177.0,157.0
2026-06-01 03:00:00,9,Vnukovo,137.0,132.02629,133.0,118.0
2026-06-01 03:00:00,10,Domodedovo,170.0,167.41272,171.0,149.0
2026-06-01 03:00:00,11,Yasenevo,47.0,44.616287,44.0,46.0
2026-06-01 03:00:00,12,Kuzminki,54.0,54.240234,54.0,47.0
2026-06-01 04:00:00,1,Tverskoy,108.0,105.866646,108.0,102.0
2026-06-01 04:00:00,2,Arbat,82.0,74.27879,75.0,72.0
2026-06-01 04:00:00,3,Moscow City,145.0,148.91393,142.0,131.0
2026-06-01 04:00:00,4,Sokolniki,56.0,56.77718,55.0,52.0
2026-06-01 04:00:00,5,Tagansky,75.0,77.13801,76.0,66.0
2026-06-01 04:00:00,6,Khamovniki,91.0,96.39273,93.0,81.0
2026-06-01 04:00:00,7,VDNH,62.0,64.943474,63.0,55.0
2026-06-01 04:00:00,8,Sheremetyevo,174.0,175.58273,176.0,159.0
2026-06-01 04:00:00,9,Vnukovo,133.0,136.62964,137.0,118.0
2026-06-01 04:00:00,10,Domodedovo,161.0,166.95496,170.0,148.0
2026-06-01 04:00:00,11,Yasenevo,46.0,48.511585,47.0,44.0
2026-06-01 04:00:00,12,Kuzminki,56.0,55.87641,54.0,53.0
2026-06-01 05:00:00,1,Tverskoy,102.0,108.207184,108.0,102.0
2026-06-01 05:00:00,2,Arbat,77.0,81.71875,82.0,71.0
2026-06-01 05:00:00,3,Moscow City,152.0,154.52832,145.0,133.0
2026-06-01 05:00:00,4,Sokolniki,63.0,58.594685,56.0,53.0
2026-06-01 05:00:00,5,Tagansky,81.0,76.9902,75.0,71.0
2026-06-01 05:00:00,6,Khamovniki,95.0,94.863686,91.0,86.0
2026-06-01 05:00:00,7,VDNH,67.0,64.73815,62.0,59.0
2026-06-01 05:00:00,8,Sheremetyevo,181.0,173.09834,174.0,155.0
2026-06-01 05:00:00,9,Vnukovo,133.0,130.50113,133.0,115.0
2026-06-01 05:00:00,10,Domodedovo,158.0,156.61981,161.0,141.0
2026-06-01 05:00:00,11,Yasenevo,53.0,47.96285,46.0,46.0
2026-06-01 05:00:00,12,Kuzminki,56.0,58.510685,56.0,53.0
2026-06-01 06:00:00,1,Tverskoy,110.0,102.619606,102.0,105.0
2026-06-01 06:00:00,2,Arbat,78.0,76.55796,77.0,71.0
2026-06-01 06:00:00,3,Moscow City,166.0,162.50893,152.0,151.0
2026-06-01 06:00:00,4,Sokolniki,66.0,65.35621,63.0,58.0
2026-06-01 06:00:00,5,Tagansky,84.0,82.81262,81.0,73.0
2026-06-01 06:00:00,6,Khamovniki,98.0,98.80403,95.0,91.0
2026-06-01 06:00:00,7,VDNH,71.0,69.52442,67.0,62.0
2026-06-01 06:00:00,8,Sheremetyevo,172.0,176.68982,181.0,152.0
2026-06-01 06:00:00,9,Vnukovo,131.0,128.83078,133.0,113.0
2026-06-01 06:00:00,10,Domodedovo,160.0,152.94037,158.0,139.0
2026-06-01 06:00:00,11,Yasenevo,53.0,54.323402,53.0,47.0
2026-06-01 06:00:00,12,Kuzminki,60.0,58.734604,56.0,55.0
2026-06-01 07:00:00,1,Tverskoy,112.0,109.72265,110.0,104.0
2026-06-01 07:00:00,2,Arbat,77.0,77.17409,78.0,73.0
2026-06-01 07:00:00,3,Moscow City,185.0,173.88745,166.0,172.0
2026-06-01 07:00:00,4,Sokolniki,67.0,66.95064,66.0,61.0
2026-06-01 07:00:00,5,Tagansky,83.0,84.053604,84.0,81.0
2026-06-01 07:00:00,6,Khamovniki,105.0,101.05249,98.0,93.0
2026-06-01 07:00:00,7,VDNH,75.0,72.31526,71.0,65.0
2026-06-01 07:00:00,8,Sheremetyevo,160.0,166.61374,172.0,156.0
2026-06-01 07:00:00,9,Vnukovo,128.0,126.67211,131.0,109.0
2026-06-01 07:00:00,10,Domodedovo,149.0,153.3302,160.0,134.0
2026-06-01 07:00:00,11,Yasenevo,54.0,53.273376,53.0,48.0
2026-06-01 07:00:00,12,Kuzminki,65.0,61.7177,60.0,61.0
2026-06-01 08:00:00,1,Tverskoy,104.0,111.6595,112.0,98.0
2026-06-01 08:00:00,2,Arbat,76.0,76.40493,77.0,71.0
2026-06-01 08:00:00,3,Moscow City,195.0,181.38216,185.0,173.0
2026-06-01 08:00:00,4,Sokolniki,70.0,66.148834,67.0,64.0
2026-06-01 08:00:00,5,Tagansky,95.0,81.718864,83.0,79.0
2026-06-01 08:00:00,6,Khamovniki,111.0,104.4755,105.0,97.0
2026-06-01 08:00:00,7,VDNH,76.0,74.3761,75.0,68.0
2026-06-01 08:00:00,8,Sheremetyevo,161.0,153.74536,160.0,141.0
2026-06-01 08:00:00,9,Vnukovo,123.0,123.49511,128.0,110.0
2026-06-01 08:00:00,10,Domodedovo,154.0,142.19621,149.0,135.0
2026-06-01 08:00:00,11,Yasenevo,57.0,53.15915,54.0,49.0
2026-06-01 08:00:00,12,Kuzminki,63.0,64.06833,65.0,58.0
2026-06-01 09:00:00,1,Tverskoy,107.0,104.81287,104.0,101.0
2026-06-01 09:00:00,2,Arbat,77.0,75.89868,76.0,68.0
2026-06-01 09:00:00,3,Moscow City,188.0,184.97543,195.0,162.0
2026-06-01 09:00:00,4,Sokolniki,68.0,67.20474,70.0,62.0
2026-06-01 09:00:00,5,Tagansky,85.0,91.158195,95.0,77.0
2026-06-01 09:00:00,6,Khamovniki,111.0,106.692024,111.0,98.0
2026-06-01 09:00:00,7,VDNH,76.0,73.613625,76.0,67.0
2026-06-01 09:00:00,8,Sheremetyevo,161.0,154.47285,161.0,144.0
2026-06-01 09:00:00,9,Vnukovo,116.0,118.541176,123.0,105.0
2026-06-01 09:00:00,10,Domodedovo,143.0,146.49559,154.0,127.0
2026-06-01 09:00:00,11,Yasenevo,56.0,55.126545,57.0,52.0
2026-06-01 09:00:00,12,Kuzminki,68.0,60.665646,63.0,58.0
2026-06-01 10:00:00,1,Tverskoy,105.0,107.69836,107.0,98.0
2026-06-01 10:00:00,2,Arbat,84.0,77.234085,77.0,71.0
2026-06-01 10:00:00,3,Moscow City,162.0,175.92627,188.0,150.0
2026-06-01 10:00:00,4,Sokolniki,64.0,63.98957,68.0,59.0
2026-06-01 10:00:00,5,Tagansky,85.0,80.761826,85.0,73.0
2026-06-01 10:00:00,6,Khamovniki,103.0,105.48159,111.0,90.0
2026-06-01 10:00:00,7,VDNH,70.0,72.37741,76.0,64.0
2026-06-01 10:00:00,8,Sheremetyevo,149.0,154.45618,161.0,131.0
2026-06-01 10:00:00,9,Vnukovo,112.0,112.20446,116.0,103.0
2026-06-01 10:00:00,10,Domodedovo,145.0,136.24455,143.0,121.0
2026-06-01 10:00:00,11,Yasenevo,53.0,53.66187,56.0,45.0
2026-06-01 10:00:00,12,Kuzminki,66.0,64.42231,68.0,55.0
2026-06-01 11:00:00,1,Tverskoy,106.0,107.344826,105.0,100.0
2026-06-01 11:00:00,2,Arbat,81.0,84.04626,84.0,71.0
2026-06-01 11:00:00,3,Moscow City,152.0,151.62874,162.0,138.0
2026-06-01 11:00:00,4,Sokolniki,61.0,60.231205,64.0,56.0
2026-06-01 11:00:00,5,Tagansky,77.0,80.51071,85.0,67.0
2026-06-01 11:00:00,6,Khamovniki,96.0,98.27381,103.0,80.0
2026-06-01 11:00:00,7,VDNH,63.0,66.91927,70.0,58.0
2026-06-01 11:00:00,8,Sheremetyevo,152.0,143.07082,149.0,134.0
2026-06-01 11:00:00,9,Vnukovo,107.0,108.10033,112.0,99.0
2026-06-01 11:00:00,10,Domodedovo,131.0,137.9977,145.0,122.0
2026-06-01 11:00:00,11,Yasenevo,50.0,50.867744,53.0,46.0
2026-06-01 11:00:00,12,Kuzminki,58.0,62.18179,66.0,50.0
2026-06-01 12:00:00,1,Tverskoy,110.0,108.39064,106.0,98.0
2026-06-01 12:00:00,2,Arbat,76.0,81.76294,81.0,72.0
2026-06-01 12:00:00,3,Moscow City,151.0,143.33203,152.0,134.0
2026-06-01 12:00:00,4,Sokolniki,63.0,58.06241,61.0,53.0
2026-06-01 12:00:00,5,Tagansky,76.0,74.07712,77.0,69.0
2026-06-01 12:00:00,6,Khamovniki,90.0,92.196526,96.0,82.0
2026-06-01 12:00:00,7,VDNH,65.0,61.98008,63.0,54.0
2026-06-01 12:00:00,8,Sheremetyevo,139.0,145.72418,152.0,130.0
2026-06-01 12:00:00,9,Vnukovo,102.0,103.79536,107.0,95.0
2026-06-01 12:00:00,10,Domodedovo,130.0,125.34761,131.0,114.0
2026-06-01 12:00:00,11,Yasenevo,48.0,48.460285,50.0,44.0
2026-06-01 12:00:00,12,Kuzminki,57.0,55.394386,58.0,51.0
2026-06-01 13:00:00,1,Tverskoy,104.0,113.1461,110.0,106.0
2026-06-01 13:00:00,2,Arbat,81.0,77.76175,76.0,73.0
2026-06-01 13:00:00,3,Moscow City,143.0,145.53212,151.0,136.0
2026-06-01 13:00:00,4,Sokolniki,58.0,60.808098,63.0,51.0
2026-06-01 13:00:00,5,Tagansky,72.0,74.359024,76.0,65.0
2026-06-01 13:00:00,6,Khamovniki,89.0,88.829704,90.0,87.0
2026-06-01 13:00:00,7,VDNH,61.0,65.22674,65.0,58.0
2026-06-01 13:00:00,8,Sheremetyevo,140.0,134.04301,139.0,123.0
2026-06-01 13:00:00,9,Vnukovo,104.0,100.74551,102.0,89.0
2026-06-01 13:00:00,10,Domodedovo,131.0,125.49645,130.0,113.0
2026-06-01 13:00:00,11,Yasenevo,44.0,47.170547,48.0,45.0
2026-06-01 13:00:00,12,Kuzminki,57.0,55.393124,57.0,49.0
2026-06-01 14:00:00,1,Tverskoy,116.0,108.98942,104.0,104.0
2026-06-01 14:00:00,2,Arbat,79.0,83.19837,81.0,76.0
2026-06-01 14:00:00,3,Moscow City,139.0,144.6918,143.0,137.0
2026-06-01 14:00:00,4,Sokolniki,60.0,58.448376,58.0,54.0
2026-06-01 14:00:00,5,Tagansky,76.0,73.37548,72.0,70.0
2026-06-01 14:00:00,6,Khamovniki,88.0,90.613846,89.0,79.0
2026-06-01 14:00:00,7,VDNH,61.0,63.090736,61.0,57.0
2026-06-01 14:00:00,8,Sheremetyevo,140.0,136.50185,140.0,119.0
2026-06-01 14:00:00,9,Vnukovo,105.0,102.93472,104.0,88.0
2026-06-01 14:00:00,10,Domodedovo,124.0,127.39888,131.0,113.0
2026-06-01 14:00:00,11,Yasenevo,47.0,44.945187,44.0,43.0
2026-06-01 14:00:00,12,Kuzminki,53.0,57.173576,57.0,50.0
2026-06-01 15:00:00,1,Tverskoy,120.0,120.945076,116.0,106.0
2026-06-01 15:00:00,2,Arbat,80.0,81.95116,79.0,74.0
2026-06-01 15:00:00,3,Moscow City,164.0,145.1672,139.0,141.0
2026-06-01 15:00:00,4,Sokolniki,58.0,61.50704,60.0,55.0
2026-06-01 15:00:00,5,Tagansky,77.0,78.106064,76.0,67.0
2026-06-01 15:00:00,6,Khamovniki,90.0,91.541,88.0,86.0
2026-06-01 15:00:00,7,VDNH,65.0,64.000046,61.0,64.0
2026-06-01 15:00:00,8,Sheremetyevo,137.0,138.22568,140.0,115.0
2026-06-01 15:00:00,9,Vnukovo,98.0,104.596634,105.0,101.0
2026-06-01 15:00:00,10,Domodedovo,125.0,122.928825,124.0,110.0
2026-06-01 15:00:00,11,Yasenevo,51.0,48.500454,47.0,44.0
2026-06-01 15:00:00,12,Kuzminki,60.0,55.024456,53.0,51.0
2026-06-01 16:00:00,1,Tverskoy,123.0,125.04271,120.0,115.0
2026-06-01 16:00:00,2,Arbat,91.0,83.24572,80.0,80.0
2026-06-01 16:00:00,3,Moscow City,164.0,170.0239,164.0,142.0
2026-06-01 16:00:00,4,Sokolniki,63.0,60.4788,58.0,61.0
2026-06-01 16:00:00,5,Tagansky,85.0,79.427895,77.0,74.0
2026-06-01 16:00:00,6,Khamovniki,96.0,94.181915,90.0,89.0
2026-06-01 16:00:00,7,VDNH,71.0,68.18314,65.0,67.0
2026-06-01 16:00:00,8,Sheremetyevo,131.0,136.9112,137.0,121.0
2026-06-01 16:00:00,9,Vnukovo,103.0,99.539474,98.0,97.0
2026-06-01 16:00:00,10,Domodedovo,129.0,125.29105,125.0,111.0
2026-06-01 16:00:00,11,Yasenevo,51.0,52.63463,51.0,48.0
2026-06-01 16:00:00,12,Kuzminki,61.0,62.232273,60.0,54.0
2026-06-01 17:00:00,1,Tverskoy,121.0,127.85385,123.0,108.0
2026-06-01 17:00:00,2,Arbat,95.0,93.88804,91.0,86.0
2026-06-01 17:00:00,3,Moscow City,175.0,169.0485,164.0,149.0
2026-06-01 17:00:00,4,Sokolniki,70.0,65.504745,63.0,63.0
2026-06-01 17:00:00,5,Tagansky,87.0,86.46737,85.0,79.0
2026-06-01 17:00:00,6,Khamovniki,104.0,100.16739,96.0,93.0
2026-06-01 17:00:00,7,VDNH,73.0,73.51392,71.0,70.0
2026-06-01 17:00:00,8,Sheremetyevo,135.0,134.24846,131.0,127.0
2026-06-01 17:00:00,9,Vnukovo,106.0,105.96009,103.0,98.0
2026-06-01 17:00:00,10,Domodedovo,125.0,131.12798,129.0,120.0
2026-06-01 17:00:00,11,Yasenevo,56.0,52.550285,51.0,49.0
2026-06-01 17:00:00,12,Kuzminki,69.0,63.109436,61.0,56.0
2026-06-01 18:00:00,1,Tverskoy,128.0,127.31894,121.0,111.0
2026-06-01 18:00:00,2,Arbat,96.0,97.70658,95.0,80.0
2026-06-01 18:00:00,3,Moscow City,179.0,178.4743,175.0,161.0
2026-06-01 18:00:00,4,Sokolniki,69.0,71.27484,70.0,63.0
2026-06-01 18:00:00,5,Tagansky,89.0,87.92785,87.0,73.0
2026-06-01 18:00:00,6,Khamovniki,105.0,107.00392,104.0,95.0
2026-06-01 18:00:00,7,VDNH,70.0,74.5988,73.0,65.0
2026-06-01 18:00:00,8,Sheremetyevo,147.0,140.35405,135.0,124.0
2026-06-01 18:00:00,9,Vnukovo,102.0,110.39121,106.0,94.0
2026-06-01 18:00:00,10,Domodedovo,126.0,129.17749,125.0,117.0
2026-06-01 18:00:00,11,Yasenevo,56.0,57.04501,56.0,48.0
2026-06-01 18:00:00,12,Kuzminki,65.0,69.61329,69.0,59.0
2026-06-01 19:00:00,1,Tverskoy,136.0,135.31787,128.0,120.0
2026-06-01 19:00:00,2,Arbat,93.0,98.94647,96.0,84.0
2026-06-01 19:00:00,3,Moscow City,172.0,177.4683,179.0,149.0
2026-06-01 19:00:00,4,Sokolniki,59.0,68.53342,69.0,61.0
2026-06-01 19:00:00,5,Tagansky,81.0,88.47514,89.0,81.0
2026-06-01 19:00:00,6,Khamovniki,100.0,105.65599,105.0,96.0
2026-06-01 19:00:00,7,VDNH,73.0,71.6847,70.0,67.0
2026-06-01 19:00:00,8,Sheremetyevo,144.0,153.9083,147.0,132.0
2026-06-01 19:00:00,9,Vnukovo,110.0,107.78589,102.0,99.0
2026-06-01 19:00:00,10,Domodedovo,130.0,132.07304,126.0,119.0
2026-06-01 19:00:00,11,Yasenevo,55.0,56.130775,56.0,53.0
2026-06-01 19:00:00,12,Kuzminki,66.0,64.84074,65.0,57.0
2026-06-01 20:00:00,1,Tverskoy,122.0,140.8803,136.0,135.0
2026-06-01 20:00:00,2,Arbat,93.0,95.42777,93.0,95.0
2026-06-01 20:00:00,3,Moscow City,161.0,167.0547,172.0,167.0
2026-06-01 20:00:00,4,Sokolniki,66.0,58.36113,59.0,66.0
2026-06-01 20:00:00,5,Tagansky,82.0,80.44249,81.0,83.0
2026-06-01 20:00:00,6,Khamovniki,99.0,99.80287,100.0,102.0
2026-06-01 20:00:00,7,VDNH,73.0,72.46119,73.0,74.0
2026-06-01 20:00:00,8,Sheremetyevo,156.0,151.62619,144.0,151.0
2026-06-01 20:00:00,9,Vnukovo,119.0,116.522316,110.0,115.0
2026-06-01 20:00:00,10,Domodedovo,142.0,136.9579,130.0,143.0
2026-06-01 20:00:00,11,Yasenevo,55.0,54.43867,55.0,52.0
2026-06-01 20:00:00,12,Kuzminki,61.0,65.01048,66.0,63.0
2026-06-01 21:00:00,1,Tverskoy,132.0,125.05593,122.0,138.0
2026-06-01 21:00:00,2,Arbat,97.0,94.287315,93.0,97.0
2026-06-01 21:00:00,3,Moscow City,163.0,153.17522,161.0,158.0
2026-06-01 21:00:00,4,Sokolniki,65.0,63.18377,66.0,60.0
2026-06-01 21:00:00,5,Tagansky,79.0,79.744064,82.0,80.0
2026-06-01 21:00:00,6,Khamovniki,93.0,96.84131,99.0,100.0
2026-06-01 21:00:00,7,VDNH,66.0,70.91752,73.0,70.0
2026-06-01 21:00:00,8,Sheremetyevo,156.0,163.38629,156.0,162.0
2026-06-01 21:00:00,9,Vnukovo,120.0,125.021675,119.0,119.0
2026-06-01 21:00:00,10,Domodedovo,146.0,148.66515,142.0,151.0
2026-06-01 21:00:00,11,Yasenevo,46.0,53.666195,55.0,49.0
2026-06-01 21:00:00,12,Kuzminki,63.0,59.844574,61.0,64.0
2026-06-01 22:00:00,1,Tverskoy,133.0,133.21892,132.0,136.0
2026-06-01 22:00:00,2,Arbat,98.0,97.42857,97.0,98.0
2026-06-01 22:00:00,3,Moscow City,149.0,153.31497,163.0,143.0
2026-06-01 22:00:00,4,Sokolniki,54.0,61.639694,65.0,59.0
2026-06-01 22:00:00,5,Tagansky,75.0,76.49826,79.0,77.0
2026-06-01 22:00:00,6,Khamovniki,87.0,90.37119,93.0,92.0
2026-06-01 22:00:00,7,VDNH,63.0,63.847855,66.0,64.0
2026-06-01 22:00:00,8,Sheremetyevo,164.0,162.99648,156.0,165.0
2026-06-01 22:00:00,9,Vnukovo,117.0,124.58197,120.0,125.0
2026-06-01 22:00:00,10,Domodedovo,154.0,151.87376,146.0,152.0
2026-06-01 22:00:00,11,Yasenevo,46.0,45.299488,46.0,48.0
2026-06-01 22:00:00,12,Kuzminki,55.0,60.75616,63.0,57.0
2026-06-01 23:00:00,1,Tverskoy,140.0,130.36575,133.0,142.0
2026-06-01 23:00:00,2,Arbat,97.0,96.247246,98.0,101.0
2026-06-01 23:00:00,3,Moscow City,144.0,140.318,149.0,138.0
2026-06-01 23:00:00,4,Sokolniki,60.0,52.311913,54.0,58.0
2026-06-01 23:00:00,5,Tagansky,75.0,73.047905,75.0,75.0
2026-06-01 23:00:00,6,Khamovniki,87.0,84.84925,87.0,89.0
2026-06-01 23:00:00,7,VDNH,64.0,60.831,63.0,66.0
2026-06-01 23:00:00,8,Sheremetyevo,164.0,169.40823,164.0,175.0
2026-06-01 23:00:00,9,Vnukovo,129.0,121.762924,117.0,135.0
2026-06-01 23:00:00,10,Domodedovo,154.0,158.48433,154.0,162.0
2026-06-01 23:00:00,11,Yasenevo,49.0,45.386368,46.0,50.0
2026-06-01 23:00:00,12,Kuzminki,57.0,53.263752,55.0,57.0
2026-06-02 00:00:00,1,Tverskoy,108.0,134.42877,140.0,116.0
2026-06-02 00:00:00,2,Arbat,75.0,93.95783,97.0,82.0
2026-06-02 00:00:00,3,Moscow City,141.0,137.68103,144.0,136.0
2026-06-02 00:00:00,4,Sokolniki,51.0,57.743427,60.0,56.0
2026-06-02 00:00:00,5,Tagansky,71.0,73.10142,75.0,72.0
2026-06-02 00:00:00,6,Khamovniki,87.0,84.94747,87.0,85.0
2026-06-02 00:00:00,7,VDNH,63.0,62.124363,64.0,61.0
2026-06-02 00:00:00,8,Sheremetyevo,173.0,168.57666,164.0,172.0
2026-06-02 00:00:00,9,Vnukovo,129.0,132.97838,129.0,133.0
2026-06-02 00:00:00,10,Domodedovo,155.0,157.77654,154.0,160.0
2026-06-02 00:00:00,11,Yasenevo,50.0,48.25106,49.0,41.0
2026-06-02 00:00:00,12,Kuzminki,55.0,54.535324,57.0,55.0
2026-06-02 01:00:00,1,Tverskoy,112.0,106.271866,108.0,112.0
2026-06-02 01:00:00,2,Arbat,79.0,73.54819,75.0,75.0
2026-06-02 01:00:00,3,Moscow City,134.0,138.9243,141.0,139.0
2026-06-02 01:00:00,4,Sokolniki,58.0,51.066887,51.0,57.0
2026-06-02 01:00:00,5,Tagansky,72.0,70.68573,71.0,73.0
2026-06-02 01:00:00,6,Khamovniki,86.0,86.519646,87.0,81.0
2026-06-02 01:00:00,7,VDNH,64.0,61.808144,63.0,61.0
2026-06-02 01:00:00,8,Sheremetyevo,175.0,176.34715,173.0,173.0
2026-06-02 01:00:00,9,Vnukovo,136.0,132.14903,129.0,130.0
2026-06-02 01:00:00,10,Domodedovo,155.0,159.06548,155.0,156.0
2026-06-02 01:00:00,11,Yasenevo,51.0,49.588097,50.0,48.0
2026-06-02 01:00:00,12,Kuzminki,55.0,53.045303,55.0,53.0
2026-06-02 02:00:00,1,Tverskoy,112.0,110.09846,112.0,110.0
2026-06-02 02:00:00,2,Arbat,81.0,77.772675,79.0,75.0
2026-06-02 02:00:00,3,Moscow City,144.0,137.83977,134.0,142.0
2026-06-02 02:00:00,4,Sokolniki,57.0,58.454613,58.0,58.0
2026-06-02 02:00:00,5,Tagansky,75.0,73.03248,72.0,72.0
2026-06-02 02:00:00,6,Khamovniki,90.0,88.20846,86.0,87.0
2026-06-02 02:00:00,7,VDNH,56.0,63.609917,64.0,58.0
2026-06-02 02:00:00,8,Sheremetyevo,182.0,177.05342,175.0,177.0
2026-06-02 02:00:00,9,Vnukovo,133.0,137.33588,136.0,133.0
2026-06-02 02:00:00,10,Domodedovo,176.0,158.06479,155.0,171.0
2026-06-02 02:00:00,11,Yasenevo,46.0,50.841312,51.0,44.0
2026-06-02 02:00:00,12,Kuzminki,55.0,54.8428,55.0,54.0
2026-06-02 03:00:00,1,Tverskoy,117.0,110.3233,112.0,108.0
2026-06-02 03:00:00,2,Arbat,76.0,79.8082,81.0,75.0
2026-06-02 03:00:00,3,Moscow City,137.0,149.84467,144.0,142.0
2026-06-02 03:00:00,4,Sokolniki,52.0,58.24991,57.0,55.0
2026-06-02 03:00:00,5,Tagansky,68.0,77.012886,75.0,76.0
2026-06-02 03:00:00,6,Khamovniki,83.0,93.50445,90.0,93.0
2026-06-02 03:00:00,7,VDNH,66.0,58.232224,56.0,63.0
2026-06-02 03:00:00,8,Sheremetyevo,182.0,182.39368,182.0,176.0
2026-06-02 03:00:00,9,Vnukovo,136.0,133.32732,133.0,137.0
2026-06-02 03:00:00,10,Domodedovo,168.0,174.49217,176.0,170.0
2026-06-02 03:00:00,11,Yasenevo,48.0,47.229877,46.0,47.0
2026-06-02 03:00:00,12,Kuzminki,53.0,56.20121,55.0,54.0
2026-06-02 04:00:00,1,Tverskoy,110.0,115.515045,117.0,108.0
2026-06-02 04:00:00,2,Arbat,80.0,76.2672,76.0,82.0
2026-06-02 04:00:00,3,Moscow City,147.0,146.04195,137.0,145.0
2026-06-02 04:00:00,4,Sokolniki,59.0,55.063713,52.0,56.0
2026-06-02 04:00:00,5,Tagansky,76.0,71.43821,68.0,75.0
2026-06-02 04:00:00,6,Khamovniki,85.0,87.92938,83.0,91.0
2026-06-02 04:00:00,7,VDNH,65.0,68.8254,66.0,62.0
2026-06-02 04:00:00,8,Sheremetyevo,182.0,181.63411,182.0,174.0
2026-06-02 04:00:00,9,Vnukovo,134.0,135.4551,136.0,133.0
2026-06-02 04:00:00,10,Domodedovo,166.0,165.32664,168.0,161.0
2026-06-02 04:00:00,11,Yasenevo,49.0,49.844357,48.0,46.0
2026-06-02 04:00:00,12,Kuzminki,51.0,55.62326,53.0,56.0
2026-06-02 05:00:00,1,Tverskoy,112.0,111.05447,110.0,102.0
2026-06-02 05:00:00,2,Arbat,80.0,80.78156,80.0,77.0
2026-06-02 05:00:00,3,Moscow City,149.0,157.72656,147.0,152.0
2026-06-02 05:00:00,4,Sokolniki,63.0,62.581787,59.0,63.0
2026-06-02 05:00:00,5,Tagansky,77.0,79.88329,76.0,81.0
2026-06-02 05:00:00,6,Khamovniki,94.0,90.53289,85.0,95.0
2026-06-02 05:00:00,7,VDNH,72.0,68.237236,65.0,67.0
2026-06-02 05:00:00,8,Sheremetyevo,176.0,178.51042,182.0,181.0
2026-06-02 05:00:00,9,Vnukovo,134.0,132.49269,134.0,133.0
2026-06-02 05:00:00,10,Domodedovo,164.0,160.84373,166.0,158.0
2026-06-02 05:00:00,11,Yasenevo,53.0,51.181255,49.0,53.0
2026-06-02 05:00:00,12,Kuzminki,60.0,54.365284,51.0,56.0
2026-06-02 06:00:00,1,Tverskoy,105.0,112.134094,112.0,110.0
2026-06-02 06:00:00,2,Arbat,81.0,80.13913,80.0,78.0
2026-06-02 06:00:00,3,Moscow City,164.0,160.56192,149.0,166.0
2026-06-02 06:00:00,4,Sokolniki,66.0,66.43245,63.0,66.0
2026-06-02 06:00:00,5,Tagansky,81.0,80.799576,77.0,84.0
2026-06-02 06:00:00,6,Khamovniki,101.0,99.997,94.0,98.0
2026-06-02 06:00:00,7,VDNH,69.0,74.89302,72.0,71.0
2026-06-02 06:00:00,8,Sheremetyevo,171.0,170.97095,176.0,172.0
2026-06-02 06:00:00,9,Vnukovo,129.0,130.69077,134.0,131.0
2026-06-02 06:00:00,10,Domodedovo,155.0,157.80621,164.0,160.0
2026-06-02 06:00:00,11,Yasenevo,54.0,54.91282,53.0,53.0
2026-06-02 06:00:00,12,Kuzminki,61.0,63.558083,60.0,60.0
2026-06-02 07:00:00,1,Tverskoy,114.0,106.384865,105.0,112.0
2026-06-02 07:00:00,2,Arbat,81.0,80.852684,81.0,77.0
2026-06-02 07:00:00,3,Moscow City,190.0,173.73965,164.0,185.0
2026-06-02 07:00:00,4,Sokolniki,70.0,67.973755,66.0,67.0
2026-06-02 07:00:00,5,Tagansky,88.0,83.4556,81.0,83.0
2026-06-02 07:00:00,6,Khamovniki,107.0,105.46788,101.0,105.0
2026-06-02 07:00:00,7,VDNH,72.0,71.32435,69.0,75.0
2026-06-02 07:00:00,8,Sheremetyevo,171.0,165.27034,171.0,160.0
2026-06-02 07:00:00,9,Vnukovo,127.0,124.93025,129.0,128.0
2026-06-02 07:00:00,10,Domodedovo,153.0,148.5031,155.0,149.0
2026-06-02 07:00:00,11,Yasenevo,58.0,55.047703,54.0,54.0
2026-06-02 07:00:00,12,Kuzminki,68.0,63.154114,61.0,65.0
2026-06-02 08:00:00,1,Tverskoy,108.0,114.0215,114.0,104.0
2026-06-02 08:00:00,2,Arbat,77.0,81.36766,81.0,76.0
2026-06-02 08:00:00,3,Moscow City,192.0,189.6777,190.0,195.0
2026-06-02 08:00:00,4,Sokolniki,70.0,69.518,70.0,70.0
2026-06-02 08:00:00,5,Tagansky,92.0,87.97222,88.0,95.0
2026-06-02 08:00:00,6,Khamovniki,107.0,107.446335,107.0,111.0
2026-06-02 08:00:00,7,VDNH,77.0,72.45197,72.0,76.0
2026-06-02 08:00:00,8,Sheremetyevo,161.0,164.28256,171.0,161.0
2026-06-02 08:00:00,9,Vnukovo,120.0,122.51197,127.0,123.0
2026-06-02 08:00:00,10,Domodedovo,157.0,146.89871,153.0,154.0
2026-06-02 08:00:00,11,Yasenevo,59.0,57.473293,58.0,57.0
2026-06-02 08:00:00,12,Kuzminki,68.0,67.88393,68.0,63.0
2026-06-02 09:00:00,1,Tverskoy,108.0,108.562904,108.0,107.0
2026-06-02 09:00:00,2,Arbat,75.0,78.18358,77.0,77.0
2026-06-02 09:00:00,3,Moscow City,180.0,183.71779,192.0,188.0
2026-06-02 09:00:00,4,Sokolniki,65.0,67.47832,70.0,68.0
2026-06-02 09:00:00,5,Tagansky,90.0,89.08519,92.0,85.0
2026-06-02 09:00:00,6,Khamovniki,104.0,104.99294,107.0,111.0
2026-06-02 09:00:00,7,VDNH,75.0,74.76253,77.0,76.0
2026-06-02 09:00:00,8,Sheremetyevo,163.0,154.99237,161.0,161.0
2026-06-02 09:00:00,9,Vnukovo,121.0,115.6444,120.0,116.0
2026-06-02 09:00:00,10,Domodedovo,148.0,149.74112,157.0,143.0
2026-06-02 09:00:00,11,Yasenevo,57.0,56.9886,59.0,56.0
2026-06-02 09:00:00,12,Kuzminki,68.0,66.65171,68.0,68.0
2026-06-02 10:00:00,1,Tverskoy,110.0,109.46535,108.0,105.0
2026-06-02 10:00:00,2,Arbat,78.0,76.714745,75.0,84.0
2026-06-02 10:00:00,3,Moscow City,175.0,168.76872,180.0,162.0
2026-06-02 10:00:00,4,Sokolniki,66.0,62.07634,65.0,64.0
2026-06-02 10:00:00,5,Tagansky,82.0,85.832184,90.0,85.0
2026-06-02 10:00:00,6,Khamovniki,100.0,99.99691,104.0,103.0
2026-06-02 10:00:00,7,VDNH,72.0,71.49761,75.0,70.0
2026-06-02 10:00:00,8,Sheremetyevo,153.0,156.44795,163.0,149.0
2026-06-02 10:00:00,9,Vnukovo,115.0,116.20646,121.0,112.0
2026-06-02 10:00:00,10,Domodedovo,138.0,140.84824,148.0,145.0
2026-06-02 10:00:00,11,Yasenevo,51.0,54.466038,57.0,53.0
2026-06-02 10:00:00,12,Kuzminki,64.0,64.98887,68.0,66.0
2026-06-02 11:00:00,1,Tverskoy,105.0,112.49346,110.0,106.0
2026-06-02 11:00:00,2,Arbat,81.0,80.097435,78.0,81.0
2026-06-02 11:00:00,3,Moscow City,166.0,163.84384,175.0,152.0
2026-06-02 11:00:00,4,Sokolniki,65.0,62.435005,66.0,61.0
2026-06-02 11:00:00,5,Tagansky,80.0,77.87469,82.0,77.0
2026-06-02 11:00:00,6,Khamovniki,93.0,95.4872,100.0,96.0
2026-06-02 11:00:00,7,VDNH,69.0,68.56834,72.0,63.0
2026-06-02 11:00:00,8,Sheremetyevo,147.0,147.26682,153.0,152.0
2026-06-02 11:00:00,9,Vnukovo,106.0,110.40423,115.0,107.0
2026-06-02 11:00:00,10,Domodedovo,131.0,132.04031,138.0,131.0
2026-06-02 11:00:00,11,Yasenevo,49.0,48.980278,51.0,50.0
2026-06-02 11:00:00,12,Kuzminki,53.0,60.67026,64.0,58.0
2026-06-02 12:00:00,1,Tverskoy,112.0,109.728714,105.0,110.0
2026-06-02 12:00:00,2,Arbat,78.0,82.59047,81.0,76.0
2026-06-02 12:00:00,3,Moscow City,153.0,156.23668,166.0,151.0
2026-06-02 12:00:00,4,Sokolniki,61.0,61.689117,65.0,63.0
2026-06-02 12:00:00,5,Tagansky,77.0,76.3684,80.0,76.0
2026-06-02 12:00:00,6,Khamovniki,95.0,89.59406,93.0,90.0
2026-06-02 12:00:00,7,VDNH,64.0,66.15966,69.0,65.0
2026-06-02 12:00:00,8,Sheremetyevo,145.0,141.47105,147.0,139.0
2026-06-02 12:00:00,9,Vnukovo,110.0,102.79249,106.0,102.0
2026-06-02 12:00:00,10,Domodedovo,130.0,126.046234,131.0,130.0
2026-06-02 12:00:00,11,Yasenevo,47.0,47.45003,49.0,48.0
2026-06-02 12:00:00,12,Kuzminki,57.0,51.551487,53.0,57.0
2026-06-02 13:00:00,1,Tverskoy,115.0,117.31056,112.0,104.0
2026-06-02 13:00:00,2,Arbat,78.0,80.263,78.0,81.0
2026-06-02 13:00:00,3,Moscow City,143.0,148.04228,153.0,143.0
2026-06-02 13:00:00,4,Sokolniki,54.0,59.04528,61.0,58.0
2026-06-02 13:00:00,5,Tagansky,74.0,75.20543,77.0,72.0
2026-06-02 13:00:00,6,Khamovniki,89.0,92.57342,95.0,89.0
2026-06-02 13:00:00,7,VDNH,63.0,63.468193,64.0,61.0
2026-06-02 13:00:00,8,Sheremetyevo,140.0,139.89886,145.0,140.0
2026-06-02 13:00:00,9,Vnukovo,104.0,107.76695,110.0,104.0
2026-06-02 13:00:00,10,Domodedovo,127.0,126.00977,130.0,131.0
2026-06-02 13:00:00,11,Yasenevo,45.0,46.65004,47.0,44.0
2026-06-02 13:00:00,12,Kuzminki,55.0,55.671314,57.0,57.0
2026-06-02 14:00:00,1,Tverskoy,116.0,120.332405,115.0,116.0
2026-06-02 14:00:00,2,Arbat,78.0,81.172615,78.0,79.0
2026-06-02 14:00:00,3,Moscow City,147.0,146.79092,143.0,139.0
2026-06-02 14:00:00,4,Sokolniki,56.0,55.655346,54.0,60.0
2026-06-02 14:00:00,5,Tagansky,74.0,75.48501,74.0,76.0
2026-06-02 14:00:00,6,Khamovniki,91.0,90.284836,89.0,88.0
2026-06-02 14:00:00,7,VDNH,66.0,64.88583,63.0,61.0
2026-06-02 14:00:00,8,Sheremetyevo,131.0,136.93573,140.0,140.0
2026-06-02 14:00:00,9,Vnukovo,104.0,103.69427,104.0,105.0
2026-06-02 14:00:00,10,Domodedovo,134.0,124.90647,127.0,124.0
2026-06-02 14:00:00,11,Yasenevo,45.0,46.435276,45.0,47.0
2026-06-02 14:00:00,12,Kuzminki,59.0,56.085815,55.0,53.0
2026-06-02 15:00:00,1,Tverskoy,114.0,121.02284,116.0,120.0
2026-06-02 15:00:00,2,Arbat,89.0,81.94025,78.0,80.0
2026-06-02 15:00:00,3,Moscow City,159.0,154.89674,147.0,164.0
2026-06-02 15:00:00,4,Sokolniki,60.0,59.103176,56.0,58.0
2026-06-02 15:00:00,5,Tagansky,77.0,77.08851,74.0,77.0
2026-06-02 15:00:00,6,Khamovniki,102.0,95.03915,91.0,90.0
2026-06-02 15:00:00,7,VDNH,67.0,69.05559,66.0,65.0
2026-06-02 15:00:00,8,Sheremetyevo,133.0,131.11555,131.0,137.0
2026-06-02 15:00:00,9,Vnukovo,105.0,104.352455,104.0,98.0
2026-06-02 15:00:00,10,Domodedovo,125.0,132.47533,134.0,125.0
2026-06-02 15:00:00,11,Yasenevo,50.0,47.39209,45.0,51.0
2026-06-02 15:00:00,12,Kuzminki,60.0,61.463955,59.0,60.0
2026-06-02 16:00:00,1,Tverskoy,125.0,119.97763,114.0,123.0
2026-06-02 16:00:00,2,Arbat,91.0,92.65689,89.0,91.0
2026-06-02 16:00:00,3,Moscow City,171.0,167.78511,159.0,164.0
2026-06-02 16:00:00,4,Sokolniki,62.0,63.563225,60.0,63.0
2026-06-02 16:00:00,5,Tagansky,85.0,80.37374,77.0,85.0
2026-06-02 16:00:00,6,Khamovniki,100.0,106.18832,102.0,96.0
2026-06-02 16:00:00,7,VDNH,70.0,70.06738,67.0,71.0
2026-06-02 16:00:00,8,Sheremetyevo,142.0,135.57161,133.0,131.0
2026-06-02 16:00:00,9,Vnukovo,104.0,105.76992,105.0,103.0
2026-06-02 16:00:00,10,Domodedovo,122.0,125.45665,125.0,129.0
2026-06-02 16:00:00,11,Yasenevo,53.0,52.616806,50.0,51.0
2026-06-02 16:00:00,12,Kuzminki,63.0,62.623154,60.0,61.0
2026-06-02 17:00:00,1,Tverskoy,133.0,131.31535,125.0,121.0
2026-06-02 17:00:00,2,Arbat,95.0,94.188225,91.0,95.0
2026-06-02 17:00:00,3,Moscow City,174.0,176.9116,171.0,175.0
2026-06-02 17:00:00,4,Sokolniki,68.0,64.93197,62.0,70.0
2026-06-02 17:00:00,5,Tagansky,86.0,87.75497,85.0,87.0
2026-06-02 17:00:00,6,Khamovniki,107.0,103.8954,100.0,104.0
2026-06-02 17:00:00,7,VDNH,76.0,72.88211,70.0,73.0
2026-06-02 17:00:00,8,Sheremetyevo,141.0,145.77554,142.0,135.0
2026-06-02 17:00:00,9,Vnukovo,109.0,106.8103,104.0,106.0
2026-06-02 17:00:00,10,Domodedovo,128.0,124.22373,122.0,125.0
2026-06-02 17:00:00,11,Yasenevo,56.0,55.380806,53.0,56.0
2026-06-02 17:00:00,12,Kuzminki,64.0,65.26486,63.0,69.0
2026-06-02 18:00:00,1,Tverskoy,155.0,139.20615,133.0,128.0
2026-06-02 18:00:00,2,Arbat,118.0,98.18155,95.0,96.0
2026-06-02 18:00:00,3,Moscow City,179.0,176.1978,174.0,179.0
2026-06-02 18:00:00,4,Sokolniki,70.0,69.52099,68.0,69.0
2026-06-02 18:00:00,5,Tagansky,86.0,87.541504,86.0,89.0
2026-06-02 18:00:00,6,Khamovniki,109.0,109.49427,107.0,105.0
2026-06-02 18:00:00,7,VDNH,78.0,77.99747,76.0,70.0
2026-06-02 18:00:00,8,Sheremetyevo,137.0,146.44952,141.0,147.0
2026-06-02 18:00:00,9,Vnukovo,107.0,113.29899,109.0,102.0
2026-06-02 18:00:00,10,Domodedovo,133.0,132.20085,128.0,126.0
2026-06-02 18:00:00,11,Yasenevo,58.0,57.253857,56.0,56.0
2026-06-02 18:00:00,12,Kuzminki,64.0,65.85679,64.0,65.0
2026-06-02 19:00:00,1,Tverskoy,158.0,159.60257,155.0,136.0
2026-06-02 19:00:00,2,Arbat,117.0,120.08878,118.0,93.0
2026-06-02 19:00:00,3,Moscow City,177.0,174.26654,179.0,172.0
2026-06-02 19:00:00,4,Sokolniki,65.0,69.10237,70.0,59.0
2026-06-02 19:00:00,5,Tagansky,83.0,85.36668,86.0,81.0
2026-06-02 19:00:00,6,Khamovniki,107.0,108.22937,109.0,100.0
2026-06-02 19:00:00,7,VDNH,76.0,77.11376,78.0,73.0
2026-06-02 19:00:00,8,Sheremetyevo,150.0,143.6867,137.0,144.0
2026-06-02 19:00:00,9,Vnukovo,114.0,112.49444,107.0,110.0
2026-06-02 19:00:00,10,Domodedovo,132.0,139.07022,133.0,130.0
2026-06-02 19:00:00,11,Yasenevo,56.0,57.23819,58.0,55.0
2026-06-02 19:00:00,12,Kuzminki,64.0,64.64615,64.0,66.0
2026-06-02 20:00:00,1,Tverskoy,164.0,161.0439,158.0,122.0
2026-06-02 20:00:00,2,Arbat,114.0,118.01206,117.0,93.0
2026-06-02 20:00:00,3,Moscow City,168.0,167.72081,177.0,161.0
2026-06-02 20:00:00,4,Sokolniki,67.0,62.844765,65.0,66.0
2026-06-02 20:00:00,5,Tagansky,85.0,81.10575,83.0,82.0
2026-06-02 20:00:00,6,Khamovniki,101.0,103.19792,107.0,99.0
2026-06-02 20:00:00,7,VDNH,71.0,73.49208,76.0,73.0
2026-06-02 20:00:00,8,Sheremetyevo,152.0,157.34383,150.0,156.0
2026-06-02 20:00:00,9,Vnukovo,116.0,119.88243,114.0,119.0
2026-06-02 20:00:00,10,Domodedovo,142.0,138.60347,132.0,142.0
2026-06-02 20:00:00,11,Yasenevo,53.0,54.051014,56.0,55.0
2026-06-02 20:00:00,12,Kuzminki,58.0,62.40576,64.0,61.0
2026-06-02 21:00:00,1,Tverskoy,164.0,164.46661,164.0,132.0
2026-06-02 21:00:00,2,Arbat,116.0,113.31768,114.0,97.0
2026-06-02 21:00:00,3,Moscow City,154.0,158.15265,168.0,163.0
2026-06-02 21:00:00,4,Sokolniki,63.0,63.84371,67.0,65.0
2026-06-02 21:00:00,5,Tagansky,77.0,81.85336,85.0,79.0
2026-06-02 21:00:00,6,Khamovniki,96.0,96.91271,101.0,93.0
2026-06-02 21:00:00,7,VDNH,63.0,68.85041,71.0,66.0
2026-06-02 21:00:00,8,Sheremetyevo,156.0,159.75603,152.0,156.0
2026-06-02 21:00:00,9,Vnukovo,121.0,122.14231,116.0,120.0
2026-06-02 21:00:00,10,Domodedovo,151.0,148.81244,142.0,146.0
2026-06-02 21:00:00,11,Yasenevo,49.0,50.65383,53.0,46.0
2026-06-02 21:00:00,12,Kuzminki,58.0,56.86505,58.0,63.0
2026-06-02 22:00:00,1,Tverskoy,170.0,160.93259,164.0,133.0
2026-06-02 22:00:00,2,Arbat,119.0,113.42659,116.0,98.0
2026-06-02 22:00:00,3,Moscow City,146.0,146.86247,154.0,149.0
2026-06-02 22:00:00,4,Sokolniki,58.0,60.134754,63.0,54.0
2026-06-02 22:00:00,5,Tagansky,76.0,75.04372,77.0,75.0
2026-06-02 22:00:00,6,Khamovniki,92.0,92.26022,96.0,87.0
2026-06-02 22:00:00,7,VDNH,64.0,62.36218,63.0,63.0
2026-06-02 22:00:00,8,Sheremetyevo,161.0,163.60089,156.0,164.0
2026-06-02 22:00:00,9,Vnukovo,125.0,127.323044,121.0,117.0
2026-06-02 22:00:00,10,Domodedovo,152.0,157.41791,151.0,154.0
2026-06-02 22:00:00,11,Yasenevo,50.0,47.554058,49.0,46.0
2026-06-02 22:00:00,12,Kuzminki,53.0,56.54962,58.0,55.0
2026-06-02 23:00:00,1,Tverskoy,176.0,163.89517,170.0,140.0
2026-06-02 23:00:00,2,Arbat,128.0,115.34849,119.0,97.0
2026-06-02 23:00:00,3,Moscow City,148.0,142.46254,146.0,144.0
2026-06-02 23:00:00,4,Sokolniki,57.0,56.790432,58.0,60.0
2026-06-02 23:00:00,5,Tagansky,76.0,74.727135,76.0,75.0
2026-06-02 23:00:00,6,Khamovniki,87.0,89.71216,92.0,87.0
2026-06-02 23:00:00,7,VDNH,61.0,63.052147,64.0,64.0
2026-06-02 23:00:00,8,Sheremetyevo,174.0,168.52597,161.0,164.0
2026-06-02 23:00:00,9,Vnukovo,131.0,130.90482,125.0,129.0
2026-06-02 23:00:00,10,Domodedovo,154.0,157.79456,152.0,154.0
2026-06-02 23:00:00,11,Yasenevo,47.0,49.198437,50.0,49.0
2026-06-02 23:00:00,12,Kuzminki,52.0,52.62729,53.0,57.0
2026-06-03 00:00:00,1,Tverskoy,113.0,169.99861,176.0,108.0
2026-06-03 00:00:00,2,Arbat,81.0,123.811745,128.0,75.0
2026-06-03 00:00:00,3,Moscow City,145.0,145.87727,148.0,141.0
2026-06-03 00:00:00,4,Sokolniki,53.0,56.016853,57.0,51.0
2026-06-03 00:00:00,5,Tagansky,70.0,75.438995,76.0,71.0
2026-06-03 00:00:00,6,Khamovniki,89.0,87.17852,87.0,87.0
2026-06-03 00:00:00,7,VDNH,62.0,60.896313,61.0,63.0
2026-06-03 00:00:00,8,Sheremetyevo,169.0,180.7108,174.0,173.0
2026-06-03 00:00:00,9,Vnukovo,134.0,136.24121,131.0,129.0
2026-06-03 00:00:00,10,Domodedovo,160.0,159.61115,154.0,155.0
2026-06-03 00:00:00,11,Yasenevo,46.0,46.932816,47.0,50.0
2026-06-03 00:00:00,12,Kuzminki,55.0,52.30289,52.0,55.0
2026-06-03 01:00:00,1,Tverskoy,114.0,112.22552,113.0,112.0
2026-06-03 01:00:00,2,Arbat,79.0,80.373314,81.0,79.0
2026-06-03 01:00:00,3,Moscow City,142.0,144.45816,145.0,134.0
2026-06-03 01:00:00,4,Sokolniki,57.0,53.1759,53.0,58.0
2026-06-03 01:00:00,5,Tagansky,73.0,70.87878,70.0,72.0
2026-06-03 01:00:00,6,Khamovniki,94.0,90.14274,89.0,86.0
2026-06-03 01:00:00,7,VDNH,61.0,63.443176,62.0,64.0
2026-06-03 01:00:00,8,Sheremetyevo,177.0,175.3965,169.0,175.0
2026-06-03 01:00:00,9,Vnukovo,134.0,138.59322,134.0,136.0
2026-06-03 01:00:00,10,Domodedovo,159.0,165.99252,160.0,155.0
2026-06-03 01:00:00,11,Yasenevo,46.0,47.025345,46.0,51.0
2026-06-03 01:00:00,12,Kuzminki,56.0,55.282364,55.0,55.0
2026-06-03 02:00:00,1,Tverskoy,121.0,112.426216,114.0,112.0
2026-06-03 02:00:00,2,Arbat,81.0,78.93224,79.0,81.0
2026-06-03 02:00:00,3,Moscow City,148.0,145.4494,142.0,144.0
2026-06-03 02:00:00,4,Sokolniki,57.0,58.53592,57.0,57.0
2026-06-03 02:00:00,5,Tagansky,73.0,74.96365,73.0,75.0
2026-06-03 02:00:00,6,Khamovniki,92.0,96.437416,94.0,90.0
2026-06-03 02:00:00,7,VDNH,63.0,63.669403,61.0,56.0
2026-06-03 02:00:00,8,Sheremetyevo,183.0,182.56052,177.0,182.0
2026-06-03 02:00:00,9,Vnukovo,135.0,137.91798,134.0,133.0
2026-06-03 02:00:00,10,Domodedovo,166.0,164.22432,159.0,176.0
2026-06-03 02:00:00,11,Yasenevo,45.0,47.65448,46.0,46.0
2026-06-03 02:00:00,12,Kuzminki,55.0,57.1286,56.0,55.0
2026-06-03 03:00:00,1,Tverskoy,111.0,118.11619,121.0,117.0
2026-06-03 03:00:00,2,Arbat,77.0,80.74803,81.0,76.0
2026-06-03 03:00:00,3,Moscow City,141.0,154.46062,148.0,137.0
2026-06-03 03:00:00,4,Sokolniki,58.0,59.76707,57.0,52.0
2026-06-03 03:00:00,5,Tagansky,74.0,76.009285,73.0,68.0
2026-06-03 03:00:00,6,Khamovniki,90.0,95.49497,92.0,83.0
2026-06-03 03:00:00,7,VDNH,61.0,66.18147,63.0,66.0
2026-06-03 03:00:00,8,Sheremetyevo,189.0,187.03328,183.0,182.0
2026-06-03 03:00:00,9,Vnukovo,137.0,138.12904,135.0,136.0
2026-06-03 03:00:00,10,Domodedovo,169.0,169.40579,166.0,168.0
2026-06-03 03:00:00,11,Yasenevo,46.0,47.280087,45.0,48.0
2026-06-03 03:00:00,12,Kuzminki,54.0,56.997562,55.0,53.0
2026-06-03 04:00:00,1,Tverskoy,109.0,111.45136,111.0,110.0
2026-06-03 04:00:00,2,Arbat,83.0,78.035706,77.0,80.0
2026-06-03 04:00:00,3,Moscow City,155.0,150.3555,141.0,147.0
2026-06-03 04:00:00,4,Sokolniki,60.0,61.68341,58.0,59.0
2026-06-03 04:00:00,5,Tagansky,78.0,77.78135,74.0,76.0
2026-06-03 04:00:00,6,Khamovniki,94.0,94.651634,90.0,85.0
2026-06-03 04:00:00,7,VDNH,62.0,64.61044,61.0,65.0
2026-06-03 04:00:00,8,Sheremetyevo,184.0,189.76965,189.0,182.0
2026-06-03 04:00:00,9,Vnukovo,134.0,138.61679,137.0,134.0
2026-06-03 04:00:00,10,Domodedovo,164.0,169.93079,169.0,166.0
2026-06-03 04:00:00,11,Yasenevo,47.0,48.759186,46.0,49.0
2026-06-03 04:00:00,12,Kuzminki,55.0,57.176323,54.0,51.0
2026-06-03 05:00:00,1,Tverskoy,113.0,111.51154,109.0,112.0
2026-06-03 05:00:00,2,Arbat,78.0,84.34855,83.0,80.0
2026-06-03 05:00:00,3,Moscow City,161.0,166.4031,155.0,149.0
2026-06-03 05:00:00,4,Sokolniki,62.0,64.045746,60.0,63.0
2026-06-03 05:00:00,5,Tagansky,76.0,82.13636,78.0,77.0
2026-06-03 05:00:00,6,Khamovniki,93.0,99.71009,94.0,94.0
2026-06-03 05:00:00,7,VDNH,70.0,65.94365,62.0,72.0
2026-06-03 05:00:00,8,Sheremetyevo,176.0,182.32373,184.0,176.0
2026-06-03 05:00:00,9,Vnukovo,132.0,134.08842,134.0,134.0
2026-06-03 05:00:00,10,Domodedovo,171.0,162.14017,164.0,164.0
2026-06-03 05:00:00,11,Yasenevo,50.0,50.01874,47.0,53.0
2026-06-03 05:00:00,12,Kuzminki,58.0,58.738506,55.0,60.0
2026-06-03 06:00:00,1,Tverskoy,113.0,114.91318,113.0,105.0
2026-06-03 06:00:00,2,Arbat,81.0,79.62907,78.0,81.0
2026-06-03 06:00:00,3,Moscow City,189.0,173.5244,161.0,164.0
2026-06-03 06:00:00,4,Sokolniki,65.0,66.119705,62.0,66.0
2026-06-03 06:00:00,5,Tagansky,85.0,80.57272,76.0,81.0
2026-06-03 06:00:00,6,Khamovniki,101.0,99.37742,93.0,101.0
2026-06-03 06:00:00,7,VDNH,70.0,74.07257,70.0,69.0
2026-06-03 06:00:00,8,Sheremetyevo,182.0,173.32271,176.0,171.0
2026-06-03 06:00:00,9,Vnukovo,126.0,130.3256,132.0,129.0
2026-06-03 06:00:00,10,Domodedovo,164.0,166.81407,171.0,155.0
2026-06-03 06:00:00,11,Yasenevo,55.0,53.15431,50.0,54.0
2026-06-03 06:00:00,12,Kuzminki,61.0,62.066326,58.0,61.0
2026-06-03 07:00:00,1,Tverskoy,110.0,114.607216,113.0,114.0
2026-06-03 07:00:00,2,Arbat,82.0,82.37941,81.0,81.0
2026-06-03 07:00:00,3,Moscow City,185.0,198.49026,189.0,190.0
2026-06-03 07:00:00,4,Sokolniki,70.0,68.37012,65.0,70.0
2026-06-03 07:00:00,5,Tagansky,91.0,89.27909,85.0,88.0
2026-06-03 07:00:00,6,Khamovniki,110.0,107.099236,101.0,107.0
2026-06-03 07:00:00,7,VDNH,76.0,73.67149,70.0,72.0
2026-06-03 07:00:00,8,Sheremetyevo,166.0,177.34929,182.0,171.0
2026-06-03 07:00:00,9,Vnukovo,124.0,123.8802,126.0,127.0
2026-06-03 07:00:00,10,Domodedovo,151.0,159.42468,164.0,153.0
2026-06-03 07:00:00,11,Yasenevo,58.0,57.79269,55.0,58.0
2026-06-03 07:00:00,12,Kuzminki,66.0,64.964294,61.0,68.0
2026-06-03 08:00:00,1,Tverskoy,108.0,112.193665,110.0,108.0
2026-06-03 08:00:00,2,Arbat,81.0,83.38909,82.0,77.0
2026-06-03 08:00:00,3,Moscow City,194.0,185.29007,185.0,192.0
2026-06-03 08:00:00,4,Sokolniki,73.0,71.00505,70.0,70.0
2026-06-03 08:00:00,5,Tagansky,90.0,92.35597,91.0,92.0
2026-06-03 08:00:00,6,Khamovniki,114.0,113.02843,110.0,107.0
2026-06-03 08:00:00,7,VDNH,79.0,77.10121,76.0,77.0
2026-06-03 08:00:00,8,Sheremetyevo,167.0,162.11792,166.0,161.0
2026-06-03 08:00:00,9,Vnukovo,130.0,121.0857,124.0,120.0
2026-06-03 08:00:00,10,Domodedovo,146.0,146.61922,151.0,157.0
2026-06-03 08:00:00,11,Yasenevo,61.0,58.891926,58.0,59.0
2026-06-03 08:00:00,12,Kuzminki,65.0,68.3768,66.0,68.0
2026-06-03 09:00:00,1,Tverskoy,119.0,111.1654,108.0,108.0
2026-06-03 09:00:00,2,Arbat,80.0,82.335846,81.0,75.0
2026-06-03 09:00:00,3,Moscow City,192.0,187.66997,194.0,180.0
2026-06-03 09:00:00,4,Sokolniki,69.0,71.39757,73.0,65.0
2026-06-03 09:00:00,5,Tagansky,88.0,88.81574,90.0,90.0
2026-06-03 09:00:00,6,Khamovniki,105.0,111.55104,114.0,104.0
2026-06-03 09:00:00,7,VDNH,78.0,77.37937,79.0,75.0
2026-06-03 09:00:00,8,Sheremetyevo,162.0,161.79561,167.0,163.0
2026-06-03 09:00:00,9,Vnukovo,118.0,125.41004,130.0,121.0
2026-06-03 09:00:00,10,Domodedovo,144.0,141.6993,146.0,148.0
2026-06-03 09:00:00,11,Yasenevo,59.0,59.04027,61.0,57.0
2026-06-03 09:00:00,12,Kuzminki,68.0,64.74542,65.0,68.0
2026-06-03 10:00:00,1,Tverskoy,113.0,121.15407,119.0,110.0
2026-06-03 10:00:00,2,Arbat,80.0,81.67435,80.0,78.0
2026-06-03 10:00:00,3,Moscow City,176.0,180.792,192.0,175.0
2026-06-03 10:00:00,4,Sokolniki,66.0,66.29734,69.0,66.0
2026-06-03 10:00:00,5,Tagansky,85.0,84.824936,88.0,82.0
2026-06-03 10:00:00,6,Khamovniki,100.0,101.554115,105.0,100.0
2026-06-03 10:00:00,7,VDNH,73.0,75.20205,78.0,72.0
2026-06-03 10:00:00,8,Sheremetyevo,151.0,156.92375,162.0,153.0
2026-06-03 10:00:00,9,Vnukovo,121.0,114.56505,118.0,115.0
2026-06-03 10:00:00,10,Domodedovo,147.0,140.12762,144.0,138.0
2026-06-03 10:00:00,11,Yasenevo,58.0,56.02667,59.0,51.0
2026-06-03 10:00:00,12,Kuzminki,62.0,65.35428,68.0,64.0
2026-06-03 11:00:00,1,Tverskoy,109.0,115.15857,113.0,105.0
2026-06-03 11:00:00,2,Arbat,80.0,81.82594,80.0,81.0
2026-06-03 11:00:00,3,Moscow City,167.0,165.10172,176.0,166.0
2026-06-03 11:00:00,4,Sokolniki,61.0,63.04332,66.0,65.0
2026-06-03 11:00:00,5,Tagansky,79.0,81.601685,85.0,80.0
2026-06-03 11:00:00,6,Khamovniki,101.0,96.73453,100.0,93.0
2026-06-03 11:00:00,7,VDNH,68.0,70.04983,73.0,69.0
2026-06-03 11:00:00,8,Sheremetyevo,152.0,147.94778,151.0,147.0
2026-06-03 11:00:00,9,Vnukovo,113.0,117.38099,121.0,106.0
2026-06-03 11:00:00,10,Domodedovo,140.0,141.91768,147.0,131.0
2026-06-03 11:00:00,11,Yasenevo,52.0,54.873936,58.0,49.0
2026-06-03 11:00:00,12,Kuzminki,60.0,59.42234,62.0,53.0
2026-06-03 12:00:00,1,Tverskoy,115.0,112.75309,109.0,112.0
2026-06-03 12:00:00,2,Arbat,79.0,81.86833,80.0,78.0
2026-06-03 12:00:00,3,Moscow City,146.0,157.743,167.0,153.0
2026-06-03 12:00:00,4,Sokolniki,58.0,59.09538,61.0,61.0
2026-06-03 12:00:00,5,Tagansky,77.0,77.21745,79.0,77.0
2026-06-03 12:00:00,6,Khamovniki,92.0,98.41194,101.0,95.0
2026-06-03 12:00:00,7,VDNH,66.0,66.328896,68.0,64.0
2026-06-03 12:00:00,8,Sheremetyevo,143.0,148.85724,152.0,145.0
2026-06-03 12:00:00,9,Vnukovo,108.0,110.39626,113.0,110.0
2026-06-03 12:00:00,10,Domodedovo,138.0,135.92085,140.0,130.0
2026-06-03 12:00:00,11,Yasenevo,50.0,50.35328,52.0,47.0
2026-06-03 12:00:00,12,Kuzminki,59.0,58.06976,60.0,57.0
2026-06-03 13:00:00,1,Tverskoy,113.0,119.15483,115.0,115.0
2026-06-03 13:00:00,2,Arbat,80.0,81.49293,79.0,78.0
2026-06-03 13:00:00,3,Moscow City,150.0,145.77008,146.0,143.0
2026-06-03 13:00:00,4,Sokolniki,60.0,57.533607,58.0,54.0
2026-06-03 13:00:00,5,Tagansky,76.0,76.63211,77.0,74.0
2026-06-03 13:00:00,6,Khamovniki,96.0,93.322975,92.0,89.0
2026-06-03 13:00:00,7,VDNH,67.0,65.86256,66.0,63.0
2026-06-03 13:00:00,8,Sheremetyevo,144.0,141.037,143.0,140.0
2026-06-03 13:00:00,9,Vnukovo,102.0,106.59491,108.0,104.0
2026-06-03 13:00:00,10,Domodedovo,130.0,135.18495,138.0,127.0
2026-06-03 13:00:00,11,Yasenevo,47.0,49.525597,50.0,45.0
2026-06-03 13:00:00,12,Kuzminki,57.0,58.562836,59.0,55.0
2026-06-03 14:00:00,1,Tverskoy,115.0,117.92578,113.0,116.0
2026-06-03 14:00:00,2,Arbat,86.0,83.084984,80.0,78.0
2026-06-03 14:00:00,3,Moscow City,154.0,154.13235,150.0,147.0
2026-06-03 14:00:00,4,Sokolniki,59.0,61.129444,60.0,56.0
2026-06-03 14:00:00,5,Tagansky,74.0,78.324165,76.0,74.0
2026-06-03 14:00:00,6,Khamovniki,93.0,99.387085,96.0,91.0
2026-06-03 14:00:00,7,VDNH,66.0,68.857605,67.0,66.0
2026-06-03 14:00:00,8,Sheremetyevo,132.0,143.1451,144.0,131.0
2026-06-03 14:00:00,9,Vnukovo,104.0,102.959015,102.0,104.0
2026-06-03 14:00:00,10,Domodedovo,127.0,129.36049,130.0,134.0
2026-06-03 14:00:00,11,Yasenevo,51.0,48.37484,47.0,45.0
2026-06-03 14:00:00,12,Kuzminki,59.0,58.93232,57.0,59.0
2026-06-03 15:00:00,1,Tverskoy,122.0,122.20733,115.0,114.0
2026-06-03 15:00:00,2,Arbat,86.0,90.46483,86.0,89.0
2026-06-03 15:00:00,3,Moscow City,160.0,163.47693,154.0,159.0
2026-06-03 15:00:00,4,Sokolniki,63.0,62.110638,59.0,60.0
2026-06-03 15:00:00,5,Tagansky,82.0,77.82709,74.0,77.0
2026-06-03 15:00:00,6,Khamovniki,97.0,98.17029,93.0,102.0
2026-06-03 15:00:00,7,VDNH,64.0,69.2562,66.0,67.0
2026-06-03 15:00:00,8,Sheremetyevo,140.0,134.33846,132.0,133.0
2026-06-03 15:00:00,9,Vnukovo,109.0,106.17692,104.0,105.0
2026-06-03 15:00:00,10,Domodedovo,123.0,127.97624,127.0,125.0
2026-06-03 15:00:00,11,Yasenevo,50.0,53.35198,51.0,50.0
2026-06-03 15:00:00,12,Kuzminki,55.0,62.327713,59.0,60.0
2026-06-03 16:00:00,1,Tverskoy,122.0,130.23715,122.0,125.0
2026-06-03 16:00:00,2,Arbat,88.0,90.84755,86.0,91.0
2026-06-03 16:00:00,3,Moscow City,163.0,170.79988,160.0,171.0
2026-06-03 16:00:00,4,Sokolniki,66.0,66.292725,63.0,62.0
2026-06-03 16:00:00,5,Tagansky,86.0,85.92979,82.0,85.0
2026-06-03 16:00:00,6,Khamovniki,101.0,102.64105,97.0,100.0
2026-06-03 16:00:00,7,VDNH,71.0,67.711105,64.0,70.0
2026-06-03 16:00:00,8,Sheremetyevo,138.0,143.25327,140.0,142.0
2026-06-03 16:00:00,9,Vnukovo,109.0,111.46681,109.0,104.0
2026-06-03 16:00:00,10,Domodedovo,129.0,125.77041,123.0,122.0
2026-06-03 16:00:00,11,Yasenevo,51.0,52.799046,50.0,53.0
2026-06-03 16:00:00,12,Kuzminki,62.0,58.688477,55.0,63.0
2026-06-03 17:00:00,1,Tverskoy,133.0,130.359,122.0,133.0
2026-06-03 17:00:00,2,Arbat,93.0,92.7983,88.0,95.0
2026-06-03 17:00:00,3,Moscow City,183.0,172.87259,163.0,174.0
2026-06-03 17:00:00,4,Sokolniki,68.0,68.19011,66.0,68.0
2026-06-03 17:00:00,5,Tagansky,88.0,88.785126,86.0,86.0
2026-06-03 17:00:00,6,Khamovniki,109.0,106.17171,101.0,107.0
2026-06-03 17:00:00,7,VDNH,76.0,74.65931,71.0,76.0
2026-06-03 17:00:00,8,Sheremetyevo,146.0,142.98093,138.0,141.0
2026-06-03 17:00:00,9,Vnukovo,107.0,112.71665,109.0,109.0
2026-06-03 17:00:00,10,Domodedovo,129.0,132.6671,129.0,128.0
2026-06-03 17:00:00,11,Yasenevo,59.0,53.63982,51.0,56.0
2026-06-03 17:00:00,12,Kuzminki,68.0,65.351974,62.0,64.0
2026-06-03 18:00:00,1,Tverskoy,141.0,140.80833,133.0,155.0
2026-06-03 18:00:00,2,Arbat,98.0,97.62232,93.0,118.0
2026-06-03 18:00:00,3,Moscow City,186.0,187.02567,183.0,179.0
2026-06-03 18:00:00,4,Sokolniki,69.0,69.20018,68.0,70.0
2026-06-03 18:00:00,5,Tagansky,86.0,88.939606,88.0,86.0
2026-06-03 18:00:00,6,Khamovniki,112.0,110.74691,109.0,109.0
2026-06-03 18:00:00,7,VDNH,75.0,78.013855,76.0,78.0
2026-06-03 18:00:00,8,Sheremetyevo,145.0,151.47119,146.0,137.0
2026-06-03 18:00:00,9,Vnukovo,106.0,111.68002,107.0,107.0
2026-06-03 18:00:00,10,Domodedovo,132.0,133.90143,129.0,133.0
2026-06-03 18:00:00,11,Yasenevo,55.0,59.679626,59.0,58.0
2026-06-03 18:00:00,12,Kuzminki,68.0,69.02296,68.0,64.0
2026-06-03 19:00:00,1,Tverskoy,136.0,148.26276,141.0,158.0
2026-06-03 19:00:00,2,Arbat,97.0,102.40327,98.0,117.0
2026-06-03 19:00:00,3,Moscow City,180.0,179.7588,186.0,177.0
2026-06-03 19:00:00,4,Sokolniki,68.0,67.83805,69.0,65.0
2026-06-03 19:00:00,5,Tagansky,87.0,85.02291,86.0,83.0
2026-06-03 19:00:00,6,Khamovniki,103.0,109.06177,112.0,107.0
2026-06-03 19:00:00,7,VDNH,78.0,74.03735,75.0,76.0
2026-06-03 19:00:00,8,Sheremetyevo,155.0,151.13472,145.0,150.0
2026-06-03 19:00:00,9,Vnukovo,110.0,111.42761,106.0,114.0
2026-06-03 19:00:00,10,Domodedovo,143.0,137.86606,132.0,132.0
2026-06-03 19:00:00,11,Yasenevo,57.0,53.996727,55.0,56.0
2026-06-03 19:00:00,12,Kuzminki,69.0,66.03296,68.0,64.0
2026-06-03 20:00:00,1,Tverskoy,132.0,142.53035,136.0,164.0
2026-06-03 20:00:00,2,Arbat,97.0,100.37852,97.0,114.0
2026-06-03 20:00:00,3,Moscow City,168.0,170.01312,180.0,168.0
2026-06-03 20:00:00,4,Sokolniki,62.0,65.01574,68.0,67.0
2026-06-03 20:00:00,5,Tagansky,84.0,84.2172,87.0,85.0
2026-06-03 20:00:00,6,Khamovniki,101.0,99.29321,103.0,101.0
2026-06-03 20:00:00,7,VDNH,72.0,74.899574,78.0,71.0
2026-06-03 20:00:00,8,Sheremetyevo,157.0,161.38687,155.0,152.0
2026-06-03 20:00:00,9,Vnukovo,114.0,115.9752,110.0,116.0
2026-06-03 20:00:00,10,Domodedovo,142.0,149.20357,143.0,142.0
2026-06-03 20:00:00,11,Yasenevo,52.0,54.98461,57.0,53.0
2026-06-03 20:00:00,12,Kuzminki,66.0,65.57334,69.0,58.0
2026-06-03 21:00:00,1,Tverskoy,134.0,136.37405,132.0,164.0
2026-06-03 21:00:00,2,Arbat,96.0,98.85701,97.0,116.0
2026-06-03 21:00:00,3,Moscow City,158.0,158.9296,168.0,154.0
2026-06-03 21:00:00,4,Sokolniki,63.0,58.964195,62.0,63.0
2026-06-03 21:00:00,5,Tagansky,77.0,80.871414,84.0,77.0
2026-06-03 21:00:00,6,Khamovniki,99.0,97.03203,101.0,96.0
2026-06-03 21:00:00,7,VDNH,68.0,69.48401,72.0,63.0
2026-06-03 21:00:00,8,Sheremetyevo,161.0,163.68317,157.0,156.0
2026-06-03 21:00:00,9,Vnukovo,124.0,120.39907,114.0,121.0
2026-06-03 21:00:00,10,Domodedovo,152.0,148.23273,142.0,151.0
2026-06-03 21:00:00,11,Yasenevo,53.0,50.81845,52.0,49.0
2026-06-03 21:00:00,12,Kuzminki,60.0,62.743256,66.0,58.0
2026-06-03 22:00:00,1,Tverskoy,138.0,136.57866,134.0,170.0
2026-06-03 22:00:00,2,Arbat,101.0,96.8407,96.0,119.0
2026-06-03 22:00:00,3,Moscow City,148.0,150.10088,158.0,146.0
2026-06-03 22:00:00,4,Sokolniki,60.0,59.526062,63.0,58.0
2026-06-03 22:00:00,5,Tagansky,75.0,74.96655,77.0,76.0
2026-06-03 22:00:00,6,Khamovniki,92.0,95.473625,99.0,92.0
2026-06-03 22:00:00,7,VDNH,67.0,66.234825,68.0,64.0
2026-06-03 22:00:00,8,Sheremetyevo,170.0,168.0202,161.0,161.0
2026-06-03 22:00:00,9,Vnukovo,130.0,130.39188,124.0,125.0
2026-06-03 22:00:00,10,Domodedovo,147.0,157.45183,152.0,152.0
2026-06-03 22:00:00,11,Yasenevo,51.0,51.80831,53.0,50.0
2026-06-03 22:00:00,12,Kuzminki,57.0,57.865963,60.0,53.0
2026-06-03 23:00:00,1,Tverskoy,139.0,137.31326,138.0,176.0
2026-06-03 23:00:00,2,Arbat,98.0,100.387215,101.0,128.0
2026-06-03 23:00:00,3,Moscow City,146.0,143.12819,148.0,148.0
2026-06-03 23:00:00,4,Sokolniki,60.0,57.760345,60.0,57.0
2026-06-03 23:00:00,5,Tagansky,71.0,73.816124,75.0,76.0
2026-06-03 23:00:00,6,Khamovniki,89.0,90.63551,92.0,87.0
2026-06-03 23:00:00,7,VDNH,63.0,64.72574,67.0,61.0
2026-06-03 23:00:00,8,Sheremetyevo,175.0,176.76608,170.0,174.0
2026-06-03 23:00:00,9,Vnukovo,130.0,135.81161,130.0,131.0
2026-06-03 23:00:00,10,Domodedovo,167.0,152.84131,147.0,154.0
2026-06-03 23:00:00,11,Yasenevo,49.0,49.90384,51.0,47.0
2026-06-03 23:00:00,12,Kuzminki,54.0,55.838158,57.0,52.0
2026-06-04 00:00:00,1,Tverskoy,112.0,136.66455,139.0,113.0
2026-06-04 00:00:00,2,Arbat,80.0,96.530334,98.0,81.0
2026-06-04 00:00:00,3,Moscow City,142.0,143.83374,146.0,145.0
2026-06-04 00:00:00,4,Sokolniki,57.0,57.892914,60.0,53.0
2026-06-04 00:00:00,5,Tagansky,75.0,70.48672,71.0,70.0
2026-06-04 00:00:00,6,Khamovniki,92.0,88.97388,89.0,89.0
2026-06-04 00:00:00,7,VDNH,63.0,61.977974,63.0,62.0
2026-06-04 00:00:00,8,Sheremetyevo,180.0,181.35495,175.0,169.0
2026-06-04 00:00:00,9,Vnukovo,133.0,135.23476,130.0,134.0
2026-06-04 00:00:00,10,Domodedovo,162.0,171.9253,167.0,160.0
2026-06-04 00:00:00,11,Yasenevo,50.0,48.366436,49.0,46.0
2026-06-04 00:00:00,12,Kuzminki,54.0,54.002026,54.0,55.0
2026-06-04 01:00:00,1,Tverskoy,116.0,112.45142,112.0,114.0
2026-06-04 01:00:00,2,Arbat,83.0,79.98973,80.0,79.0
2026-06-04 01:00:00,3,Moscow City,138.0,143.80356,142.0,142.0
2026-06-04 01:00:00,4,Sokolniki,62.0,56.226173,57.0,57.0
2026-06-04 01:00:00,5,Tagansky,74.0,75.42493,75.0,73.0
2026-06-04 01:00:00,6,Khamovniki,92.0,92.57132,92.0,94.0
2026-06-04 01:00:00,7,VDNH,65.0,63.676895,63.0,61.0
2026-06-04 01:00:00,8,Sheremetyevo,173.0,185.87709,180.0,177.0
2026-06-04 01:00:00,9,Vnukovo,141.0,137.60751,133.0,134.0
2026-06-04 01:00:00,10,Domodedovo,169.0,166.82727,162.0,159.0
2026-06-04 01:00:00,11,Yasenevo,47.0,49.830418,50.0,46.0
2026-06-04 01:00:00,12,Kuzminki,54.0,54.33865,54.0,56.0
2026-06-04 02:00:00,1,Tverskoy,107.0,115.54983,116.0,121.0
2026-06-04 02:00:00,2,Arbat,83.0,82.80303,83.0,81.0
2026-06-04 02:00:00,3,Moscow City,138.0,144.30592,138.0,148.0
2026-06-04 02:00:00,4,Sokolniki,57.0,62.51037,62.0,57.0
2026-06-04 02:00:00,5,Tagansky,70.0,75.88585,74.0,73.0
2026-06-04 02:00:00,6,Khamovniki,88.0,94.08991,92.0,92.0
2026-06-04 02:00:00,7,VDNH,60.0,66.93677,65.0,63.0
2026-06-04 02:00:00,8,Sheremetyevo,180.0,178.81094,173.0,183.0
2026-06-04 02:00:00,9,Vnukovo,135.0,144.33551,141.0,135.0
2026-06-04 02:00:00,10,Domodedovo,171.0,172.59407,169.0,166.0
2026-06-04 02:00:00,11,Yasenevo,52.0,47.720974,47.0,45.0
2026-06-04 02:00:00,12,Kuzminki,54.0,55.43904,54.0,55.0
2026-06-04 03:00:00,1,Tverskoy,116.0,107.75559,107.0,111.0
2026-06-04 03:00:00,2,Arbat,78.0,83.07641,83.0,77.0
2026-06-04 03:00:00,3,Moscow City,141.0,147.22517,138.0,141.0
2026-06-04 03:00:00,4,Sokolniki,57.0,59.409836,57.0,58.0
2026-06-04 03:00:00,5,Tagansky,75.0,73.11601,70.0,74.0
2026-06-04 03:00:00,6,Khamovniki,91.0,91.965546,88.0,90.0
2026-06-04 03:00:00,7,VDNH,63.0,62.881947,60.0,61.0
2026-06-04 03:00:00,8,Sheremetyevo,190.0,184.39494,180.0,189.0
2026-06-04 03:00:00,9,Vnukovo,138.0,137.15974,135.0,137.0
2026-06-04 03:00:00,10,Domodedovo,167.0,173.62505,171.0,169.0
2026-06-04 03:00:00,11,Yasenevo,49.0,53.531517,52.0,46.0
2026-06-04 03:00:00,12,Kuzminki,54.0,56.52271,54.0,54.0
2026-06-04 04:00:00,1,Tverskoy,112.0,116.671425,116.0,109.0
2026-06-04 04:00:00,2,Arbat,79.0,79.00294,78.0,83.0
2026-06-04 04:00:00,3,Moscow City,150.0,151.70059,141.0,155.0
2026-06-04 04:00:00,4,Sokolniki,58.0,60.410736,57.0,60.0
2026-06-04 04:00:00,5,Tagansky,76.0,78.749886,75.0,78.0
2026-06-04 04:00:00,6,Khamovniki,89.0,96.077675,91.0,94.0
2026-06-04 04:00:00,7,VDNH,67.0,66.536064,63.0,62.0
2026-06-04 04:00:00,8,Sheremetyevo,179.0,192.50865,190.0,184.0
2026-06-04 04:00:00,9,Vnukovo,139.0,138.18492,138.0,134.0
2026-06-04 04:00:00,10,Domodedovo,171.0,168.75368,167.0,164.0
2026-06-04 04:00:00,11,Yasenevo,47.0,51.195168,49.0,47.0
2026-06-04 04:00:00,12,Kuzminki,58.0,57.359924,54.0,55.0
2026-06-04 05:00:00,1,Tverskoy,114.0,114.03187,112.0,113.0
2026-06-04 05:00:00,2,Arbat,81.0,80.36183,79.0,78.0
2026-06-04 05:00:00,3,Moscow City,160.0,162.16653,150.0,161.0
2026-06-04 05:00:00,4,Sokolniki,59.0,62.162693,58.0,62.0
2026-06-04 05:00:00,5,Tagansky,81.0,80.470024,76.0,76.0
2026-06-04 05:00:00,6,Khamovniki,94.0,95.16815,89.0,93.0
2026-06-04 05:00:00,7,VDNH,68.0,70.861916,67.0,70.0
2026-06-04 05:00:00,8,Sheremetyevo,184.0,178.72581,179.0,176.0
2026-06-04 05:00:00,9,Vnukovo,133.0,137.63628,139.0,132.0
2026-06-04 05:00:00,10,Domodedovo,169.0,170.08376,171.0,171.0
2026-06-04 05:00:00,11,Yasenevo,51.0,49.73011,47.0,50.0
2026-06-04 05:00:00,12,Kuzminki,63.0,61.88201,58.0,58.0
2026-06-04 06:00:00,1,Tverskoy,109.0,115.67322,114.0,113.0
2026-06-04 06:00:00,2,Arbat,85.0,82.03977,81.0,81.0
2026-06-04 06:00:00,3,Moscow City,177.0,172.64574,160.0,189.0
2026-06-04 06:00:00,4,Sokolniki,69.0,63.41839,59.0,65.0
2026-06-04 06:00:00,5,Tagansky,84.0,85.63842,81.0,85.0
2026-06-04 06:00:00,6,Khamovniki,103.0,100.60389,94.0,101.0
2026-06-04 06:00:00,7,VDNH,75.0,72.055,68.0,70.0
2026-06-04 06:00:00,8,Sheremetyevo,180.0,180.8436,184.0,182.0
2026-06-04 06:00:00,9,Vnukovo,131.0,132.00606,133.0,126.0
2026-06-04 06:00:00,10,Domodedovo,160.0,165.21184,169.0,164.0
2026-06-04 06:00:00,11,Yasenevo,54.0,54.13037,51.0,55.0
2026-06-04 06:00:00,12,Kuzminki,65.0,66.96415,63.0,61.0
2026-06-04 07:00:00,1,Tverskoy,117.0,111.72866,109.0,110.0
2026-06-04 07:00:00,2,Arbat,76.0,85.34601,85.0,82.0
2026-06-04 07:00:00,3,Moscow City,194.0,189.00552,177.0,185.0
2026-06-04 07:00:00,4,Sokolniki,73.0,72.63879,69.0,70.0
2026-06-04 07:00:00,5,Tagansky,87.0,88.03698,84.0,91.0
2026-06-04 07:00:00,6,Khamovniki,108.0,108.937035,103.0,110.0
2026-06-04 07:00:00,7,VDNH,73.0,78.686554,75.0,76.0
2026-06-04 07:00:00,8,Sheremetyevo,170.0,175.16039,180.0,166.0
2026-06-04 07:00:00,9,Vnukovo,128.0,128.83047,131.0,124.0
2026-06-04 07:00:00,10,Domodedovo,156.0,155.08209,160.0,151.0
2026-06-04 07:00:00,11,Yasenevo,57.0,56.90496,54.0,58.0
2026-06-04 07:00:00,12,Kuzminki,66.0,67.6885,65.0,66.0
2026-06-04 08:00:00,1,Tverskoy,117.0,118.507095,117.0,108.0
2026-06-04 08:00:00,2,Arbat,81.0,77.52647,76.0,81.0
2026-06-04 08:00:00,3,Moscow City,196.0,198.42244,194.0,194.0
2026-06-04 08:00:00,4,Sokolniki,73.0,74.026436,73.0,73.0
2026-06-04 08:00:00,5,Tagansky,90.0,89.221855,87.0,90.0
2026-06-04 08:00:00,6,Khamovniki,108.0,110.716385,108.0,114.0
2026-06-04 08:00:00,7,VDNH,75.0,75.54806,73.0,79.0
2026-06-04 08:00:00,8,Sheremetyevo,160.0,165.19844,170.0,167.0
2026-06-04 08:00:00,9,Vnukovo,130.0,125.00876,128.0,130.0
2026-06-04 08:00:00,10,Domodedovo,154.0,150.49066,156.0,146.0
2026-06-04 08:00:00,11,Yasenevo,55.0,58.53305,57.0,61.0
2026-06-04 08:00:00,12,Kuzminki,71.0,66.31018,66.0,65.0
2026-06-04 09:00:00,1,Tverskoy,116.0,118.02904,117.0,119.0
2026-06-04 09:00:00,2,Arbat,77.0,82.28885,81.0,80.0
2026-06-04 09:00:00,3,Moscow City,198.0,188.44444,196.0,192.0
2026-06-04 09:00:00,4,Sokolniki,68.0,71.10287,73.0,69.0
2026-06-04 09:00:00,5,Tagansky,88.0,89.11363,90.0,88.0
2026-06-04 09:00:00,6,Khamovniki,106.0,107.839745,108.0,105.0
2026-06-04 09:00:00,7,VDNH,78.0,75.034904,75.0,78.0
2026-06-04 09:00:00,8,Sheremetyevo,160.0,156.45448,160.0,162.0
2026-06-04 09:00:00,9,Vnukovo,127.0,126.04085,130.0,118.0
2026-06-04 09:00:00,10,Domodedovo,148.0,148.07455,154.0,144.0
2026-06-04 09:00:00,11,Yasenevo,58.0,55.1674,55.0,59.0
2026-06-04 09:00:00,12,Kuzminki,68.0,69.2485,71.0,68.0
2026-06-04 10:00:00,1,Tverskoy,108.0,117.95845,116.0,113.0
2026-06-04 10:00:00,2,Arbat,79.0,78.64408,77.0,80.0
2026-06-04 10:00:00,3,Moscow City,175.0,185.8533,198.0,176.0
2026-06-04 10:00:00,4,Sokolniki,70.0,64.63948,68.0,66.0
2026-06-04 10:00:00,5,Tagansky,84.0,84.95091,88.0,85.0
2026-06-04 10:00:00,6,Khamovniki,100.0,103.04396,106.0,100.0
2026-06-04 10:00:00,7,VDNH,74.0,75.400665,78.0,73.0
2026-06-04 10:00:00,8,Sheremetyevo,164.0,155.59521,160.0,151.0
2026-06-04 10:00:00,9,Vnukovo,117.0,122.97918,127.0,121.0
2026-06-04 10:00:00,10,Domodedovo,148.0,142.9619,148.0,147.0
2026-06-04 10:00:00,11,Yasenevo,51.0,55.965816,58.0,58.0
2026-06-04 10:00:00,12,Kuzminki,63.0,65.22134,68.0,62.0
2026-06-04 11:00:00,1,Tverskoy,116.0,112.19108,108.0,109.0
2026-06-04 11:00:00,2,Arbat,80.0,80.93227,79.0,80.0
2026-06-04 11:00:00,3,Moscow City,158.0,164.62575,175.0,167.0
2026-06-04 11:00:00,4,Sokolniki,62.0,65.79006,70.0,61.0
2026-06-04 11:00:00,5,Tagansky,80.0,80.94914,84.0,79.0
2026-06-04 11:00:00,6,Khamovniki,98.0,97.41867,100.0,101.0
2026-06-04 11:00:00,7,VDNH,68.0,71.42937,74.0,68.0
2026-06-04 11:00:00,8,Sheremetyevo,147.0,158.26538,164.0,152.0
2026-06-04 11:00:00,9,Vnukovo,112.0,113.9071,117.0,113.0
2026-06-04 11:00:00,10,Domodedovo,141.0,143.41974,148.0,140.0
2026-06-04 11:00:00,11,Yasenevo,46.0,49.360596,51.0,52.0
2026-06-04 11:00:00,12,Kuzminki,59.0,60.646626,63.0,60.0
2026-06-04 12:00:00,1,Tverskoy,115.0,120.178894,116.0,115.0
2026-06-04 12:00:00,2,Arbat,80.0,82.56019,80.0,79.0
2026-06-04 12:00:00,3,Moscow City,152.0,153.08945,158.0,146.0
2026-06-04 12:00:00,4,Sokolniki,60.0,59.19794,62.0,58.0
2026-06-04 12:00:00,5,Tagansky,76.0,78.16338,80.0,77.0
2026-06-04 12:00:00,6,Khamovniki,88.0,96.488815,98.0,92.0
2026-06-04 12:00:00,7,VDNH,66.0,67.10121,68.0,66.0
2026-06-04 12:00:00,8,Sheremetyevo,143.0,143.38979,147.0,143.0
2026-06-04 12:00:00,9,Vnukovo,108.0,110.021774,112.0,108.0
2026-06-04 12:00:00,10,Domodedovo,134.0,137.52948,141.0,138.0
2026-06-04 12:00:00,11,Yasenevo,48.0,45.473907,46.0,50.0
2026-06-04 12:00:00,12,Kuzminki,57.0,58.170486,59.0,59.0
2026-06-04 13:00:00,1,Tverskoy,109.0,119.927284,115.0,113.0
2026-06-04 13:00:00,2,Arbat,81.0,83.27425,80.0,80.0
2026-06-04 13:00:00,3,Moscow City,139.0,150.6003,152.0,150.0
2026-06-04 13:00:00,4,Sokolniki,62.0,59.24173,60.0,60.0
2026-06-04 13:00:00,5,Tagansky,75.0,76.465935,76.0,76.0
2026-06-04 13:00:00,6,Khamovniki,89.0,89.516335,88.0,96.0
2026-06-04 13:00:00,7,VDNH,66.0,65.88861,66.0,67.0
2026-06-04 13:00:00,8,Sheremetyevo,139.0,141.51997,143.0,144.0
2026-06-04 13:00:00,9,Vnukovo,107.0,107.71266,108.0,102.0
2026-06-04 13:00:00,10,Domodedovo,133.0,131.32129,134.0,130.0
2026-06-04 13:00:00,11,Yasenevo,47.0,47.94009,48.0,47.0
2026-06-04 13:00:00,12,Kuzminki,58.0,56.95341,57.0,57.0
2026-06-04 14:00:00,1,Tverskoy,117.0,115.468994,109.0,115.0
2026-06-04 14:00:00,2,Arbat,84.0,84.751915,81.0,86.0
2026-06-04 14:00:00,3,Moscow City,147.0,143.45543,139.0,154.0
2026-06-04 14:00:00,4,Sokolniki,62.0,63.33544,62.0,59.0
2026-06-04 14:00:00,5,Tagansky,76.0,77.71557,75.0,74.0
2026-06-04 14:00:00,6,Khamovniki,89.0,93.163574,89.0,93.0
2026-06-04 14:00:00,7,VDNH,64.0,67.79575,66.0,66.0
2026-06-04 14:00:00,8,Sheremetyevo,145.0,139.9326,139.0,132.0
2026-06-04 14:00:00,9,Vnukovo,104.0,107.86071,107.0,104.0
2026-06-04 14:00:00,10,Domodedovo,122.0,131.24571,133.0,127.0
2026-06-04 14:00:00,11,Yasenevo,48.0,48.430576,47.0,51.0
2026-06-04 14:00:00,12,Kuzminki,58.0,60.138252,58.0,59.0
2026-06-04 15:00:00,1,Tverskoy,123.0,124.783936,117.0,122.0
2026-06-04 15:00:00,2,Arbat,86.0,88.24624,84.0,86.0
2026-06-04 15:00:00,3,Moscow City,163.0,157.01097,147.0,160.0
2026-06-04 15:00:00,4,Sokolniki,67.0,65.07507,62.0,63.0
2026-06-04 15:00:00,5,Tagansky,86.0,79.97317,76.0,82.0
2026-06-04 15:00:00,6,Khamovniki,99.0,94.92647,89.0,97.0
2026-06-04 15:00:00,7,VDNH,67.0,67.442375,64.0,64.0
2026-06-04 15:00:00,8,Sheremetyevo,139.0,146.77295,145.0,140.0
2026-06-04 15:00:00,9,Vnukovo,105.0,106.33029,104.0,109.0
2026-06-04 15:00:00,10,Domodedovo,126.0,123.05322,122.0,123.0
2026-06-04 15:00:00,11,Yasenevo,45.0,50.7397,48.0,50.0
2026-06-04 15:00:00,12,Kuzminki,59.0,61.34362,58.0,55.0
2026-06-04 16:00:00,1,Tverskoy,129.0,132.09996,123.0,122.0
2026-06-04 16:00:00,2,Arbat,88.0,90.95711,86.0,88.0
2026-06-04 16:00:00,3,Moscow City,161.0,174.73795,163.0,163.0
2026-06-04 16:00:00,4,Sokolniki,67.0,70.005936,67.0,66.0
2026-06-04 16:00:00,5,Tagansky,83.0,89.65274,86.0,86.0
2026-06-04 16:00:00,6,Khamovniki,98.0,105.55056,99.0,101.0
2026-06-04 16:00:00,7,VDNH,73.0,71.00471,67.0,71.0
2026-06-04 16:00:00,8,Sheremetyevo,138.0,142.60333,139.0,138.0
2026-06-04 16:00:00,9,Vnukovo,107.0,107.978294,105.0,109.0
2026-06-04 16:00:00,10,Domodedovo,130.0,128.70226,126.0,129.0
2026-06-04 16:00:00,11,Yasenevo,53.0,47.9789,45.0,51.0
2026-06-04 16:00:00,12,Kuzminki,62.0,62.646942,59.0,62.0
2026-06-04 17:00:00,1,Tverskoy,133.0,138.32423,129.0,133.0
2026-06-04 17:00:00,2,Arbat,97.0,93.17314,88.0,93.0
2026-06-04 17:00:00,3,Moscow City,184.0,171.7308,161.0,183.0
2026-06-04 17:00:00,4,Sokolniki,69.0,69.28918,67.0,68.0
2026-06-04 17:00:00,5,Tagansky,87.0,86.009415,83.0,88.0
2026-06-04 17:00:00,6,Khamovniki,107.0,103.89394,98.0,109.0
2026-06-04 17:00:00,7,VDNH,77.0,76.74054,73.0,76.0
2026-06-04 17:00:00,8,Sheremetyevo,149.0,143.28868,138.0,146.0
2026-06-04 17:00:00,9,Vnukovo,106.0,110.751175,107.0,107.0
2026-06-04 17:00:00,10,Domodedovo,135.0,134.36453,130.0,129.0
2026-06-04 17:00:00,11,Yasenevo,56.0,55.975353,53.0,59.0
2026-06-04 17:00:00,12,Kuzminki,67.0,65.08374,62.0,68.0
2026-06-04 18:00:00,1,Tverskoy,136.0,141.78445,133.0,141.0
2026-06-04 18:00:00,2,Arbat,98.0,101.89769,97.0,98.0
2026-06-04 18:00:00,3,Moscow City,189.0,188.35269,184.0,186.0
2026-06-04 18:00:00,4,Sokolniki,69.0,69.63299,69.0,69.0
2026-06-04 18:00:00,5,Tagansky,97.0,88.13235,87.0,86.0
2026-06-04 18:00:00,6,Khamovniki,113.0,110.49478,107.0,112.0
2026-06-04 18:00:00,7,VDNH,75.0,78.00436,77.0,75.0
2026-06-04 18:00:00,8,Sheremetyevo,149.0,154.89957,149.0,145.0
2026-06-04 18:00:00,9,Vnukovo,110.0,110.72176,106.0,106.0
2026-06-04 18:00:00,10,Domodedovo,135.0,140.25258,135.0,132.0
2026-06-04 18:00:00,11,Yasenevo,56.0,57.575993,56.0,55.0
2026-06-04 18:00:00,12,Kuzminki,68.0,68.27191,67.0,68.0
2026-06-04 19:00:00,1,Tverskoy,140.0,143.87387,136.0,136.0
2026-06-04 19:00:00,2,Arbat,99.0,102.43735,98.0,97.0
2026-06-04 19:00:00,3,Moscow City,177.0,182.54083,189.0,180.0
2026-06-04 19:00:00,4,Sokolniki,66.0,67.507126,69.0,68.0
2026-06-04 19:00:00,5,Tagansky,89.0,94.01699,97.0,87.0
2026-06-04 19:00:00,6,Khamovniki,112.0,111.720116,113.0,103.0
2026-06-04 19:00:00,7,VDNH,75.0,74.254425,75.0,78.0
2026-06-04 19:00:00,8,Sheremetyevo,148.0,155.41365,149.0,155.0
2026-06-04 19:00:00,9,Vnukovo,113.0,115.50982,110.0,110.0
2026-06-04 19:00:00,10,Domodedovo,144.0,140.76453,135.0,143.0
2026-06-04 19:00:00,11,Yasenevo,57.0,56.174023,56.0,57.0
2026-06-04 19:00:00,12,Kuzminki,66.0,67.1412,68.0,69.0
2026-06-04 20:00:00,1,Tverskoy,139.0,146.06656,140.0,132.0
2026-06-04 20:00:00,2,Arbat,93.0,102.5432,99.0,97.0
2026-06-04 20:00:00,3,Moscow City,170.0,167.28397,177.0,168.0
2026-06-04 20:00:00,4,Sokolniki,66.0,63.433777,66.0,62.0
2026-06-04 20:00:00,5,Tagansky,81.0,85.26379,89.0,84.0
2026-06-04 20:00:00,6,Khamovniki,98.0,107.21306,112.0,101.0
2026-06-04 20:00:00,7,VDNH,72.0,72.50432,75.0,72.0
2026-06-04 20:00:00,8,Sheremetyevo,152.0,154.8766,148.0,157.0
2026-06-04 20:00:00,9,Vnukovo,117.0,119.223946,113.0,114.0
2026-06-04 20:00:00,10,Domodedovo,147.0,150.13669,144.0,142.0
2026-06-04 20:00:00,11,Yasenevo,57.0,55.36519,57.0,52.0
2026-06-04 20:00:00,12,Kuzminki,61.0,63.07466,66.0,66.0
2026-06-04 21:00:00,1,Tverskoy,127.0,141.2794,139.0,134.0
2026-06-04 21:00:00,2,Arbat,98.0,95.30871,93.0,96.0
2026-06-04 21:00:00,3,Moscow City,163.0,161.04822,170.0,158.0
2026-06-04 21:00:00,4,Sokolniki,65.0,62.759426,66.0,63.0
2026-06-04 21:00:00,5,Tagansky,82.0,77.91987,81.0,77.0
2026-06-04 21:00:00,6,Khamovniki,98.0,94.80433,98.0,99.0
2026-06-04 21:00:00,7,VDNH,70.0,69.34651,72.0,68.0
2026-06-04 21:00:00,8,Sheremetyevo,167.0,159.62271,152.0,161.0
2026-06-04 21:00:00,9,Vnukovo,121.0,123.52194,117.0,124.0
2026-06-04 21:00:00,10,Domodedovo,147.0,152.9298,147.0,152.0
2026-06-04 21:00:00,11,Yasenevo,53.0,54.55768,57.0,53.0
2026-06-04 21:00:00,12,Kuzminki,63.0,58.195377,61.0,60.0
2026-06-04 22:00:00,1,Tverskoy,139.0,127.96719,127.0,138.0
2026-06-04 22:00:00,2,Arbat,102.0,98.26671,98.0,101.0
2026-06-04 22:00:00,3,Moscow City,148.0,155.23906,163.0,148.0
2026-06-04 22:00:00,4,Sokolniki,62.0,61.622253,65.0,60.0
2026-06-04 22:00:00,5,Tagansky,75.0,78.92009,82.0,75.0
2026-06-04 22:00:00,6,Khamovniki,91.0,95.54293,98.0,92.0
2026-06-04 22:00:00,7,VDNH,66.0,67.71392,70.0,67.0
2026-06-04 22:00:00,8,Sheremetyevo,168.0,174.61356,167.0,170.0
2026-06-04 22:00:00,9,Vnukovo,128.0,127.60071,121.0,130.0
2026-06-04 22:00:00,10,Domodedovo,154.0,153.39534,147.0,147.0
2026-06-04 22:00:00,11,Yasenevo,51.0,51.222878,53.0,51.0
2026-06-04 22:00:00,12,Kuzminki,60.0,60.255764,63.0,57.0
2026-06-04 23:00:00,1,Tverskoy,141.0,137.15887,139.0,139.0
2026-06-04 23:00:00,2,Arbat,98.0,100.38156,102.0,98.0
2026-06-04 23:00:00,3,Moscow City,149.0,144.75552,148.0,146.0
2026-06-04 23:00:00,4,Sokolniki,59.0,59.876175,62.0,60.0
2026-06-04 23:00:00,5,Tagansky,77.0,73.65013,75.0,71.0
2026-06-04 23:00:00,6,Khamovniki,88.0,90.73826,91.0,89.0
2026-06-04 23:00:00,7,VDNH,63.0,64.72038,66.0,63.0
2026-06-04 23:00:00,8,Sheremetyevo,167.0,175.09479,168.0,175.0
2026-06-04 23:00:00,9,Vnukovo,125.0,134.20854,128.0,130.0
2026-06-04 23:00:00,10,Domodedovo,160.0,160.28789,154.0,167.0
2026-06-04 23:00:00,11,Yasenevo,50.0,49.60016,51.0,49.0
2026-06-04 23:00:00,12,Kuzminki,52.0,57.88592,60.0,54.0
2026-06-05 00:00:00,1,Tverskoy,108.0,136.6616,141.0,112.0
2026-06-05 00:00:00,2,Arbat,82.0,95.43734,98.0,80.0
2026-06-05 00:00:00,3,Moscow City,140.0,146.65575,149.0,142.0
2026-06-05 00:00:00,4,Sokolniki,57.0,58.274494,59.0,57.0
2026-06-05 00:00:00,5,Tagansky,74.0,75.90452,77.0,75.0
2026-06-05 00:00:00,6,Khamovniki,90.0,88.66337,88.0,92.0
2026-06-05 00:00:00,7,VDNH,66.0,62.692513,63.0,63.0
2026-06-05 00:00:00,8,Sheremetyevo,173.0,173.98512,167.0,180.0
2026-06-05 00:00:00,9,Vnukovo,139.0,131.01122,125.0,133.0
2026-06-05 00:00:00,10,Domodedovo,163.0,165.93369,160.0,162.0
2026-06-05 00:00:00,11,Yasenevo,46.0,49.71746,50.0,50.0
2026-06-05 00:00:00,12,Kuzminki,59.0,51.60814,52.0,54.0
2026-06-05 01:00:00,1,Tverskoy,114.0,108.401955,108.0,116.0
2026-06-05 01:00:00,2,Arbat,81.0,81.5268,82.0,83.0
2026-06-05 01:00:00,3,Moscow City,141.0,141.10753,140.0,138.0
2026-06-05 01:00:00,4,Sokolniki,59.0,57.270386,57.0,62.0
2026-06-05 01:00:00,5,Tagansky,74.0,74.80864,74.0,74.0
2026-06-05 01:00:00,6,Khamovniki,94.0,91.421844,90.0,92.0
2026-06-05 01:00:00,7,VDNH,63.0,66.06135,66.0,65.0
2026-06-05 01:00:00,8,Sheremetyevo,179.0,179.84174,173.0,173.0
2026-06-05 01:00:00,9,Vnukovo,138.0,143.79051,139.0,141.0
2026-06-05 01:00:00,10,Domodedovo,173.0,168.35129,163.0,169.0
2026-06-05 01:00:00,11,Yasenevo,49.0,46.593193,46.0,47.0
2026-06-05 01:00:00,12,Kuzminki,55.0,58.66167,59.0,54.0
2026-06-05 02:00:00,1,Tverskoy,118.0,113.80692,114.0,107.0
2026-06-05 02:00:00,2,Arbat,86.0,80.81069,81.0,83.0
2026-06-05 02:00:00,3,Moscow City,140.0,146.2971,141.0,138.0
2026-06-05 02:00:00,4,Sokolniki,61.0,59.91976,59.0,57.0
2026-06-05 02:00:00,5,Tagansky,78.0,76.06787,74.0,70.0
2026-06-05 02:00:00,6,Khamovniki,92.0,96.3147,94.0,88.0
2026-06-05 02:00:00,7,VDNH,63.0,64.64512,63.0,60.0
2026-06-05 02:00:00,8,Sheremetyevo,180.0,185.0148,179.0,180.0
2026-06-05 02:00:00,9,Vnukovo,140.0,141.57477,138.0,135.0
2026-06-05 02:00:00,10,Domodedovo,166.0,176.64687,173.0,171.0
2026-06-05 02:00:00,11,Yasenevo,50.0,49.82322,49.0,52.0
2026-06-05 02:00:00,12,Kuzminki,56.0,56.559475,55.0,54.0
2026-06-05 03:00:00,1,Tverskoy,110.0,117.66809,118.0,116.0
2026-06-05 03:00:00,2,Arbat,86.0,85.58143,86.0,78.0
2026-06-05 03:00:00,3,Moscow City,147.0,149.17757,140.0,141.0
2026-06-05 03:00:00,4,Sokolniki,60.0,63.102837,61.0,57.0
2026-06-05 03:00:00,5,Tagansky,77.0,80.66352,78.0,75.0
2026-06-05 03:00:00,6,Khamovniki,89.0,95.667305,92.0,91.0
2026-06-05 03:00:00,7,VDNH,61.0,65.915215,63.0,63.0
2026-06-05 03:00:00,8,Sheremetyevo,178.0,184.77325,180.0,190.0
2026-06-05 03:00:00,9,Vnukovo,141.0,142.11128,140.0,138.0
2026-06-05 03:00:00,10,Domodedovo,171.0,168.66927,166.0,167.0
2026-06-05 03:00:00,11,Yasenevo,48.0,51.4707,50.0,49.0
2026-06-05 03:00:00,12,Kuzminki,59.0,58.50552,56.0,54.0
2026-06-05 04:00:00,1,Tverskoy,115.0,112.173965,110.0,112.0
2026-06-05 04:00:00,2,Arbat,78.0,86.8934,86.0,79.0
2026-06-05 04:00:00,3,Moscow City,156.0,158.55469,147.0,150.0
2026-06-05 04:00:00,4,Sokolniki,61.0,63.091866,60.0,58.0
2026-06-05 04:00:00,5,Tagansky,79.0,80.52988,77.0,76.0
2026-06-05 04:00:00,6,Khamovniki,95.0,93.84271,89.0,89.0
2026-06-05 04:00:00,7,VDNH,64.0,64.54287,61.0,67.0
2026-06-05 04:00:00,8,Sheremetyevo,181.0,181.28592,178.0,179.0
2026-06-05 04:00:00,9,Vnukovo,137.0,141.02298,141.0,139.0
2026-06-05 04:00:00,10,Domodedovo,172.0,171.38054,171.0,171.0
2026-06-05 04:00:00,11,Yasenevo,48.0,50.233456,48.0,47.0
2026-06-05 04:00:00,12,Kuzminki,61.0,62.24162,59.0,58.0
2026-06-05 05:00:00,1,Tverskoy,111.0,118.23115,115.0,114.0
2026-06-05 05:00:00,2,Arbat,88.0,79.75704,78.0,81.0
2026-06-05 05:00:00,3,Moscow City,161.0,168.45807,156.0,160.0
2026-06-05 05:00:00,4,Sokolniki,61.0,64.98031,61.0,59.0
2026-06-05 05:00:00,5,Tagansky,81.0,83.06983,79.0,81.0
2026-06-05 05:00:00,6,Khamovniki,91.0,101.05162,95.0,94.0
2026-06-05 05:00:00,7,VDNH,70.0,67.9847,64.0,68.0
2026-06-05 05:00:00,8,Sheremetyevo,179.0,182.22769,181.0,184.0
2026-06-05 05:00:00,9,Vnukovo,134.0,136.24521,137.0,133.0
2026-06-05 05:00:00,10,Domodedovo,166.0,168.9683,172.0,169.0
2026-06-05 05:00:00,11,Yasenevo,53.0,50.742367,48.0,51.0
2026-06-05 05:00:00,12,Kuzminki,62.0,64.58476,61.0,63.0
2026-06-05 06:00:00,1,Tverskoy,112.0,115.58051,111.0,109.0
2026-06-05 06:00:00,2,Arbat,79.0,89.10027,88.0,85.0
2026-06-05 06:00:00,3,Moscow City,172.0,173.62529,161.0,177.0
2026-06-05 06:00:00,4,Sokolniki,69.0,65.3458,61.0,69.0
2026-06-05 06:00:00,5,Tagansky,84.0,85.29608,81.0,84.0
2026-06-05 06:00:00,6,Khamovniki,101.0,97.550255,91.0,103.0
2026-06-05 06:00:00,7,VDNH,74.0,74.29469,70.0,75.0
2026-06-05 06:00:00,8,Sheremetyevo,177.0,176.72769,179.0,180.0
2026-06-05 06:00:00,9,Vnukovo,131.0,133.29799,134.0,131.0
2026-06-05 06:00:00,10,Domodedovo,162.0,161.7935,166.0,160.0
2026-06-05 06:00:00,11,Yasenevo,52.0,55.98141,53.0,54.0
2026-06-05 06:00:00,12,Kuzminki,64.0,65.578606,62.0,65.0
2026-06-05 07:00:00,1,Tverskoy,119.0,116.70543,112.0,117.0
2026-06-05 07:00:00,2,Arbat,84.0,80.55911,79.0,76.0
2026-06-05 07:00:00,3,Moscow City,189.0,184.28156,172.0,194.0
2026-06-05 07:00:00,4,Sokolniki,65.0,72.6639,69.0,73.0
2026-06-05 07:00:00,5,Tagansky,91.0,87.839485,84.0,87.0
2026-06-05 07:00:00,6,Khamovniki,107.0,107.15864,101.0,108.0
2026-06-05 07:00:00,7,VDNH,78.0,77.7447,74.0,73.0
2026-06-05 07:00:00,8,Sheremetyevo,181.0,172.4506,177.0,170.0
2026-06-05 07:00:00,9,Vnukovo,130.0,129.74321,131.0,128.0
2026-06-05 07:00:00,10,Domodedovo,160.0,157.90855,162.0,156.0
2026-06-05 07:00:00,11,Yasenevo,56.0,54.928738,52.0,57.0
2026-06-05 07:00:00,12,Kuzminki,65.0,67.193985,64.0,66.0
2026-06-05 08:00:00,1,Tverskoy,112.0,121.840866,119.0,117.0
2026-06-05 08:00:00,2,Arbat,84.0,85.01352,84.0,81.0
2026-06-05 08:00:00,3,Moscow City,202.0,195.9022,189.0,196.0
2026-06-05 08:00:00,4,Sokolniki,73.0,67.184555,65.0,73.0
2026-06-05 08:00:00,5,Tagansky,95.0,92.329094,91.0,90.0
2026-06-05 08:00:00,6,Khamovniki,112.0,110.91035,107.0,108.0
2026-06-05 08:00:00,7,VDNH,80.0,79.72701,78.0,75.0
2026-06-05 08:00:00,8,Sheremetyevo,168.0,175.50578,181.0,160.0
2026-06-05 08:00:00,9,Vnukovo,129.0,127.55246,130.0,130.0
2026-06-05 08:00:00,10,Domodedovo,158.0,155.46758,160.0,154.0
2026-06-05 08:00:00,11,Yasenevo,58.0,57.94222,56.0,55.0
2026-06-05 08:00:00,12,Kuzminki,65.0,66.8734,65.0,71.0
2026-06-05 09:00:00,1,Tverskoy,116.0,115.632774,112.0,116.0
2026-06-05 09:00:00,2,Arbat,79.0,84.7965,84.0,77.0
2026-06-05 09:00:00,3,Moscow City,202.0,194.75317,202.0,198.0
2026-06-05 09:00:00,4,Sokolniki,76.0,71.452065,73.0,68.0
2026-06-05 09:00:00,5,Tagansky,90.0,92.845146,95.0,88.0
2026-06-05 09:00:00,6,Khamovniki,109.0,111.062164,112.0,106.0
2026-06-05 09:00:00,7,VDNH,81.0,78.605354,80.0,78.0
2026-06-05 09:00:00,8,Sheremetyevo,163.0,162.84187,168.0,160.0
2026-06-05 09:00:00,9,Vnukovo,121.0,125.3822,129.0,127.0
2026-06-05 09:00:00,10,Domodedovo,148.0,152.89377,158.0,148.0
2026-06-05 09:00:00,11,Yasenevo,59.0,57.363625,58.0,58.0
2026-06-05 09:00:00,12,Kuzminki,69.0,64.69663,65.0,68.0
2026-06-05 10:00:00,1,Tverskoy,108.0,119.47071,116.0,108.0
2026-06-05 10:00:00,2,Arbat,83.0,80.51351,79.0,79.0
2026-06-05 10:00:00,3,Moscow City,179.0,189.18617,202.0,175.0
2026-06-05 10:00:00,4,Sokolniki,64.0,71.849724,76.0,70.0
2026-06-05 10:00:00,5,Tagansky,89.0,86.689995,90.0,84.0
2026-06-05 10:00:00,6,Khamovniki,103.0,105.3809,109.0,100.0
2026-06-05 10:00:00,7,VDNH,72.0,77.93741,81.0,74.0
2026-06-05 10:00:00,8,Sheremetyevo,159.0,158.0582,163.0,164.0
2026-06-05 10:00:00,9,Vnukovo,120.0,117.3877,121.0,117.0
2026-06-05 10:00:00,10,Domodedovo,141.0,143.76164,148.0,148.0
2026-06-05 10:00:00,11,Yasenevo,55.0,56.576714,59.0,51.0
2026-06-05 10:00:00,12,Kuzminki,67.0,66.414795,69.0,63.0
2026-06-05 11:00:00,1,Tverskoy,121.0,111.921425,108.0,116.0
2026-06-05 11:00:00,2,Arbat,81.0,85.11838,83.0,80.0
2026-06-05 11:00:00,3,Moscow City,160.0,168.72672,179.0,158.0
2026-06-05 11:00:00,4,Sokolniki,63.0,61.2708,64.0,62.0
2026-06-05 11:00:00,5,Tagansky,82.0,85.220314,89.0,80.0
2026-06-05 11:00:00,6,Khamovniki,97.0,100.17289,103.0,98.0
2026-06-05 11:00:00,7,VDNH,66.0,70.44603,72.0,68.0
2026-06-05 11:00:00,8,Sheremetyevo,151.0,153.772,159.0,147.0
2026-06-05 11:00:00,9,Vnukovo,107.0,116.35242,120.0,112.0
2026-06-05 11:00:00,10,Domodedovo,144.0,137.4239,141.0,141.0
2026-06-05 11:00:00,11,Yasenevo,54.0,53.03208,55.0,46.0
2026-06-05 11:00:00,12,Kuzminki,59.0,64.08748,67.0,59.0
2026-06-05 12:00:00,1,Tverskoy,117.0,125.23644,121.0,115.0
2026-06-05 12:00:00,2,Arbat,83.0,83.82161,81.0,80.0
2026-06-05 12:00:00,3,Moscow City,155.0,155.96288,160.0,152.0
2026-06-05 12:00:00,4,Sokolniki,61.0,61.195633,63.0,60.0
2026-06-05 12:00:00,5,Tagansky,78.0,80.10792,82.0,76.0
2026-06-05 12:00:00,6,Khamovniki,94.0,95.73914,97.0,88.0
2026-06-05 12:00:00,7,VDNH,64.0,65.35023,66.0,66.0
2026-06-05 12:00:00,8,Sheremetyevo,149.0,147.7538,151.0,143.0
2026-06-05 12:00:00,9,Vnukovo,110.0,106.28025,107.0,108.0
2026-06-05 12:00:00,10,Domodedovo,137.0,139.35316,144.0,134.0
2026-06-05 12:00:00,11,Yasenevo,48.0,52.62211,54.0,48.0
2026-06-05 12:00:00,12,Kuzminki,57.0,57.443382,59.0,57.0
2026-06-05 13:00:00,1,Tverskoy,115.0,122.528046,117.0,109.0
2026-06-05 13:00:00,2,Arbat,83.0,86.170166,83.0,81.0
2026-06-05 13:00:00,3,Moscow City,148.0,153.17433,155.0,139.0
2026-06-05 13:00:00,4,Sokolniki,59.0,61.33387,61.0,62.0
2026-06-05 13:00:00,5,Tagansky,77.0,78.821976,78.0,75.0
2026-06-05 13:00:00,6,Khamovniki,94.0,94.83823,94.0,89.0
2026-06-05 13:00:00,7,VDNH,64.0,64.049934,64.0,66.0
2026-06-05 13:00:00,8,Sheremetyevo,145.0,146.95677,149.0,139.0
2026-06-05 13:00:00,9,Vnukovo,112.0,109.66606,110.0,107.0
2026-06-05 13:00:00,10,Domodedovo,136.0,134.06633,137.0,133.0
2026-06-05 13:00:00,11,Yasenevo,47.0,47.644775,48.0,47.0
2026-06-05 13:00:00,12,Kuzminki,56.0,56.44974,57.0,58.0
2026-06-05 14:00:00,1,Tverskoy,120.0,121.63684,115.0,117.0
2026-06-05 14:00:00,2,Arbat,88.0,86.704254,83.0,84.0
2026-06-05 14:00:00,3,Moscow City,150.0,151.89542,148.0,147.0
2026-06-05 14:00:00,4,Sokolniki,63.0,61.214497,59.0,62.0
2026-06-05 14:00:00,5,Tagansky,78.0,79.60312,77.0,76.0
2026-06-05 14:00:00,6,Khamovniki,95.0,97.55952,94.0,89.0
2026-06-05 14:00:00,7,VDNH,65.0,66.2164,64.0,64.0
2026-06-05 14:00:00,8,Sheremetyevo,143.0,144.63034,145.0,145.0
2026-06-05 14:00:00,9,Vnukovo,106.0,112.33106,112.0,104.0
2026-06-05 14:00:00,10,Domodedovo,133.0,134.32814,136.0,122.0
2026-06-05 14:00:00,11,Yasenevo,51.0,48.31337,47.0,48.0
2026-06-05 14:00:00,12,Kuzminki,57.0,57.874187,56.0,58.0
2026-06-05 15:00:00,1,Tverskoy,118.0,127.67732,120.0,123.0
2026-06-05 15:00:00,2,Arbat,88.0,91.990776,88.0,86.0
2026-06-05 15:00:00,3,Moscow City,156.0,159.93051,150.0,163.0
2026-06-05 15:00:00,4,Sokolniki,65.0,66.455765,63.0,67.0
2026-06-05 15:00:00,5,Tagansky,78.0,81.98511,78.0,86.0
2026-06-05 15:00:00,6,Khamovniki,98.0,100.43906,95.0,99.0
2026-06-05 15:00:00,7,VDNH,70.0,68.781235,65.0,67.0
2026-06-05 15:00:00,8,Sheremetyevo,152.0,145.57153,143.0,139.0
2026-06-05 15:00:00,9,Vnukovo,104.0,107.64136,106.0,105.0
2026-06-05 15:00:00,10,Domodedovo,137.0,133.70204,133.0,126.0
2026-06-05 15:00:00,11,Yasenevo,51.0,53.454422,51.0,45.0
2026-06-05 15:00:00,12,Kuzminki,63.0,60.57911,57.0,59.0
2026-06-05 16:00:00,1,Tverskoy,133.0,126.41723,118.0,129.0
2026-06-05 16:00:00,2,Arbat,92.0,92.42077,88.0,88.0
2026-06-05 16:00:00,3,Moscow City,177.0,167.85039,156.0,161.0
2026-06-05 16:00:00,4,Sokolniki,67.0,68.37611,65.0,67.0
2026-06-05 16:00:00,5,Tagansky,85.0,82.30914,78.0,83.0
2026-06-05 16:00:00,6,Khamovniki,105.0,104.194984,98.0,98.0
2026-06-05 16:00:00,7,VDNH,76.0,74.001724,70.0,73.0
2026-06-05 16:00:00,8,Sheremetyevo,146.0,155.18149,152.0,138.0
2026-06-05 16:00:00,9,Vnukovo,105.0,106.76168,104.0,107.0
2026-06-05 16:00:00,10,Domodedovo,134.0,139.26552,137.0,130.0
2026-06-05 16:00:00,11,Yasenevo,54.0,53.837696,51.0,53.0
2026-06-05 16:00:00,12,Kuzminki,64.0,66.9953,63.0,62.0
2026-06-05 17:00:00,1,Tverskoy,133.0,141.10948,133.0,133.0
2026-06-05 17:00:00,2,Arbat,98.0,96.30059,92.0,97.0
2026-06-05 17:00:00,3,Moscow City,169.0,187.80452,177.0,184.0
2026-06-05 17:00:00,4,Sokolniki,72.0,69.039825,67.0,69.0
2026-06-05 17:00:00,5,Tagansky,90.0,88.908646,85.0,87.0
2026-06-05 17:00:00,6,Khamovniki,110.0,110.62948,105.0,107.0
2026-06-05 17:00:00,7,VDNH,79.0,79.29546,76.0,77.0
2026-06-05 17:00:00,8,Sheremetyevo,140.0,150.34259,146.0,149.0
2026-06-05 17:00:00,9,Vnukovo,100.0,108.89212,105.0,106.0
2026-06-05 17:00:00,10,Domodedovo,130.0,137.91698,134.0,135.0
2026-06-05 17:00:00,11,Yasenevo,54.0,56.463383,54.0,56.0
2026-06-05 17:00:00,12,Kuzminki,66.0,67.48521,64.0,67.0
2026-06-05 18:00:00,1,Tverskoy,136.0,140.03854,133.0,136.0
2026-06-05 18:00:00,2,Arbat,99.0,101.59413,98.0,98.0
2026-06-05 18:00:00,3,Moscow City,188.0,175.14366,169.0,189.0
2026-06-05 18:00:00,4,Sokolniki,71.0,71.57955,72.0,69.0
2026-06-05 18:00:00,5,Tagansky,90.0,91.153015,90.0,97.0
2026-06-05 18:00:00,6,Khamovniki,108.0,112.829056,110.0,113.0
2026-06-05 18:00:00,7,VDNH,79.0,79.99711,79.0,75.0
2026-06-05 18:00:00,8,Sheremetyevo,150.0,145.48628,140.0,149.0
2026-06-05 18:00:00,9,Vnukovo,108.0,104.989204,100.0,110.0
2026-06-05 18:00:00,10,Domodedovo,137.0,135.04884,130.0,135.0
2026-06-05 18:00:00,11,Yasenevo,59.0,56.098064,54.0,56.0
2026-06-05 18:00:00,12,Kuzminki,73.0,67.68031,66.0,68.0
2026-06-05 19:00:00,1,Tverskoy,135.0,141.76463,136.0,140.0
2026-06-05 19:00:00,2,Arbat,99.0,102.148125,99.0,99.0
2026-06-05 19:00:00,3,Moscow City,178.0,183.5329,188.0,177.0
2026-06-05 19:00:00,4,Sokolniki,76.0,69.07487,71.0,66.0
2026-06-05 19:00:00,5,Tagansky,90.0,88.1556,90.0,89.0
2026-06-05 19:00:00,6,Khamovniki,108.0,107.585945,108.0,112.0
2026-06-05 19:00:00,7,VDNH,81.0,77.77947,79.0,75.0
2026-06-05 19:00:00,8,Sheremetyevo,150.0,156.42294,150.0,148.0
2026-06-05 19:00:00,9,Vnukovo,118.0,113.88562,108.0,113.0
2026-06-05 19:00:00,10,Domodedovo,138.0,142.6862,137.0,144.0
2026-06-05 19:00:00,11,Yasenevo,60.0,59.658768,59.0,57.0
2026-06-05 19:00:00,12,Kuzminki,64.0,71.808815,73.0,66.0
2026-06-05 20:00:00,1,Tverskoy,134.0,139.7996,135.0,139.0
2026-06-05 20:00:00,2,Arbat,96.0,101.27093,99.0,93.0
2026-06-05 20:00:00,3,Moscow City,169.0,168.70616,178.0,170.0
2026-06-05 20:00:00,4,Sokolniki,67.0,72.34247,76.0,66.0
2026-06-05 20:00:00,5,Tagansky,85.0,86.29928,90.0,81.0
2026-06-05 20:00:00,6,Khamovniki,107.0,104.3398,108.0,98.0
2026-06-05 20:00:00,7,VDNH,72.0,77.66784,81.0,72.0
2026-06-05 20:00:00,8,Sheremetyevo,160.0,157.47087,150.0,152.0
2026-06-05 20:00:00,9,Vnukovo,117.0,124.34775,118.0,117.0
2026-06-05 20:00:00,10,Domodedovo,143.0,144.24565,138.0,147.0
2026-06-05 20:00:00,11,Yasenevo,53.0,58.52462,60.0,57.0
2026-06-05 20:00:00,12,Kuzminki,65.0,61.833637,64.0,61.0
2026-06-05 21:00:00,1,Tverskoy,140.0,136.31982,134.0,127.0
2026-06-05 21:00:00,2,Arbat,96.0,96.84411,96.0,98.0
2026-06-05 21:00:00,3,Moscow City,167.0,159.8663,169.0,163.0
2026-06-05 21:00:00,4,Sokolniki,64.0,63.676064,67.0,65.0
2026-06-05 21:00:00,5,Tagansky,83.0,81.27957,85.0,82.0
2026-06-05 21:00:00,6,Khamovniki,95.0,102.46596,107.0,98.0
2026-06-05 21:00:00,7,VDNH,66.0,69.47389,72.0,70.0
2026-06-05 21:00:00,8,Sheremetyevo,159.0,167.48807,160.0,167.0
2026-06-05 21:00:00,9,Vnukovo,122.0,123.44775,117.0,121.0
2026-06-05 21:00:00,10,Domodedovo,145.0,149.6531,143.0,147.0
2026-06-05 21:00:00,11,Yasenevo,54.0,51.947582,53.0,53.0
2026-06-05 21:00:00,12,Kuzminki,59.0,61.862434,65.0,63.0
2026-06-05 22:00:00,1,Tverskoy,142.0,138.94519,140.0,139.0
2026-06-05 22:00:00,2,Arbat,100.0,95.52056,96.0,102.0
2026-06-05 22:00:00,3,Moscow City,148.0,157.58577,167.0,148.0
2026-06-05 22:00:00,4,Sokolniki,58.0,61.20957,64.0,62.0
2026-06-05 22:00:00,5,Tagansky,79.0,79.77218,83.0,75.0
2026-06-05 22:00:00,6,Khamovniki,99.0,93.08764,95.0,91.0
2026-06-05 22:00:00,7,VDNH,69.0,65.08541,66.0,66.0
2026-06-05 22:00:00,8,Sheremetyevo,165.0,166.47864,159.0,168.0
2026-06-05 22:00:00,9,Vnukovo,120.0,128.22888,122.0,128.0
2026-06-05 22:00:00,10,Domodedovo,154.0,152.17403,145.0,154.0
2026-06-05 22:00:00,11,Yasenevo,50.0,52.481026,54.0,51.0
2026-06-05 22:00:00,12,Kuzminki,58.0,56.99557,59.0,60.0
2026-06-05 23:00:00,1,Tverskoy,145.0,137.77,142.0,141.0
2026-06-05 23:00:00,2,Arbat,100.0,98.160835,100.0,98.0
2026-06-05 23:00:00,3,Moscow City,144.0,143.29419,148.0,149.0
2026-06-05 23:00:00,4,Sokolniki,58.0,57.06076,58.0,59.0
2026-06-05 23:00:00,5,Tagansky,76.0,76.55027,79.0,77.0
2026-06-05 23:00:00,6,Khamovniki,88.0,96.58476,99.0,88.0
2026-06-05 23:00:00,7,VDNH,61.0,67.44525,69.0,63.0
2026-06-05 23:00:00,8,Sheremetyevo,176.0,172.22414,165.0,167.0
2026-06-05 23:00:00,9,Vnukovo,126.0,126.679726,120.0,125.0
2026-06-05 23:00:00,10,Domodedovo,162.0,160.88272,154.0,160.0
2026-06-05 23:00:00,11,Yasenevo,45.0,49.28188,50.0,50.0
2026-06-05 23:00:00,12,Kuzminki,57.0,56.45919,58.0,52.0
2026-06-06 00:00:00,1,Tverskoy,107.0,139.43578,145.0,108.0
2026-06-06 00:00:00,2,Arbat,78.0,97.65609,100.0,82.0
2026-06-06 00:00:00,3,Moscow City,135.0,141.67004,144.0,140.0
2026-06-06 00:00:00,4,Sokolniki,57.0,57.609936,58.0,57.0
2026-06-06 00:00:00,5,Tagansky,67.0,75.353424,76.0,74.0
2026-06-06 00:00:00,6,Khamovniki,84.0,88.43629,88.0,90.0
2026-06-06 00:00:00,7,VDNH,59.0,61.07173,61.0,66.0
2026-06-06 00:00:00,8,Sheremetyevo,165.0,182.61095,176.0,173.0
2026-06-06 00:00:00,9,Vnukovo,125.0,132.58261,126.0,139.0
2026-06-06 00:00:00,10,Domodedovo,148.0,168.51254,162.0,163.0
2026-06-06 00:00:00,11,Yasenevo,43.0,45.10476,45.0,46.0
2026-06-06 00:00:00,12,Kuzminki,54.0,56.35851,57.0,59.0
2026-06-06 01:00:00,1,Tverskoy,109.0,107.783035,107.0,114.0
2026-06-06 01:00:00,2,Arbat,79.0,78.176895,78.0,81.0
2026-06-06 01:00:00,3,Moscow City,137.0,136.69646,135.0,141.0
2026-06-06 01:00:00,4,Sokolniki,52.0,57.601498,57.0,59.0
2026-06-06 01:00:00,5,Tagansky,74.0,68.5011,67.0,74.0
2026-06-06 01:00:00,6,Khamovniki,83.0,85.79973,84.0,94.0
2026-06-06 01:00:00,7,VDNH,61.0,59.65975,59.0,63.0
2026-06-06 01:00:00,8,Sheremetyevo,166.0,171.5521,165.0,179.0
2026-06-06 01:00:00,9,Vnukovo,125.0,131.29277,125.0,138.0
2026-06-06 01:00:00,10,Domodedovo,147.0,154.2073,148.0,173.0
2026-06-06 01:00:00,11,Yasenevo,43.0,43.789673,43.0,49.0
2026-06-06 01:00:00,12,Kuzminki,52.0,54.824135,54.0,55.0
2026-06-06 02:00:00,1,Tverskoy,106.0,109.58556,109.0,118.0
2026-06-06 02:00:00,2,Arbat,76.0,79.28409,79.0,86.0
2026-06-06 02:00:00,3,Moscow City,134.0,143.66531,137.0,140.0
2026-06-06 02:00:00,4,Sokolniki,51.0,54.18663,52.0,61.0
2026-06-06 02:00:00,5,Tagansky,70.0,76.66562,74.0,78.0
2026-06-06 02:00:00,6,Khamovniki,91.0,86.69953,83.0,92.0
2026-06-06 02:00:00,7,VDNH,60.0,63.099594,61.0,63.0
2026-06-06 02:00:00,8,Sheremetyevo,169.0,172.48062,166.0,180.0
2026-06-06 02:00:00,9,Vnukovo,121.0,130.89388,125.0,140.0
2026-06-06 02:00:00,10,Domodedovo,147.0,152.9499,147.0,166.0
2026-06-06 02:00:00,11,Yasenevo,45.0,44.674652,43.0,50.0
2026-06-06 02:00:00,12,Kuzminki,52.0,54.551876,52.0,56.0
2026-06-06 03:00:00,1,Tverskoy,115.0,107.02117,106.0,110.0
2026-06-06 03:00:00,2,Arbat,80.0,77.24711,76.0,86.0
2026-06-06 03:00:00,3,Moscow City,130.0,143.69382,134.0,147.0
2026-06-06 03:00:00,4,Sokolniki,56.0,54.32989,51.0,60.0
2026-06-06 03:00:00,5,Tagansky,71.0,73.61245,70.0,77.0
2026-06-06 03:00:00,6,Khamovniki,85.0,95.739426,91.0,89.0
2026-06-06 03:00:00,7,VDNH,60.0,63.335808,60.0,61.0
2026-06-06 03:00:00,8,Sheremetyevo,168.0,175.40012,169.0,178.0
2026-06-06 03:00:00,9,Vnukovo,123.0,126.04442,121.0,141.0
2026-06-06 03:00:00,10,Domodedovo,160.0,153.11804,147.0,171.0
2026-06-06 03:00:00,11,Yasenevo,46.0,47.460903,45.0,48.0
2026-06-06 03:00:00,12,Kuzminki,53.0,55.480743,52.0,59.0
2026-06-06 04:00:00,1,Tverskoy,102.0,117.59614,115.0,115.0
2026-06-06 04:00:00,2,Arbat,80.0,82.09058,80.0,78.0
2026-06-06 04:00:00,3,Moscow City,138.0,140.99284,130.0,156.0
2026-06-06 04:00:00,4,Sokolniki,59.0,60.14761,56.0,61.0
2026-06-06 04:00:00,5,Tagansky,71.0,75.12981,71.0,79.0
2026-06-06 04:00:00,6,Khamovniki,86.0,90.50749,85.0,95.0
2026-06-06 04:00:00,7,VDNH,59.0,63.9187,60.0,64.0
2026-06-06 04:00:00,8,Sheremetyevo,167.0,173.62871,168.0,181.0
2026-06-06 04:00:00,9,Vnukovo,124.0,126.654945,123.0,137.0
2026-06-06 04:00:00,10,Domodedovo,153.0,164.1143,160.0,172.0
2026-06-06 04:00:00,11,Yasenevo,50.0,48.879498,46.0,48.0
2026-06-06 04:00:00,12,Kuzminki,52.0,56.88914,53.0,61.0
2026-06-06 05:00:00,1,Tverskoy,111.0,107.26952,102.0,111.0
2026-06-06 05:00:00,2,Arbat,77.0,82.38792,80.0,88.0
2026-06-06 05:00:00,3,Moscow City,156.0,149.9297,138.0,161.0
2026-06-06 05:00:00,4,Sokolniki,59.0,63.662865,59.0,61.0
2026-06-06 05:00:00,5,Tagansky,74.0,75.55667,71.0,81.0
2026-06-06 05:00:00,6,Khamovniki,90.0,92.18226,86.0,91.0
2026-06-06 05:00:00,7,VDNH,64.0,63.163597,59.0,70.0
2026-06-06 05:00:00,8,Sheremetyevo,162.0,171.432,167.0,179.0
2026-06-06 05:00:00,9,Vnukovo,120.0,127.05122,124.0,134.0
2026-06-06 05:00:00,10,Domodedovo,148.0,155.22029,153.0,166.0
2026-06-06 05:00:00,11,Yasenevo,45.0,52.976383,50.0,53.0
2026-06-06 05:00:00,12,Kuzminki,57.0,56.066166,52.0,62.0
2026-06-06 06:00:00,1,Tverskoy,112.0,115.94714,111.0,112.0
2026-06-06 06:00:00,2,Arbat,75.0,79.23859,77.0,79.0
2026-06-06 06:00:00,3,Moscow City,163.0,168.83553,156.0,172.0
2026-06-06 06:00:00,4,Sokolniki,61.0,63.68988,59.0,69.0
2026-06-06 06:00:00,5,Tagansky,82.0,78.796364,74.0,84.0
2026-06-06 06:00:00,6,Khamovniki,96.0,96.741844,90.0,101.0
2026-06-06 06:00:00,7,VDNH,70.0,68.34389,64.0,74.0
2026-06-06 06:00:00,8,Sheremetyevo,164.0,165.1658,162.0,177.0
2026-06-06 06:00:00,9,Vnukovo,115.0,122.51933,120.0,131.0
2026-06-06 06:00:00,10,Domodedovo,149.0,149.6832,148.0,162.0
2026-06-06 06:00:00,11,Yasenevo,50.0,47.970062,45.0,52.0
2026-06-06 06:00:00,12,Kuzminki,60.0,61.310154,57.0,64.0
2026-06-06 07:00:00,1,Tverskoy,104.0,117.02742,112.0,119.0
2026-06-06 07:00:00,2,Arbat,80.0,77.29462,75.0,84.0
2026-06-06 07:00:00,3,Moscow City,177.0,175.94551,163.0,189.0
2026-06-06 07:00:00,4,Sokolniki,61.0,65.53878,61.0,65.0
2026-06-06 07:00:00,5,Tagansky,86.0,86.70107,82.0,91.0
2026-06-06 07:00:00,6,Khamovniki,99.0,102.67896,96.0,107.0
2026-06-06 07:00:00,7,VDNH,71.0,74.44964,70.0,78.0
2026-06-06 07:00:00,8,Sheremetyevo,162.0,165.6484,164.0,181.0
2026-06-06 07:00:00,9,Vnukovo,118.0,117.00851,115.0,130.0
2026-06-06 07:00:00,10,Domodedovo,152.0,149.39377,149.0,160.0
2026-06-06 07:00:00,11,Yasenevo,51.0,52.962822,50.0,56.0
2026-06-06 07:00:00,12,Kuzminki,63.0,64.22001,60.0,65.0
2026-06-06 08:00:00,1,Tverskoy,115.0,108.92535,104.0,112.0
2026-06-06 08:00:00,2,Arbat,76.0,82.19565,80.0,84.0
2026-06-06 08:00:00,3,Moscow City,180.0,186.88585,177.0,202.0
2026-06-06 08:00:00,4,Sokolniki,67.0,64.70305,61.0,73.0
2026-06-06 08:00:00,5,Tagansky,85.0,89.346954,86.0,95.0
2026-06-06 08:00:00,6,Khamovniki,102.0,104.444626,99.0,112.0
2026-06-06 08:00:00,7,VDNH,71.0,74.493286,71.0,80.0
2026-06-06 08:00:00,8,Sheremetyevo,153.0,161.35094,162.0,168.0
2026-06-06 08:00:00,9,Vnukovo,117.0,119.032684,118.0,129.0
2026-06-06 08:00:00,10,Domodedovo,143.0,150.6752,152.0,158.0
2026-06-06 08:00:00,11,Yasenevo,52.0,53.35619,51.0,58.0
2026-06-06 08:00:00,12,Kuzminki,63.0,66.11151,63.0,65.0
2026-06-06 09:00:00,1,Tverskoy,111.0,120.34079,115.0,116.0
2026-06-06 09:00:00,2,Arbat,77.0,78.209564,76.0,79.0
2026-06-06 09:00:00,3,Moscow City,173.0,180.68498,180.0,202.0
2026-06-06 09:00:00,4,Sokolniki,66.0,68.29831,67.0,76.0
2026-06-06 09:00:00,5,Tagansky,82.0,85.98224,85.0,90.0
2026-06-06 09:00:00,6,Khamovniki,91.0,103.96625,102.0,109.0
2026-06-06 09:00:00,7,VDNH,68.0,72.26805,71.0,81.0
2026-06-06 09:00:00,8,Sheremetyevo,148.0,152.08817,153.0,163.0
2026-06-06 09:00:00,9,Vnukovo,113.0,116.69342,117.0,121.0
2026-06-06 09:00:00,10,Domodedovo,127.0,141.48851,143.0,148.0
2026-06-06 09:00:00,11,Yasenevo,53.0,53.269173,52.0,59.0
2026-06-06 09:00:00,12,Kuzminki,62.0,64.033775,63.0,69.0
2026-06-06 10:00:00,1,Tverskoy,110.0,116.05493,111.0,108.0
2026-06-06 10:00:00,2,Arbat,76.0,79.72081,77.0,83.0
2026-06-06 10:00:00,3,Moscow City,170.0,165.95445,173.0,179.0
2026-06-06 10:00:00,4,Sokolniki,58.0,64.96886,66.0,64.0
2026-06-06 10:00:00,5,Tagansky,80.0,81.17583,82.0,89.0
2026-06-06 10:00:00,6,Khamovniki,96.0,91.827034,91.0,103.0
2026-06-06 10:00:00,7,VDNH,66.0,68.12006,68.0,72.0
2026-06-06 10:00:00,8,Sheremetyevo,150.0,147.0488,148.0,159.0
2026-06-06 10:00:00,9,Vnukovo,111.0,112.43033,113.0,120.0
2026-06-06 10:00:00,10,Domodedovo,141.0,126.798744,127.0,141.0
2026-06-06 10:00:00,11,Yasenevo,51.0,52.835716,53.0,55.0
2026-06-06 10:00:00,12,Kuzminki,61.0,61.463776,62.0,67.0
2026-06-06 11:00:00,1,Tverskoy,107.0,114.901184,110.0,121.0
2026-06-06 11:00:00,2,Arbat,75.0,79.03323,76.0,81.0
2026-06-06 11:00:00,3,Moscow City,150.0,160.66573,170.0,160.0
2026-06-06 11:00:00,4,Sokolniki,61.0,57.87455,58.0,63.0
2026-06-06 11:00:00,5,Tagansky,75.0,78.68788,80.0,82.0
2026-06-06 11:00:00,6,Khamovniki,91.0,95.21195,96.0,97.0
2026-06-06 11:00:00,7,VDNH,65.0,65.740814,66.0,66.0
2026-06-06 11:00:00,8,Sheremetyevo,140.0,148.7029,150.0,151.0
2026-06-06 11:00:00,9,Vnukovo,100.0,110.29013,111.0,107.0
2026-06-06 11:00:00,10,Domodedovo,122.0,139.02095,141.0,144.0
2026-06-06 11:00:00,11,Yasenevo,44.0,50.321922,51.0,54.0
2026-06-06 11:00:00,12,Kuzminki,58.0,59.940826,61.0,59.0
2026-06-06 12:00:00,1,Tverskoy,107.0,113.08178,107.0,117.0
2026-06-06 12:00:00,2,Arbat,73.0,78.66573,75.0,83.0
2026-06-06 12:00:00,3,Moscow City,140.0,147.19308,150.0,155.0
2026-06-06 12:00:00,4,Sokolniki,58.0,60.740467,61.0,61.0
2026-06-06 12:00:00,5,Tagansky,72.0,74.718216,75.0,78.0
2026-06-06 12:00:00,6,Khamovniki,91.0,91.277405,91.0,94.0
2026-06-06 12:00:00,7,VDNH,63.0,64.92694,65.0,64.0
2026-06-06 12:00:00,8,Sheremetyevo,137.0,140.53333,140.0,149.0
2026-06-06 12:00:00,9,Vnukovo,102.0,100.95278,100.0,110.0
2026-06-06 12:00:00,10,Domodedovo,124.0,122.19758,122.0,137.0
2026-06-06 12:00:00,11,Yasenevo,47.0,44.002987,44.0,48.0
2026-06-06 12:00:00,12,Kuzminki,57.0,57.610302,58.0,57.0
2026-06-06 13:00:00,1,Tverskoy,108.0,114.14542,107.0,115.0
2026-06-06 13:00:00,2,Arbat,79.0,77.06003,73.0,83.0
2026-06-06 13:00:00,3,Moscow City,145.0,139.6627,140.0,148.0
2026-06-06 13:00:00,4,Sokolniki,59.0,59.023182,58.0,59.0
2026-06-06 13:00:00,5,Tagansky,73.0,72.9343,72.0,77.0
2026-06-06 13:00:00,6,Khamovniki,91.0,92.98123,91.0,94.0
2026-06-06 13:00:00,7,VDNH,60.0,63.890167,63.0,64.0
2026-06-06 13:00:00,8,Sheremetyevo,135.0,138.87227,137.0,145.0
2026-06-06 13:00:00,9,Vnukovo,99.0,103.32669,102.0,112.0
2026-06-06 13:00:00,10,Domodedovo,118.0,125.14853,124.0,136.0
2026-06-06 13:00:00,11,Yasenevo,44.0,47.308964,47.0,47.0
2026-06-06 13:00:00,12,Kuzminki,55.0,57.5899,57.0,56.0
2026-06-06 14:00:00,1,Tverskoy,112.0,115.93973,108.0,120.0
2026-06-06 14:00:00,2,Arbat,77.0,83.4829,79.0,88.0
2026-06-06 14:00:00,3,Moscow City,139.0,150.69531,145.0,150.0
2026-06-06 14:00:00,4,Sokolniki,58.0,62.159138,59.0,63.0
2026-06-06 14:00:00,5,Tagansky,72.0,75.90661,73.0,78.0
2026-06-06 14:00:00,6,Khamovniki,88.0,95.75894,91.0,95.0
2026-06-06 14:00:00,7,VDNH,58.0,63.295815,60.0,65.0
2026-06-06 14:00:00,8,Sheremetyevo,131.0,137.94461,135.0,143.0
2026-06-06 14:00:00,9,Vnukovo,99.0,100.957405,99.0,106.0
2026-06-06 14:00:00,10,Domodedovo,118.0,120.45981,118.0,133.0
2026-06-06 14:00:00,11,Yasenevo,47.0,45.823067,44.0,51.0
2026-06-06 14:00:00,12,Kuzminki,57.0,57.406887,55.0,57.0
2026-06-06 15:00:00,1,Tverskoy,119.0,120.55964,112.0,118.0
2026-06-06 15:00:00,2,Arbat,89.0,81.79392,77.0,88.0
2026-06-06 15:00:00,3,Moscow City,146.0,150.05478,139.0,156.0
2026-06-06 15:00:00,4,Sokolniki,61.0,62.023697,58.0,65.0
2026-06-06 15:00:00,5,Tagansky,76.0,76.3653,72.0,78.0
2026-06-06 15:00:00,6,Khamovniki,94.0,94.090866,88.0,98.0
2026-06-06 15:00:00,7,VDNH,65.0,61.996628,58.0,70.0
2026-06-06 15:00:00,8,Sheremetyevo,128.0,134.91435,131.0,152.0
2026-06-06 15:00:00,9,Vnukovo,98.0,101.672874,99.0,104.0
2026-06-06 15:00:00,10,Domodedovo,121.0,120.910774,118.0,137.0
2026-06-06 15:00:00,11,Yasenevo,51.0,49.733665,47.0,51.0
2026-06-06 15:00:00,12,Kuzminki,56.0,60.827023,57.0,63.0
2026-06-06 16:00:00,1,Tverskoy,119.0,127.88168,119.0,133.0
2026-06-06 16:00:00,2,Arbat,82.0,94.00566,89.0,92.0
2026-06-06 16:00:00,3,Moscow City,157.0,157.78017,146.0,177.0
2026-06-06 16:00:00,4,Sokolniki,63.0,65.255165,61.0,67.0
2026-06-06 16:00:00,5,Tagansky,79.0,80.79618,76.0,85.0
2026-06-06 16:00:00,6,Khamovniki,93.0,100.637375,94.0,105.0
2026-06-06 16:00:00,7,VDNH,66.0,69.40044,65.0,76.0
2026-06-06 16:00:00,8,Sheremetyevo,133.0,133.09131,128.0,146.0
2026-06-06 16:00:00,9,Vnukovo,97.0,101.850204,98.0,105.0
2026-06-06 16:00:00,10,Domodedovo,114.0,125.40468,121.0,134.0
2026-06-06 16:00:00,11,Yasenevo,52.0,54.12385,51.0,54.0
2026-06-06 16:00:00,12,Kuzminki,59.0,60.1059,56.0,64.0
2026-06-06 17:00:00,1,Tverskoy,120.0,127.636215,119.0,133.0
2026-06-06 17:00:00,2,Arbat,85.0,86.73952,82.0,98.0
2026-06-06 17:00:00,3,Moscow City,165.0,168.90308,157.0,169.0
2026-06-06 17:00:00,4,Sokolniki,66.0,67.002304,63.0,72.0
2026-06-06 17:00:00,5,Tagansky,83.0,83.67265,79.0,90.0
2026-06-06 17:00:00,6,Khamovniki,101.0,99.55577,93.0,110.0
2026-06-06 17:00:00,7,VDNH,72.0,70.30591,66.0,79.0
2026-06-06 17:00:00,8,Sheremetyevo,134.0,139.04692,133.0,140.0
2026-06-06 17:00:00,9,Vnukovo,92.0,102.10776,97.0,100.0
2026-06-06 17:00:00,10,Domodedovo,122.0,119.29265,114.0,130.0
2026-06-06 17:00:00,11,Yasenevo,53.0,55.037388,52.0,54.0
2026-06-06 17:00:00,12,Kuzminki,64.0,62.86678,59.0,66.0
2026-06-06 18:00:00,1,Tverskoy,128.0,128.3417,120.0,136.0
2026-06-06 18:00:00,2,Arbat,91.0,89.42247,85.0,99.0
2026-06-06 18:00:00,3,Moscow City,169.0,174.56792,165.0,188.0
2026-06-06 18:00:00,4,Sokolniki,62.0,68.965454,66.0,71.0
2026-06-06 18:00:00,5,Tagansky,82.0,86.59375,83.0,90.0
2026-06-06 18:00:00,6,Khamovniki,99.0,106.52551,101.0,108.0
2026-06-06 18:00:00,7,VDNH,70.0,75.50467,72.0,79.0
2026-06-06 18:00:00,8,Sheremetyevo,144.0,140.84221,134.0,150.0
2026-06-06 18:00:00,9,Vnukovo,106.0,97.79464,92.0,108.0
2026-06-06 18:00:00,10,Domodedovo,129.0,128.10052,122.0,137.0
2026-06-06 18:00:00,11,Yasenevo,52.0,55.50569,53.0,59.0
2026-06-06 18:00:00,12,Kuzminki,64.0,67.0989,64.0,73.0
2026-06-06 19:00:00,1,Tverskoy,128.0,135.83705,128.0,135.0
2026-06-06 19:00:00,2,Arbat,93.0,95.28621,91.0,99.0
2026-06-06 19:00:00,3,Moscow City,174.0,170.87175,169.0,178.0
2026-06-06 19:00:00,4,Sokolniki,61.0,63.738388,62.0,76.0
2026-06-06 19:00:00,5,Tagansky,83.0,83.69252,82.0,90.0
2026-06-06 19:00:00,6,Khamovniki,96.0,101.613014,99.0,108.0
2026-06-06 19:00:00,7,VDNH,68.0,71.33835,70.0,81.0
2026-06-06 19:00:00,8,Sheremetyevo,143.0,151.41449,144.0,150.0
2026-06-06 19:00:00,9,Vnukovo,106.0,112.467926,106.0,118.0
2026-06-06 19:00:00,10,Domodedovo,126.0,135.77821,129.0,138.0
2026-06-06 19:00:00,11,Yasenevo,53.0,53.84047,52.0,60.0
2026-06-06 19:00:00,12,Kuzminki,61.0,64.48489,64.0,64.0
2026-06-06 20:00:00,1,Tverskoy,145.0,134.87411,128.0,134.0
2026-06-06 20:00:00,2,Arbat,102.0,96.70442,93.0,96.0
2026-06-06 20:00:00,3,Moscow City,180.0,168.18501,174.0,169.0
2026-06-06 20:00:00,4,Sokolniki,68.0,61.015816,61.0,67.0
2026-06-06 20:00:00,5,Tagansky,87.0,82.342,83.0,85.0
2026-06-06 20:00:00,6,Khamovniki,108.0,96.39561,96.0,107.0
2026-06-06 20:00:00,7,VDNH,77.0,67.99115,68.0,72.0
2026-06-06 20:00:00,8,Sheremetyevo,163.0,151.01079,143.0,160.0
2026-06-06 20:00:00,9,Vnukovo,120.0,112.70521,106.0,117.0
2026-06-06 20:00:00,10,Domodedovo,147.0,132.99127,126.0,143.0
2026-06-06 20:00:00,11,Yasenevo,58.0,53.38611,53.0,53.0
2026-06-06 20:00:00,12,Kuzminki,65.0,59.62066,61.0,65.0
2026-06-06 21:00:00,1,Tverskoy,147.0,147.32451,145.0,140.0
2026-06-06 21:00:00,2,Arbat,105.0,103.40522,102.0,96.0
2026-06-06 21:00:00,3,Moscow City,156.0,169.85304,180.0,167.0
2026-06-06 21:00:00,4,Sokolniki,66.0,65.62736,68.0,64.0
2026-06-06 21:00:00,5,Tagansky,83.0,84.22602,87.0,83.0
2026-06-06 21:00:00,6,Khamovniki,106.0,104.569145,108.0,95.0
2026-06-06 21:00:00,7,VDNH,77.0,74.815216,77.0,66.0
2026-06-06 21:00:00,8,Sheremetyevo,175.0,170.44774,163.0,159.0
2026-06-06 21:00:00,9,Vnukovo,130.0,126.34768,120.0,122.0
2026-06-06 21:00:00,10,Domodedovo,157.0,153.93289,147.0,145.0
2026-06-06 21:00:00,11,Yasenevo,55.0,56.04092,58.0,54.0
2026-06-06 21:00:00,12,Kuzminki,63.0,62.09012,65.0,59.0
2026-06-06 22:00:00,1,Tverskoy,147.0,145.71747,147.0,142.0
2026-06-06 22:00:00,2,Arbat,101.0,103.90465,105.0,100.0
2026-06-06 22:00:00,3,Moscow City,159.0,149.00244,156.0,148.0
2026-06-06 22:00:00,4,Sokolniki,64.0,62.78771,66.0,58.0
2026-06-06 22:00:00,5,Tagansky,80.0,80.102776,83.0,79.0
2026-06-06 22:00:00,6,Khamovniki,99.0,101.95835,106.0,99.0
2026-06-06 22:00:00,7,VDNH,71.0,73.8804,77.0,69.0
2026-06-06 22:00:00,8,Sheremetyevo,179.0,181.10773,175.0,165.0
2026-06-06 22:00:00,9,Vnukovo,132.0,135.45757,130.0,120.0
2026-06-06 22:00:00,10,Domodedovo,162.0,162.98248,157.0,154.0
2026-06-06 22:00:00,11,Yasenevo,52.0,52.755516,55.0,50.0
2026-06-06 22:00:00,12,Kuzminki,59.0,60.329357,63.0,58.0
2026-06-06 23:00:00,1,Tverskoy,146.0,142.90247,147.0,145.0
2026-06-06 23:00:00,2,Arbat,105.0,99.17898,101.0,100.0
2026-06-06 23:00:00,3,Moscow City,152.0,151.86226,159.0,144.0
2026-06-06 23:00:00,4,Sokolniki,63.0,61.200645,64.0,58.0
2026-06-06 23:00:00,5,Tagansky,76.0,77.904854,80.0,76.0
2026-06-06 23:00:00,6,Khamovniki,100.0,96.359856,99.0,88.0
2026-06-06 23:00:00,7,VDNH,68.0,68.52427,71.0,61.0
2026-06-06 23:00:00,8,Sheremetyevo,189.0,183.60155,179.0,176.0
2026-06-06 23:00:00,9,Vnukovo,137.0,136.39522,132.0,126.0
2026-06-06 23:00:00,10,Domodedovo,166.0,166.17616,162.0,162.0
2026-06-06 23:00:00,11,Yasenevo,51.0,50.549576,52.0,45.0
2026-06-06 23:00:00,12,Kuzminki,63.0,57.22836,59.0,57.0
2026-06-07 00:00:00,1,Tverskoy,106.0,141.17226,146.0,107.0
2026-06-07 00:00:00,2,Arbat,75.0,103.088326,105.0,78.0
2026-06-07 00:00:00,3,Moscow City,137.0,147.44685,152.0,135.0
2026-06-07 00:00:00,4,Sokolniki,58.0,60.80297,63.0,57.0
2026-06-07 00:00:00,5,Tagansky,73.0,75.058586,76.0,67.0
2026-06-07 00:00:00,6,Khamovniki,84.0,97.31398,100.0,84.0
2026-06-07 00:00:00,7,VDNH,62.0,66.2205,68.0,59.0
2026-06-07 00:00:00,8,Sheremetyevo,161.0,191.89095,189.0,165.0
2026-06-07 00:00:00,9,Vnukovo,120.0,139.87904,137.0,125.0
2026-06-07 00:00:00,10,Domodedovo,145.0,168.80653,166.0,148.0
2026-06-07 00:00:00,11,Yasenevo,43.0,49.94406,51.0,43.0
2026-06-07 00:00:00,12,Kuzminki,55.0,60.938564,63.0,54.0
2026-06-07 01:00:00,1,Tverskoy,103.0,106.64669,106.0,109.0
2026-06-07 01:00:00,2,Arbat,73.0,75.36464,75.0,79.0
2026-06-07 01:00:00,3,Moscow City,138.0,136.49431,137.0,137.0
2026-06-07 01:00:00,4,Sokolniki,58.0,57.390987,58.0,52.0
2026-06-07 01:00:00,5,Tagansky,69.0,72.839455,73.0,74.0
2026-06-07 01:00:00,6,Khamovniki,89.0,84.292046,84.0,83.0
2026-06-07 01:00:00,7,VDNH,57.0,61.78386,62.0,61.0
2026-06-07 01:00:00,8,Sheremetyevo,167.0,164.564,161.0,166.0
2026-06-07 01:00:00,9,Vnukovo,126.0,123.04766,120.0,125.0
2026-06-07 01:00:00,10,Domodedovo,154.0,148.14017,145.0,147.0
2026-06-07 01:00:00,11,Yasenevo,44.0,43.04274,43.0,43.0
2026-06-07 01:00:00,12,Kuzminki,52.0,54.910206,55.0,52.0
2026-06-07 02:00:00,1,Tverskoy,109.0,103.91286,103.0,106.0
2026-06-07 02:00:00,2,Arbat,78.0,73.45682,73.0,76.0
2026-06-07 02:00:00,3,Moscow City,137.0,140.90175,138.0,134.0
2026-06-07 02:00:00,4,Sokolniki,54.0,58.813953,58.0,51.0
2026-06-07 02:00:00,5,Tagansky,70.0,69.88635,69.0,70.0
2026-06-07 02:00:00,6,Khamovniki,85.0,89.437126,89.0,91.0
2026-06-07 02:00:00,7,VDNH,59.0,57.513348,57.0,60.0
2026-06-07 02:00:00,8,Sheremetyevo,167.0,169.31433,167.0,169.0
2026-06-07 02:00:00,9,Vnukovo,123.0,128.67561,126.0,121.0
2026-06-07 02:00:00,10,Domodedovo,156.0,156.02328,154.0,147.0
2026-06-07 02:00:00,11,Yasenevo,47.0,45.04623,44.0,45.0
2026-06-07 02:00:00,12,Kuzminki,51.0,52.723778,52.0,52.0
2026-06-07 03:00:00,1,Tverskoy,108.0,109.7557,109.0,115.0
2026-06-07 03:00:00,2,Arbat,72.0,78.48311,78.0,80.0
2026-06-07 03:00:00,3,Moscow City,139.0,144.71063,137.0,130.0
2026-06-07 03:00:00,4,Sokolniki,57.0,56.124264,54.0,56.0
2026-06-07 03:00:00,5,Tagansky,74.0,72.67602,70.0,71.0
2026-06-07 03:00:00,6,Khamovniki,88.0,88.12767,85.0,85.0
2026-06-07 03:00:00,7,VDNH,56.0,61.320557,59.0,60.0
2026-06-07 03:00:00,8,Sheremetyevo,168.0,169.02838,167.0,168.0
2026-06-07 03:00:00,9,Vnukovo,123.0,125.38937,123.0,123.0
2026-06-07 03:00:00,10,Domodedovo,150.0,157.46098,156.0,160.0
2026-06-07 03:00:00,11,Yasenevo,48.0,48.9303,47.0,46.0
2026-06-07 03:00:00,12,Kuzminki,52.0,53.036964,51.0,53.0
2026-06-07 04:00:00,1,Tverskoy,107.0,110.48968,108.0,102.0
2026-06-07 04:00:00,2,Arbat,74.0,73.68624,72.0,80.0
2026-06-07 04:00:00,3,Moscow City,146.0,149.5914,139.0,138.0
2026-06-07 04:00:00,4,Sokolniki,56.0,59.96719,57.0,59.0
2026-06-07 04:00:00,5,Tagansky,72.0,77.83644,74.0,71.0
2026-06-07 04:00:00,6,Khamovniki,89.0,92.81655,88.0,86.0
2026-06-07 04:00:00,7,VDNH,66.0,59.57321,56.0,59.0
2026-06-07 04:00:00,8,Sheremetyevo,164.0,171.10687,168.0,167.0
2026-06-07 04:00:00,9,Vnukovo,129.0,124.73956,123.0,124.0
2026-06-07 04:00:00,10,Domodedovo,150.0,152.84996,150.0,153.0
2026-06-07 04:00:00,11,Yasenevo,47.0,50.202442,48.0,50.0
2026-06-07 04:00:00,12,Kuzminki,54.0,55.292587,52.0,52.0
2026-06-07 05:00:00,1,Tverskoy,99.0,111.62061,107.0,111.0
2026-06-07 05:00:00,2,Arbat,76.0,76.58896,74.0,77.0
2026-06-07 05:00:00,3,Moscow City,149.0,157.79091,146.0,156.0
2026-06-07 05:00:00,4,Sokolniki,59.0,59.634388,56.0,59.0
2026-06-07 05:00:00,5,Tagansky,75.0,76.45984,72.0,74.0
2026-06-07 05:00:00,6,Khamovniki,94.0,94.80583,89.0,90.0
2026-06-07 05:00:00,7,VDNH,68.0,70.05196,66.0,64.0
2026-06-07 05:00:00,8,Sheremetyevo,168.0,166.63603,164.0,162.0
2026-06-07 05:00:00,9,Vnukovo,124.0,130.33012,129.0,120.0
2026-06-07 05:00:00,10,Domodedovo,152.0,152.73065,150.0,148.0
2026-06-07 05:00:00,11,Yasenevo,52.0,49.29448,47.0,45.0
2026-06-07 05:00:00,12,Kuzminki,56.0,57.902687,54.0,57.0
2026-06-07 06:00:00,1,Tverskoy,104.0,104.467155,99.0,112.0
2026-06-07 06:00:00,2,Arbat,75.0,78.57033,76.0,75.0
2026-06-07 06:00:00,3,Moscow City,160.0,161.34978,149.0,163.0
2026-06-07 06:00:00,4,Sokolniki,63.0,63.06727,59.0,61.0
2026-06-07 06:00:00,5,Tagansky,77.0,79.67675,75.0,82.0
2026-06-07 06:00:00,6,Khamovniki,97.0,100.05269,94.0,96.0
2026-06-07 06:00:00,7,VDNH,69.0,72.13227,68.0,70.0
2026-06-07 06:00:00,8,Sheremetyevo,164.0,168.75706,168.0,164.0
2026-06-07 06:00:00,9,Vnukovo,122.0,125.14709,124.0,115.0
2026-06-07 06:00:00,10,Domodedovo,146.0,152.5625,152.0,149.0
2026-06-07 06:00:00,11,Yasenevo,52.0,54.437374,52.0,50.0
2026-06-07 06:00:00,12,Kuzminki,62.0,60.052223,56.0,60.0
2026-06-07 07:00:00,1,Tverskoy,112.0,109.15995,104.0,104.0
2026-06-07 07:00:00,2,Arbat,78.0,77.43433,75.0,80.0
2026-06-07 07:00:00,3,Moscow City,190.0,172.36023,160.0,177.0
2026-06-07 07:00:00,4,Sokolniki,59.0,66.98129,63.0,61.0
2026-06-07 07:00:00,5,Tagansky,85.0,81.60141,77.0,86.0
2026-06-07 07:00:00,6,Khamovniki,99.0,102.58493,97.0,99.0
2026-06-07 07:00:00,7,VDNH,72.0,72.65723,69.0,71.0
2026-06-07 07:00:00,8,Sheremetyevo,164.0,163.57076,164.0,162.0
2026-06-07 07:00:00,9,Vnukovo,121.0,122.08495,122.0,118.0
2026-06-07 07:00:00,10,Domodedovo,146.0,145.18875,146.0,152.0
2026-06-07 07:00:00,11,Yasenevo,53.0,54.3157,52.0,51.0
2026-06-07 07:00:00,12,Kuzminki,61.0,65.82014,62.0,63.0
2026-06-07 08:00:00,1,Tverskoy,106.0,116.694824,112.0,115.0
2026-06-07 08:00:00,2,Arbat,78.0,80.08023,78.0,76.0
2026-06-07 08:00:00,3,Moscow City,179.0,197.55112,190.0,180.0
2026-06-07 08:00:00,4,Sokolniki,72.0,62.12307,59.0,67.0
2026-06-07 08:00:00,5,Tagansky,87.0,88.39096,85.0,85.0
2026-06-07 08:00:00,6,Khamovniki,106.0,103.32539,99.0,102.0
2026-06-07 08:00:00,7,VDNH,70.0,74.15416,72.0,71.0
2026-06-07 08:00:00,8,Sheremetyevo,155.0,162.39816,164.0,153.0
2026-06-07 08:00:00,9,Vnukovo,114.0,119.64328,121.0,117.0
2026-06-07 08:00:00,10,Domodedovo,147.0,145.17899,146.0,143.0
2026-06-07 08:00:00,11,Yasenevo,52.0,54.701077,53.0,52.0
2026-06-07 08:00:00,12,Kuzminki,68.0,63.777046,61.0,63.0
2026-06-07 09:00:00,1,Tverskoy,110.0,110.29299,106.0,111.0
2026-06-07 09:00:00,2,Arbat,80.0,80.03107,78.0,77.0
2026-06-07 09:00:00,3,Moscow City,178.0,175.86815,179.0,173.0
2026-06-07 09:00:00,4,Sokolniki,67.0,72.41969,72.0,66.0
2026-06-07 09:00:00,5,Tagansky,85.0,86.96162,87.0,82.0
2026-06-07 09:00:00,6,Khamovniki,106.0,106.77216,106.0,91.0
2026-06-07 09:00:00,7,VDNH,71.0,70.06511,70.0,68.0
2026-06-07 09:00:00,8,Sheremetyevo,149.0,153.71733,155.0,148.0
2026-06-07 09:00:00,9,Vnukovo,111.0,113.125694,114.0,113.0
2026-06-07 09:00:00,10,Domodedovo,137.0,145.0031,147.0,127.0
2026-06-07 09:00:00,11,Yasenevo,57.0,52.60691,52.0,53.0
2026-06-07 09:00:00,12,Kuzminki,61.0,67.76286,68.0,62.0
2026-06-07 10:00:00,1,Tverskoy,104.0,114.176384,110.0,110.0
2026-06-07 10:00:00,2,Arbat,79.0,81.92415,80.0,76.0
2026-06-07 10:00:00,3,Moscow City,158.0,169.28339,178.0,170.0
2026-06-07 10:00:00,4,Sokolniki,61.0,65.28534,67.0,58.0
2026-06-07 10:00:00,5,Tagansky,81.0,82.87807,85.0,80.0
2026-06-07 10:00:00,6,Khamovniki,95.0,104.357124,106.0,96.0
2026-06-07 10:00:00,7,VDNH,72.0,69.713264,71.0,66.0
2026-06-07 10:00:00,8,Sheremetyevo,149.0,147.93408,149.0,150.0
2026-06-07 10:00:00,9,Vnukovo,110.0,110.74371,111.0,111.0
2026-06-07 10:00:00,10,Domodedovo,129.0,135.56152,137.0,141.0
2026-06-07 10:00:00,11,Yasenevo,53.0,55.667126,57.0,51.0
2026-06-07 10:00:00,12,Kuzminki,57.0,59.885525,61.0,61.0
2026-06-07 11:00:00,1,Tverskoy,113.0,108.57571,104.0,107.0
2026-06-07 11:00:00,2,Arbat,80.0,81.1906,79.0,75.0
2026-06-07 11:00:00,3,Moscow City,152.0,153.28554,158.0,150.0
2026-06-07 11:00:00,4,Sokolniki,63.0,59.85,61.0,61.0
2026-06-07 11:00:00,5,Tagansky,76.0,79.26465,81.0,75.0
2026-06-07 11:00:00,6,Khamovniki,87.0,94.62487,95.0,91.0
2026-06-07 11:00:00,7,VDNH,65.0,70.196815,72.0,65.0
2026-06-07 11:00:00,8,Sheremetyevo,138.0,147.74614,149.0,140.0
2026-06-07 11:00:00,9,Vnukovo,102.0,109.46883,110.0,100.0
2026-06-07 11:00:00,10,Domodedovo,131.0,127.79605,129.0,122.0
2026-06-07 11:00:00,11,Yasenevo,52.0,51.727215,53.0,44.0
2026-06-07 11:00:00,12,Kuzminki,60.0,56.302357,57.0,58.0
2026-06-07 12:00:00,1,Tverskoy,108.0,117.536835,113.0,107.0
2026-06-07 12:00:00,2,Arbat,78.0,82.665764,80.0,73.0
2026-06-07 12:00:00,3,Moscow City,140.0,149.37105,152.0,140.0
2026-06-07 12:00:00,4,Sokolniki,57.0,62.073456,63.0,58.0
2026-06-07 12:00:00,5,Tagansky,72.0,75.32933,76.0,72.0
2026-06-07 12:00:00,6,Khamovniki,90.0,87.56696,87.0,91.0
2026-06-07 12:00:00,7,VDNH,62.0,64.7405,65.0,63.0
2026-06-07 12:00:00,8,Sheremetyevo,142.0,138.41734,138.0,137.0
2026-06-07 12:00:00,9,Vnukovo,104.0,102.30776,102.0,102.0
2026-06-07 12:00:00,10,Domodedovo,126.0,130.03674,131.0,124.0
2026-06-07 12:00:00,11,Yasenevo,51.0,51.461254,52.0,47.0
2026-06-07 12:00:00,12,Kuzminki,58.0,59.536976,60.0,57.0
2026-06-07 13:00:00,1,Tverskoy,111.0,113.856804,108.0,108.0
2026-06-07 13:00:00,2,Arbat,79.0,81.43815,78.0,79.0
2026-06-07 13:00:00,3,Moscow City,140.0,139.95108,140.0,145.0
2026-06-07 13:00:00,4,Sokolniki,57.0,58.05354,57.0,59.0
2026-06-07 13:00:00,5,Tagansky,71.0,72.77087,72.0,73.0
2026-06-07 13:00:00,6,Khamovniki,87.0,92.56289,90.0,91.0
2026-06-07 13:00:00,7,VDNH,59.0,62.94628,62.0,60.0
2026-06-07 13:00:00,8,Sheremetyevo,139.0,142.62997,142.0,135.0
2026-06-07 13:00:00,9,Vnukovo,99.0,104.405266,104.0,99.0
2026-06-07 13:00:00,10,Domodedovo,123.0,126.14102,126.0,118.0
2026-06-07 13:00:00,11,Yasenevo,44.0,51.393494,51.0,44.0
2026-06-07 13:00:00,12,Kuzminki,54.0,58.620834,58.0,55.0
